model,topic,title,category,label_status,label_method,matched_keywords,clustered_words,fractional_documents_total,peak_years,peak_share_percent,share_2016_percent,share_2025_percent,change_2016_to_2025_percentage_points
lexical,5,Disaster relief and calamity funding,policy,draft_not_expert_validated,draft_keyword_excerpt_review,calamity; fund; assistance,calamity; oo; fund; percent; state; portion; declared; poftion; area; assistance,54.61471861471862,2022,13.21385902031063,0.57471264367816,0.0,-0.57471264367816
lexical,34,Council correspondence and legal endorsements,procedural,draft_not_expert_validated,draft_keyword_excerpt_review,councilor; respectfully; legal,councilor; atty; respectfully; legal; memorandum; series; agreement; secretary; city; signed,44.53333333333333,2016,6.800766283524901,6.800766283524901,3.125,-3.6757662835249008
lexical,0,Agreements and mayoral authorization,governance,draft_not_expert_validated,draft_keyword_excerpt_review,memorandum; agreement; authorizing,authorizing; memorandum; agreement; entered; moa; sign; known; enter; davao; title,44.18442170855964,2023,3.2044560943643505,0.33524904214559004,1.14583333333333,0.8105842911877399
lexical,61,OCR-heavy authorization wording,unclear,draft_not_expert_validated,draft_keyword_excerpt_review,sectioii; aiid; authority,sectioii; aiid; davm; dayao; sre; ordained; authority; sign; sangguniang; unanimous,37.5,2016,10.63218390804597,10.63218390804597,0.0,-10.63218390804597
lexical,78,Council records and administrative action,procedural,draft_not_expert_validated,draft_keyword_excerpt_review,councilor; secretary; action,councilor; series; legal; jr; leave; secretary; lr; book; action; sangguniang,35.0,2017,6.127450980392149,4.59770114942528,0.0,-4.59770114942528
lexical,72,Council correspondence and legal action,procedural,draft_not_expert_validated,draft_keyword_excerpt_review,secretary; legal; action,series; councibr; councihr; secretary; councilor; legal; jr; action; lr; atty,34.833333333333336,2016,6.609195402298849,6.609195402298849,0.0,-6.609195402298849
lexical,82,Mayoral contracting powers,governance,draft_not_expert_validated,draft_keyword_excerpt_review,contract; powers; executive,contract; section; enter; powers; chief; behalf; entered; contracts; executive; sign,34.5,2025,6.25,0.0,6.25,6.25
lexical,2,Mixed establishment and product regulation,mixed,draft_not_expert_validated,draft_keyword_excerpt_review,establishments; products; singleuse,establishments; public; products; person; dqr; singleuse; plastic; food; vehicle; meat,34.4238150807255,2021,3.9645609494730496,1.14942528735632,1.16847826086956,0.019052973513240118
lexical,1,Ordinance titles and amendment wording,procedural,draft_not_expert_validated,rank_weighted_keyword_rule,known; ordinance; amending; series; title; ordtnance; sertes,known; ordinance; amending; series; title; ordtnance; sporb; games; sertes; athlete,30.962248353878547,2019,3.02110796471698,0.11494252873562999,0.83333333333333,0.7183908045977
lexical,104,Event-related road closures,policy,draft_not_expert_validated,rank_weighted_keyword_rule,fiesta; closed; fairs; rallies,fiesta; ordained; street; closed; sectioii; road; fairs; thb; rallies; tiie,29.0,2016,7.47126436781609,7.47126436781609,0.0,-7.47126436781609
lexical,106,Mayoral signing and legislative authority,governance,draft_not_expert_validated,rank_weighted_keyword_rule,sign; authority; behalf,section; sign; assembled; honorable; memorandum; ordained; authority; behalf; entered; session,29.0,2019,3.38345864661654,0.0,0.0,0.0
lexical,123,OCR-heavy or unclear text cluster,unclear,draft_not_expert_validated,keyword_quality_flag,ard; thb; ordinane; gty; fte,ard; thb; ordinane; gty; ordained; sf; inb; fte; sectioii; session,26.0,2017,6.862745098039209,3.44827586206896,0.0,-3.44827586206896
lexical,124,Donation and property-transfer agreements,governance,draft_not_expert_validated,rank_weighted_keyword_rule,deed; donation; donor; donee,deed; donation; atty; donor; fishery; donee; executed; legal; attached; respectfully,22.726190476190474,2017,4.41176470588235,3.5919540229885,0.0,-3.5919540229885
lexical,10,Government staffing and qualifications,governance,draft_not_expert_validated,rank_weighted_keyword_rule,relevant; administrative; officer; experience; positions; position; training,relevant; administrative; officer; experience; positions; position; training; division; ii; career,22.223533247797953,2025,3.125,0.0,3.125,3.125
lexical,3,Mayoral signing and legislative authority,governance,draft_not_expert_validated,rank_weighted_keyword_rule,granted; authority; legislative; sign,granted; authority; legislative; memorandum; moa; agreement; relative; entered; enter; sign,21.77063492063492,2025,2.34375,0.62260536398467,2.34375,1.7211446360153302
lexical,23,Event-related road closures,policy,draft_not_expert_validated,rank_weighted_keyword_rule,rallies; alley; fiesta; temporarily; closed; fairs,rallies; alley; fiesta; actual; temporarily; closed; industrial; emergency; square; fairs,19.5,2025,15.208333333333329,0.19157088122605,15.208333333333329,15.01676245210728
lexical,136,Council attendance and session records,procedural,draft_not_expert_validated,rank_weighted_keyword_rule,councilor; jr; leave; sr,councilor; jr; jo; leave; sr; edgar; ibuyan; bonguyan; ryan; abellera,19.333333333333332,2025,6.25,5.45977011494252,6.25,0.79022988505748
lexical,52,Cooperative financing and loan agreements,policy,draft_not_expert_validated,rank_weighted_keyword_rule,loan; cooperative; multipurpose,loan; cooperative; entered; rpose; agreement; multipurpose; behalf; authorizing; sign; davao,18.116666666666667,2022,1.4336917562724,1.14942528735632,0.0,-1.14942528735632
lexical,6,Temporary road closures and traffic control,policy,draft_not_expert_validated,rank_weighted_keyword_rule,street; closure; temporary,street; cathedral; pedro; corner; pm; closure; san; temporary; avenue; recto,17.96439393939394,2018,2.9183400267737603,0.0,2.65625,2.65625
lexical,22,Trade-event permit and fee exemptions,policy,draft_not_expert_validated,rank_weighted_keyword_rule,exemption; expo; trade; payment; permit; exhibitors,exemption; expo; trade; mayors; payment; solely; permit; fee; davaobased; exhibitors,17.775,2019,2.00501253132832,1.62835249042145,0.0,-1.62835249042145
lexical,162,OCR-heavy or unclear text cluster,unclear,draft_not_expert_validated,keyword_quality_flag,,deg; tr; il; lt; ti; ll; deeds; page; rr; li,17.726190476190478,2016,4.02298850574712,4.02298850574712,0.0,-4.02298850574712
lexical,21,Voting and enactment records,procedural,draft_not_expert_validated,rank_weighted_keyword_rule,unanimous; quorum; vote; eilacted; members; sanggunian; eiacted,unanimous; quorum; vote; eilacted; members; sanggunian; day; eiacted; immediately; approval,16.837734487734487,2024,2.72504527538084,0.57471264367816,2.1875,1.61278735632184
lexical,7,Effectivity and publication clauses,procedural,draft_not_expert_validated,rank_weighted_keyword_rule,immediately; approval; effect,immediately; approval; effect; effectiviil; eeeelgru; effectmiy; eeeegffi; effectryity; ordinance; fffectfvity,16.53988095238095,2019,1.5272556390977399,0.14367816091954,0.52083333333333,0.37715517241379004
lexical,47,Amusement-tax exemptions,policy,draft_not_expert_validated,rank_weighted_keyword_rule,exhibitions; operas; oratorical,admission; exhibitions; exhibition; collected; pop; concefts; operas; oratorical; recitals; dramas,16.220238095238095,2025,3.57142857142857,1.00574712643678,3.57142857142857,2.5656814449917897
lexical,191,Donation and property-transfer agreements,governance,draft_not_expert_validated,rank_weighted_keyword_rule,donation; deed,donation; nasal; section; therapy; unit; cannula; contract; flow; deed; favor,16.0,2021,3.862660944206,0.0,0.0,0.0
lexical,8,"Unresolved keywords: usufruct, parcel, deed",unclear,draft_not_expert_validated,keyword_fallback,usufruct; parcel; deed,usufruct; parcel; deed; covered; station; land; tct; police; dou; located,15.898214285714285,2022,1.96535244922341,0.0,0.0,0.0
lexical,138,"Unresolved keywords: school, resort, isolation",unclear,draft_not_expert_validated,keyword_fallback,school; resort; isolation,school; resort; isolation; deped; elementary; quarantine; terms; facility; conditions; temporary,15.844444444444445,2021,4.86409155937052,0.0,0.0,0.0
lexical,73,Education and scholarship assistance,policy,draft_not_expert_validated,rank_weighted_keyword_rule,ebsu; scholarship; semester,party; second; pafi; parties; ebsu; scholarship; agreement; program; semester; grantee,15.727777777777778,2017,3.5130718954248294,1.5804597701149399,0.0,-1.5804597701149399
lexical,149,Land-use zoning and reclassification,policy,draft_not_expert_validated,rank_weighted_keyword_rule,zone; zoning; zones; amendment; reclassification,zone; review; zoning; zones; amendment; reclassification; xiv; change; committee; nonagricultural,15.688888888888888,2021,3.21888412017167,0.0,0.0,0.0
lexical,173,Land-use zoning and reclassification,policy,draft_not_expert_validated,rank_weighted_keyword_rule,zone; reclassification; zones; land; zoning; agricultural,zone; reclassification; zones; land; subzone; zoning; review; agricultural; change; nonagricultural,15.533333333333333,2019,4.13533834586466,0.0,0.0,0.0
lexical,150,"Unresolved keywords: fishery, resource, cy",unclear,draft_not_expert_validated,keyword_fallback,fishery; resource; cy,fishery; resource; cy; executed; unaffected; budgeting; deed; remaining; authority; remain,15.5,2016,7.75862068965517,7.75862068965517,0.0,-7.75862068965517
lexical,177,Mayoral contracting powers,governance,draft_not_expert_validated,rank_weighted_keyword_rule,enter; contract,quarantine; inn; patients; entered; section; renewal; pertaining; enter; contract; diva,15.333333333333332,2020,3.63636363636363,0.0,0.0,0.0
lexical,11,Health workforce and midwifery support,policy,draft_not_expert_validated,rank_weighted_keyword_rule,health; rhmpp; midwives; placement; healthdavao,health; rhmpp; midwives; placement; healthdavao; moa; center; rural; memorandum; entered,14.821428571428571,2024,1.9694790667945001,0.0,0.78125,0.78125
lexical,33,"Unresolved keywords: tax, real, cockpit",unclear,draft_not_expert_validated,keyword_fallback,tax; real; cockpit,tax; real; cockpit; property; tickets; admission; income; computation; installment; projected,14.667532467532467,2020,2.1212121212121198,0.0,0.44642857142857,0.44642857142857
lexical,16,Effectivity and publication clauses,procedural,draft_not_expert_validated,rank_weighted_keyword_rule,immediately; approval; effect,immediately; approval; effect; ordinance; effecimti; eeeeqffi; shall; eeeegfifm; eeeegfiuef; eeeeiciiviii,14.658766233766233,2022,1.85483870967741,0.0,0.0,0.0
lexical,4,Disaster relief and calamity funding,policy,draft_not_expert_validated,rank_weighted_keyword_rule,fund; qrf; quick; typhoon; disaster,percent; fund; qrf; quick; fm; typhoon; utilize; disaster; calendar; calamtty,14.438095238095237,2024,3.18632150846915,0.19157088122605,0.52083333333333,0.32926245210728
lexical,17,Effectivity and publication clauses,procedural,draft_not_expert_validated,rank_weighted_keyword_rule,effectmty; immediately; approval; effect,effectmty; immediately; approval; effect; ordinance; shall; effiect; arrival; apprwal; fiis,14.126984126984127,2025,2.08333333333333,0.5651340996168499,2.08333333333333,1.51819923371648
lexical,9,Separability and validity clauses,procedural,draft_not_expert_validated,rank_weighted_keyword_rule,invalid; continue; hereof; unconstitutional; force,reason; invalid; continue; hereof; unconstitutional; force; sections; affected; declaration; provision,14.002813852813853,2022,1.47550776583034,0.11494252873562999,0.625,0.5100574712643701
lexical,12,Effectivity and publication clauses,procedural,draft_not_expert_validated,rank_weighted_keyword_rule,effectmty; immediately; approval; effect,effectmty; immediately; approval; effect; ordinance; shall,13.803968253968254,2025,1.66666666666666,0.28735632183908,1.66666666666666,1.37931034482758
lexical,19,Temporary road closures and traffic control,policy,draft_not_expert_validated,rank_weighted_keyword_rule,closure; temporary; vehicular; traffic,closure; temporary; requested; specified; vehicular; upcoming; connection; traffic; time; dates,13.75,2025,3.22916666666666,0.0,3.22916666666666,3.22916666666666
lexical,36,Donation and property-transfer agreements,governance,draft_not_expert_validated,rank_weighted_keyword_rule,donation; deed,lots; open; spaces; grande; donation; favor; deed; located; deca; catalunan,13.128571428571428,2016,1.72413793103448,1.72413793103448,0.0,-1.72413793103448
lexical,18,Mayoral contracting powers,governance,draft_not_expert_validated,rank_weighted_keyword_rule,contract; powers,contract; unit; authorization; legible; powers; capitol; posted; provincial; conspicuous; corporate,13.035714285714286,2024,1.41259188239054,0.0,1.14583333333333,1.14583333333333
lexical,14,Amusement-tax exemptions,policy,draft_not_expert_validated,rank_weighted_keyword_rule,proceeds; exemption; amusement,proceeds; exemption; amusement; request; tax; payment; concert; sm; granting; november,12.754761904761905,2019,1.84926602219835,0.77586206896551,0.44642857142857,-0.32943349753694
lexical,51,Separability and validity clauses,procedural,draft_not_expert_validated,rank_weighted_keyword_rule,unconstitutional; invalid; continue; hereof; force,unconstitutional; granted; invalid; continue; reason; legislative; hereof; sections; force; affected,12.485714285714286,2023,1.30733944954128,0.0,0.625,0.625
lexical,25,Effectivity and publication clauses,procedural,draft_not_expert_validated,rank_weighted_keyword_rule,immediately; approval; effect; publication,effectmw; immediately; approval; effect; ordinance; ciause; shall; publication; provisions,12.461904761904762,2020,1.18181818181818,0.11494252873562999,0.625,0.5100574712643701
lexical,28,"Unresolved keywords: tower, telecom, globe",unclear,draft_not_expert_validated,keyword_fallback,tower; telecom; globe,tower; telecom; globe; selfsupport; bspt; high; allowable; geostrukt; efb; constructton,12.353546453546453,2020,4.939393939393931,0.57471264367816,0.0,-0.57471264367816
lexical,29,Effectivity and publication clauses,procedural,draft_not_expert_validated,rank_weighted_keyword_rule,immediately; approval; effect,effectmw; immediately; approval; effect; ordinance; shall,11.896825396825397,2025,1.04166666666666,0.0,1.04166666666666,1.04166666666666
lexical,41,Mayoral contracting powers,governance,draft_not_expert_validated,rank_weighted_keyword_rule,contract; contracts; chief; powers,contract; contracts; chief; powers; vi; unit; authorization; legible; capitol; posted,11.716666666666665,2024,1.44295302013422,0.0,1.40625,1.40625
lexical,80,Mayoral contracting powers,governance,draft_not_expert_validated,rank_weighted_keyword_rule,contract; chief; contracts; executive,contract; chief; powerc; contracts; unit; vi; authorization; posted; executive; conspicuous,11.7,2023,1.5672782874617701,0.0,1.04166666666666,1.04166666666666
lexical,13,Effectivity and publication clauses,procedural,draft_not_expert_validated,rank_weighted_keyword_rule,publication; circulation; newspaper; effectmty; effect,publication; circulation; newspaper; days; posting; effectmty; effect; general; consecutive; places,11.619601577710096,2019,1.5164534713406799,0.0,0.83333333333333,0.83333333333333
lexical,26,Mayoral signing and legislative authority,governance,draft_not_expert_validated,rank_weighted_keyword_rule,granted; legislative; authority; sign,donation; granted; deed; legislative; authority; favor; relative; executed; sign; dod,11.405952380952382,2021,0.93398732883711,0.11494252873562999,0.0,-0.11494252873562999
lexical,27,Business licensing and local taxation,policy,draft_not_expert_validated,rank_weighted_keyword_rule,tax; business,fee; permit; fees; tax; treasurer; business; person; building; sale; market,11.39280303030303,2020,1.33310376492194,0.0,0.625,0.625
lexical,35,Separability and validity clauses,procedural,draft_not_expert_validated,rank_weighted_keyword_rule,continue; unconstitutional; invalid; hereof; force,clause; reason; continue; unconstitutional; invalid; hereof; force; affected; provision; sections,11.367857142857144,2025,1.875,0.11494252873562999,1.875,1.7600574712643697
lexical,39,"Unresolved keywords: uses, enumerated, zoning",unclear,draft_not_expert_validated,keyword_fallback,uses; enumerated; zoning,uses; enumerated; zoning; reads; favorable; exhaustive; proponent; appeals; significance; subzones,11.366666666666665,2020,5.59595959595959,0.0,0.0,0.0
lexical,43,Effectivity and publication clauses,procedural,draft_not_expert_validated,rank_weighted_keyword_rule,immediately; approval; effect,immediately; approval; effect; ordinance; shall,11.153968253968253,2021,1.53791130185979,0.14367816091954,0.0,-0.14367816091954
lexical,37,Effectivity and publication clauses,procedural,draft_not_expert_validated,rank_weighted_keyword_rule,immediately; approval; effect,immediately; approval; effect; ordinance; shall,11.096428571428572,2022,1.4336917562724,0.14367816091954,0.0,-0.14367816091954
lexical,67,Separability and validity clauses,procedural,draft_not_expert_validated,rank_weighted_keyword_rule,continue; force; invalid; unconstitutional; hereof,effect; reason; continue; force; invalid; unconstitutional; hereof; sections; immediately; provision,11.085714285714285,2020,1.08080808080808,0.0,0.78125,0.78125
lexical,40,"Unresolved keywords: quarry, sand, gravel",unclear,draft_not_expert_validated,keyword_fallback,quarry; sand; gravel,quarry; sand; gravel; allowable; granting; operation; district; application; additional; located,11.083333333333334,2018,2.04149933065595,0.0,0.20833333333332998,0.20833333333332998
lexical,102,Cooperative financing and loan agreements,policy,draft_not_expert_validated,rank_weighted_keyword_rule,loan; cooperative; multipurpose,loan; cooperative; authorized; multipurpose; entered; enter; agreement; sign; behalf; davao,10.951149425287356,2023,1.22324159021406,0.0,0.0,0.0
lexical,20,"Unresolved keywords: hiv, aids, health",unclear,draft_not_expert_validated,keyword_fallback,hiv; aids; health,hiv; aids; health; sti; dcac; care; testing; mental; prevention; refers,10.634884002754847,2016,1.14942528735632,1.14942528735632,0.27173913043478,-0.87768615692154
lexical,44,Event-related road closures,policy,draft_not_expert_validated,rank_weighted_keyword_rule,celebrations; alley; rallies; fairs; temporarily; closed; fiesta,celebrations; alley; rallies; actual; fairs; temporarily; closed; fiesta; industrial; emergency,10.549999999999999,2019,1.12781954887218,0.0,0.625,0.625
lexical,65,"Unresolved keywords: slum, favor, sir",unclear,draft_not_expert_validated,keyword_fallback,slum; favor; sir,slum; favor; sir; resettlement; awardee; involving; improvement; sale; executed; lots,10.188095238095238,2023,2.26408912188728,0.0,0.0,0.0
lexical,62,Temporary road closures and traffic control,policy,draft_not_expert_validated,rank_weighted_keyword_rule,street; closure; temporary; vehicular,pasko; december; pm; street; closure; temporary; fiesta; sa; vehicular; rizal,10.166666666666666,2018,1.83400267737617,1.2931034482758599,0.0,-1.2931034482758599
lexical,56,Waste management and environmental protection,policy,draft_not_expert_validated,rank_weighted_keyword_rule,waste; solid,river; waste; forest; height; solid; lands; watershed; creek; land; class,10.043459601973534,2022,1.28401549021409,0.0,0.41666666666665997,0.41666666666665997
lexical,24,"Unresolved keywords: vi, ra, policy",unclear,draft_not_expert_validated,keyword_fallback,vi; ra; policy,vi; ra; policy; code; local; provides; provide; declaration; government; section,10.026190476190477,2021,1.36010627426936,0.0,0.0,0.0
lexical,53,Effectivity and publication clauses,procedural,draft_not_expert_validated,rank_weighted_keyword_rule,effectmty; immediately; approval; effect,effectmty; immediately; approval; effect; ordinance; shall,9.69047619047619,2020,0.85858585858585,0.28735632183908,0.0,-0.28735632183908
lexical,165,"Unresolved keywords: uses, enumerated, zoning",unclear,draft_not_expert_validated,keyword_fallback,uses; enumerated; zoning,uses; enumerated; zoning; allowable; thereunder; request; allinclusive; proponent; subzones; favorable,9.666666666666666,2018,1.24497991967871,0.0,0.0,0.0
lexical,115,"Unresolved keywords: st, secondary, connected",unclear,draft_not_expert_validated,keyword_fallback,st; secondary; connected,st; secondary; connected; subdivision; ave; road; boundary; brgy; sq; village,9.657575757575756,2025,3.125,1.34099616858237,3.125,1.7840038314176299
lexical,76,"Unresolved keywords: units, discharge, functions",unclear,draft_not_expert_validated,keyword_fallback,units; discharge; functions,units; discharge; functions; national; coordinate; implementation; planning; offices; pafticipation; agencies,9.656349206349207,2019,1.07232366630862,0.0,0.0,0.0
lexical,105,"Unresolved keywords: piapi, matina, sites",unclear,draft_not_expert_validated,keyword_fallback,piapi; matina; sites,piapi; matina; sites; lot; slum; upgrading; sir; resettlement; new; improvement,9.399999999999999,2021,3.5050071530758204,0.0,0.20833333333332998,0.20833333333332998
lexical,75,Effectivity and publication clauses,procedural,draft_not_expert_validated,rank_weighted_keyword_rule,approval; effect,approval; immediatety; effect; immediatery; imnrediately; eeeegffi; ordinance; ilr; rthis; laarl,9.383065953654189,2023,1.42201834862385,0.0,0.0,0.0
lexical,71,Temporary road closures and traffic control,policy,draft_not_expert_validated,rank_weighted_keyword_rule,road; vehicular; closure; temporary; traffic,road; vehicular; closure; temporary; traffic; coastal; aplaya; maharlika; junction; pm,9.35,2023,0.97094801223241,0.57471264367816,0.78125,0.20653735632184003
lexical,70,Event-related road closures,policy,draft_not_expert_validated,rank_weighted_keyword_rule,rallies; fairs; alley; celebrations; temporarily; fiesta; closed,poucy; rallies; fairs; alley; celebrations; actual; industrial; temporarily; fiesta; closed,9.316666666666666,2025,1.5625,0.0,1.5625,1.5625
lexical,32,"Unresolved keywords: offense, fine, imprisonment",unclear,draft_not_expert_validated,keyword_fallback,offense; fine; imprisonment,offense; fine; imprisonment; discretion; thousand; pesos; violation; penalties; penalty; penalized,9.171027413008163,2020,2.51805938169574,0.0,0.48007246376810997,0.48007246376810997
lexical,30,Public-fund utilization and audit controls,governance,draft_not_expert_validated,rank_weighted_keyword_rule,appropriated; disbursements; funds; auditing; dbm; utilization; coa,expenditures; appropriated; items; disbursements; directives; funds; auditing; dbm; utilization; coa,9.163431013431014,2019,0.80961331901181,0.52681992337164,0.625,0.09818007662836005
lexical,66,Effectivity and publication clauses,procedural,draft_not_expert_validated,rank_weighted_keyword_rule,effectmty; immediately; approval; effect,effectmty; immediately; approval; effect; ordinance; shall; ctause,9.05813492063492,2019,0.98788638262322,0.0,0.625,0.625
lexical,60,Effectivity and publication clauses,procedural,draft_not_expert_validated,rank_weighted_keyword_rule,effectmty; immediately; approval; effect,effectmty; immediately; approval; effect; ordinance; shall,8.992857142857144,2018,0.6827309236947701,0.25862068965517,0.0,-0.25862068965517
lexical,50,Separability and validity clauses,procedural,draft_not_expert_validated,rank_weighted_keyword_rule,unconstitutional; invalid; hereof; force; continue,unconstitutional; reason; invalid; affected; hereof; sections; force; continue; provision; provisions,8.764224664224665,2022,1.21067303863002,0.63697318007662,0.0,-0.63697318007662
lexical,88,"Unresolved keywords: lessee, lessor, lease",unclear,draft_not_expert_validated,keyword_fallback,lessee; lessor; lease,lessee; lessor; lease; leased; premises; prernises; contract; door; metro; damage,8.613636363636363,2017,1.22549019607843,0.22988505747125998,0.0,-0.22988505747125998
lexical,45,"Unresolved keywords: vi, republic, act",unclear,draft_not_expert_validated,keyword_fallback,vi; republic; act,vi; republic; act; states; code; pertinent; policy; provide; local; declaration,8.227777777777778,2023,1.17081695063346,0.0,0.0,0.0
lexical,31,Disaster relief and calamity funding,policy,draft_not_expert_validated,rank_weighted_keyword_rule,assistance; calamity,beneficiary; municipality; declared; financial; pesos; state; assistance; calamity; thousand; province,8.213054187192117,2024,1.44934483860658,0.0,0.52083333333333,0.52083333333333
lexical,95,"Unresolved keywords: enhance, promote, powers",unclear,draft_not_expert_validated,keyword_fallback,enhance; promote; powers,enhance; promote; powers; enrichment; welfare; exercise; things; selfreliant; morals; balanced,8.202380952380953,2023,1.8042813455657398,0.0,0.0,0.0
lexical,38,Disaster relief and calamity funding,policy,draft_not_expert_validated,rank_weighted_keyword_rule,disaster; fund,risk; disaster; reduction; management; fund; dcdrrmfip; disasters; ldrrmf; preparedness; investment,8.083766233766234,2023,1.33792048929663,0.0,0.0,0.0
lexical,59,"Unresolved keywords: economical, governance, inhabitants",unclear,draft_not_expert_validated,keyword_fallback,economical; governance; inhabitants,economical; governance; inhabitants; efficient; effective; purpose; welfare; vi; compensation; wit,8.00952380952381,2023,0.86063783311489,0.0,0.78125,0.78125
lexical,77,Effectivity and publication clauses,procedural,draft_not_expert_validated,rank_weighted_keyword_rule,effectmty; immediately; approval; effect,effectmty; immediately; approval; effect; ordinance; shall,7.969047619047619,2019,0.72681704260651,0.3735632183908,0.0,-0.3735632183908
lexical,79,"Unresolved keywords: tct, lot, block",unclear,draft_not_expert_validated,keyword_fallback,tct; lot; block,tct; lot; block; meters; covered; sqm; square; sguare; property; metersl,7.944047619047619,2025,2.08333333333333,0.0,2.08333333333333,2.08333333333333
lexical,68,"Unresolved keywords: pursuant, bonds, control",unclear,draft_not_expert_validated,keyword_fallback,pursuant; bonds; control,pursuant; bonds; control; general; compensation; represent; transactions; economical; exercise; obligations,7.878571428571428,2022,1.2903225806451601,0.0,0.0,0.0
lexical,42,"Unresolved keywords: college, trustees, board",unclear,draft_not_expert_validated,keyword_fallback,college; trustees; board,college; trustees; board; president; library; bot; arts; data; persons; academic,7.873332242470174,2022,0.92065819485174,0.0,0.0,0.0
lexical,83,"Unresolved keywords: normalized, stricken, quickly",unclear,draft_not_expert_validated,keyword_fallback,normalized; stricken; quickly,normalized; stricken; quickly; ldrrmo; ldrrmc; fund; appropriated; standby; allocated; epidemics,7.783333333333333,2024,1.84563758389261,0.0,0.0,0.0
lexical,86,"Unresolved keywords: allowable, request, quarry",unclear,draft_not_expert_validated,keyword_fallback,allowable; request; quarry,allowable; request; quarry; additional; gravel; sand; lampianao; operation; use; reouest,7.766666666666667,2018,1.33868808567603,0.0,0.0,0.0
lexical,69,"Unresolved keywords: bonds, control, transactions",unclear,draft_not_expert_validated,keyword_fallback,bonds; control; transactions,bonds; control; transactions; superuision; obligations; exercise; represent; connection; documents; contracts,7.7440476190476195,2023,1.08999563128003,0.0,0.625,0.625
lexical,161,Temporary road closures and traffic control,policy,draft_not_expert_validated,rank_weighted_keyword_rule,closure; temporary; street; vehicular,kadayawan; august; closure; pedro; square; festival; san; temporary; street; vehicular,7.7,2018,1.99464524765729,0.0,0.0,0.0
lexical,97,Effectivity and publication clauses,procedural,draft_not_expert_validated,rank_weighted_keyword_rule,effectmty; immediately; approval; effect,effectmty; immediately; approval; effect; ordinance; shall,7.659523809523809,2020,0.8484848484848401,0.14367816091954,0.0,-0.14367816091954
lexical,113,"Unresolved keywords: vi, pursuant, economical",unclear,draft_not_expert_validated,keyword_fallback,vi; pursuant; economical,vi; pursuant; economical; control; governance; transactions; inhabitants; bonds; efficient; general,7.65,2019,0.6704260651629,0.0,0.0,0.0
lexical,49,"Unresolved keywords: enhance, promote, prosperity",unclear,draft_not_expert_validated,keyword_fallback,enhance; promote; prosperity,enhance; promote; prosperity; enrichment; things; morals; selfreliant; ecology; balanced; convenience,7.6089646464646465,2021,1.05013965528987,0.0,0.0,0.0
lexical,55,"Unresolved keywords: contract, authorization, legible",unclear,draft_not_expert_validated,keyword_fallback,contract; authorization; legible,contract; authorization; legible; unit; corporate; capitol; provincial; conspicuous; posted; municipal,7.564682539682539,2023,0.8387942332896401,0.47892720306513,0.0,-0.47892720306513
lexical,103,Event-related road closures,policy,draft_not_expert_validated,rank_weighted_keyword_rule,alley; temporarily; closed; rallies; fairs; celebrations,telecommunications; alley; waterworks; temporarily; highways; closed; rallies; fairs; celebrations; actual,7.55,2019,1.1654135338345801,0.28735632183908,0.0,-0.28735632183908
lexical,116,Event-related road closures,policy,draft_not_expert_validated,rank_weighted_keyword_rule,rallies; alley; fiesta; temporarily; closed,works; telecommunications; highways; rallies; alley; fiesta; undeftaking; temporarily; closed; industrial,7.533333333333333,2022,0.86021505376344,0.66091954022988,0.0,-0.66091954022988
lexical,157,"Unresolved keywords: organizers, exempt, signage",unclear,draft_not_expert_validated,keyword_fallback,organizers; exempt; signage,organizers; exempt; signage; exemption; case; compliance; banners; limitation; applicable; print,7.5,2019,0.9398496240601499,0.6034482758620601,0.0,-0.6034482758620601
lexical,58,"Unresolved keywords: repealed, inconsistent, accordingly",unclear,draft_not_expert_validated,keyword_fallback,repealed; inconsistent; accordingly,repealed; inconsistent; accordingly; modified; provisions; kilo; orders; issuances; amended; repealing,7.475552225552224,2020,1.006216006216,0.0,0.0,0.0
lexical,94,Effectivity and publication clauses,procedural,draft_not_expert_validated,rank_weighted_keyword_rule,immediately; approval; effect,effectiviw; immediately; approval; effect; ordinance; shall; provisions; january; clause; provision,7.461904761904762,2020,0.7979797979797899,0.0,0.0,0.0
lexical,46,Public-fund utilization and audit controls,governance,draft_not_expert_validated,rank_weighted_keyword_rule,utilization; funds; disbursements; coa; auditing,utilization; funds; item; disbursements; directives; expenditure; coa; specifically; auditing; procurement,7.4523809523809526,2024,2.09811441355065,0.0,0.52083333333333,0.52083333333333
lexical,63,Separability and validity clauses,procedural,draft_not_expert_validated,rank_weighted_keyword_rule,separabiliw; unconstitutional; invalid; continue; hereof; force,separabiliw; clause; unconstitutional; reason; invalid; continue; hereof; force; sections; affected,7.3579365079365076,2019,0.6056808688387599,0.0,0.44642857142857,0.44642857142857
lexical,96,Effectivity and publication clauses,procedural,draft_not_expert_validated,rank_weighted_keyword_rule,approval; effect; immediately; effectmty,shal; approval; effect; immediately; effectmw; effectmty; repealtng; ordinance; detention; jail,7.127777777777776,2024,0.77820389900926,0.0,0.0,0.0
lexical,131,Land-use zoning and reclassification,policy,draft_not_expert_validated,rank_weighted_keyword_rule,zone; land; reclassification,subzone; zone; parcel; tct; meters; covered; approving; land; reclassification; square,7.1,2019,1.52882205513784,0.0,0.0,0.0
lexical,109,Temporary road closures and traffic control,policy,draft_not_expert_validated,rank_weighted_keyword_rule,temporary; closure; vehicular; traffic; closed,temporary; closure; celebration; vehicular; pm; barangay; traffic; temporarily; poblacion; closed,7.033333333333333,2019,1.22807017543859,0.34482758620689,0.0,-0.34482758620689
lexical,137,"Unresolved keywords: disciplinary, funds, embodied",unclear,draft_not_expert_validated,keyword_fallback,disciplinary; funds; embodied,disciplinary; funds; embodied; erring; budget; fiscal; utilized; supplemental; use; pecpfi,6.948412698412698,2016,0.95306513409961,0.95306513409961,0.625,-0.32806513409961
lexical,84,"Unresolved keywords: policy, humanitarian, adhere",unclear,draft_not_expert_validated,keyword_fallback,policy; humanitarian; adhere,policy; humanitarian; adhere; beneficiary; judiciously; assistance; principles; adopt; declares; utilize,6.883333333333333,2024,1.37024608501118,0.0,0.0,0.0
lexical,101,"Unresolved keywords: poucy, pursuant, wit",unclear,draft_not_expert_validated,keyword_fallback,poucy; pursuant; wit,poucy; pursuant; wit; economical; transactions; bonds; represent; governance; inhabitants; obligations,6.877777777777777,2017,1.0212418300653499,0.22988505747125998,0.0,-0.22988505747125998
lexical,89,Separability and validity clauses,procedural,draft_not_expert_validated,rank_weighted_keyword_rule,separabiliw; continue; force; invalid; hereof; unconstitutional,separabiliw; clause; reason; continue; force; invalid; affected; sections; hereof; unconstitutional,6.862588288904078,2021,0.66655127870397,0.0,0.0,0.0
lexical,74,Reconstruction and contingency appropriations,policy,draft_not_expert_validated,rank_weighted_keyword_rule,reconstruction; sum; lump; aside; estimated; calamities,reconstruction; occur; sum; lump; aside; estimated; determined; rehabilitation; sources; calamities,6.8047619047619055,2024,1.82166826462128,0.0,0.0,0.0
lexical,99,Donation and property-transfer agreements,governance,draft_not_expert_validated,rank_weighted_keyword_rule,donation; deed,donation; deed; accept; favor; authorizing; executed; title; sign; known; relatm,6.777380952380952,2020,0.76334776334776,0.11494252873562999,0.0,-0.11494252873562999
lexical,98,Separability and validity clauses,procedural,draft_not_expert_validated,rank_weighted_keyword_rule,unconstitutional; invalid; continue; force; hereof,unconstitutional; reason; invalid; continue; force; sections; hereof; affected; provision; declaration,6.683333333333334,2022,0.96774193548387,0.0,0.0,0.0
lexical,54,Separability and validity clauses,procedural,draft_not_expert_validated,rank_weighted_keyword_rule,separabiliw; unconstitutional; invalid; continue,separabiliw; unconstitutional; invalid; clause; reason; provisions; declared; affected; continue; provision,6.672644153232389,2025,0.78125,0.14367816091954,0.78125,0.63757183908046
lexical,114,"Unresolved keywords: strategy, autonomy, viability",unclear,draft_not_expert_validated,keyword_fallback,strategy; autonomy; viability,strategy; autonomy; viability; encouraged; alternative; sector; basic; sustainable; delivery; private,6.60952380952381,2019,0.79305406373075,0.43103448275862,0.0,-0.43103448275862
lexical,93,Separability and validity clauses,procedural,draft_not_expert_validated,rank_weighted_keyword_rule,separabiliw; unconstitutional; invalid; continue; hereof; force,separabiliw; clause; unconstitutional; reason; invalid; continue; hereof; force; sections; affected,6.608333333333333,2019,0.88972431077694,0.14367816091954,0.0,-0.14367816091954
lexical,85,Separability and validity clauses,procedural,draft_not_expert_validated,rank_weighted_keyword_rule,separabiliw; unconstitutional; invalid; continue; hereof; force,separabiliw; clause; unconstitutional; reason; invalid; continue; hereof; force; sections; affected,6.36031746031746,2020,0.48051948051948,0.0,0.0,0.0
lexical,91,"Unresolved keywords: water, resource, watershed",unclear,draft_not_expert_validated,keyword_fallback,water; resource; watershed,water; resource; watershed; clearance; management; chemical; drinking; zone; power; cwro,6.332560331825038,2020,2.34427609427609,0.0,0.83333333333333,0.83333333333333
lexical,15,Child protection and welfare,policy,draft_not_expert_validated,rank_weighted_keyword_rule,children; child; abuse; sexual; protection,children; child; abuse; sexual; protection; solo; childrens; parent; socc; parents,6.272943722943723,2019,0.62884483937115,0.14367816091954,0.0,-0.14367816091954
lexical,122,"Unresolved keywords: bonds, represent, transactions",unclear,draft_not_expert_validated,keyword_fallback,bonds; represent; transactions,bonds; represent; transactions; obligations; documents; contracts; law; business; pursuant; sign,6.15952380952381,2016,1.0536398467432901,1.0536398467432901,0.0,-1.0536398467432901
lexical,120,"Unresolved keywords: organizations, spur, industrialization",unclear,draft_not_expert_validated,keyword_fallback,organizations; spur; industrialization,organizations; spur; industrialization; nongovernmental; ventures; wellbeing; engage; ecological; designed; rural,6.135714285714286,2023,0.9065093927479201,0.0,0.0,0.0
lexical,134,"Unresolved keywords: tower, bspt, construction",unclear,draft_not_expert_validated,keyword_fallback,tower; bspt; construction,tower; bspt; construction; request; telecom; globe; high; cell; allowable; situated,6.1,2020,3.69696969696969,0.0,0.0,0.0
lexical,100,"Unresolved keywords: inn, quarantine, renewal",unclear,draft_not_expert_validated,keyword_fallback,inn; quarantine; renewal,inn; quarantine; renewal; patients; months; designating; quaranttne; pertaining; nccc; memorandum,6.066666666666666,2021,1.7525035765379102,0.0,0.0,0.0
lexical,87,"Unresolved keywords: als, mtd, program",unclear,draft_not_expert_validated,keyword_fallback,als; mtd; program,als; mtd; program; learning; ip; education; indigenous; ipmr; women; implementation,5.89551282051282,2022,1.01254480286738,0.28735632183908,0.0,-0.28735632183908
lexical,146,"Unresolved keywords: xxx, pursuant, compensation",unclear,draft_not_expert_validated,keyword_fallback,xxx; pursuant; compensation,xxx; pursuant; compensation; powers; exercise; bonds; represent; code; inhabitants; vi,5.819047619047619,2020,1.4141414141414101,0.0,0.0,0.0
lexical,92,"Unresolved keywords: keeping, mandate, judiciously",unclear,draft_not_expert_validated,keyword_fallback,keeping; mandate; judiciously,keeping; mandate; judiciously; declares; needs; resources; policy; people; response; utilize,5.567460317460317,2019,0.81856426781238,0.37835249042145,0.0,-0.37835249042145
lexical,90,"Unresolved keywords: policy, adhere, humanitarian",unclear,draft_not_expert_validated,keyword_fallback,policy; adhere; humanitarian,policy; adhere; humanitarian; principles; judiciously; adopt; declares; standards; measures; utilize,5.540476190476191,2024,1.33349312879514,0.0,0.52083333333333,0.52083333333333
lexical,141,"Unresolved keywords: pursuant, bonds, represent",unclear,draft_not_expert_validated,keyword_fallback,pursuant; bonds; represent,pursuant; bonds; represent; transactions; governance; economical; obligations; inhabitants; efficient; vi,5.5095238095238095,2020,0.63203463203463,0.52681992337164,0.0,-0.52681992337164
lexical,121,Effectivity and publication clauses,procedural,draft_not_expert_validated,rank_weighted_keyword_rule,effectmty; approval; effect,effectmty; approval; effect; approves; immediatety; ly; ordinance; pertinent; signs; final,5.486204481792717,2020,0.7330447330447301,0.0,0.0,0.0
lexical,130,Separability and validity clauses,procedural,draft_not_expert_validated,rank_weighted_keyword_rule,invalid; continue; hereof; force; unconstitutional,invalid; continue; reason; hereof; force; provision; unconstitutional; sections; affected; declaration,5.25,2022,0.76463560334528,0.0,0.0,0.0
lexical,140,Mayoral contracting powers,governance,draft_not_expert_validated,rank_weighted_keyword_rule,contract; chief; powers; contracts; executive,oo; contract; chief; powers; capitol; contracts; legible; executive; unit; posted,5.216666666666667,2023,0.73394495412844,0.0,0.0,0.0
lexical,151,Temporary road closures and traffic control,policy,draft_not_expert_validated,rank_weighted_keyword_rule,vehicular; street; traffic; temporary; closure,vehicular; street; araw; traffic; temporary; celebration; closure; pm; race; calinan,5.166666666666666,2019,0.53884711779448,0.11494252873562999,0.0,-0.11494252873562999
lexical,118,"Unresolved keywords: pursuant, control, exercise",unclear,draft_not_expert_validated,keyword_fallback,pursuant; control; exercise,pursuant; control; exercise; compensation; economical; transactions; bonds; represent; general; inhabitants,5.158333333333333,2021,0.6509298998569301,0.0,0.0,0.0
lexical,127,Separability and validity clauses,procedural,draft_not_expert_validated,rank_weighted_keyword_rule,separabiliw; unconstitutional; invalid; continue; hereof; force,separabiliw; clause; unconstitutional; reason; invalid; continue; hereof; force; sections; affected,5.114285714285714,2021,0.75822603719599,0.0,0.0,0.0
lexical,169,Voting and enactment records,procedural,draft_not_expert_validated,rank_weighted_keyword_rule,unanimous; quorum; vote; eilacted; members; sanggunian; eiacted,unanimous; quorum; vote; effectmty; eilacted; members; day; sanggunian; eiacted; approval,5.0928571428571425,2023,0.78800786369593,0.19157088122605,0.0,-0.19157088122605
lexical,110,Disaster relief and calamity funding,policy,draft_not_expert_validated,rank_weighted_keyword_rule,fund; qrf; quick,fund; percent; qrf; quick; pesos; auditing; accounting; thousand; response; budgeting,5.009523809523809,2019,0.71786609380594,0.09578544061302,0.0,-0.09578544061302
lexical,153,"Unresolved keywords: exemption, period, idle",unclear,draft_not_expert_validated,keyword_fallback,exemption; period; idle,exemption; period; idle; november; december; cultivating; majeure; desiring; landowner; prevented,4.991666666666666,2019,0.5325814536340799,0.42145593869731,0.0,-0.42145593869731
lexical,156,Effectivity and publication clauses,procedural,draft_not_expert_validated,rank_weighted_keyword_rule,immediately; effect,approva; immediately; effect; effectmw; eeeegindry; eeeegtmti; eeeeit; eeeegfryef; immediatery; ordinance,4.91025641025641,2023,0.6269113149847,0.0,0.0,0.0
lexical,163,"Unresolved keywords: wit, economical, pursuant",unclear,draft_not_expert_validated,keyword_fallback,wit; economical; pursuant,wit; economical; pursuant; transactions; bonds; governance; represent; obligations; efficient; inhabitants,4.876190476190477,2017,0.88235294117647,0.43103448275862,0.0,-0.43103448275862
lexical,48,"Unresolved keywords: representative, xi, office",unclear,draft_not_expert_validated,keyword_fallback,representative; xi; office,representative; xi; office; chairperson; member; bureau; composition; vices; committee; natural,4.869829985590368,2021,0.52301654776854,0.0,0.0,0.0
lexical,111,Reconstruction and contingency appropriations,policy,draft_not_expert_validated,rank_weighted_keyword_rule,reconstruction; sum; lump; aside; estimated; calamities,reconstruction; occur; sum; lump; aside; estimated; poftion; calamities; rehabilitation; sources,4.847619047619048,2024,0.87727708533077,0.0,0.0,0.0
lexical,158,"Unresolved keywords: students, bachelor, internship",unclear,draft_not_expert_validated,keyword_fallback,students; bachelor; internship,students; bachelor; internship; moa; aged; gian; home; science; su; renewal,4.75,2025,1.25,0.0,1.25,1.25
lexical,128,"Unresolved keywords: oo, pursuant, control",unclear,draft_not_expert_validated,keyword_fallback,oo; pursuant; control,oo; pursuant; control; economical; transactions; bonds; represent; exercise; governance; general,4.7404761904761905,2023,0.68479685452162,0.0,0.0,0.0
lexical,129,Effectivity and publication clauses,procedural,draft_not_expert_validated,rank_weighted_keyword_rule,effectmty; approval; effect; immediately,effectmty; approval; ord; effect; immediately; provisions; ordinance; commencement; rte; shall,4.738095238095239,2023,0.9065093927479201,0.14367816091954,0.0,-0.14367816091954
lexical,119,Effectivity and publication clauses,procedural,draft_not_expert_validated,rank_weighted_keyword_rule,approval; effect; immediately,shalltake; approval; effect; provisions; ord; immediately; approva; orrl; eeeelgryfff; ordinance,4.701657552973343,2024,1.36585170981144,0.0,0.0,0.0
lexical,152,Disaster relief and calamity funding,policy,draft_not_expert_validated,rank_weighted_keyword_rule,calamity; fund,calamity; allocation; portion; areas; fund; percent; states; xxx; lgus; appropriations,4.652380952380953,2019,0.84675975653419,0.6704980842911801,0.0,-0.6704980842911801
lexical,159,Donation and property-transfer agreements,governance,draft_not_expert_validated,rank_weighted_keyword_rule,donatton; deed; donation,donatton; favor; crty; authorizing; deed; relattve; donation; executed; medtcal; smart,4.652380952380953,2022,0.73562041303976,0.0,0.0,0.0
lexical,176,"Unresolved keywords: xi, xr, mutual",unclear,draft_not_expert_validated,keyword_fallback,xi; xr; mutual,xi; xr; mutual; field; marilog; salumay; department; classroom; lumad; completely,4.55,2019,0.8145363408521299,0.0,0.0,0.0
lexical,193,Mayoral signing and legislative authority,governance,draft_not_expert_validated,rank_weighted_keyword_rule,sign; behalf,wit; inhabitants; sign; pursuant; behalf; governance; obligations; declaratton; represent; reformist,4.5,2017,0.6127450980392101,0.14367816091954,0.0,-0.14367816091954
lexical,145,Separability and validity clauses,procedural,draft_not_expert_validated,rank_weighted_keyword_rule,unconstitutional; invalid; continue; force; hereof,rc; unconstitutional; reason; invalid; continue; force; hereof; sections; affected; provision,4.451190476190476,2022,0.64217443249701,0.0,0.0,0.0
lexical,154,"Unresolved keywords: exemptions, incentives, deem",unclear,draft_not_expert_validated,keyword_fallback,exemptions; incentives; deem,exemptions; incentives; deem; reliefs; grant; terms; conditions; tax; necessary; units,4.427777777777778,2023,0.81039755351681,0.0,0.0,0.0
lexical,166,Temporary road closures and traffic control,policy,draft_not_expert_validated,rank_weighted_keyword_rule,streets; vehicular,fatima; corner; aurora; pm; streets; lady; pagasa; parish; quezon; vehicular,4.383333333333334,2017,0.6372549019607799,0.28735632183908,0.0,-0.28735632183908
lexical,117,"Unresolved keywords: stricken, epidemics, normalized",unclear,draft_not_expert_validated,keyword_fallback,stricken; epidemics; normalized,stricken; epidemics; normalized; standby; quickly; allocated; emergencies; ldrrmcs; ldrrmo; situation,4.373809523809523,2024,1.0450623202301,0.0,0.0,0.0
lexical,135,"Unresolved keywords: province, municipality, municipaliw",unclear,draft_not_expert_validated,keyword_fallback,province; municipality; municipaliw,province; municipality; municipaliw; beneficiaries; sur; del; cebu; samar; bulacan; cagayan,4.352380952380952,2019,0.78410311493018,0.19157088122605,0.0,-0.19157088122605
lexical,125,Public-fund utilization and audit controls,governance,draft_not_expert_validated,rank_weighted_keyword_rule,disbursements; coa; dbm,item; disbursements; specifically; directives; expenditure; coa; presidential; procurement; dbm; accounting,4.335714285714285,2024,1.14413550655161,0.0,0.0,0.0
lexical,168,"Unresolved keywords: interfund, fund, prope",unclear,draft_not_expert_validated,keyword_fallback,interfund; fund; prope,interfund; fund; prope; million; pesos; thousand; iundred; budget; enterprises; billion,4.306746031746031,2016,0.95306513409961,0.95306513409961,0.0,-0.95306513409961
lexical,164,Effectivity and publication clauses,procedural,draft_not_expert_validated,rank_weighted_keyword_rule,approval; effect; immediately,approval; ord; effect; immediately; effecttvity; come; effectfvtiy; eeeeeeieii; eeeeiqiiiii; eeeeiseyiif,4.301190476190476,2024,0.6487695749440701,0.0,0.0,0.0
lexical,133,"Unresolved keywords: poucy, declaration, vi",unclear,draft_not_expert_validated,keyword_fallback,poucy; declaration; vi,poucy; declaration; vi; wit; code; ra; states; act; republic; provide,4.239285714285714,2021,1.04588187206212,0.0,0.0,0.0
lexical,139,Separability and validity clauses,procedural,draft_not_expert_validated,rank_weighted_keyword_rule,invalid; continue; unconstitutional; hereof; force,reason; invalid; continue; unconstitutional; sections; hereof; force; provision; affected; declaration,4.238492063492063,2023,0.67278287461773,0.0,0.52083333333333,0.52083333333333
lexical,142,Disaster relief and calamity funding,policy,draft_not_expert_validated,rank_weighted_keyword_rule,disaster; fund,reduction; risk; disaster; fund; standby; ldrrmf; normalized; quickly; epidemics; ldrrmcs,4.219047619047619,2024,1.2759667625439401,0.0,0.52083333333333,0.52083333333333
lexical,143,"Unresolved keywords: oo, transactions, bonds",unclear,draft_not_expert_validated,keyword_fallback,oo; transactions; bonds,oo; transactions; bonds; represent; contracts; control; exercise; obligations; rco; documents,4.0968253968253965,2025,1.30208333333333,0.0,1.30208333333333,1.30208333333333
lexical,180,"Unresolved keywords: uses, enumerated, modes",unclear,draft_not_expert_validated,keyword_fallback,uses; enumerated; modes,uses; enumerated; modes; zoning; thereunder; exhaustive; subzones; significance; proponent; allinclusive,4.016666666666667,2018,1.25167336010709,0.0,0.0,0.0
lexical,192,"Unresolved keywords: geostrukt, efb, telecom",unclear,draft_not_expert_validated,keyword_fallback,geostrukt; efb; telecom,geostrukt; efb; telecom; globe; tower; request; allowable; high; additional; construction,3.966666666666667,2020,2.4040404040404,0.0,0.0,0.0
lexical,184,Temporary road closures and traffic control,policy,draft_not_expert_validated,rank_weighted_keyword_rule,street; traffic; temporary; vehicular,corner; street; aurora; araw; pm; traffic; temporary; barangay; vehicular; ng,3.816666666666667,2019,0.98370927318295,0.0,0.0,0.0
lexical,57,"Unresolved keywords: funds, budget, appropriation",unclear,draft_not_expert_validated,keyword_fallback,funds; budget; appropriation,funds; budget; appropriation; annual; funding; included; necessary; implementation; charged; allocate,3.7976046642348553,2021,0.43588703826555997,0.0,0.20833333333332998,0.20833333333332998
lexical,198,"Unresolved keywords: terrorist, implied, incidental",unclear,draft_not_expert_validated,keyword_fallback,terrorist; implied; incidental,terrorist; implied; incidental; necessarily; therefrom; expressly; essential; powers; promotion; necessary,3.7785714285714285,2023,0.52424639580602,0.0,0.44642857142857,0.44642857142857
lexical,170,"Unresolved keywords: calamity, lgus, poftion",unclear,draft_not_expert_validated,keyword_fallback,calamity; lgus; poftion,calamity; lgus; poftion; state; used; regulations; condition; coa; sanggunian; expenditure,3.7595238095238095,2022,1.06332138590203,0.0,0.0,0.0
lexical,171,"Unresolved keywords: absolute, addendum, carmen",unclear,draft_not_expert_validated,keyword_fallback,absolute; addendum; carmen,absolute; addendum; carmen; landfill; sanitary; settlement; estate; purchase; parcel; sale,3.6714285714285717,2024,1.12016618728028,0.0,0.0,0.0
lexical,183,Agreements and mayoral authorization,governance,draft_not_expert_validated,rank_weighted_keyword_rule,moa; memorandum; entered,aftercare; engagement; drug; reformist; moa; legislative; memorandum; entered; enter; relative,3.6666666666666665,2017,1.04575163398692,0.0,0.0,0.0
lexical,182,"Unresolved keywords: blood, barangay, vaw",unclear,draft_not_expert_validated,keyword_fallback,blood; barangay; vaw,blood; barangay; vaw; donors; voluntary; desk; donation; elders; bpo; customary,3.6197311460469357,2019,0.56390977443609,0.0,0.0,0.0
lexical,148,"Unresolved keywords: adhere, humanitarian, judiciously",unclear,draft_not_expert_validated,keyword_fallback,adhere; humanitarian; judiciously,adhere; humanitarian; judiciously; adopt; declares; principles; policy; poucy; utilize; measures,3.5666666666666664,2024,0.51134547778843,0.0,0.0,0.0
lexical,160,Separability and validity clauses,procedural,draft_not_expert_validated,rank_weighted_keyword_rule,separabiliw; invalid; continue; unconstitutional; force; hereof,separabiliw; clause; invalid; continue; unconstitutional; reason; force; hereof; sections; affected,3.5604058551320215,2023,0.47805360676380004,0.0,0.0,0.0
lexical,172,Effectivity and publication clauses,procedural,draft_not_expert_validated,rank_weighted_keyword_rule,immediately; approval; effect; publication; effectmty,shalltake; immediately; approval; effect; manner; publication; effectmty; ordinance; ciause; law,3.550592885375494,2025,1.05298913043478,0.0,1.05298913043478,1.05298913043478
lexical,167,"Unresolved keywords: pricing, resettlement, scheme",unclear,draft_not_expert_validated,keyword_fallback,pricing; resettlement; scheme,pricing; resettlement; scheme; relocation; project; housing; slum; homes; reform; improvement,3.55,2019,0.5263157894736801,0.0,0.0,0.0
lexical,200,"Unresolved keywords: oo, pursuant, inhabitants",unclear,draft_not_expert_validated,keyword_fallback,oo; pursuant; inhabitants,oo; pursuant; inhabitants; vi; enact; code; general; compensation; welfare; transactions,3.533333333333333,2024,0.59284116331096,0.0,0.0,0.0
lexical,187,"Unresolved keywords: utilize, response, reduction",unclear,draft_not_expert_validated,keyword_fallback,utilize; response; reduction,utilize; response; reduction; humanitarian; risk; adhere; judiciously; policy; assistance; percent,3.5,2024,0.8277404921700199,0.0,0.0,0.0
lexical,197,Temporary road closures and traffic control,policy,draft_not_expert_validated,rank_weighted_keyword_rule,traffic; closure; temporary,corner; st; traffic; celebration; aurora; suazo; closure; temporary; araw; ng,3.45,2022,0.48387096774193006,0.0,0.0,0.0
lexical,190,Effectivity and publication clauses,procedural,draft_not_expert_validated,rank_weighted_keyword_rule,immediately; approval; effect,immediately; approval; effect; ordinance; shall; provisions; ord,3.4190476190476193,2022,0.37634408602150005,0.0,0.0,0.0
lexical,174,Effectivity and publication clauses,procedural,draft_not_expert_validated,rank_weighted_keyword_rule,effectmty; immediately; effect; approval,clause; effectmty; immediately; effect; approval; arrival; effectiww; effectmtv; ordinance; shall,3.31025641025641,2016,0.59386973180076,0.59386973180076,0.0,-0.59386973180076
lexical,175,"Unresolved keywords: total, expenses, subtotal",unclear,draft_not_expert_validated,keyword_fallback,total; expenses; subtotal,total; expenses; subtotal; ceo; brgy; concreting; supplemental; reversion; operating; purok,3.3095238095238093,2025,0.625,0.37835249042145,0.625,0.24664750957855003
lexical,185,Mayoral signing and legislative authority,governance,draft_not_expert_validated,rank_weighted_keyword_rule,granted; legislative; authority,understanding; mou; granted; legislative; memorandum; authoriw; idis; authority; relative; bukid,3.2928571428571427,2021,0.35050071530758,0.0,0.0,0.0
lexical,195,Separability and validity clauses,procedural,draft_not_expert_validated,rank_weighted_keyword_rule,invalid; continue; hereof; unconstitutional,rc; invalid; continue; unconstitutiona; hereof; affected; sections; reason; unconstitutional; provisions,3.2064935064935067,2019,0.40100250626566,0.14367816091954,0.0,-0.14367816091954
lexical,196,Mayoral contracting powers,governance,draft_not_expert_validated,rank_weighted_keyword_rule,powers; chief; executive,powers; duties; chief; executive; perform; exercise; corporate; laws; functions; efficient,3.159570494864613,2023,0.40956749672346004,0.28735632183908,0.0,-0.28735632183908
lexical,189,Public-fund utilization and audit controls,governance,draft_not_expert_validated,rank_weighted_keyword_rule,coa; auditing; dbm,procurement; coa; presidential; auditing; appucable; dbm; directives; audit; accounting; ordinances,3.085714285714286,2021,0.8236255875740801,0.0,0.0,0.0
lexical,199,"Unresolved keywords: xxx, pursuant, control",unclear,draft_not_expert_validated,keyword_fallback,xxx; pursuant; control,xxx; pursuant; control; compensation; exercise; general; inhabitants; economical; transactions; governance,3.052380952380952,2023,0.35932721712538,0.0,0.0,0.0
lexical,194,Effectivity and publication clauses,procedural,draft_not_expert_validated,rank_weighted_keyword_rule,effectmty; approval; effect,effectmty; provisions; approval; effect; enactrnent; effiect; ordinance; shall; january; date,2.702380952380952,2022,0.33452807646356,0.19157088122605,0.0,-0.19157088122605
lexical,147,"Unresolved keywords: social, puv, modernization",unclear,draft_not_expert_validated,keyword_fallback,social; puv; modernization,social; puv; modernization; development; cswdo; assistance; chart; welfare; allied; application,2.6738319152112258,2024,0.33557046979865,0.0,0.0,0.0
lexical,112,"Unresolved keywords: contacts, confirmed, positive",unclear,draft_not_expert_validated,keyword_fallback,contacts; confirmed; positive,contacts; confirmed; positive; mandatory; testing; vaccine; undergo; quarantine; isolation; close,2.6384615384615384,2021,0.8492985317019599,0.0,0.0,0.0
lexical,188,"Unresolved keywords: standby, ldrrmo, ldrrmcs",unclear,draft_not_expert_validated,keyword_fallback,standby; ldrrmo; ldrrmcs,standby; ldrrmo; ldrrmcs; stricken; epidemics; normalized; allocated; quickly; ldrrmf; emergencies,2.5785714285714283,2024,0.86529242569511,0.0,0.0,0.0
lexical,179,Effectivity and publication clauses,procedural,draft_not_expert_validated,rank_weighted_keyword_rule,immediately; approval; effect,immediately; provisions; approval; ord; effect; eeebgfsief; eeeeimi; eeebqfsef; eeeeiqiiw; eeeeqfsief,2.5285714285714285,2024,0.84851390220517,0.0,0.0,0.0
lexical,201,Mayoral contracting powers,governance,draft_not_expert_validated,rank_weighted_keyword_rule,chief; executive,compensation; economical; inhabitants; governance; efficient; duties; chief; effective; purpose; executive,2.489285714285714,2021,0.39086450030656006,0.0,0.0,0.0
lexical,186,Disaster relief and calamity funding,policy,draft_not_expert_validated,rank_weighted_keyword_rule,calamity; assistance,beneficiary; manila; declared; thousand; metro; state; calamity; pesos; batangas; assistance,2.4761904761904763,2024,0.8309364014062,0.0,0.0,0.0
lexical,107,"Unresolved keywords: implementing, rules, regulations",unclear,draft_not_expert_validated,keyword_fallback,implementing; rules; regulations,implementing; rules; regulations; irr; formulate; effectivity; executivelegislative; promulgate; absence; days,2.3567852882183717,2025,0.68840579710144,0.0,0.68840579710144,0.68840579710144
lexical,132,"Unresolved keywords: contest, violation, citation",unclear,draft_not_expert_validated,keyword_fallback,contest; violation; citation,contest; violation; citation; violator; pay; fine; voluntarily; cited; ticket; availment,2.298343177290546,2021,0.59286081987685,0.0,0.20833333333332998,0.20833333333332998
lexical,181,"Unresolved keywords: coverage, scope, cover",unclear,draft_not_expert_validated,keyword_fallback,coverage; scope; cover,coverage; scope; cover; apply; lifted; transiting; quarantine; aircraft; ventilation; vessels,2.0770885976768327,2020,0.58371594735231,0.0,0.0,0.0
lexical,64,Agricultural and fishery support,policy,draft_not_expert_validated,rank_weighted_keyword_rule,agriculture; farmers; agricultural,organic; agriculture; farm; farmers; pgs; agriculturists; agricultural; guarantee; products; pafticipatory,1.906862745098039,2022,0.40468995244453004,0.0,0.0,0.0
lexical,155,"Unresolved keywords: peace, peacebuilding, sa",unclear,draft_not_expert_validated,keyword_fallback,peace; peacebuilding; sa,peace; peacebuilding; sa; council; sector; barangay; positive; peaceful; members; pillars,1.78921568627451,2022,0.37247874060018,0.0,0.0,0.0
lexical,144,"Unresolved keywords: youth, center, adolescent",unclear,draft_not_expert_validated,keyword_fallback,youth; center; adolescent,youth; center; adolescent; adolescents; health; dcyac; innovations; reproductive; preferably; council,1.5182109557109558,2021,0.31944986344127,0.0,0.0,0.0
lexical,81,"Unresolved keywords: bullying, antibullying, workplace",unclear,draft_not_expert_validated,keyword_fallback,bullying; antibullying; workplace,bullying; antibullying; workplace; acts; desk; retaliation; educational; cabc; institutions; school,1.5139751552795029,2025,4.6195652173913,0.0,4.6195652173913,4.6195652173913
lexical,178,"Unresolved keywords: youth, dcydc, youthseruing",unclear,draft_not_expert_validated,keyword_fallback,youth; dcydc; youthseruing,youth; dcydc; youthseruing; organizations; sk; pederasyon; nyc; organization; representativemembers; dcydp,1.2647058823529411,2023,0.58014031300593,0.0,0.0,0.0
lexical,126,"Unresolved keywords: pole, cables, wires",unclear,draft_not_expert_validated,keyword_fallback,pole; cables; wires,pole; cables; wires; poles; utility; lines; telco; cable; companies; attachments,1.051282051282051,2023,0.30581039755351,0.0,0.0,0.0
lexical,108,"Unresolved keywords: kalinaw, fves, frs",unclear,draft_not_expert_validated,keyword_fallback,kalinaw; fves; frs,kalinaw; fves; frs; eclip; fve; village; fr; committee; step; cswdo,0.8484848484848485,2022,0.30411643314868997,0.0,0.0,0.0
semantic,17,OCR-corrupted ordinance wording,unclear,draft_not_expert_validated,draft_keyword_excerpt_review,ard; ordinane; sectioii,ard; thb; ordinane; gty; fte; ordained; fur; sectioii; sf; ttre,76.83333333333333,2017,16.17647058823529,12.068965517241379,0.0,-12.068965517241379
semantic,0,Temporary road closures and traffic control,policy,draft_not_expert_validated,draft_keyword_excerpt_review,street; closure; traffic,street; closure; temporary; pm; vehicular; traffic; corner; celebration; road; streets,73.64166666666667,2018,8.353413654618471,2.5191570881225998,4.0625,1.5433429118774002
semantic,8,OCR-heavy enactment and authorization wording,unclear,draft_not_expert_validated,draft_keyword_excerpt_review,sectioii; sectioh; ordained,sectioii; sectioh; ordained; aiid; vote; sangguniang; sre; authority; ordinance; sign,73.58611111111111,2016,17.1455938697318,17.1455938697318,10.15625,-6.989343869731801
semantic,18,Mayoral contracting powers,governance,draft_not_expert_validated,draft_keyword_excerpt_review,contract; powers; executive,section; contract; behalf; enter; unit; powers; contracts; chief; sign; executive,70.08333333333333,2021,11.1587982832618,0.0,3.125,3.125
semantic,22,Council correspondence and legal endorsements,procedural,draft_not_expert_validated,draft_keyword_excerpt_review,councilor; legal; respectfully,councilor; atty; city; legal; series; respectfully; signed; deed; jr; secretary,61.542857142857144,2017,13.480392156862738,8.620689655172411,0.0,-8.620689655172411
semantic,29,Disaster relief and calamity funding,policy,draft_not_expert_validated,draft_keyword_excerpt_review,calamity; fund; assistance,calamity; fund; percent; state; portion; declared; assistance; poftion; lgus; areas,44.84047619047619,2022,12.694145758661879,0.28735632183908,0.0,-0.28735632183908
semantic,49,Council attendance and session records,procedural,draft_not_expert_validated,draft_keyword_excerpt_review,councilor; leave; secretary,councilor; leave; jr; sr; councibr; series; secretary; counrilor; lr; counclbr,38.94444444444444,2016,9.77011494252873,9.77011494252873,0.0,-9.77011494252873
semantic,31,Land-use zoning and reclassification,policy,draft_not_expert_validated,draft_keyword_excerpt_review,zoning; reclassification; land,zone; zoning; review; zones; reclassification; land; amendment; tct; change; agricultural,35.10757575757575,2019,4.85588972431077,0.0,0.0,0.0
semantic,68,Mayoral signing and legislative authority,governance,draft_not_expert_validated,rank_weighted_keyword_rule,sign; authority; behalf; legislative,section; sign; authority; behalf; memorandum; assembled; davao; government; legislative; entered,35.0,2018,4.01606425702811,1.14942528735632,0.0,-1.14942528735632
semantic,56,OCR-heavy or unclear text cluster,unclear,draft_not_expert_validated,keyword_quality_flag,,oo; ee; ol; cl; tr; ot; il; jo; tt; io,33.867099567099565,2016,9.77011494252873,9.77011494252873,0.83333333333333,-8.9367816091954
semantic,3,Event-related road closures,policy,draft_not_expert_validated,rank_weighted_keyword_rule,rallies; alley; temporarily; fiesta; celebrations; fairs; closed,rallies; alley; actual; temporarily; fiesta; celebrations; fairs; industrial; closed; emergency,30.422222222222224,2018,3.5341365461847305,0.19157088122605,2.8125,2.62092911877395
semantic,1,Mixed establishment and product regulation,mixed,draft_not_expert_validated,draft_keyword_excerpt_review,person; vehicle; singleuse,person; vehicle; dqr; singleuse; establishments; solo; plastic; public; food; prohibited,28.0370790265172,2021,4.40808079631205,0.0,0.54347826086956,0.54347826086956
semantic,46,Education and scholarship assistance,policy,draft_not_expert_validated,rank_weighted_keyword_rule,ebsu; scholarship; semester,party; second; pafi; parties; ebsu; scholarship; program; semester; agreement; grantee,27.765079365079366,2016,4.50191570881226,4.50191570881226,3.125,-1.3769157088122597
semantic,9,Separability and validity clauses,procedural,draft_not_expert_validated,rank_weighted_keyword_rule,invalid; continue; unconstitutional; hereof; force,invalid; continue; unconstitutional; hereof; sections; affected; force; reason; provisions; granted,26.302813852813852,2023,3.1746031746031704,0.11494252873562999,0.625,0.5100574712643701
semantic,15,Government staffing and qualifications,governance,draft_not_expert_validated,rank_weighted_keyword_rule,relevant; administrative; experience; officer; positions; position; training,relevant; administrative; experience; officer; positions; position; functions; training; division; ii,23.587374801218616,2025,3.125,0.14367816091954,3.125,2.98132183908046
semantic,2,Public-fund utilization and audit controls,governance,draft_not_expert_validated,rank_weighted_keyword_rule,utilization; funds; disbursements; appropriated; coa; dbm; auditing,utilization; funds; disbursements; directives; appropriated; coa; dbm; auditing; accounting; procurement,22.450696525696525,2024,3.65676549401381,0.31130268199232997,1.7708333333333302,1.459530651341
semantic,104,Council attendance and session records,procedural,draft_not_expert_validated,rank_weighted_keyword_rule,councilor; jr; sr; leave,councilor; jr; series; legal; sr; ibuyan; ryan; action; sangguniang; leave,21.0,2017,3.4313725490195996,2.10727969348659,3.125,1.01772030651341
semantic,10,Amusement-tax exemptions,policy,draft_not_expert_validated,rank_weighted_keyword_rule,exemption; proceeds; amusement,exemption; proceeds; payment; amusement; request; granting; sm; expo; trade; cente,20.363095238095237,2019,2.8705692803437097,1.22605363984674,0.44642857142857,-0.77962506841817
semantic,4,Reconstruction and contingency appropriations,policy,draft_not_expert_validated,rank_weighted_keyword_rule,reconstruction; lump; sum; aside; estimated; calamities,reconstruction; occur; lump; sum; aside; estimated; calamities; determined; rehabilitation; sources,20.062698412698413,2024,4.44471077021412,0.09578544061302,0.20833333333332998,0.11254789272030999
semantic,6,"Unresolved keywords: pursuant, exercise, economical",unclear,draft_not_expert_validated,keyword_fallback,pursuant; exercise; economical,pursuant; exercise; economical; duties; chief; inhabitants; general; bonds; transactions; governance,19.77777777777778,2023,1.94298820445609,0.28735632183908,0.0,-0.28735632183908
semantic,7,Separability and validity clauses,procedural,draft_not_expert_validated,rank_weighted_keyword_rule,separabiliw; unconstitutional; continue; invalid; force; hereof,separabiliw; clause; unconstitutional; reason; continue; invalid; force; hereof; sections; affected,19.657236227824463,2019,1.7836257309941501,0.0,0.44642857142857,0.44642857142857
semantic,12,Mayoral signing and legislative authority,governance,draft_not_expert_validated,rank_weighted_keyword_rule,granted; authority; legislative; sign; behalf,granted; authority; legislative; memorandum; relative; entered; sign; agreement; behalf; enter,19.599603174603175,2017,1.65032679738562,0.28735632183908,0.52083333333333,0.23347701149425004
semantic,11,Ordinance titles and amendment wording,procedural,draft_not_expert_validated,rank_weighted_keyword_rule,amending; known; series; ordinance; ordtnance; sertes; title,amending; known; series; ordinance; ordtnance; sertes; repealing; title; otherwtse; providing,19.424363139677542,2019,2.9206945936269197,0.0,0.625,0.625
semantic,16,Effectivity and publication clauses,procedural,draft_not_expert_validated,rank_weighted_keyword_rule,effectmty; immediately; approval; effect,effectmty; immediately; approval; effect; ordinance; shall; effectwity,18.757936507936506,2025,2.08333333333333,0.14367816091954,2.08333333333333,1.93965517241379
semantic,25,Separability and validity clauses,procedural,draft_not_expert_validated,rank_weighted_keyword_rule,continue; force; invalid; hereof; unconstitutional,effect; reason; continue; force; invalid; hereof; sections; unconstitutional; affected; provision,18.63690476190476,2024,1.9239373601789698,0.0,0.78125,0.78125
semantic,14,Agreements and mayoral authorization,governance,draft_not_expert_validated,rank_weighted_keyword_rule,moa; memorandum; agreement; entered; authorizing,moa; memorandum; title; agreement; entered; sign; authorizing; enter; known; davao,17.83293650793651,2019,1.8337510442773601,0.47892720306513,0.52083333333333,0.04190613026820002
semantic,24,Mayoral signing and legislative authority,governance,draft_not_expert_validated,rank_weighted_keyword_rule,sign; authority; behalf,pursuant; sign; authority; bonds; transactions; behalf; obligations; represent; vi; economical,17.3,2023,1.5749235474006098,0.62260536398467,0.0,-0.62260536398467
semantic,13,Donation and property-transfer agreements,governance,draft_not_expert_validated,rank_weighted_keyword_rule,donation; donatton; deed,donation; donatton; authorizing; deed; favor; davao; sign; relattve; executed; crty,17.249542124542124,2021,2.0743919885550697,0.45977011494251996,0.0,-0.45977011494251996
semantic,21,Effectivity and publication clauses,procedural,draft_not_expert_validated,rank_weighted_keyword_rule,immediately; approval; effect; effectivity,immediately; approval; effect; ordinance; shall; shalltake; effectivity,16.724206349206348,2022,1.96336121067303,0.28735632183908,0.0,-0.28735632183908
semantic,28,Voting and enactment records,procedural,draft_not_expert_validated,rank_weighted_keyword_rule,unanimous; quorum; vote; eilacted; members; sanggunian; eiacted,unanimous; quorum; vote; eilacted; members; day; sanggunian; eiacted; approval; immediately,16.044877344877346,2023,2.40115771079073,0.19157088122605,2.1875,1.9959291187739499
semantic,23,Event-related road closures,policy,draft_not_expert_validated,rank_weighted_keyword_rule,alley; rallies; temporarily; closed; fiesta,telecommunications; works; highways; alley; rallies; temporarily; closed; actual; industrial; fiesta,15.616666666666667,2022,1.5710872162485,1.23563218390804,0.0,-1.23563218390804
semantic,76,Event-related road closures,policy,draft_not_expert_validated,rank_weighted_keyword_rule,closed; temporarily; rallies; alley; fairs,closed; temporarily; temporary; closure; rallies; corner; alley; square; fairs; road,15.469298245614034,2025,5.20833333333333,1.2931034482758599,5.20833333333333,3.9152298850574705
semantic,41,Mayoral contracting powers,governance,draft_not_expert_validated,rank_weighted_keyword_rule,contract; chief; powers; contracts; enter,contract; unit; chief; powers; contracts; authorization; corporate; provincial; enter; conspicuous,13.116666666666665,2022,1.69653524492234,0.19157088122605,1.04166666666666,0.8500957854406099
semantic,20,Disaster relief and calamity funding,policy,draft_not_expert_validated,rank_weighted_keyword_rule,fund; qrf; quick; disaster,fund; percent; qrf; quick; fm; utilize; calendar; response; portion; disaster,12.82738095238095,2024,1.4461489293704,0.76628352490421,0.52083333333333,-0.24545019157088
semantic,45,Amusement-tax exemptions,policy,draft_not_expert_validated,rank_weighted_keyword_rule,exhibitions; operas,admission; exhibitions; exhibition; collected; operas; concefts; dramas; recitals; pop; paintings,12.766605616605617,2025,3.57142857142857,0.43103448275862,3.57142857142857,3.1403940886699497
semantic,26,Separability and validity clauses,procedural,draft_not_expert_validated,rank_weighted_keyword_rule,unconstitutional; invalid; continue; force; hereof,unconstitutional; reason; invalid; continue; sections; force; hereof; affected; provision; declaration,12.561904761904762,2022,2.06093189964157,0.0,0.625,0.625
semantic,79,Cooperative financing and loan agreements,policy,draft_not_expert_validated,rank_weighted_keyword_rule,loan; cooperative; multipurpose,loan; cooperative; authorized; multipurpose; entered; enter; agreement; sign; behalf; davao,12.416666666666666,2023,1.60550458715596,0.0,0.0,0.0
semantic,5,Child protection and welfare,policy,draft_not_expert_validated,rank_weighted_keyword_rule,children; sexual; child; abuse,hiv; children; women; sexual; aids; child; gender; health; abuse; sti,11.925710492239727,2020,1.0271243907607501,0.14367816091954,0.13586956521739,-0.00780859570214999
semantic,34,Mayoral contracting powers,governance,draft_not_expert_validated,rank_weighted_keyword_rule,contract; powers; contracts; chief; executive,contract; powers; contracts; chief; vi; unit; executive; authorization; legible; corporate,11.9,2025,1.40625,0.0,1.40625,1.40625
semantic,19,Disaster relief and calamity funding,policy,draft_not_expert_validated,rank_weighted_keyword_rule,assistance; calamity,beneficiary; declared; financial; pesos; state; assistance; calamity; municipality; thousand; beneficiaries,11.723809523809523,2024,2.2802812400127803,0.0,0.52083333333333,0.52083333333333
semantic,27,Separability and validity clauses,procedural,draft_not_expert_validated,rank_weighted_keyword_rule,separabiliw; invalid; continue; unconstitutional; hereof; force,separabiliw; invalid; continue; unconstitutional; reason; hereof; sections; force; affected; clause,11.398369408369408,2025,1.40625,0.59386973180076,1.40625,0.8123802681992399
semantic,33,Effectivity and publication clauses,procedural,draft_not_expert_validated,rank_weighted_keyword_rule,effectmty; immediately; approval; effect,effectmty; immediately; approval; effect; ordinance; shall,11.380357142857143,2019,1.06516290726817,0.51724137931034,0.625,0.10775862068966008
semantic,43,Effectivity and publication clauses,procedural,draft_not_expert_validated,rank_weighted_keyword_rule,effectmty; immediately; approval; effect,effectmty; immediately; approval; effect; ordinance; shall,10.902380952380952,2025,1.66666666666666,0.0,1.66666666666666,1.66666666666666
semantic,37,Effectivity and publication clauses,procedural,draft_not_expert_validated,rank_weighted_keyword_rule,immediately; approval; effect,effectiviw; immediately; approval; effect; effectiviil; effectiwty; ordinance; effectiviti; effectiwiy; shall,10.654004329004328,2018,1.12115127175368,0.0,0.0,0.0
semantic,36,Disaster relief and calamity funding,policy,draft_not_expert_validated,rank_weighted_keyword_rule,disaster; fund,disaster; risk; fund; ldrrmf; reduction; normalized; quickly; stricken; ldrrmo; standby,10.392857142857142,2023,1.9342507645259899,0.0,0.0,0.0
semantic,47,Temporary road closures and traffic control,policy,draft_not_expert_validated,rank_weighted_keyword_rule,closure; temporary; vehicular,closure; temporary; requested; specified; time; connection; vehicular; upcoming; dates; abovementioned,10.0,2025,2.60416666666666,0.0,2.60416666666666,2.60416666666666
semantic,57,"Unresolved keywords: telecom, tower, globe",unclear,draft_not_expert_validated,keyword_fallback,telecom; tower; globe,telecom; tower; globe; selfsupport; bspt; allowable; high; granting; geostrukt; efb,9.933333333333334,2020,5.14141414141414,0.0,0.0,0.0
semantic,44,Separability and validity clauses,procedural,draft_not_expert_validated,rank_weighted_keyword_rule,invalid; continue; force; hereof; unconstitutional,rc; reason; invalid; continue; force; hereof; unconstitutional; sections; affected; provision,9.827380952380953,2022,1.55615292712066,0.14367816091954,0.0,-0.14367816091954
semantic,50,Effectivity and publication clauses,procedural,draft_not_expert_validated,rank_weighted_keyword_rule,immediately; approval; effect,effectmw; immediately; approval; effect; ordinance; shall; eeelgro,9.545238095238096,2024,0.73266219239373,0.0,0.0,0.0
semantic,61,"Unresolved keywords: enhance, promote, welfare",unclear,draft_not_expert_validated,keyword_fallback,enhance; promote; welfare,enhance; promote; welfare; powers; selfreliant; enrichment; things; morals; prosperity; balanced,9.384768907563025,2023,1.8042813455657398,0.0,0.0,0.0
semantic,35,"Unresolved keywords: control, exercise, bonds",unclear,draft_not_expert_validated,keyword_fallback,control; exercise; bonds,control; exercise; bonds; superuision; represent; transactions; obligations; contracts; connection; activities,9.250396825396825,2025,1.92708333333333,0.0,1.92708333333333,1.92708333333333
semantic,32,Effectivity and publication clauses,procedural,draft_not_expert_validated,rank_weighted_keyword_rule,approval; effect; effectmty; immediately,provisions; approval; effect; effectmty; effectmw; effectiviw; ordinance; shall; immediately; shalltake,9.217710944026733,2023,0.9785932721712499,0.19157088122605,0.9672619047619,0.7756910235358498
semantic,53,"Unresolved keywords: pursuant, transactions, economical",unclear,draft_not_expert_validated,keyword_fallback,pursuant; transactions; economical,pursuant; transactions; economical; bonds; represent; inhabitants; governance; obligations; efficient; wit,9.212301587301587,2019,0.9816207184628201,0.7567049808429099,0.0,-0.7567049808429099
semantic,38,"Unresolved keywords: economical, governance, inhabitants",unclear,draft_not_expert_validated,keyword_fallback,economical; governance; inhabitants,economical; governance; inhabitants; efficient; effective; purpose; welfare; vi; wit; compensation,9.163492063492063,2023,0.97531673219746,0.1867816091954,0.625,0.43821839080460007
semantic,52,Effectivity and publication clauses,procedural,draft_not_expert_validated,rank_weighted_keyword_rule,immediately; approval; effect,effectmw; immediately; approval; effect; ordinance; shall,9.137301587301588,2025,1.66666666666666,0.11494252873562999,1.66666666666666,1.55172413793103
semantic,51,Donation and property-transfer agreements,governance,draft_not_expert_validated,rank_weighted_keyword_rule,donation; deed,grande; donation; lots; located; favor; executed; catalunan; accept; deed; deca,9.135714285714286,2024,1.2591882390540101,0.0,0.0,0.0
semantic,59,Effectivity and publication clauses,procedural,draft_not_expert_validated,rank_weighted_keyword_rule,effectmty; immediately; approval; effect,effectmty; immediately; approval; effect; ordinance; shall,9.05,2017,2.94934640522875,0.3735632183908,0.0,-0.3735632183908
semantic,63,"Unresolved keywords: vi, xxx, pursuant",unclear,draft_not_expert_validated,keyword_fallback,vi; xxx; pursuant,vi; xxx; pursuant; economical; transactions; bonds; represent; inhabitants; governance; oo,9.049999999999999,2020,1.2020202020202,0.0,0.0,0.0
semantic,64,"Unresolved keywords: quarry, sand, gravel",unclear,draft_not_expert_validated,keyword_fallback,quarry; sand; gravel,quarry; sand; gravel; allowable; granting; operation; application; additional; lampianao; located,8.877777777777778,2018,1.95225345827755,0.0,0.0,0.0
semantic,39,"Unresolved keywords: contract, unit, authorization",unclear,draft_not_expert_validated,keyword_fallback,contract; unit; authorization,contract; unit; authorization; legible; capitol; corporate; provincial; posted; conspicuous; municipal,8.84585137085137,2021,0.9891681994686201,0.57471264367816,0.0,-0.57471264367816
semantic,54,"Unresolved keywords: absolute, addendum, carmen",unclear,draft_not_expert_validated,keyword_fallback,absolute; addendum; carmen,absolute; addendum; carmen; landfill; sanitary; settlement; parcel; deed; estate; sale,8.757142857142856,2024,1.5092681367849101,0.0,0.0,0.0
semantic,69,"Unresolved keywords: wit, pursuant, economical",unclear,draft_not_expert_validated,keyword_fallback,wit; pursuant; economical,wit; pursuant; economical; bonds; transactions; vi; governance; obligations; represent; efficient,8.683766233766233,2017,1.5686274509803901,0.43103448275862,0.0,-0.43103448275862
semantic,30,Effectivity and publication clauses,procedural,draft_not_expert_validated,rank_weighted_keyword_rule,publication; circulation; newspaper; effectmty; effect,publication; circulation; newspaper; days; posting; effectmty; effect; general; consecutive; effectmw,8.572034289925417,2019,1.3911401881326602,0.0,0.48007246376810997,0.48007246376810997
semantic,65,"Unresolved keywords: crty, aild, known",unclear,draft_not_expert_validated,keyword_fallback,crty; aild; known,crty; aild; known; srgn; memorandum; ald; rn; davao; ete; behatf,8.44920634920635,2023,0.89558759283529,0.0,0.625,0.625
semantic,81,"Unresolved keywords: uses, enumerated, zoning",unclear,draft_not_expert_validated,keyword_fallback,uses; enumerated; zoning,uses; enumerated; zoning; favorable; allowable; subzones; significance; proponent; exhaustive; allinclusive,8.395454545454545,2020,2.7750229568411298,0.0,0.20833333333332998,0.20833333333332998
semantic,42,"Unresolved keywords: lgsfbdp, procurement, audit",unclear,draft_not_expert_validated,keyword_fallback,lgsfbdp; procurement; audit,lgsfbdp; procurement; audit; department; task; communist; councils; dpwh; budgeting; armed,8.13852813852814,2021,1.99366441855712,0.0,0.0,0.0
semantic,72,Mayoral contracting powers,governance,draft_not_expert_validated,rank_weighted_keyword_rule,powers; contract; chief; contracts; executive,powers; contract; oo; chief; contracts; vi; executive; xxx; capitol; unit,8.133333333333333,2021,1.05150214592274,0.0,0.0,0.0
semantic,108,"Unresolved keywords: piapi, matina, sites",unclear,draft_not_expert_validated,keyword_fallback,piapi; matina; sites,piapi; matina; sites; lot; slum; sir; upgrading; resettlement; new; improvement,8.0,2021,3.1473533619456298,0.0,0.0,0.0
semantic,77,"Unresolved keywords: municipality, province, municipaliw",unclear,draft_not_expert_validated,keyword_fallback,municipality; province; municipaliw,municipality; province; municipaliw; cagayan; sur; del; iloilo; cebu; bulacan; cotabato,7.811904761904762,2019,0.98818474758324,0.19157088122605,0.0,-0.19157088122605
semantic,66,Trade-event permit and fee exemptions,policy,draft_not_expert_validated,rank_weighted_keyword_rule,exemption; payment; exhibitors; permit,exemption; solely; limitation; coverage; organizers; revenue; davaobased; payment; exhibitors; permit,7.757411067193676,2016,0.86206896551724,0.86206896551724,0.27173913043478,-0.59032983508246
semantic,88,Effectivity and publication clauses,procedural,draft_not_expert_validated,rank_weighted_keyword_rule,immediately; approval; effect,eeeelgffi; immediately; eeeelgru; approval; effect; eeeggffi; eeeeqru; ordinance; eeeegwei; eeeegroffy,7.692857142857143,2022,1.27240143369175,0.0,0.625,0.625
semantic,85,"Unresolved keywords: uses, enumerated, zoning",unclear,draft_not_expert_validated,keyword_fallback,uses; enumerated; zoning,uses; enumerated; zoning; exhaustive; favorable; appeals; proponent; subzones; socioeconomic; significance,7.4261904761904765,2020,2.84848484848484,0.0,0.0,0.0
semantic,67,Mayoral contracting powers,governance,draft_not_expert_validated,rank_weighted_keyword_rule,contract; powers,contract; unit; authorization; posted; powers; legible; provincial; conspicuous; corporate; capitol,7.335714285714285,2021,0.8266911914980499,0.0,0.0,0.0
semantic,83,"Unresolved keywords: lot, block, tct",unclear,draft_not_expert_validated,keyword_fallback,lot; block; tct,lot; block; tct; request; consent; obrero; located; covered; bo; inviting,7.20995670995671,2025,2.08333333333333,0.0,2.08333333333333,2.08333333333333
semantic,110,"Unresolved keywords: water, parks, zone",unclear,draft_not_expert_validated,keyword_fallback,water; parks; zone,water; parks; zone; watershed; resource; clearance; areas; green; council; area,7.205207679317587,2020,2.3106060606060597,0.0,0.20833333333332998,0.20833333333332998
semantic,96,Land-use zoning and reclassification,policy,draft_not_expert_validated,rank_weighted_keyword_rule,zone; land,subzone; parcel; tct; meters; covered; located; zone; square; density; land,7.15,2020,1.3434343434343399,0.0,0.0,0.0
semantic,80,Health workforce and midwifery support,policy,draft_not_expert_validated,rank_weighted_keyword_rule,health; rhmpp; midwives; placement,health; authority; granted; memorandum; rhmpp; legislative; midwives; placement; moa; entered,7.068347338935574,2024,1.04346436561201,0.0,0.78125,0.78125
semantic,128,Mayoral contracting powers,governance,draft_not_expert_validated,rank_weighted_keyword_rule,contract; behalf; chief,vi; contract; ib; behalf; control; chief; powerc; code; sectioii; pursuant,7.02979797979798,2024,0.91722595078299,0.57471264367816,0.0,-0.57471264367816
semantic,92,Separability and validity clauses,procedural,draft_not_expert_validated,rank_weighted_keyword_rule,unconstitutional; invalid; continue; force; hereof,separabitity; reason; unconstitutional; invalid; continue; force; clause; hereof; affected; sections,7.026923076923076,2025,1.25,0.11494252873562999,1.25,1.1350574712643702
semantic,90,"Unresolved keywords: usufruct, parcel, meters",unclear,draft_not_expert_validated,keyword_fallback,usufruct; parcel; meters,usufruct; parcel; meters; lot; land; deed; covered; containing; square; barangay,6.966666666666667,2021,0.5865522174535,0.0,0.0,0.0
semantic,71,"Unresolved keywords: policy, humanitarian, adhere",unclear,draft_not_expert_validated,keyword_fallback,policy; humanitarian; adhere,policy; humanitarian; adhere; assistance; beneficiary; judiciously; principles; adopt; declares; utilize,6.96025641025641,2024,1.39605919807262,0.0,0.0,0.0
semantic,48,"Unresolved keywords: stricken, standby, epidemics",unclear,draft_not_expert_validated,keyword_fallback,stricken; standby; epidemics,stricken; standby; epidemics; normalized; quickly; allocated; fund; ldrrmo; ldrrmcs; emergencies,6.9523809523809526,2024,1.91035474592521,0.0,0.0,0.0
semantic,87,Effectivity and publication clauses,procedural,draft_not_expert_validated,rank_weighted_keyword_rule,effectmty; immediately; approval; effect,effectmty; immediately; approval; effect; ordinance; shall,6.869047619047619,2020,0.6118326118326101,0.11494252873562999,0.0,-0.11494252873562999
semantic,58,"Unresolved keywords: vi, provide, policy",unclear,draft_not_expert_validated,keyword_fallback,vi; provide; policy,vi; provide; policy; code; declaration; section; ra; republic; local; act,6.798809523809523,2021,1.07500510933987,0.0,0.0,0.0
semantic,86,"Unresolved keywords: strategy, autonomy, viability",unclear,draft_not_expert_validated,keyword_fallback,strategy; autonomy; viability,strategy; autonomy; viability; encouraged; alternative; sustainable; sector; basic; delivery; private,6.743650793650793,2017,1.0130718954248301,0.43103448275862,0.0,-0.43103448275862
semantic,55,"Unresolved keywords: member, college, representative",unclear,draft_not_expert_validated,keyword_fallback,member; college; representative,member; college; representative; president; chairperson; council; trustees; peace; members; board,6.546811049113942,2020,0.84297520661157,0.0,0.27173913043478,0.27173913043478
semantic,93,Effectivity and publication clauses,procedural,draft_not_expert_validated,rank_weighted_keyword_rule,effectmty; immediately; approval; effect,effectmty; immediately; approval; effect; effectmw; effecttvity; ordinance; effectivtil; shall; immediatery,6.473809523809523,2021,0.49356223175965,0.14367816091954,0.0,-0.14367816091954
semantic,122,Agreements and mayoral authorization,governance,draft_not_expert_validated,rank_weighted_keyword_rule,authorizing; entered,loan; authorizing; entered; iilto; known; cooperative; behatf; cooperattve; agreemeilt; eiltered,6.2595238095238095,2018,0.53547523427041,0.0,0.0,0.0
semantic,70,Disaster relief and calamity funding,policy,draft_not_expert_validated,rank_weighted_keyword_rule,qrf; quick; fund; typhoon; disaster,percent; qrf; quick; fund; fuild; typhoon; fm; calamtty; disaster; pesos,6.252380952380952,2024,1.9079578139980802,0.0,0.0,0.0
semantic,102,Effectivity and publication clauses,procedural,draft_not_expert_validated,rank_weighted_keyword_rule,approval; immediately; effect; effectmty,shal; approval; immediately; effect; effectmty; effectmw; sha; ordinance; eeeegedef; eeeecieyie,6.209523809523809,2024,0.5536912751677799,0.0,0.0,0.0
semantic,74,"Unresolved keywords: states, vi, republic",unclear,draft_not_expert_validated,keyword_fallback,states; vi; republic,states; vi; republic; poucy; code; act; declaration; wit; local; policy,6.132539682539683,2021,0.9809932556713599,0.0,0.0,0.0
semantic,73,"Unresolved keywords: offense, fine, imprisonment",unclear,draft_not_expert_validated,keyword_fallback,offense; fine; imprisonment,offense; fine; imprisonment; thousand; discretion; pesos; penalized; violation; penalty; penalties,6.121433528631671,2020,0.79078665442301,0.0,0.20833333333332998,0.20833333333332998
semantic,75,"Unresolved keywords: enhance, promote, prosperity",unclear,draft_not_expert_validated,keyword_fallback,enhance; promote; prosperity,enhance; promote; prosperity; things; implied; enrichment; morals; balanced; jurisdictions; ecology,6.117063492063492,2021,0.93092172491314,0.0,0.0,0.0
semantic,97,"Unresolved keywords: brgy, st, total",unclear,draft_not_expert_validated,keyword_fallback,brgy; st; total,brgy; st; total; expenses; ceo; subtotal; road; concreting; operating; supplemental,6.100865800865801,2021,0.46494992846924005,0.37835249042145,0.0,-0.37835249042145
semantic,91,Separability and validity clauses,procedural,draft_not_expert_validated,rank_weighted_keyword_rule,unconstitutional; invalid; hereof; continue; force,unconstitutional; invalid; hereof; reason; continue; affected; sections; force; provisions; declared,6.078968253968253,2022,0.9119872560732699,0.11494252873562999,0.0,-0.11494252873562999
semantic,106,Effectivity and publication clauses,procedural,draft_not_expert_validated,rank_weighted_keyword_rule,approval; immediately; effect,approval; immediately; effect; ordinance; eeeeiqiiuie; eeeeiqfiw; eeeeigiiviiy; eeeeieimty; eeeeicwity; eeeeiiiiiuiii,5.991666666666666,2022,1.2037037037037002,0.0,0.0,0.0
semantic,103,Agreements and mayoral authorization,governance,draft_not_expert_validated,rank_weighted_keyword_rule,memorandum; agreement,pecpfi; amounting; pesos; million; eagle; memorandum; love; agreement; foundation; financial,5.802380952380952,2020,0.6060606060606,0.57471264367816,0.0,-0.57471264367816
semantic,78,"Unresolved keywords: keeping, mandate, judiciously",unclear,draft_not_expert_validated,keyword_fallback,keeping; mandate; judiciously,keeping; mandate; judiciously; declares; needs; resources; policy; people; response; utilize,5.692460317460317,2019,0.81856426781238,0.37835249042145,0.0,-0.37835249042145
semantic,154,"Unresolved keywords: class, lands, residential",unclear,draft_not_expert_validated,keyword_fallback,class; lands; residential,class; lands; residential; php; commercial; commands; lesser; value; trading; roads,5.539393939393939,2019,0.62030075187969,0.0,0.0,0.0
semantic,84,"Unresolved keywords: policy, adhere, humanitarian",unclear,draft_not_expert_validated,keyword_fallback,policy; adhere; humanitarian,policy; adhere; humanitarian; principles; judiciously; adopt; declares; standards; measures; utilize,5.507142857142856,2024,1.20166187280281,0.0,0.0,0.0
semantic,155,Voting and enactment records,procedural,draft_not_expert_validated,rank_weighted_keyword_rule,vote; quorum; unanimous; sanggunian; eilacted; members,secretary; vote; quorum; unanimous; sanggunian; reyes; eilacted; correct; head; members,5.491666666666666,2024,0.64317673378076,0.0,0.625,0.625
semantic,82,Separability and validity clauses,procedural,draft_not_expert_validated,rank_weighted_keyword_rule,separabiliw; continue; unconstitutional; invalid; force; hereof,separabiliw; continue; reason; unconstitutional; invalid; force; sections; hereof; affected; clause,5.45445347417964,2023,1.00557654254362,0.0,0.52083333333333,0.52083333333333
semantic,94,Effectivity and publication clauses,procedural,draft_not_expert_validated,rank_weighted_keyword_rule,immediately; approval; effect; effectmty,immediately; approval; ord; effect; effectmty; effectmw; eeeelgffi; ordinance; effectfvtiy; clause,5.420970695970697,2023,0.56247269550021,0.40229885057471004,0.0,-0.40229885057471004
semantic,98,"Unresolved keywords: bonds, represent, transactions",unclear,draft_not_expert_validated,keyword_fallback,bonds; represent; transactions,bonds; represent; transactions; obligations; documents; contracts; law; business; pursuant; authority,5.402380952380952,2016,0.47892720306513,0.47892720306513,0.0,-0.47892720306513
semantic,118,Effectivity and publication clauses,procedural,draft_not_expert_validated,rank_weighted_keyword_rule,immediately; effectmty; approval; effect,immediately; effectmw; clause; ciause; effectmty; approval; effect; arrival; ordinance; effectmtv,5.293589743589743,2020,0.93550893550893,0.45019157088122,0.0,-0.45019157088122
semantic,115,"Unresolved keywords: uses, enumerated, zoning",unclear,draft_not_expert_validated,keyword_fallback,uses; enumerated; zoning,uses; enumerated; zoning; thereunder; exhaustive; subzones; allinclusive; proponent; favorable; appeals,5.233333333333333,2018,1.25836680053547,0.0,0.0,0.0
semantic,121,Effectivity and publication clauses,procedural,draft_not_expert_validated,rank_weighted_keyword_rule,immediately; effect; effectmty,approva; immediately; effect; effectmw; effectmty; ctause; eeeegindry; ordinance; immediatery; effectiviil,5.2,2023,0.6269113149847,0.0,0.0,0.0
semantic,124,Separability and validity clauses,procedural,draft_not_expert_validated,rank_weighted_keyword_rule,hereof; force; invalid; unconstitutional; continue,allowable; request; hereof; force; invalid; unconstitutional; sections; continue; gravel; affected,5.199999999999999,2025,1.04166666666666,0.0,1.04166666666666,1.04166666666666
semantic,89,Effectivity and publication clauses,procedural,draft_not_expert_validated,rank_weighted_keyword_rule,approval; effectmty; effect; immediately,provisions; approval; effectmty; ord; effect; shalltake; effectmw; immediately; ordinance; eeelgffi,5.171645021645022,2024,0.90604026845637,0.0,0.0,0.0
semantic,111,Effectivity and publication clauses,procedural,draft_not_expert_validated,rank_weighted_keyword_rule,approval; immediately; effect; effectmty,shalltake; approval; immediately; effect; effectmty; ordinance; effectmw; shall,5.156493506493506,2025,0.78125,0.0,0.78125,0.78125
semantic,139,"Unresolved keywords: organizations, industrialization, spur",unclear,draft_not_expert_validated,keyword_fallback,organizations; industrialization; spur,organizations; industrialization; spur; nongovernment; ventures; authorizes; wellbeing; engage; ceftain; pursuit,5.1,2023,0.84097859327217,0.0,0.0,0.0
semantic,100,Separability and validity clauses,procedural,draft_not_expert_validated,rank_weighted_keyword_rule,separabiliw; invalid; unconstitutional; continue; hereof; force,separabiliw; clause; reason; invalid; unconstitutional; continue; sections; hereof; force; provision,5.0812030075187975,2020,0.5151515151515099,0.0,0.0,0.0
semantic,40,Ordinance titles and amendment wording,procedural,draft_not_expert_validated,rank_weighted_keyword_rule,title; known; ordinance,title; short; known; ordinance; instituting; davao; shall; institutionalizing; declaring; ciw,4.9574593797342486,2021,0.59005189237121,0.0,0.48007246376810997,0.48007246376810997
semantic,120,"Unresolved keywords: tower, telecom, geostrukt",unclear,draft_not_expert_validated,keyword_fallback,tower; telecom; geostrukt,tower; telecom; geostrukt; efb; globe; request; high; allowable; construction; additional,4.95,2020,2.87878787878787,0.0,0.0,0.0
semantic,133,"Unresolved keywords: turn, st, left",unclear,draft_not_expert_validated,keyword_fallback,turn; st; left,turn; st; left; ave; pelayo; recto; closure; cm; pedro; right,4.883333333333333,2025,3.125,0.0,3.125,3.125
semantic,119,"Unresolved keywords: allowable, quarry, request",unclear,draft_not_expert_validated,keyword_fallback,allowable; quarry; request,allowable; quarry; request; gravel; sand; additional; lampianao; operation; usethe; reouest,4.633333333333333,2018,1.20481927710843,0.0,0.0,0.0
semantic,107,Effectivity and publication clauses,procedural,draft_not_expert_validated,rank_weighted_keyword_rule,approval; immediately; effect,approval; immediately; ord; effect; provisions; shalltake; ordinance; eeeeimi; eeebgfsief; eeeeeeieii,4.595238095238095,2024,0.97714924896132,0.0,0.0,0.0
semantic,113,"Unresolved keywords: declaration, poucy, policy",unclear,draft_not_expert_validated,keyword_fallback,declaration; poucy; policy,declaration; poucy; policy; section; deciaration; declaratioil,4.569047619047619,2021,1.21602288984263,0.0,0.0,0.0
semantic,60,"Unresolved keywords: contest, violation, citation",unclear,draft_not_expert_validated,keyword_fallback,contest; violation; citation,contest; violation; citation; fine; pay; cited; violator; ticket; voluntarily; treasurers,4.4880617920091606,2020,1.2167125803489398,0.0,0.20833333333332998,0.20833333333332998
semantic,114,"Unresolved keywords: units, discharge, functions",unclear,draft_not_expert_validated,keyword_fallback,units; discharge; functions,units; discharge; functions; national; coordinate; implementation; planning; pafticipation; offices; agencies,4.4563492063492065,2021,0.7796852646638,0.0,0.0,0.0
semantic,137,Mayoral signing and legislative authority,governance,draft_not_expert_validated,rank_weighted_keyword_rule,granted; legislative,students; granted; gian; home; moa; legislative; internship; renewal; bachelor; aged,4.133333333333333,2019,0.76441102756892,0.0,0.0,0.0
semantic,144,"Unresolved keywords: bspt, construction, telecom",unclear,draft_not_expert_validated,keyword_fallback,bspt; construction; telecom,bspt; construction; telecom; globe; request; tower; cell; high; allowable; situated,4.116666666666667,2020,2.49494949494949,0.0,0.0,0.0
semantic,143,"Unresolved keywords: slum, sir, involving",unclear,draft_not_expert_validated,keyword_fallback,slum; sir; involving,slum; sir; involving; improvement; resettlement; favor; sale; lots; awardee; awardees,4.019047619047619,2023,0.84971603320227,0.0,0.0,0.0
semantic,117,"Unresolved keywords: exemptions, incentives, deem",unclear,draft_not_expert_validated,keyword_fallback,exemptions; incentives; deem,exemptions; incentives; deem; reliefs; grant; terms; conditions; units; necessary; tax,4.018347338935574,2023,0.95238095238095,0.0,0.0,0.0
semantic,126,Mayoral signing and legislative authority,governance,draft_not_expert_validated,rank_weighted_keyword_rule,granted; legislative; authority,quarantine; inn; designating; granted; patients; legislative; authority; memorandum; enter; entered,3.95,2021,1.00858369098712,0.0,0.0,0.0
semantic,62,"Unresolved keywords: policy, rights, recognizes",unclear,draft_not_expert_validated,keyword_fallback,policy; rights; recognizes,policy; rights; recognizes; protect; health; promote; youth; state; moral; affordable,3.9329789008700287,2021,0.43389056574727997,0.0,0.27173913043478,0.27173913043478
semantic,136,Agreements and mayoral authorization,governance,draft_not_expert_validated,rank_weighted_keyword_rule,memorandum; authorizing; agreement,philippines; museum; sister; prefecture; japan; memorandum; kitakyushu; fukuoka; authorizing; agreement,3.85,2017,0.6781045751633901,0.0,0.0,0.0
semantic,141,Effectivity and publication clauses,procedural,draft_not_expert_validated,rank_weighted_keyword_rule,effectmty; approval; effect; publication,effectmty; approval; effect; effectmw; ordinance; shall; publication,3.8428571428571425,2023,0.5122324159021401,0.0,0.0,0.0
semantic,112,"Unresolved keywords: adhere, policy, humanitarian",unclear,draft_not_expert_validated,keyword_fallback,adhere; policy; humanitarian,adhere; policy; humanitarian; judiciously; adopt; declares; principles; poucy; measures; utilize,3.8238095238095235,2024,0.5864493448386,0.0,0.0,0.0
semantic,142,"Unresolved keywords: exemption, period, december",unclear,draft_not_expert_validated,keyword_fallback,exemption; period; december,exemption; period; december; november; idle; suspension; eebi; pebi; valid; pe,3.8,2019,0.43859649122807,0.42145593869731,0.0,-0.42145593869731
semantic,150,Effectivity and publication clauses,procedural,draft_not_expert_validated,rank_weighted_keyword_rule,immediately; approval; effect,immediately; approval; effect; eeeeigw; eeeelgfndfry; eeeeqiivity; eeeeicm; eeeeictivity; eeeeqeiiif; eeeeimty,3.7333333333333334,2022,0.37634408602150005,0.0,0.0,0.0
semantic,149,Effectivity and publication clauses,procedural,draft_not_expert_validated,rank_weighted_keyword_rule,immediately; approval; effect,immediately; approval; effect; ordinance; shall,3.716666666666667,2022,0.42413381123057997,0.0,0.0,0.0
semantic,147,Effectivity and publication clauses,procedural,draft_not_expert_validated,rank_weighted_keyword_rule,approval; effect; immediately,eeeegffi; approval; effect; immediately; immediatety; eeeegfiw; eeeegfiuef; eeeegfifm; eeeegfndry; eeeegfiyie,3.7095238095238097,2022,0.5973715651135,0.14367816091954,0.0,-0.14367816091954
semantic,153,Effectivity and publication clauses,procedural,draft_not_expert_validated,rank_weighted_keyword_rule,immediately; effectmty; approval; effect,immediately; effectmty; approval; effiect; effectmtv; effect; effecttviw; enactrnent; eefectmty; effecttvtty,3.683333333333333,2018,0.41499330655956995,0.28735632183908,0.0,-0.28735632183908
semantic,148,Effectivity and publication clauses,procedural,draft_not_expert_validated,rank_weighted_keyword_rule,immediately; approval; effect,immediately; approval; effect; eeeeqffi; ordinance; immediatety; shall; provisions,3.6595238095238094,2022,0.42413381123057997,0.0,0.0,0.0
semantic,129,Voting and enactment records,procedural,draft_not_expert_validated,rank_weighted_keyword_rule,quorum; unanimous; eilacted; vote; members; sanggunian,quorum; unanimous; eilacted; vote; members; sanggunian; immediately; approval; ord; effect,3.6119047619047615,2024,0.7166826462128401,0.0,0.0,0.0
semantic,123,Disaster relief and calamity funding,policy,draft_not_expert_validated,rank_weighted_keyword_rule,calamity; fund,calamity; portion; allocation; areas; fund; percent; states; xxx; concerned; lgus,3.5095238095238095,2019,0.79305406373075,0.09578544061302,0.0,-0.09578544061302
semantic,131,Disaster relief and calamity funding,policy,draft_not_expert_validated,rank_weighted_keyword_rule,disaster; fund,reduction; risk; disaster; fund; standby; normalized; quickly; ldrrmo; ldrrmf; epidemics,3.4690476190476187,2024,1.1641099392777199,0.0,0.0,0.0
semantic,125,Mayoral signing and legislative authority,governance,draft_not_expert_validated,rank_weighted_keyword_rule,granted; legislative; authority,donation; deed; granted; legislative; relative; authority; executed; favor; dod; units,3.454761904761905,2022,0.58627752176139,0.0,0.0,0.0
semantic,101,"Unresolved keywords: library, cultural, arts",unclear,draft_not_expert_validated,keyword_fallback,library; cultural; arts,library; cultural; arts; culture; water; sustainable; act; national; heritage; disabled,3.3611248228895287,2021,0.60449522706528,0.0,0.20833333333332998,0.20833333333332998
semantic,151,Effectivity and publication clauses,procedural,draft_not_expert_validated,rank_weighted_keyword_rule,immediately; approval; effect,fffectmty; fffectfvity; immediately; approval; fffectmw; effect; immedlately; ordinance; eftct; thls,3.3333333333333335,2023,0.6192660550458701,0.11494252873562999,0.52083333333333,0.4058908045977
semantic,152,Separability and validity clauses,procedural,draft_not_expert_validated,rank_weighted_keyword_rule,unconstitutional; invalid; continue; hereof; force,unconstitutional; reason; invalid; continue; hereof; force; affected; sections; provision; declaration,3.25,2017,0.26143790849673,0.11494252873562999,0.0,-0.11494252873562999
semantic,158,"Unresolved keywords: utilize, response, reduction",unclear,draft_not_expert_validated,keyword_fallback,utilize; response; reduction,utilize; response; reduction; risk; humanitarian; adhere; judiciously; assistance; percent; policy,3.25,2024,0.8277404921700199,0.0,0.0,0.0
semantic,130,Separability and validity clauses,procedural,draft_not_expert_validated,rank_weighted_keyword_rule,unconstitutional; invalid; continue; force; hereof,unconstitutional; reason; invalid; continue; force; sections; hereof; provision; affected; declaration,3.228968253968254,2023,0.35168195718654,0.0,0.0,0.0
semantic,145,"Unresolved keywords: calamity, lgus, poftion",unclear,draft_not_expert_validated,keyword_fallback,calamity; lgus; poftion,calamity; lgus; poftion; state; regulations; used; rules; sanggunian; areas; concerned,3.2222222222222223,2022,1.08323377140581,0.0,0.0,0.0
semantic,135,"Unresolved keywords: vi, policy, provides",unclear,draft_not_expert_validated,keyword_fallback,vi; policy; provides,vi; policy; provides; code; declaration; states; deciaratioil; section; local; ra,3.1607142857142856,2020,0.43001443001442996,0.0,0.0,0.0
semantic,109,"Unresolved keywords: transmittal, transmit, review",unclear,draft_not_expert_validated,keyword_fallback,transmittal; transmit; review,transmittal; transmit; review; directed; panlungsod; sangguniang; secretary; copy; years; approval,3.14422268907563,2023,0.6312800349497499,0.0,0.44642857142857,0.44642857142857
semantic,157,Separability and validity clauses,procedural,draft_not_expert_validated,rank_weighted_keyword_rule,unconstitutional; invalid; continue; force; hereof,unconstitutional; reason; invalid; continue; force; sections; hereof; affected; provision; declaration,3.05,2024,0.43624161073824996,0.0,0.0,0.0
semantic,116,"Unresolved keywords: inconsistent, repealed, accordingly",unclear,draft_not_expert_validated,keyword_fallback,inconsistent; repealed; accordingly,inconsistent; repealed; accordingly; modified; repealing; issuances; orders; ordinances; decrees; rules,2.7576950826950823,2021,0.36032458242758003,0.0,0.0,0.0
semantic,134,"Unresolved keywords: million, interfund, thousand",unclear,draft_not_expert_validated,keyword_fallback,million; interfund; thousand,million; interfund; thousand; dcdrrmfip; pesos; investment; total; fund; adopting; calendar,2.7547619047619047,2022,0.21391591284064,0.1867816091954,0.0,-0.1867816091954
semantic,99,"Unresolved keywords: agriculture, narrative, staff",unclear,draft_not_expert_validated,keyword_fallback,agriculture; narrative; staff,agriculture; narrative; staff; moral; agriculturists; desires; office; modules; appointed; organic,2.7396605845135253,2020,0.35035671399307,0.0,0.0,0.0
semantic,140,"Unresolved keywords: policy, humanitarian, adhere",unclear,draft_not_expert_validated,keyword_fallback,policy; humanitarian; adhere,policy; humanitarian; adhere; judiciously; declares; principles; adopt; utilize; standards; measures,2.623809523809524,2024,0.57845957174816,0.0,0.52083333333333,0.52083333333333
semantic,156,Mayoral contracting powers,governance,draft_not_expert_validated,rank_weighted_keyword_rule,chief; executive,compensation; economical; inhabitants; governance; efficient; duties; chief; effective; purpose; executive,2.489285714285714,2021,0.39086450030656006,0.0,0.0,0.0
semantic,105,"Unresolved keywords: funds, appropriation, budget",unclear,draft_not_expert_validated,keyword_fallback,funds; appropriation; budget,funds; appropriation; budget; funding; implementation; annual; sourced; necessary; included; allocate,2.313492044828118,2020,0.39348025711662,0.0,0.0,0.0
semantic,138,"Unresolved keywords: coverage, apply, cover",unclear,draft_not_expert_validated,keyword_fallback,coverage; apply; cover,coverage; apply; cover; scope; pricing; avenue; jurisdiction; scheme; embace; resettlement,2.041219891219891,2021,0.22976546581696,0.0,0.0,0.0
semantic,132,"Unresolved keywords: contacts, confirmed, positive",unclear,draft_not_expert_validated,keyword_fallback,contacts; confirmed; positive,contacts; confirmed; positive; mandatory; close; disease; quarantine; undergo; asymptomatic; test,1.687956487956488,2021,0.48904362209083,0.0,0.0,0.0
semantic,127,"Unresolved keywords: implementing, regulations, irr",unclear,draft_not_expert_validated,keyword_fallback,implementing; regulations; irr,implementing; regulations; irr; rules; effectivity; formulate; executivelegislative; absence; promulgate; technical,1.3217439378626197,2025,0.48007246376810997,0.0,0.48007246376810997,0.48007246376810997
semantic,95,"Unresolved keywords: pole, cables, wires",unclear,draft_not_expert_validated,keyword_fallback,pole; cables; wires,pole; cables; wires; poles; utility; lines; telco; cable; companies; attachments,1.2076923076923076,2023,0.33639143730886,0.0,0.0,0.0
semantic,146,"Unresolved keywords: role, contextualization, sensitivity",unclear,draft_not_expert_validated,keyword_fallback,role; contextualization; sensitivity,role; contextualization; sensitivity; ncip; implemented; addressing; programs; ethnic; society; emblem,1.0233944486885662,2020,0.11570247933884001,0.0,0.0,0.0
