ordinance_id,ordinance_number,source_file,source_copies,year,year_source,explicit_enacted_year,date_disagreement_flag,manual_evidence,status,reason,units,preamble_chars_omitted,signature_chars_omitted,boilerplate_units_omitted,repeated_heading_numbers
292-23@003c4c615342,292-23,2023/Ordinance No. 0292-23 MOA KALMAWASA Inc. (2).txt,1,2023,user_verified_folder,,False,[],included,,3,2067,463,0,False
391-18@007a67605413,391-18,2018/Ordinance No. 0391-18.txt,1,2018,user_verified_folder,,False,[],included,,1,4817,0,0,False
754-25@0087b49c5a41,754-25,2025/Ordinance No. 0754-25.txt,1,2025,user_verified_folder,,False,[],included,,4,8356,5072,0,False
68-22@00b03c58d5cc,68-22,2022/Ordinance No. 068-22.txt,1,2022,user_verified_folder,2022.0,False,[],included,,6,1844,910,0,False
657-21@00b7d145275d,657-21,2021/Ordinance No. 0657-21.txt,1,2021,user_verified_folder,2021.0,False,[],included,,6,1665,826,0,False
494-18@010259afd3af,494-18,2018/Ordinance No. 0494-18.txt,1,2018,user_verified_folder,,False,[],included,,1,7702,0,0,False
357-23@012391e2a7e3,357-23,2023/Ordinance No. 0357-23 (2).txt,1,2023,user_verified_folder,2023.0,False,[],included,,5,1482,663,0,False
721-24@01a442647a08,721-24,2024/Ordinance No. 0721-24 (1).txt,1,2024,user_verified_folder,,False,[],included,,1,1556,634,1,False
772-25@01c4853273c2,772-25,2025/Ordinance No. 0772-25.txt,1,2025,user_verified_folder,,False,[],included,,4,12329,756,1,False
274-17@01c74d65d754,274-17,2017/Ordinance No. 0274-17.txt,1,2017,user_verified_folder,,False,[],included,,1,4322,407,0,False
573-24@01d53f4de31b,573-24,2024/Ordinance No. 0573-24 MOA SPMC-DEM (1).txt,1,2024,user_verified_folder,2024.0,False,[],included,,5,1776,876,1,False
663-18@01dc93e4a34d,663-18,2018/Ordinance No. 0663-18.txt,1,2018,user_verified_folder,2018.0,False,[],included,,4,4676,422,1,False
680-21@02013c2e81e0,680-21,2021/Ordinance No. 000680-21.txt,1,2021,user_verified_folder,2021.0,False,[],included,,19,1374,524,0,False
684-21@02080b89c65d,684-21,2021/Ordinance No. 000684-21.txt,1,2021,user_verified_folder,,False,[],included,,5,1759,12033,1,False
552-18@0218e430465f,552-18,2018/Ordinance No. 0552-18.txt,1,2018,user_verified_folder,,False,[],included,,1,0,0,0,False
239-23@025d2574f916,239-23,2023/Ordinance No. 0239-23 Amendment Rewards System for Athletes (2).txt,1,2023,user_verified_folder,2023.0,False,[],included,,1,1641,763,0,True
267-23@025ede8af5d7,267-23,2023/Ordinance No. 0267-23 (2).txt,1,2023,user_verified_folder,2023.0,False,[],included,,3,1967,778,0,False
587-24@02686f8f96f1,587-24,2024/Ordinance No. 0587-24 (1).txt,1,2024,user_verified_folder,2024.0,False,[],included,,5,1725,907,0,False
697-19@02b5f2d4b964,697-19,2019/Ordinance No. 0697-19 (1).txt,1,2019,user_verified_folder,,False,[],included,,1,5261,388,0,True
706-19@03079c3d236e,706-19,2019/Ordinance No. 0706-19 (1).txt,1,2019,user_verified_folder,,False,[],included,,4,4077,362,0,False
247-17@030809544900,247-17,2017/Ordinance No. 0247-17.txt,1,2017,user_verified_folder,,False,[],included,,1,6777,8728,0,False
489-18@0320871e5e29,489-18,2018/Ordinance No. 0489-18.txt,1,2018,user_verified_folder,,False,[],included,,1,0,0,0,False
443-24@0321108d7a79,443-24,"2024/Ordinance No. 0443-24 -MOU, Kabang Kalikasan ng Pilipinas Foundation (1).txt",1,2024,user_verified_folder,,False,[],included,,5,1601,620,0,False
758-25@032338c75482,758-25,2025/Ordinance No. 0758-25.txt,1,2025,user_verified_folder,,False,[],included,,5,6364,495,0,False
279-17@03278d1d8049,279-17,2017/Ordinance No. 0279-17.txt,1,2017,user_verified_folder,,False,[],included,,5,6139,6461,2,False
266-23@0328f51c3e67,266-23,2023/Ordinance No. 0266-23 (2).txt,1,2023,user_verified_folder,2023.0,False,[],included,,4,1662,888,0,False
82-16@033fad350d8f,82-16,2016/Ordinance No. 082-16.txt,1,2016,user_verified_folder,,False,[],included,,1,2475,15914,0,False
186-20@03571bd6508b,186-20,2020/Ordinance No. 0186-20.txt,1,2020,user_verified_folder,,False,[],included,,5,5697,385,0,False
43-16@037be5f97e84,43-16,2016/Ordinance No. 043-16.txt,1,2016,user_verified_folder,,False,[],included,,1,12289,6167,0,False
221-20@038aa80b7ae1,221-20,2020/Ordinance No. 0221-20.txt,1,2020,user_verified_folder,,False,[],included,,6,7206,45779,1,False
49-22@039bf60e027c,49-22,2022/Ordinance No. 049-22.txt,1,2022,user_verified_folder,2022.0,False,[],included,,4,1671,920,0,False
6-16@039f81124360,6-16,2016/Ordinance No. 006-16.txt,1,2016,user_verified_folder,,False,[],included,,3,7132,250,1,False
649-18@03aca72b0b7b,649-18,2018/Ordinance No. 0649-18.txt,1,2018,user_verified_folder,2018.0,False,[],included,,4,4103,457,1,False
218-20@03afffd4eed7,218-20,2020/Ordinance No. 0218-20.txt,1,2020,user_verified_folder,2020.0,False,[],included,,9,3340,331,1,False
644-21@03e99ec41b0e,644-21,2021/Ordinance No. 0644-21.txt,1,2021,user_verified_folder,,False,[],included,,7,2091,1318,0,False
828-25@0413ab75bf6d,828-25,2025/Ordinance No. 0828-25.txt,1,2025,user_verified_folder,,False,[],included,,1,0,391,0,False
306-20@042db476d4cd,306-20,2020/Ordinance No. 0306-20.txt,1,2020,user_verified_folder,,False,[],included,,6,8935,5995,1,False
855-22@043098ed6751,855-22,2022/Ordinance No. 000855-22.txt,2,2022,user_verified_folder,2022.0,False,[],included,,1,1280,583,0,True
121-19@044ca03fe2ca,121-19,2020/Ordinance No. 0121-19 (1).txt,2,2020,human_year_override,,False,"[{""year"": 2020, ""file"": ""manual_year_overrides_2019.csv"", ""reviewer"": ""Lamsin"", ""evidence"": ""header states it was released on 2020""}, {""year"": 2020, ""file"": ""manual_year_overrides_2019.csv"", ""reviewer"": ""Lamsin"", ""evidence"": ""header states it was released on 2020""}]",included,,8,4229,363,0,False
52-16@0469a88c6c35,52-16,2016/Ordinance No. 052-16.txt,1,2016,user_verified_folder,,False,[],included,,3,1641,48695,2,False
767-19@047f21bc380f,767-19,2019/Ordinance No. 0767-19 (1).txt,1,2019,user_verified_folder,,False,[],included,,7,9452,349,0,False
89-19@04a05bc8df68,89-19,2019/Ordinance No. 089-19 (1).txt,1,2019,user_verified_folder,,False,[],included,,3,5965,397,1,False
113-19@04dace3eab3e,113-19,2019/Ordinance No. 0113-19 (1).txt,1,2019,user_verified_folder,2019.0,False,[],included,,4,5721,431,0,False
169-17@04ee798268a0,169-17,2017/Ordinance No. 0169-17.txt,1,2017,user_verified_folder,,False,[],included,,1,104138,390,0,False
594-24@04f2f22da79f,594-24,"2024/Ordinance No. 0594-24 QRF Cainta, Rizal (1).txt",1,2024,user_verified_folder,2024.0,False,[],included,,7,1668,841,0,False
254-20@0514cb9f7c5e,254-20,2020/Ordinance No. 0254-20.txt,1,2020,user_verified_folder,,False,[],included,,4,6816,15457,1,False
612-18@052dc9a2e37f,612-18,2018/Ordinance No. 0612-18.txt,1,2018,user_verified_folder,2018.0,False,[],included,,9,27559,44480,0,False
89-22@05452ddadfa8,89-22,2022/Ordinance No. 089-22.txt,1,2022,user_verified_folder,,False,[],included,,6,1626,737,0,False
407-18@054c85a6525a,407-18,2018/Ordinance No. 0407-18.txt,1,2018,user_verified_folder,2018.0,False,[],included,,4,4462,452,0,False
988-22@056cbc9a1538,988-22,2022/Ordinance No. 000988-22.txt,2,2022,user_verified_folder,2022.0,False,[],included,,13,1484,709,1,False
678-24@057653cfe8a2,678-24,"2024/Ordinance No. 0678-24 QRF Tagkawayan, Quezon (1).txt",1,2024,user_verified_folder,,False,[],included,,5,1894,916,0,False
1-16@0584a501c7f4,1-16,2016/Ordinance No. 001-16.txt,1,2016,user_verified_folder,2016.0,False,[],included,,3,4506,373,0,False
590-24@058524bf4c47,590-24,"2024/Ordinance No. 0590-24 QRF Baco, Oriental Mindoro (1).txt",1,2024,user_verified_folder,2024.0,False,[],included,,6,1685,838,0,False
95-22@05aae7fd366d,95-22,2022/Ordinance No. 095-22.txt,1,2022,user_verified_folder,2022.0,False,[],included,,5,1770,707,1,False
203-17@05dd3606a9d9,203-17,2017/Ordinance No. 0203-17.txt,1,2017,user_verified_folder,,False,[],included,,1,4047,121,0,False
152-17@05e37a38d4d2,152-17,2017/Ordinance No. 0152-17.txt,1,2017,user_verified_folder,,False,[],included,,1,6637,134,0,False
819-21@062502abe2af,819-21,2021/Ordinance No. 000819-21.txt,1,2021,user_verified_folder,2021.0,False,[],included,,6,1536,734,1,False
854-22@069d0e41e183,854-22,2022/Ordinance No. 0854-22.txt,1,2022,user_verified_folder,2022.0,False,[],included,,25,1276,613,1,False
514-21@06ec57751485,514-21,2021/Ordinance No. 0514-21.txt,1,2021,user_verified_folder,2021.0,False,[],included,,1,7473,722,0,True
296-23@06f4867b2b10,296-23,2023/Ordinance No. 0296-23 (2).txt,1,2023,user_verified_folder,2023.0,False,[],included,,5,1595,660,0,False
227-23@07007ecf7803,227-23,2023/Ordinance No. 0227-23 (2).txt,1,2023,user_verified_folder,2023.0,False,[],included,,2,1682,923,1,False
445-24@072e077082e7,445-24,2024/Ordinance No. 0445-24 -Charter of the City College of Davao (1).txt,1,2024,user_verified_folder,,False,[],included,,1,1408,505,0,True
424-24@074f0a7d8398,424-24,2024/Ordinance No. 0424-24 -CEE Annual Budget (1).txt,1,2024,user_verified_folder,,False,[],included,,4,1932,1011,0,False
526-24@0798b4d03a2e,526-24,2024/Ordinance No. 0526-24 Deed od Donation Norma P. Exclamador (1).txt,1,2024,user_verified_folder,2024.0,False,[],included,,6,1500,719,0,False
683-24@07c003c850ee,683-24,"2024/Ordinance No. 0683-24 QRF Calamba, Laguna (1).txt",2,2024,user_verified_folder,2024.0,False,[],included,,7,1874,902,0,False
470-21@07c68381663b,470-21,2021/Ordinance No. 0470-21.txt,1,2021,user_verified_folder,2021.0,False,[],included,,1,1466,758,0,True
565-18@07e332b731d2,565-18,2018/Ordinance No. 0565-18.txt,1,2018,user_verified_folder,2018.0,False,[],included,,4,4360,394,1,False
143-23@07f91dce3234,143-23,2023/Ordinance No. 0143-23 -QRF Gingoog (2).txt,1,2023,user_verified_folder,2023.0,False,[],included,,5,1629,910,0,False
58-19@0815f4cab8b8,58-19,2019/Ordinance No. 058-19 (1).txt,1,2019,user_verified_folder,2019.0,False,[],included,,3,8106,4855,1,False
687-19@081685c1fced,687-19,2019/Ordinance No. 0687-19 (1).txt,1,2019,user_verified_folder,,False,[],included,,5,5892,449,0,False
871-22@084dbb1532f7,871-22,2022/Ordinance No. 000871-22.txt,1,2022,user_verified_folder,2022.0,False,[],included,,1,1566,854,0,True
351-17@085ac66175fc,351-17,2017/Ordinance No. 0351-17.txt,1,2017,user_verified_folder,2017.0,False,[],included,,6,12979,401,0,False
651-24@08671ad7e1a2,651-24,2024/Ordinance No. 0651-24 (1).txt,1,2024,user_verified_folder,2024.0,False,[],included,,1,1653,772,0,False
367-23@0873fbf78433,367-23,2023/Ordinance No. 0367-23 MOA Philippine Eagle Conservation  (2).txt,1,2023,user_verified_folder,,False,[],included,,1,2646,755,0,False
777-19@089faac990ae,777-19,2019/Ordinance No. 0777-19 (1).txt,1,2019,user_verified_folder,,False,[],included,,5,6948,9972,0,False
931-22@08b87257f7e7,931-22,2022/Ordinance No. 000931-22.txt,2,2022,user_verified_folder,2022.0,False,[],included,,5,1557,719,0,False
171-23@08db4bc4970a,171-23,2023/Ordinance No. 0171-23 (2).txt,1,2023,user_verified_folder,2023.0,False,[],included,,5,1513,678,0,False
235-23@0906c1fa4cf4,235-23,2023/Ordinance No. 0235-23 (2).txt,1,2023,user_verified_folder,2023.0,False,[],included,,2,2792,850,1,False
564-18@092ea30f2bad,564-18,2018/Ordinance No. 0564-18.txt,1,2018,user_verified_folder,,False,[],included,,5,5710,399,0,False
273-17@0945f5c917ed,273-17,2017/Ordinance No. 0273-17.txt,1,2017,user_verified_folder,,False,[],included,,1,10166,42,0,False
353-23@0988611a6f46,353-23,2023/Ordinance No. 0353-23 (2).txt,1,2023,user_verified_folder,,False,[],included,,6,1446,507,0,False
ordinance no. 0657-24001 (1)@09ac72e57745,ordinance no. 0657-24001 (1),2024/Ordinance No. 0657-24001 (1).txt,1,2024,user_verified_folder,,False,[],included,,4,1655,12068,1,False
376-17@09ace0523cc0,376-17,2018/Ordinance No. 0376-17.txt,2,2018,human_year_override,,False,"[{""year"": 2018, ""file"": ""manual_year_overrides_2017.csv"", ""reviewer"": ""Lamsin"", ""evidence"": ""header states that it is released on 2018""}, {""year"": 2018, ""file"": ""manual_year_overrides_2017.csv"", ""reviewer"": ""Lamsin"", ""evidence"": ""header states that it is released on 2018""}]",included,,1,0,172,0,False
206-20@0a37631e82a7,206-20,2020/Ordinance No. 0206-20.txt,1,2020,user_verified_folder,2020.0,False,[],included,,7,5552,379,2,False
650-21@0a4692f00fb8,650-21,2021/Ordinance No. 0650-21.txt,1,2021,user_verified_folder,2021.0,False,[],included,,5,1575,748,1,False
930-22@0a8609db3e84,930-22,2022/Ordinance No. 000930-22.txt,2,2022,user_verified_folder,2022.0,False,[],included,,4,1671,842,0,False
735-19@0a9136a69fd6,735-19,2019/Ordinance No. 0735-19 (1).txt,1,2019,user_verified_folder,,False,[],included,,5,8996,17377,1,False
876-22@0a9c345a6116,876-22,2022/Ordinance No. 000876-22.txt,2,2022,user_verified_folder,2022.0,False,[],included,,6,1559,750,0,False
586-24@0aa5bba706ca,586-24,2024/Ordinance No. 0586-24 (1).txt,1,2024,user_verified_folder,,False,[],included,,1,1384,561,1,False
410-24@0aa9121ff881,410-24,"2024/Ordinance No. 0410-24 -QRF, Davao del Norte (1).txt",1,2024,user_verified_folder,2024.0,False,[],included,,7,1657,915,0,False
674-18@0ab4a2ff6e05,674-18,2018/Ordinance No. 0674-18.txt,1,2018,user_verified_folder,2018.0,False,[],included,,1,0,352,0,False
602-18@0abb9ea390ac,602-18,2018/Ordinance No. 0602-18.txt,1,2018,user_verified_folder,2018.0,False,[],included,,1,4324,447,0,True
188-17@0adb8b918330,188-17,2017/Ordinance No. 0188-17.txt,1,2017,user_verified_folder,,False,[],included,,1,0,0,0,False
562-24@0af9dfec479a,562-24,2024/Ordinance No. 0562-24 DOD 8990 Housing Deca Tigatto (1).txt,1,2024,user_verified_folder,,False,[],included,,1,1596,8276,0,True
513-24@0b245965f983,513-24,2024/Ordinance No. 0513-24 Addendum DOAS M. Bangcal (1).txt,1,2024,user_verified_folder,2024.0,False,[],included,,5,1686,786,1,False
159-19@0b4d7c27c741,159-19,2019/Ordinance No. 0159-19 (1).txt,1,2019,user_verified_folder,,False,[],included,,1,10088,6989,0,False
6-22@0b5eb8f3ba2f,6-22,2022/Ordinance No. 006-22.txt,1,2022,user_verified_folder,2022.0,False,[],included,,5,1539,636,0,False
28-22@0b6d6f4decc0,28-22,2022/Ordinance No. 028-22.txt,1,2022,user_verified_folder,2022.0,False,[],included,,6,1668,937,0,False
312-17@0b7737d89123,312-17,2017/Ordinance No. 0312-17.txt,1,2017,user_verified_folder,,False,[],included,,1,0,11017,0,False
498-24@0b7cc552b275,498-24,2024/Ordinance No. 0498-24 (1).txt,1,2024,user_verified_folder,2024.0,False,[],included,,4,1655,750,0,False
939-22@0bb34f1e626f,939-22,2022/Ordinance No. 0939-22.txt,1,2022,user_verified_folder,,False,[],included,,3,1611,665,0,False
299-17@0bfc3e8686ee,299-17,2017/Ordinance No. 0299-17.txt,1,2017,user_verified_folder,,False,[],included,,3,6350,7147,1,False
409-18@0c03bd1ab9a1,409-18,2018/Ordinance No. 0409-18.txt,1,2018,user_verified_folder,,False,[],included,,1,4422,249,0,False
162-19@0c2cf4cba960,162-19,2019/Ordinance No. 0162-19 (1).txt,1,2019,user_verified_folder,,False,[],included,,1,4890,369,0,True
152-23@0c374c81f475,152-23,2023/Ordinance No. 0152-23 -QRF Gandara (2).txt,1,2023,user_verified_folder,2023.0,False,[],included,,5,2150,876,0,False
814-21@0c3badeb0398,814-21,2021/Ordinance No. 000814-21.txt,1,2021,user_verified_folder,,False,[],included,,1,1431,704,0,True
444-18@0c93aeb44aba,444-18,2018/Ordinance No. 0444-18.txt,1,2018,user_verified_folder,,False,[],included,,1,3987,178,0,False
858-22@0ca4e0e0efec,858-22,2022/Ordinance No. 0858-22.txt,1,2022,user_verified_folder,2022.0,False,[],included,,3,1594,749,0,False
696-24@0ca9983d03a5,696-24,2024/Ordinance No. 0696-24 QRF Province of Quezon (1).txt,1,2024,user_verified_folder,2024.0,False,[],included,,7,1924,920,0,False
506-21@0cbd5e278371,506-21,2021/Ordinance No. 0506-21.txt,1,2021,user_verified_folder,,False,[],included,,4,1568,9162,0,False
872-22@0cd30365a469,872-22,2022/Ordinance No. 0872-22.txt,1,2022,user_verified_folder,,False,[],included,,1,1422,7797,0,True
518-16@0cd4a659c824,518-16,2016/Ordinance No. 0518-16.txt,1,2016,user_verified_folder,,False,[],included,,1,6108,0,0,False
180-17@0cf4c39f9713,180-17,2017/Ordinance No. 0180-17.txt,1,2017,user_verified_folder,,False,[],included,,1,0,0,0,False
635-18@0d0f71a38f8f,635-18,2018/Ordinance No. 0635-18.txt,1,2018,user_verified_folder,2018.0,False,[],included,,4,4015,388,1,False
141-23@0d2371502f5f,141-23,2023/Ordinance No. 000141-23 (2).txt,1,2023,user_verified_folder,2023.0,False,[],included,,6,1626,854,0,False
497-16@0d9b77db6348,497-16,2016/Ordinance No. 0497-16.txt,1,2016,user_verified_folder,,False,[],included,,1,0,5680,0,False
903-22@0db4e3be86f6,903-22,2022/Ordinance No. 000903-22.txt,2,2022,user_verified_folder,2022.0,False,[],included,,1,1329,621,0,True
705-21@0db7a7108007,705-21,2021/Ordinance No. 000705-21.txt,1,2021,user_verified_folder,,False,[],included,,5,1539,749,1,False
167-19@0dcb819f6dbb,167-19,2020/Ordinance No. 0167-19 (1).txt,2,2020,human_year_override,,False,"[{""year"": 2020, ""file"": ""manual_year_overrides_2019.csv"", ""reviewer"": ""Lamsin"", ""evidence"": ""header states it was released on 2020""}, {""year"": 2020, ""file"": ""manual_year_overrides_2019.csv"", ""reviewer"": ""Lamsin"", ""evidence"": ""header states it was released on 2020""}]",included,,7,7363,4974,1,False
216-20@0dfcfad1a937,216-20,2020/Ordinance No. 0216-20.txt,1,2020,user_verified_folder,2020.0,False,[],included,,8,4883,384,0,False
954-22@0e1c233a898f,954-22,2022/Ordinance No. 000954-22.txt,2,2022,user_verified_folder,,False,[],included,,12,1429,560,1,False
691-19@0e21d45fb846,691-19,2019/Ordinance No. 0691-19 (1).txt,1,2019,user_verified_folder,,False,[],included,,5,4617,393,0,False
85-22@0e392775e4b4,85-22,2022/Ordinance No. 085-22.txt,1,2022,user_verified_folder,2022.0,False,[],included,,4,2037,1116,0,False
77-19@0e3ae7fa1d4f,77-19,2019/Ordinance No. 077-19 (1).txt,1,2019,user_verified_folder,2019.0,False,[],included,,4,4757,343,1,False
388-18@0e4ad2c32ba1,388-18,2018/Ordinance No. 0388-18.txt,1,2018,user_verified_folder,,False,[],included,,5,7105,9943,2,False
23-16@0e58e53659fd,23-16,2016/Ordinance No. 023-16.txt,1,2016,user_verified_folder,,False,[],included,,1,0,0,0,False
1-22@0e7ae55222d1,1-22,2022/Ordinance No. 001-22.txt,1,2022,user_verified_folder,2022.0,False,[],included,,4,1564,693,0,False
594-18@0ece507a1e08,594-18,2018/Ordinance No. 0594-18.txt,1,2018,user_verified_folder,2018.0,False,[],included,,4,9637,4555,1,False
630-18@0f095323e902,630-18,2018/Ordinance No. 0630-18.txt,1,2018,user_verified_folder,2018.0,False,[],included,,4,4168,420,1,False
712-24@0f477caf7613,712-24,2024/Ordinance No. 0712-24 MOA DepEd Dcplinado Program (1).txt,1,2024,user_verified_folder,2024.0,False,[],included,,3,1533,667,0,False
497-21@0f6b71e8a747,497-21,2021/Ordinance No. 0497-21.txt,1,2021,user_verified_folder,,False,[],included,,5,10488,6841,0,False
740-21@0f941eb7967e,740-21,2021/Ordinance No. 000740-21.txt,1,2021,user_verified_folder,,False,[],included,,6,1620,745,1,False
329-17@0f9b05e801cc,329-17,2018/Ordinance No. 0329-17.txt,2,2018,human_year_override,,False,"[{""year"": 2018, ""file"": ""manual_year_overrides_2017.csv"", ""reviewer"": ""Lamsin"", ""evidence"": ""header states that it is released on 2018""}, {""year"": 2018, ""file"": ""manual_year_overrides_2017.csv"", ""reviewer"": ""Lamsin"", ""evidence"": ""header states that it is released on 2018""}]",included,,4,13621,3640,1,False
831-21@0fa01346ab26,831-21,2021/Ordinance No. 000831-21.txt,1,2021,user_verified_folder,,False,[],included,,1,1426,722,0,True
588-21@0fdf99ffb84a,588-21,2021/Ordinance No. 0588-21.txt,1,2021,user_verified_folder,,False,[],included,,3,1535,12581,1,False
640-18@0fdfdd1962b2,640-18,2018/Ordinance No. 0640-18.txt,1,2018,user_verified_folder,,False,[],included,,3,4016,350,1,False
710-19@0fe6c6982210,710-19,2019/Ordinance No. 0710-19 (1).txt,1,2019,user_verified_folder,,False,[],included,,3,8161,9336,0,False
153-17@0ff43913fc6c,153-17,2017/Ordinance No. 0153-17.txt,1,2017,user_verified_folder,,False,[],included,,1,4443,342,0,False
332-20@100e92d81d17,332-20,2020/Ordinance No. 0332-20.txt,1,2020,user_verified_folder,,False,[],included,,1,16472,9511,0,True
204-17@101455ff932e,204-17,2017/Ordinance No. 0204-17.txt,1,2017,user_verified_folder,,False,[],included,,1,0,8172,0,False
933-22@10266c8cdc8d,933-22,2022/Ordinance No. 000933-22.txt,2,2022,user_verified_folder,2022.0,False,[],included,,7,1643,833,0,False
642-18@10448a63959b,642-18,2019/Ordinance No. 0642-18.txt,2,2019,human_year_override,2018.0,True,"[{""year"": 2019, ""file"": ""manual_year_overrides_2018.csv"", ""reviewer"": ""Lamsin"", ""evidence"": ""Header states it was released on 2019""}, {""year"": 2019, ""file"": ""manual_year_overrides_2018.csv"", ""reviewer"": ""Lamsin"", ""evidence"": ""Header states it was released on 2019""}]",included,,5,4019,435,0,False
432-18@104ccc3fb44e,432-18,2018/Ordinance No. 0432-18.txt,1,2018,user_verified_folder,,False,[],included,,1,4089,444,0,True
157-17@1097fa482930,157-17,2017/Ordinance No. 0157-17.txt,1,2017,user_verified_folder,,False,[],included,,1,7490,15918,0,True
286-17@10b36cdf2b41,286-17,2017/Ordinance No. 0286-17.txt,1,2017,user_verified_folder,,False,[],included,,1,5149,21737,0,False
306-17@10b8435a844f,306-17,2017/Ordinance No. 0306-17.txt,1,2017,user_verified_folder,,False,[],included,,1,1629,122,0,False
790-19@10c09b8c0afe,790-19,2019/Ordinance No. 0790-19 (1).txt,1,2019,user_verified_folder,2019.0,False,[],included,,3,4746,410,2,False
79-22@10e748b024f8,79-22,2022/Ordinance No. 079-22.txt,1,2022,user_verified_folder,2022.0,False,[],included,,1,1732,894,0,True
340-20@10ee4f5983af,340-20,2020/Ordinance No. 0340-20.txt,1,2020,user_verified_folder,2020.0,False,[],included,,1,4079,647,0,True
479-18@10f4c8403444,479-18,2018/Ordinance No. 0479-18.txt,1,2018,user_verified_folder,,False,[],included,,1,3980,101,0,False
348-17@10fae7c8cd9a,348-17,2017/Ordinance No. 0348-17.txt,1,2017,user_verified_folder,2017.0,False,[],included,,3,4373,451,1,False
282-17@110b0d884a3a,282-17,2017/Ordinance No. 0282-17.txt,1,2017,user_verified_folder,,False,[],included,,1,0,0,0,False
472-18@110b4d1d8daa,472-18,2018/Ordinance No. 0472-18.txt,1,2018,user_verified_folder,,False,[],included,,1,4438,0,0,False
215-17@111b3d30dd52,215-17,2017/Ordinance No. 0215-17.txt,1,2017,user_verified_folder,,False,[],included,,1,0,120,0,False
11-22@111c3981299e,11-22,2022/Ordinance No. 000011-22.txt,1,2022,user_verified_folder,2022.0,False,[],included,,3,1581,600,0,False
56-16@11543a73d3ab,56-16,2016/Ordinance No. 056-16.txt,1,2016,user_verified_folder,,False,[],included,,4,1706,18784,0,False
412-24@1159854a0857,412-24,"2024/Ordinance No. 0412-24 -QRF, Kapalong (1).txt",1,2024,user_verified_folder,2024.0,False,[],included,,6,1624,821,0,False
165-23@117b745f6376,165-23,"2023/Ordinance No. 0165-23 -Letter of Agreement, PRRI (2).txt",1,2023,user_verified_folder,,False,[],included,,7,1530,606,0,False
207-23@1182b3f422e3,207-23,2023/Ordinance No. 0207-23 (2).txt,1,2023,user_verified_folder,2023.0,False,[],included,,4,2106,753,0,False
528-24@11849eda1031,528-24,2024/Ordinance No. 0528-24 (1).txt,1,2024,user_verified_folder,2024.0,False,[],included,,4,1463,672,1,False
183-23@11c051379301,183-23,2023/Ordinance No. 0183-23 (2).txt,1,2023,user_verified_folder,2023.0,False,[],included,,3,1674,757,0,False
622-24@11e00dae71b1,622-24,2024/Ordinance No. 0622-24 MOA DOST-RO XI DFT (1).txt,1,2024,user_verified_folder,2024.0,False,[],included,,5,1805,972,0,False
1-19@11e1eeb0c786,1-19,2019/Ordinance No. 001-19 (1).txt,1,2019,user_verified_folder,,False,[],included,,4,4918,366,0,False
51-22@11f7f6de5d6b,51-22,2022/Ordinance No. 051-22.txt,1,2022,user_verified_folder,2022.0,False,[],included,,4,1508,668,0,False
629-18@120a78089c5e,629-18,2018/Ordinance No. 0629-18.txt,1,2018,user_verified_folder,2018.0,False,[],included,,8,4079,405,0,False
350-23@126bd16be81b,350-23,"2023/Ordinance No. 0350-23 DOU, DepEd Brgy. Sirib (2).txt",1,2023,user_verified_folder,,False,[],included,,5,1765,747,1,False
776-19@12981e0dafac,776-19,2019/Ordinance No. 0776-19 (1).txt,1,2019,user_verified_folder,,False,[],included,,1,6064,12956,0,True
396-24@131632aff4a0,396-24,"2024/Ordinance No. 0396-24 -MOA, S. Andaya (1).txt",1,2024,user_verified_folder,2024.0,False,[],included,,4,1759,764,0,False
371-23@1340b04be5f6,371-23,2023/Ordinance No. 0371-23 (2).txt,1,2023,user_verified_folder,2023.0,False,[],included,,6,1498,717,0,False
784-25@135943bd664e,784-25,2025/Ordinance No. 0784-25.txt,1,2025,user_verified_folder,2025.0,False,[],included,,4,8294,800,0,False
110-22@13630ced27c7,110-22,2022/Ordinance No. 0110-22.txt,1,2022,user_verified_folder,2022.0,False,[],included,,5,1494,698,1,False
529-21@137cc4ff2827,529-21,2021/Ordinance No. 0529-21.txt,1,2021,user_verified_folder,,False,[],included,,3,1441,641,0,False
612-24@138dea6081ae,612-24,2024/Ordinance No. 0612-24 QRF Province of Pampanga (1).txt,1,2024,user_verified_folder,,False,[],included,,6,1651,821,0,False
531-21@13988df4fcc2,531-21,2021/Ordinance No. 0531-21.txt,1,2021,user_verified_folder,,False,[],included,,4,26308,764,1,False
330-20@13bbb971741b,330-20,2020/Ordinance No. 0330-20.txt,1,2020,user_verified_folder,2020.0,False,[],included,,10,4738,540,2,False
987-22@13e541d41366,987-22,2022/Ordinance No. 000987-22.txt,2,2022,user_verified_folder,2022.0,False,[],included,,1,1292,568,0,True
378-17@140827f39c65,378-17,2017/Ordinance No. 0378-17.txt,1,2017,user_verified_folder,,False,[],included,,4,6266,10994,1,False
346-23@1413325045f9,346-23,2023/Ordinance No. 0346-23 (2).txt,1,2023,user_verified_folder,2023.0,False,[],included,,4,1622,743,0,False
722-19@1433c495f75c,722-19,2019/Ordinance No. 0722-19 (1).txt,1,2019,user_verified_folder,,False,[],included,,2,4598,440,0,False
146-23@143c514a3712,146-23,2023/Ordinance No. 0146-23 -QRF Claver (2).txt,1,2023,user_verified_folder,2023.0,False,[],included,,6,1641,919,0,False
649-21@1454028ca6e6,649-21,2021/Ordinance No. 0649-21.txt,1,2021,user_verified_folder,2021.0,False,[],included,,1,1439,717,0,True
313-23@147139bc206a,313-23,2023/Ordinance No. 0313-23 (2).txt,1,2023,user_verified_folder,,False,[],included,,6,1665,15396,0,False
584-24@149725f2ac0e,584-24,2024/Ordinance No. 0584-24 Renaming Lying-In Centers (1).txt,1,2024,user_verified_folder,2024.0,False,[],included,,4,1396,545,1,False
300-23@149c4ff7f60d,300-23,2023/Ordinance No. 0300-23 (2).txt,1,2023,user_verified_folder,2023.0,False,[],included,,1,1961,672,0,False
490-18@14bc758838fe,490-18,2018/Ordinance No. 0490-18.txt,1,2018,user_verified_folder,,False,[],included,,1,5905,88,0,False
742-19@14bd5bedc2d9,742-19,2019/Ordinance No. 0742-19 (1).txt,1,2019,user_verified_folder,,False,[],included,,1,5837,365,0,True
806-21@14da8fd140a5,806-21,2021/Ordinance No. 000806-21.txt,1,2021,user_verified_folder,2021.0,False,[],included,,1,1510,808,0,True
504-16@14df879b8926,504-16,2016/Ordinance No. 0504-16.txt,1,2016,user_verified_folder,,False,[],included,,1,0,394,0,False
702-19@150f7601dfb8,702-19,2019/Ordinance No. 0702-19 (1).txt,1,2019,human_year_override,,False,"[{""year"": 2019, ""file"": ""manual_year_overrides_2019.csv"", ""reviewer"": ""Lamsin"", ""evidence"": ""header states it was released on 2019""}]",included,,5,8637,5161,0,False
223-17@153ee865c16a,223-17,2017/Ordinance No. 0223-17.txt,1,2017,user_verified_folder,,False,[],included,,1,0,78895,0,False
18-25@1544212d0dc7,18-25,2025/Ordinance No. 018-25.txt,1,2025,user_verified_folder,,False,[],included,,5,11810,1269,0,False
914-22@1559464f3bf9,914-22,2022/Ordinance No. 000914-22.txt,2,2022,user_verified_folder,2022.0,False,[],included,,1,2046,1380,0,True
677-24@156d7d64ed65,677-24,"2024/Ordinance No. 0677-24 QRF Mulanay, Quezon (1).txt",1,2024,user_verified_folder,,False,[],included,,6,1975,814,0,False
262-20@156fc7a04a9c,262-20,2020/Ordinance No. 0262-20.txt,1,2020,user_verified_folder,,False,[],included,,1,10986,8216,0,True
97-22@157b80d1bde4,97-22,2022/Ordinance No. 097-22.txt,1,2022,user_verified_folder,2022.0,False,[],included,,4,1657,755,1,False
671-24@159fc8c1f4c0,671-24,"2024/Ordinance No. 0671-24 QRF Ibaan, Batangas (1).txt",1,2024,user_verified_folder,2024.0,False,[],included,,6,1865,909,0,False
951-22@15a6c36c547d,951-22,2022/Ordinance No. 000951-22.txt,2,2022,user_verified_folder,2022.0,False,[],included,,5,1593,759,0,False
272-17@15c6f698f528,272-17,2017/Ordinance No. 0272-17.txt,1,2017,user_verified_folder,,False,[],included,,1,9019,0,0,False
611-18@15d9ea6796e7,611-18,2018/Ordinance No. 0611-18.txt,1,2018,user_verified_folder,2018.0,False,[],included,,1,4782,414,0,True
427-18@15e8742e856c,427-18,2018/Ordinance No. 0427-18.txt,1,2018,user_verified_folder,2018.0,False,[],included,,3,4573,451,2,False
296-17@160cd68b7457,296-17,2017/Ordinance No. 0296-17.txt,1,2017,user_verified_folder,,False,[],included,,1,6522,119,0,False
94-22@163db9d1750c,94-22,2022/Ordinance No. 094-22.txt,1,2022,user_verified_folder,2022.0,False,[],included,,4,1865,1052,1,False
305-17@16535d839141,305-17,2017/Ordinance No. 0305-17.txt,1,2017,user_verified_folder,,False,[],included,,3,17740,0,0,False
896-22@165a74730997,896-22,2022/Ordinance No. 0896-22.txt,1,2022,user_verified_folder,2022.0,False,[],included,,5,1743,959,0,False
485-16@1683c5940061,485-16,2016/Ordinance No. 0485-16.txt,1,2016,user_verified_folder,,False,[],included,,1,0,63,0,False
162-17@16a13de5fe7c,162-17,2017/Ordinance No. 0162-17.txt,1,2017,user_verified_folder,,False,[],included,,1,0,236,0,False
507-24@16b0237457a5,507-24,2024/Ordinance No. 0507-24 Addendum DOAS A. Tohoy (1).txt,1,2024,user_verified_folder,2024.0,False,[],included,,5,1630,838,0,False
784-19@16c1c52ab423,784-19,2019/Ordinance No. 0784-19 (1).txt,1,2019,user_verified_folder,,False,[],included,,4,5580,377,1,False
213-17@1717c453d7e2,213-17,2017/Ordinance No. 0213-17.txt,1,2017,user_verified_folder,,False,[],included,,1,6529,3483,0,False
155-19@171b3ac6ae8f,155-19,2019/Ordinance No. 0155-19 (1).txt,1,2019,user_verified_folder,,False,[],included,,3,10369,11360,1,False
62-16@17540d02c3dd,62-16,2016/Ordinance No. 062-16.txt,1,2016,user_verified_folder,,False,[],included,,1,1560,29665,0,True
254-23@17a39618294d,254-23,2023/Ordinance No. 0254-23 (2).txt,1,2023,user_verified_folder,2023.0,False,[],included,,3,1868,738,0,False
493-24@17b276477306,493-24,2024/Ordinance No. 0493-24_MERGE WITH DOS (1).txt,1,2024,user_verified_folder,2024.0,False,[],included,,5,1882,5527,0,False
40-19@17e6eccced43,40-19,2019/Ordinance No. 040-19 (1).txt,1,2019,user_verified_folder,2019.0,False,[],included,,5,1635,410,0,False
781-21@17eb3efc3133,781-21,2021/Ordinance No. 000781-21.txt,1,2021,user_verified_folder,,False,[],included,,4,1720,882,1,False
422-18@17fdea32a009,422-18,2018/Ordinance No. 0422-18.txt,1,2018,user_verified_folder,2018.0,False,[],included,,5,4354,458,0,False
832-21@18216e5644b6,832-21,2019/Ordinance No. 000832-21.txt,2,2019,human_year_override,,False,"[{""year"": 2019, ""file"": ""manual_year_overrides_2021.csv"", ""reviewer"": """", ""evidence"": """"}, {""year"": 2019, ""file"": ""manual_year_overrides_2021.csv"", ""reviewer"": """", ""evidence"": """"}]",included,,1,1451,738,0,True
840-21@18644bbc94f2,840-21,2021/Ordinance No. 000840-21.txt,1,2021,user_verified_folder,,False,[],included,,1,1824,1147,0,True
16-16@18b6f830ae7d,16-16,2016/Ordinance No. 016-16.txt,1,2016,user_verified_folder,2016.0,False,[],included,,4,4486,387,1,False
617-24@18c04ba0b3aa,617-24,2024/Ordinance No. 0617-24 CSWDO Functional Chart (1).txt,1,2024,user_verified_folder,2024.0,False,[],included,,1,1376,550,0,True
174-17@18cb3e8d9d7d,174-17,2017/Ordinance No. 0174-17.txt,1,2017,user_verified_folder,,False,[],included,,1,0,0,0,False
7-22@18cce7ad2f37,7-22,2022/Ordinance No. 000007-22.txt,1,2022,user_verified_folder,2022.0,False,[],included,,5,1542,668,0,False
869-22@18fc042141a4,869-22,2022/Ordinance No. 0869-22.txt,1,2022,user_verified_folder,2022.0,False,[],included,,7,1425,673,0,False
56-22@19250baa4cb1,56-22,2022/Ordinance No. 056-22.txt,1,2022,user_verified_folder,,False,[],included,,1,1806,831,0,True
108-19@194b549e426c,108-19,2019/Ordinance No. 0108-19 (1).txt,1,2019,user_verified_folder,,False,[],included,,6,5350,393,0,False
589-24@1958b95b94e1,589-24,"2024/Ordinance No. 0589-24 QRF San Mateo, Rizal (1).txt",1,2024,user_verified_folder,2024.0,False,[],included,,5,1730,852,0,False
940-22@196034cb42a1,940-22,2022/Ordinance No. 000940-22.txt,1,2022,user_verified_folder,2022.0,False,[],included,,5,1607,771,0,False
363-17@1985ca78295b,363-17,2017/Ordinance No. 0363-17.txt,1,2017,user_verified_folder,2017.0,False,[],included,,4,4602,508,1,False
177-23@198c2c660b66,177-23,2023/Ordinance No. 0177-23 (2).txt,1,2023,user_verified_folder,2023.0,False,[],excluded,no usable text after deterministic extraction,0,3990,1365,1,False
121-16@1993a790481e,121-16,2016/Ordinance No. 0121-16.txt,1,2016,user_verified_folder,,False,[],included,,1,0,14290,0,True
727-19@199482f0c971,727-19,2019/Ordinance No. 0727-19 (1).txt,1,2019,user_verified_folder,,False,[],included,,5,4438,462,0,False
72-22@19a09378f5d3,72-22,2022/Ordinance No. 072-22.txt,1,2022,user_verified_folder,2022.0,False,[],included,,1,1698,922,0,True
23-22@19e9e2886297,23-22,2022/Ordinance No. 023-22.txt,1,2022,user_verified_folder,2022.0,False,[],included,,5,1542,756,0,False
436-18@19ebc44a8bbe,436-18,2018/Ordinance No. 0436-18.txt,1,2018,user_verified_folder,,False,[],included,,1,0,15339,0,False
552-24@1a0b464f1cbe,552-24,2024/Ordinance No. 0552-24 Dabawenyo Dcplinado (1).txt,1,2024,user_verified_folder,2024.0,False,[],included,,8,1410,519,1,False
439-24@1a15075eeadf,439-24,2024/Ordinance No. 0439-24 -QRF 15 LGUs (1).txt,1,2024,user_verified_folder,2024.0,False,[],included,,4,1915,1006,1,False
637-21@1a471ab86083,637-21,2021/Ordinance No. 0637-21.txt,1,2021,user_verified_folder,,False,[],included,,7,2126,1283,1,False
189-23@1ad4d4ea5c0d,189-23,2023/Ordinance No. 0189-23 (2).txt,1,2023,user_verified_folder,2023.0,False,[],included,,6,1792,863,0,False
230-20@1ade3ee5ab8d,230-20,2020/Ordinance No. 0230-20.txt,1,2020,user_verified_folder,2020.0,False,[],included,,22,3141,365,2,False
153-23@1b8cb2afb5b0,153-23,2023/Ordinance No. 0153-23 -ToP DOH-CHD (2).txt,1,2023,user_verified_folder,2023.0,False,[],included,,7,1531,719,0,False
643-18@1bace4aff1d5,643-18,2019/Ordinance No. 0643-18.txt,2,2019,human_year_override,,False,"[{""year"": 2019, ""file"": ""manual_year_overrides_2018.csv"", ""reviewer"": ""Lamsin"", ""evidence"": ""Header states it was released on 2019""}, {""year"": 2019, ""file"": ""manual_year_overrides_2018.csv"", ""reviewer"": ""Lamsin"", ""evidence"": ""Header states it was released on 2019""}]",included,,4,4057,426,0,False
412-18@1baed71406fb,412-18,2018/Ordinance No. 0412-18.txt,1,2018,user_verified_folder,2018.0,False,[],included,,5,5170,480,0,False
4-19@1bbfda0950a1,4-19,2019/Ordinance No. 004-19 (1).txt,1,2019,user_verified_folder,,False,[],included,,2,1487,464,0,False
709-24@1c3adca542ff,709-24,2024/Ordinance No. 0709-24 Restructuring HRMO (1).txt,1,2024,user_verified_folder,,False,[],included,,1,1416,484,0,True
116-16@1c3edd74990f,116-16,2016/Ordinance No. 0116-16.txt,1,2016,user_verified_folder,,False,[],included,,1,0,28702,0,False
135-22@1c4b95ccb097,135-22,2022/Ordinance No. 0135-22.txt,1,2022,user_verified_folder,2022.0,False,[],included,,5,1895,1109,0,False
702-24@1c85d7e126a1,702-24,2024/Ordinance No. 0702-24 (1).txt,1,2024,user_verified_folder,2024.0,False,[],included,,5,1644,771,0,False
129-19@1cba4cfa26d1,129-19,2020/Ordinance No. 0129-19 (1).txt,2,2020,human_year_override,,False,"[{""year"": 2020, ""file"": ""manual_year_overrides_2019.csv"", ""reviewer"": ""Lamsin"", ""evidence"": ""header states it was released on 2020""}, {""year"": 2020, ""file"": ""manual_year_overrides_2019.csv"", ""reviewer"": ""Lamsin"", ""evidence"": ""header states it was released on 2020""}]",included,,1,0,278,0,False
389-24@1cccf7d8a8da,389-24,2024/Ordinance No. 0389-24 -MOA Advanced Infinit (1).txt,1,2024,user_verified_folder,2024.0,False,[],included,,4,1579,740,1,False
148-23@1cd304009562,148-23,2023/Ordinance No. 0148-23 -QRF Brooke_s Point (2).txt,1,2023,user_verified_folder,2023.0,False,[],included,,5,1662,900,0,False
739-25@1ce19b524a5d,739-25,2025/Ordinance No. 0739-25.txt,1,2025,user_verified_folder,,False,[],included,,1,0,17213,0,True
766-21@1d1512f4d6dd,766-21,2019/Ordinance No. 000766-21.txt,2,2019,human_year_override,,False,"[{""year"": 2019, ""file"": ""manual_year_overrides_2021.csv"", ""reviewer"": """", ""evidence"": """"}, {""year"": 2019, ""file"": ""manual_year_overrides_2021.csv"", ""reviewer"": """", ""evidence"": """"}]",included,,5,1753,952,0,False
428-18@1d412d7827a1,428-18,2018/Ordinance No. 0428-18.txt,1,2018,user_verified_folder,,False,[],included,,1,0,142,0,False
656-24@1d9ea3074b1c,656-24,"2024/Ordinance No. 0656-24 MOA Therma South, Inc. (1).txt",1,2024,user_verified_folder,2024.0,False,[],included,,4,1563,761,0,False
298-20@1df9931f5791,298-20,2020/Ordinance No. 0298-20.txt,1,2020,user_verified_folder,2020.0,False,[],included,,4,4513,612,1,False
789-25@1dfb2de798b7,789-25,2025/Ordinance No. 0789-25 (7-14-25).txt,1,2025,user_verified_folder,,False,[],included,,6,4848,6909,0,False
52-19@1dfe60e8f4a6,52-19,2019/Ordinance No. 052-19 (1).txt,1,2019,user_verified_folder,,False,[],included,,6,4885,403,0,False
137-16@1e01daa52cdb,137-16,2017/Ordinance No. 0137-16.txt,2,2017,human_year_override,2017.0,False,"[{""year"": 2017, ""file"": ""manual_year_overrides_2016.csv"", ""reviewer"": ""Lamsin"", ""evidence"": ""ordinance header siad it is a series of 2017""}, {""year"": 2017, ""file"": ""manual_year_overrides_2016.csv"", ""reviewer"": ""Lamsin"", ""evidence"": ""ordinance header siad it is a series of 2017""}]",included,,1,1495,345,0,False
92-19@1e02fe4a8528,92-19,2019/Ordinance No. 092-19 (1).txt,1,2019,user_verified_folder,2019.0,False,[],included,,3,4631,641,0,False
437-24@1e05d26552a3,437-24,"2024/Ordinance No. 0437-24 -MOA, San Pedro College (1).txt",1,2024,user_verified_folder,,False,[],included,,5,1577,789,0,False
27-16@1e415a3041d3,27-16,2016/Ordinance No. 027-16.txt,1,2016,user_verified_folder,,False,[],included,,1,0,0,0,False
761-19@1e454f822139,761-19,2019/Ordinance No. 0761-19 (1).txt,1,2019,user_verified_folder,,False,[],included,,5,4648,428,0,False
24-22@1e569f565cee,24-22,2022/Ordinance No. 024-22.txt,1,2022,user_verified_folder,2022.0,False,[],included,,3,2011,402,0,False
617-21@1ea9ff82f4e1,617-21,2021/Ordinance No. 0617-21.txt,1,2021,user_verified_folder,2021.0,False,[],included,,4,8873,4873,1,False
270-23@1ed4144bc50b,270-23,2023/Ordinance No. 0270-23 Speed Limits (2).txt,1,2023,user_verified_folder,2023.0,False,[],included,,1,1345,33555,0,True
265-20@1ef3900a6cce,265-20,2020/Ordinance No. 0265-20.txt,1,2020,user_verified_folder,,False,[],included,,1,9342,23124,0,True
176-20@1f1766782cf5,176-20,2020/Ordinance No. 0176-20.txt,1,2020,user_verified_folder,2019.0,True,[],included,,1,4680,396,0,True
959-22@1f2010c483d5,959-22,2022/Ordinance No. 0959-22.txt,1,2022,user_verified_folder,2022.0,False,[],included,,3,1604,763,1,False
198-23@1f7113383b83,198-23,2023/Ordinance No. 0198-23 (2).txt,1,2023,user_verified_folder,2023.0,False,[],included,,2,1741,705,1,False
20-22@1f783ea3a3b0,20-22,2022/Ordinance No. 020-22.txt,1,2022,user_verified_folder,2022.0,False,[],included,,4,1604,797,0,False
703-24@1f7c6452b8b8,703-24,"2024/Ordinance No. 0703-24 MOA, Tagum Doctors College (1).txt",1,2024,user_verified_folder,2024.0,False,[],included,,7,1719,688,0,False
723-24@1f81a3ae079f,723-24,2024/Ordinance No. 0723-24 (1).txt,1,2024,user_verified_folder,2024.0,False,[],included,,3,2009,776,1,False
177-14@1fa35e31d75d,177-14,2017/Ordinance No. 0177-14.txt,1,2014,human_year_override,,False,"[{""year"": 2014, ""file"": ""manual_year_overrides_2017.csv"", ""reviewer"": ""Lamsin"", ""evidence"": ""header states that it is released on 2014""}]",excluded,outside 2016-2025 after human date correction,0,0,316,0,False
151-17@1fc37b8c2597,151-17,2017/Ordinance No. 0151-17.txt,1,2017,user_verified_folder,,False,[],included,,2,4746,362,0,False
105-19@1fcba4dbe8ee,105-19,2019/Ordinance No. 0105-19 (1).txt,1,2029,human_year_override,,False,"[{""year"": 2029, ""file"": ""manual_year_overrides_2019.csv"", ""reviewer"": ""Lamsin"", ""evidence"": ""header states it was released on 2020""}]",excluded,outside 2016-2025 after human date correction,0,4542,420,1,False
997-22@1fd3872033d4,997-22,2022/Ordinance No. 0997-22.txt,1,2022,user_verified_folder,2022.0,False,[],included,,3,1585,762,0,False
324-20@1fd4bf3d19da,324-20,2020/Ordinance No. 0324-20.txt,1,2020,user_verified_folder,2020.0,False,[],included,,4,4346,743,1,False
870-22@1fdeae0a1e5e,870-22,2022/Ordinance No. 0870-22.txt,1,2022,user_verified_folder,2022.0,False,[],included,,6,1474,706,1,False
164-23@2000b0c1da09,164-23,"2023/Ordinance No. 0164-23 -MOA, DRRM Enhancement (2).txt",1,2023,user_verified_folder,,False,[],included,,4,2097,711,0,False
209-23@20045a292d96,209-23,2023/Ordinance No. 0209-23 (2).txt,1,2023,user_verified_folder,2023.0,False,[],included,,5,1531,800,1,False
399-18@201daf3c30d1,399-18,2018/Ordinance No. 0399-18.txt,1,2018,user_verified_folder,2018.0,False,[],included,,4,4086,406,1,False
823-21@202ac3618947,823-21,2021/Ordinance No. 000823-21.txt,1,2021,user_verified_folder,,False,[],included,,1,1378,613,0,True
269-17@20c8e0682d93,269-17,2017/Ordinance No. 0269-17.txt,1,2017,user_verified_folder,,False,[],included,,1,3489,8099,0,False
3-16@20cbea3bb7d0,3-16,2016/Ordinance No. 003-16.txt,1,2016,user_verified_folder,,False,[],included,,1,6036,168,0,False
396-18@20f5b3cb5965,396-18,2018/Ordinance No. 0396-18.txt,1,2018,user_verified_folder,,False,[],included,,5,4215,7841,1,False
755-21@212b122c1639,755-21,2021/Ordinance No. 000755-21.txt,1,2021,user_verified_folder,,False,[],included,,5,1459,451,0,False
29-19@21619551ed23,29-19,2019/Ordinance No. 029-19 (1).txt,1,2019,user_verified_folder,2019.0,False,[],included,,1,4939,414,0,True
477-16@21987591dc44,477-16,2016/Ordinance No. 0477-16.txt,1,2016,user_verified_folder,,False,[],included,,1,0,0,0,False
521-16@21d6f7ca38b0,521-16,2016/Ordinance No. 0521-16.txt,1,2016,user_verified_folder,,False,[],included,,1,0,14598,0,False
815-21@220343ec8281,815-21,2021/Ordinance No. 000815-21.txt,1,2021,user_verified_folder,2021.0,False,[],included,,5,1835,1284,0,False
19-22@221e81cf0983,19-22,2022/Ordinance No. 019-22 Amendment Agri and Biosystem Eng_g.txt,1,2022,user_verified_folder,,False,[],included,,5,1531,825,0,False
3-22@22204af08843,3-22,2022/Ordinance No. 003-22.txt,1,2022,user_verified_folder,2022.0,False,[],included,,4,1370,586,0,False
595-18@22536a3bc1f6,595-18,2018/Ordinance No. 0595-18.txt,1,2018,user_verified_folder,2018.0,False,[],included,,4,4675,423,1,False
176-17@225eaf1d4877,176-17,2017/Ordinance No. 0176-17.txt,1,2017,user_verified_folder,,False,[],included,,1,4364,101,0,False
337-23@2273b145e375,337-23,2023/Ordinance No. 000337-23 (2).txt,1,2023,user_verified_folder,,False,[],included,,1,1588,15066,0,True
492-16@2279b575eecc,492-16,2016/Ordinance No. 0492-16.txt,1,2016,user_verified_folder,,False,[],included,,1,17738,0,0,False
655-24@228cd2da1965,655-24,2024/Ordinance No. 0655-24 (1).txt,1,2024,user_verified_folder,2024.0,False,[],included,,4,1626,858,1,False
394-24@228e0534cb59,394-24,"2024/Ordinance No. 0394-24 -MOA, P. Ali (1).txt",1,2024,user_verified_folder,,False,[],included,,5,1753,680,0,False
286-20@228f61c85d41,286-20,2020/Ordinance No. 0286-20.txt,1,2020,user_verified_folder,2020.0,False,[],included,,5,4378,642,0,False
18-16@22ac068f1e0e,18-16,2016/Ordinance No. 018-16.txt,1,2016,user_verified_folder,,False,[],included,,5,4318,511,0,False
40-16@22ccc92713b7,40-16,2017/Ordinance No. 040-16.txt,2,2017,human_year_override,,False,"[{""year"": 2017, ""file"": ""manual_year_overrides_2016.csv"", ""reviewer"": ""Lamsin"", ""evidence"": ""header siad it is released on 2017""}, {""year"": 2017, ""file"": ""manual_year_overrides_2016.csv"", ""reviewer"": ""Lamsin"", ""evidence"": ""header siad it is released on 2017""}]",included,,1,13013,5413,0,False
130-16@22df45c3b9c8,130-16,2016/Ordinance No. 0130-16.txt,1,2016,user_verified_folder,,False,[],included,,1,1465,12646,0,False
200-23@22ec860a1469,200-23,2023/Ordinance No. 0200-23 (2).txt,1,2023,user_verified_folder,2023.0,False,[],included,,3,1568,619,0,False
13-22@23222a82ecf5,13-22,2022/Ordinance No. 000013-22.txt,1,2022,user_verified_folder,,False,[],included,,5,1689,714,0,False
117-19@23320763b601,117-19,2019/Ordinance No. 0117-19 (1).txt,1,2019,user_verified_folder,2019.0,False,[],included,,4,4945,386,0,False
670-21@2367383dec60,670-21,2021/Ordinance No. 000670-21.txt,1,2021,user_verified_folder,,False,[],included,,13,1450,600,0,False
35-19@2367983f9ae8,35-19,2019/Ordinance No. 035-19 (1).txt,1,2019,user_verified_folder,,False,[],included,,4,10872,7136,0,False
95-19@23d526aeb856,95-19,2019/Ordinance No. 095-19 (1).txt,1,2019,user_verified_folder,2019.0,False,[],included,,5,5074,372,1,False
30-22@23d72b3ad264,30-22,2022/Ordinance No. 030-22.txt,1,2022,user_verified_folder,2022.0,False,[],included,,1,1573,966,0,True
570-24@24003d309d40,570-24,2024/Ordinance No. 0570-24 DOD 8990 Housing (1).txt,1,2024,user_verified_folder,,False,[],included,,3,1638,8344,0,False
326-17@24111b671620,326-17,2018/Ordinance No. 0326-17.txt,2,2018,human_year_override,,False,"[{""year"": 2018, ""file"": ""manual_year_overrides_2017.csv"", ""reviewer"": ""Lamsin"", ""evidence"": ""header states that it is released on 2018""}, {""year"": 2018, ""file"": ""manual_year_overrides_2017.csv"", ""reviewer"": ""Lamsin"", ""evidence"": ""header states that it is released on 2018""}]",included,,5,13567,3723,0,False
174-19@243f44911628,174-19,2021/Ordinance No. 0174-19 (1).txt,2,2021,human_year_override,,False,"[{""year"": 2021, ""file"": ""manual_year_overrides_2019.csv"", ""reviewer"": ""Lamsin"", ""evidence"": ""header states it was released on 2021""}, {""year"": 2021, ""file"": ""manual_year_overrides_2019.csv"", ""reviewer"": ""Lamsin"", ""evidence"": ""header states it was released on 2021""}]",included,,8,5034,524,0,False
232-17@246241518087,232-17,2017/Ordinance No. 0232-17.txt,1,2017,user_verified_folder,,False,[],included,,1,7265,17449,0,False
603-24@2473cca9faf3,603-24,2024/Ordinance No. 0603-24 QRF Manila City (1).txt,1,2024,user_verified_folder,2024.0,False,[],included,,6,1726,821,0,False
693-24@24b36902efc6,693-24,2024/Ordinance No. 0693-24 QRF Province of Eastern Samar (1).txt,1,2024,user_verified_folder,2024.0,False,[],included,,7,1866,899,0,False
145-17@24c2e4e2a3a8,145-17,2017/Ordinance No. 0145-17.txt,1,2017,user_verified_folder,,False,[],included,,1,0,22994,0,True
26-22@251ee466f98c,26-22,2022/Ordinance No. 026-22.txt,1,2022,user_verified_folder,2022.0,False,[],included,,1,1709,989,0,True
642-24@2539d126fd5f,642-24,2024/Ordinance No. 0642-24 MOU DOH-CHD (1).txt,1,2024,user_verified_folder,2024.0,False,[],included,,5,1631,663,0,False
219-20@25586762c0aa,219-20,2020/Ordinance No. 0219-20.txt,1,2020,user_verified_folder,2020.0,False,[],included,,4,7659,5699,0,False
187-20@2577ccaa7f60,187-20,2020/Ordinance No. 0187-20.txt,1,2020,user_verified_folder,2020.0,False,[],included,,4,4866,447,0,False
740-19@25868a934392,740-19,2019/Ordinance No. 0740-19 (1).txt,1,2019,user_verified_folder,,False,[],included,,1,5097,331,0,True
67-22@258767d0a140,67-22,2022/Ordinance No. 067-22.txt,1,2022,user_verified_folder,2022.0,False,[],included,,6,1788,921,0,False
84-22@25bd0d9a78c9,84-22,2022/Ordinance No. 084-22.txt,1,2022,user_verified_folder,2022.0,False,[],included,,5,1787,904,0,False
591-24@25f4015d1e41,591-24,"2024/Ordinance No. 0591-24 QRF Macabebe, Pampanga (1).txt",1,2024,user_verified_folder,2024.0,False,[],included,,7,1716,867,0,False
495-16@261fd73733ba,495-16,2016/Ordinance No. 0495-16.txt,1,2016,user_verified_folder,,False,[],included,,1,0,15327,0,False
25-16@26323bf3df16,25-16,2016/Ordinance No. 025-16.txt,1,2016,user_verified_folder,,False,[],included,,4,5189,506,1,False
41-22@268a63a4069e,41-22,2022/Ordinance No. 000041-22.txt,1,2022,user_verified_folder,2022.0,False,[],included,,1,1568,972,0,True
621-24@26a0874b20d1,621-24,2024/Ordinance No. 0621-24 Deed of Donation Juanita Taculin (1).txt,1,2024,user_verified_folder,2024.0,False,[],included,,5,1548,640,1,False
209-20@26dec3055713,209-20,2020/Ordinance No. 0209-20.txt,1,2020,user_verified_folder,,False,[],included,,6,8201,11120,0,False
479-16@26e96be9e618,479-16,2016/Ordinance No. 0479-16.txt,1,2016,user_verified_folder,,False,[],included,,2,10091,1381,0,False
860-22@26ee4f42962a,860-22,2022/Ordinance No. 0860-22.txt,1,2022,user_verified_folder,2022.0,False,[],included,,7,1620,876,0,False
693-21@26f903a49053,693-21,2021/Ordinance No. 000693-21.txt,1,2021,user_verified_folder,2021.0,False,[],included,,4,1708,997,0,False
41-16@26fd2ee321c1,41-16,2016/Ordinance No. 041-16.txt,1,2016,user_verified_folder,,False,[],included,,1,0,5311,0,False
503-24@270423a86beb,503-24,2024/Ordinance No. 0503-24 Deed of Donation Fast Logistics Corp. (1).txt,1,2024,user_verified_folder,2024.0,False,[],included,,3,1703,860,1,False
291-20@272bdfa6f424,291-20,2020/Ordinance No. 0291-20.txt,1,2020,user_verified_folder,2020.0,False,[],included,,5,4380,683,0,False
757-21@276303b8a4ca,757-21,2019/Ordinance No. 000757-21.txt,2,2019,human_year_override,,False,"[{""year"": 2019, ""file"": ""manual_year_overrides_2021.csv"", ""reviewer"": ""Corpuz"", ""evidence"": """"}, {""year"": 2019, ""file"": ""manual_year_overrides_2021.csv"", ""reviewer"": ""Corpuz"", ""evidence"": """"}]",included,,4,1707,1015,1,False
56-19@2774a3de6113,56-19,2019/Ordinance No. 056-19 (1).txt,1,2019,user_verified_folder,,False,[],included,,9,4821,2927,0,False
128-19@279f33f0007e,128-19,2019/Ordinance No. 0128-19 (1).txt,1,2019,user_verified_folder,,False,[],included,,1,4020,275,0,False
765-19@27f6bde9723a,765-19,2019/Ordinance No. 0765-19 (1).txt,1,2019,user_verified_folder,,False,[],included,,6,10363,6175,1,False
654-21@28021b25ef8c,654-21,2021/Ordinance No. 0654-21.txt,1,2021,user_verified_folder,,False,[],included,,5,1567,850,0,False
487-18@28063ce4f728,487-18,2018/Ordinance No. 0487-18.txt,1,2018,user_verified_folder,,False,[],included,,1,0,4280,0,False
475-24@28194c12a238,475-24,"2024/Ordinance No. 0475-24 MOA, Xavier University (1).txt",1,2024,user_verified_folder,2024.0,False,[],included,,4,1562,704,1,False
260-17@281e8cd5aa02,260-17,2017/Ordinance No. 0260-17.txt,1,2017,user_verified_folder,,False,[],included,,2,11248,0,0,False
514-18@282ab2223978,514-18,2018/Ordinance No. 0514-18.txt,1,2018,user_verified_folder,,False,[],included,,1,0,159,0,False
128-16@28ae441a03dc,128-16,2016/Ordinance No. 0128-16.txt,1,2016,user_verified_folder,,False,[],included,,4,1650,14600,1,False
566-18@28e4cb598b29,566-18,2018/Ordinance No. 0566-18.txt,1,2018,user_verified_folder,2018.0,False,[],included,,4,4861,419,1,False
123-19@291a33c3f686,123-19,2020/Ordinance No. 0123-19 (1).txt,2,2020,human_year_override,2019.0,True,"[{""year"": 2020, ""file"": ""manual_year_overrides_2019.csv"", ""reviewer"": ""Lamsin"", ""evidence"": ""header states it was released on 2020""}, {""year"": 2020, ""file"": ""manual_year_overrides_2019.csv"", ""reviewer"": ""Lamsin"", ""evidence"": ""header states it was released on 2020""}]",included,,1,5121,390,0,True
156-17@291c7e22330e,156-17,2017/Ordinance No. 0156-17.txt,1,2017,user_verified_folder,,False,[],included,,1,0,13843,0,False
229-20@2929b4eba3b6,229-20,2020/Ordinance No. 0229-20.txt,1,2020,user_verified_folder,,False,[],included,,6,8651,32748,3,False
668-24@297ffc4a527d,668-24,"2024/Ordinance No. 0668-24 QRF Lian, Batangas (1).txt",1,2024,user_verified_folder,,False,[],included,,7,1942,813,0,False
422-24@299c33fba7f9,422-24,"2024/Ordinance No. 0422-24 -QRF, Loreto (1).txt",1,2024,user_verified_folder,,False,[],included,,3,2791,713,0,False
421-24@29ab0f6ac006,421-24,"2024/Ordinance No. 0421-24 -QRF, Veruela (1).txt",1,2024,user_verified_folder,2024.0,False,[],included,,3,2858,908,0,False
620-21@29b189342cf6,620-21,2021/Ordinance No. 0620-21.txt,1,2021,user_verified_folder,,False,[],included,,1,11027,26849,0,True
779-25@29b74d6a0bee,779-25,2025/Ordinance No. 0779-25.txt,1,2025,user_verified_folder,,False,[],included,,1,7326,657,1,False
615-21@29b8c40cb577,615-21,2021/Ordinance No. 0615-21.txt,1,2021,user_verified_folder,,False,[],included,,1,8131,6300,0,True
509-18@29e2f1105716,509-18,2018/Ordinance No. 0509-18.txt,1,2018,user_verified_folder,2018.0,False,[],included,,5,5083,437,0,False
772-19@2a1de9ad494e,772-19,2019/Ordinance No. 0772-19 (1).txt,1,2019,user_verified_folder,,False,[],included,,4,7248,7334,1,False
203-23@2a47cd758c97,203-23,2023/Ordinance No. 0203-23 (2).txt,1,2023,user_verified_folder,2023.0,False,[],included,,2,2039,710,0,False
517-16@2a4964f303d4,517-16,2016/Ordinance No. 0517-16.txt,1,2016,user_verified_folder,,False,[],included,,1,1778,388,0,False
45-19@2a549efd3e93,45-19,2019/Ordinance No. 045-19 (1).txt,1,2019,user_verified_folder,,False,[],included,,5,8551,4124,0,False
582-21@2a6364e4a769,582-21,2021/Ordinance No. 0582-21.txt,1,2021,user_verified_folder,2021.0,False,[],included,,4,8683,797,1,False
478-16@2a65f072cf6d,478-16,2016/Ordinance No. 0478-16.txt,1,2016,user_verified_folder,,False,[],included,,1,0,8719,0,False
574-18@2a689cfa7b1b,574-18,2018/Ordinance No. 0574-18.txt,1,2018,user_verified_folder,2018.0,False,[],included,,3,4247,391,2,False
584-18@2a694eb47644,584-18,2018/Ordinance No. 0584-18.txt,1,2018,user_verified_folder,,False,[],included,,5,5398,366,1,False
75-22@2a972f8a708a,75-22,2022/Ordinance No. 075-22.txt,1,2022,user_verified_folder,2022.0,False,[],included,,1,1727,950,0,True
718-24@2aec1e9ef50e,718-24,2024/Ordinance No. 0718-24 Amend Integrated Zoning Ordinance (1).txt,1,2024,user_verified_folder,2024.0,False,[],included,,5,1350,537,0,False
528-21@2afd9b483e63,528-21,2021/Ordinance No. 0528-21.txt,1,2021,user_verified_folder,,False,[],included,,17,1441,804,1,False
3-19@2b2c38b5a49b,3-19,2019/Ordinance No. 003-19 (1).txt,1,2019,user_verified_folder,,False,[],included,,3,7135,7764,0,False
119-22@2b2da9f7cbdf,119-22,2022/Ordinance No. 0119-22 Deed of Usufruct DCWD .txt,1,2022,user_verified_folder,,False,[],included,,3,1732,575,1,False
251-17@2b351de31b8a,251-17,2017/Ordinance No. 0251-17.txt,1,2017,user_verified_folder,,False,[],included,,1,4317,278,0,False
617-18@2b4925acd609,617-18,2018/Ordinance No. 0617-18.txt,1,2018,user_verified_folder,,False,[],included,,2,7201,8619,0,False
78-19@2b7ecaefd207,78-19,2019/Ordinance No. 078-19 (1).txt,1,2019,user_verified_folder,2019.0,False,[],included,,6,5223,383,0,False
361-23@2baa12e399c0,361-23,2023/Ordinance No. 0361-23 (2).txt,1,2023,user_verified_folder,2023.0,False,[],included,,5,1540,790,0,False
172-17@2bb817b6e2fd,172-17,2017/Ordinance No. 0172-17.txt,1,2017,user_verified_folder,2077.0,True,[],included,,5,5347,459,0,False
797-21@2bc92e6d9fc8,797-21,2021/Ordinance No. 000797-21.txt,1,2021,user_verified_folder,,False,[],included,,5,1714,843,0,False
853-22@2c14a9b0a39e,853-22,2022/Ordinance No. 000853-22.txt,2,2022,user_verified_folder,2022.0,False,[],included,,1,1499,816,0,True
134-16@2c7ebc099274,134-16,2017/Ordinance No. 0134-16.txt,2,2017,human_year_override,,False,"[{""year"": 2017, ""file"": ""manual_year_overrides_2016.csv"", ""reviewer"": ""Lamsin"", ""evidence"": ""pdf said it is approve during 2017""}, {""year"": 2017, ""file"": ""manual_year_overrides_2016.csv"", ""reviewer"": ""Lamsin"", ""evidence"": ""pdf said it is approve during 2017""}]",included,,6,1565,14838,0,False
201-17@2ce3f1bd871d,201-17,2017/Ordinance No. 0201-17.txt,1,2017,user_verified_folder,,False,[],included,,1,0,0,0,False
556-24@2cea20a54fc2,556-24,2024/Ordinance No. 0556-24 (1).txt,1,2024,user_verified_folder,2024.0,False,[],excluded,no usable text after deterministic extraction,0,2416,675,1,False
473-18@2cecfdb913c0,473-18,2018/Ordinance No. 0473-18.txt,1,2018,user_verified_folder,,False,[],included,,3,17270,0,0,False
524-18@2d0e9ee1c18d,524-18,2018/Ordinance No. 0524-18.txt,1,2018,user_verified_folder,,False,[],included,,1,0,15307,0,False
48-16@2d2775c627e0,48-16,2016/Ordinance No. 048-16.txt,1,2016,user_verified_folder,,False,[],included,,4,1709,14610,2,False
199-20@2d4c2eda445e,199-20,2020/Ordinance No. 0199-20.txt,1,2020,user_verified_folder,,False,[],included,,3,7351,421,1,False
218-17@2d6fba570ddd,218-17,2017/Ordinance No. 0218-17.txt,1,2017,user_verified_folder,,False,[],included,,1,0,310,0,False
73-19@2d75d3295a6e,73-19,2019/Ordinance No. 073-19 (1).txt,1,2019,user_verified_folder,,False,[],included,,3,4179,394,0,False
400-24@2d9c05491d33,400-24,"2024/Ordinance No. 0400-24 -MOA, L. Maxino (1).txt",1,2024,user_verified_folder,,False,[],included,,4,1834,585,1,False
939-22@2da8c897982a,939-22,2022/Ordinance No. 000939-22.txt,1,2022,user_verified_folder,,False,[],included,,3,1641,727,0,False
239-17@2dc2522d7838,239-17,2017/Ordinance No. 0239-17.txt,1,2017,user_verified_folder,,False,[],included,,1,0,0,0,False
190-17@2e07e96ffe8b,190-17,2017/Ordinance No. 0190-17.txt,1,2017,user_verified_folder,,False,[],included,,1,4342,268,0,False
231-23@2e2addea5b0d,231-23,2023/Ordinance No. 0231-23 (2).txt,1,2023,user_verified_folder,2023.0,False,[],included,,3,2309,826,0,False
479-24@2e4022f63e3a,479-24,"2024/Ordinance No. 0479-24 MOA, DOH-CHD April Anne M. Ladera (1).txt",1,2024,user_verified_folder,2024.0,False,[],included,,5,1640,810,0,False
302-20@2e44fc183f23,302-20,2020/Ordinance No. 0302-20.txt,1,2020,user_verified_folder,2020.0,False,[],included,,5,5263,373,0,False
25-19@2e59c66fd27c,25-19,2019/Ordinance No. 025-19 (1).txt,1,2019,user_verified_folder,,False,[],included,,5,5332,398,1,False
915-22@2e673537d3f6,915-22,2022/Ordinance No. 0915-22.txt,1,2022,user_verified_folder,2022.0,False,[],included,,3,1629,862,1,False
928-22@2e72b0fa9eb6,928-22,2022/Ordinance No. 000928-22.txt,1,2022,user_verified_folder,2022.0,False,[],included,,5,1623,4586,1,False
488-21@2eab678099e9,488-21,2021/Ordinance No. 0488-21.txt,1,2021,user_verified_folder,2021.0,False,[],included,,5,1642,888,0,False
228-23@2eb7e916dffa,228-23,2023/Ordinance No. 0228-23 (2).txt,1,2023,user_verified_folder,2023.0,False,[],included,,4,1598,696,0,False
72-16@2eec18582c92,72-16,2016/Ordinance No. 072-16.txt,1,2016,user_verified_folder,,False,[],included,,3,14600,0,0,False
401-18@2effcb6ec86d,401-18,2018/Ordinance No. 0401-18.txt,1,2018,user_verified_folder,,False,[],included,,1,8608,5920,0,False
220-20@2f09c232d7b3,220-20,2020/Ordinance No. 0220-20.txt,1,2020,user_verified_folder,,False,[],included,,5,10798,7991,0,False
483-16@2f0e04c8343e,483-16,2016/Ordinance No. 0483-16.txt,1,2016,user_verified_folder,,False,[],included,,1,0,0,0,False
318-20@2f506f251bca,318-20,2020/Ordinance No. 0318-20.txt,1,2020,user_verified_folder,,False,[],included,,1,8668,17199,0,True
338-20@2f5be1a11b69,338-20,2020/Ordinance No. 0338-20.txt,1,2020,user_verified_folder,2020.0,False,[],included,,4,4516,623,0,False
415-24@2f5e383f85d7,415-24,"2024/Ordinance No. 0415-24 -QRF, Carmen (1).txt",1,2024,user_verified_folder,2024.0,False,[],included,,4,1710,846,0,False
158-23@2f6e2f0c3cd2,158-23,"2023/Ordinance No. 0158-23 -Renewal Lease, OMARCO (2).txt",1,2023,user_verified_folder,,False,[],included,,4,1651,736,0,False
74-16@2f974cf13948,74-16,2016/Ordinance No. 074-16.txt,1,2016,user_verified_folder,,False,[],included,,1,0,14496,0,False
311-20@2fbee7345469,311-20,2020/Ordinance No. 0311-20.txt,1,2020,user_verified_folder,2020.0,False,[],included,,8,5083,515,3,False
565-24@2fc4b1392d63,565-24,2024/Ordinance No. 0565-24 DOD 8990 Housing Deca Ph8A Tacunan (1).txt,1,2024,user_verified_folder,,False,[],included,,4,1733,7087,1,False
131-16@2fc7540c6413,131-16,2016/Ordinance No. 0131-16.txt,1,2016,user_verified_folder,,False,[],included,,1,4154,980,0,False
317-17@2fe945c54132,317-17,2017/Ordinance No. 0317-17.txt,1,2017,user_verified_folder,,False,[],included,,4,5496,508,1,False
181-20@30610827bf57,181-20,2020/Ordinance No. 0181-20.txt,1,2020,user_verified_folder,,False,[],included,,4,4523,451,0,False
243-17@3072cf771386,243-17,2017/Ordinance No. 0243-17.txt,1,2017,user_verified_folder,,False,[],included,,3,5959,9118,0,False
196-17@307bf4737010,196-17,2017/Ordinance No. 0196-17.txt,1,2017,user_verified_folder,,False,[],included,,1,5403,0,0,False
43-19@309561d15f87,43-19,2019/Ordinance No. 043-19 (1).txt,1,2019,user_verified_folder,,False,[],included,,3,9759,6956,0,False
279-20@30d31d9ba10c,279-20,2020/Ordinance No. 0279-20.txt,1,2020,user_verified_folder,2020.0,False,[],included,,5,9998,3652,0,False
943-22@30f58c9d2294,943-22,2022/Ordinance No. 0943-22.txt,1,2022,user_verified_folder,,False,[],included,,2,1572,695,0,False
226-20@312619da2655,226-20,2020/Ordinance No. 0226-20.txt,1,2020,user_verified_folder,2020.0,False,[],included,,6,6185,379,1,False
538-24@31276cc3fdc7,538-24,2024/Ordinance No. 0538-24 (1).txt,1,2024,user_verified_folder,,False,[],included,,5,1588,601,0,False
808-21@314a2686f7cc,808-21,2022/Ordinance No. 000808-21.txt,2,2022,human_year_override,,False,"[{""year"": 2022, ""file"": ""manual_year_overrides_2021.csv"", ""reviewer"": """", ""evidence"": """"}, {""year"": 2022, ""file"": ""manual_year_overrides_2021.csv"", ""reviewer"": """", ""evidence"": """"}]",included,,1,1576,768,0,True
700-21@315c072bc7f0,700-21,2021/Ordinance No. 000700-21.txt,1,2021,user_verified_folder,,False,[],included,,6,1872,912,0,False
534-18@31749a3786d1,534-18,2018/Ordinance No. 0534-18.txt,1,2018,user_verified_folder,,False,[],included,,1,7842,14180,0,False
335-20@3175304a4e24,335-20,2020/Ordinance No. 0335-20.txt,1,2020,user_verified_folder,2020.0,False,[],included,,4,11694,2959,1,False
641-21@3185a011f956,641-21,2021/Ordinance No. 0641-21.txt,1,2021,user_verified_folder,,False,[],included,,6,2107,1256,0,False
723-19@31cecb774a12,723-19,2019/Ordinance No. 0723-19 (1).txt,1,2019,user_verified_folder,,False,[],included,,3,5930,444,1,False
356-23@31d56e298ede,356-23,2023/Ordinance No. 0356-23 -CDP 2023-2028 (2).txt,1,2023,user_verified_folder,2023.0,False,[],included,,3,1319,519,1,False
486-18@31e88022511a,486-18,2018/Ordinance No. 0486-18.txt,1,2018,user_verified_folder,,False,[],included,,1,7554,23379,0,False
119-16@321fc5563a03,119-16,2016/Ordinance No. 0119-16.txt,1,2016,user_verified_folder,,False,[],included,,1,0,0,0,False
52-22@3228c0398667,52-22,2022/Ordinance No. 052-22.txt,1,2022,user_verified_folder,2022.0,False,[],included,,2,1573,815,0,False
205-23@323c0325ca59,205-23,2023/Ordinance No. 0205-23 (2).txt,1,2023,user_verified_folder,2023.0,False,[],included,,6,1605,702,0,False
610-21@3251d04500a9,610-21,2021/Ordinance No. 0610-21.txt,1,2021,user_verified_folder,,False,[],included,,1,1451,691,0,True
390-24@327d1b696a91,390-24,2024/Ordinance No. 0390-24 (1).txt,1,2024,user_verified_folder,2024.0,False,[],included,,4,1498,646,1,False
348-23@329c4b7ef8cc,348-23,2023/Ordinance No. 0348-23 (2).txt,1,2023,user_verified_folder,2023.0,False,[],included,,3,2606,1693,0,False
656-18@32ccf4e92596,656-18,2018/Ordinance No. 0656-18.txt,1,2018,user_verified_folder,2018.0,False,[],included,,3,4312,382,0,False
17-22@32e7c438adbf,17-22,2022/Ordinance No. 017-22.txt,1,2022,user_verified_folder,2022.0,False,[],included,,5,1577,791,0,False
285-23@335558bfcb98,285-23,2023/Ordinance No. 000285-23 (2).txt,1,2023,user_verified_folder,,False,[],included,,4,1578,665,0,False
410-18@335780417383,410-18,2018/Ordinance No. 0410-18.txt,1,2018,user_verified_folder,,False,[],included,,1,0,214,0,False
8-22@3359c55034df,8-22,2022/Ordinance No. 000008-22.txt,1,2022,user_verified_folder,2022.0,False,[],included,,4,1441,672,1,False
544-21@338501542b89,544-21,2021/Ordinance No. 0544-21.txt,1,2021,user_verified_folder,,False,[],included,,17,1354,573,1,False
251-20@33981aaff766,251-20,2020/Ordinance No. 0251-20.txt,1,2020,user_verified_folder,2020.0,False,[],included,,1,4503,2797,0,True
55-16@33accc095997,55-16,2016/Ordinance No. 055-16.txt,1,2016,user_verified_folder,,False,[],included,,1,0,42033,0,False
733-24@33c22658db5f,733-24,2024/Ordinance No. 0733-24 SCA Bachelor Express (1).txt,1,2024,user_verified_folder,,False,[],included,,2,1610,712,0,False
135-16@33d8c9b94b77,135-16,2017/Ordinance No. 0135-16.txt,2,2017,human_year_override,,False,"[{""year"": 2017, ""file"": ""manual_year_overrides_2016.csv"", ""reviewer"": ""Lamsin"", ""evidence"": ""approve during feb 3""}, {""year"": 2017, ""file"": ""manual_year_overrides_2016.csv"", ""reviewer"": ""Lamsin"", ""evidence"": ""approve during feb 3""}]",included,,1,1598,11663,0,True
362-17@33f4bb423f3a,362-17,2017/Ordinance No. 0362-17.txt,1,2017,user_verified_folder,,False,[],included,,1,4294,244,0,True
683-19@34230c5cf486,683-19,2019/Ordinance No. 0683-19 (1).txt,1,2019,user_verified_folder,,False,[],included,,4,7878,5228,1,False
561-18@344e78279573,561-18,2018/Ordinance No. 0561-18.txt,1,2018,user_verified_folder,,False,[],included,,1,14701,18124,0,True
214-17@345153f9adee,214-17,2017/Ordinance No. 0214-17.txt,1,2017,user_verified_folder,,False,[],included,,1,0,15722,0,True
195-17@346a8a5acd25,195-17,2017/Ordinance No. 0195-17.txt,1,2017,user_verified_folder,,False,[],included,,6,7939,6523,0,False
185-20@348801348885,185-20,2020/Ordinance No. 0185-20.txt,1,2020,user_verified_folder,2020.0,False,[],included,,2,5661,450,1,False
35-16@34ce0d05f282,35-16,2016/Ordinance No. 035-16.txt,1,2016,user_verified_folder,,False,[],included,,1,10652,5531,0,False
225-23@34df03412885,225-23,2023/Ordinance No. 0225-23 (2).txt,1,2023,user_verified_folder,2023.0,False,[],included,,4,1415,696,0,False
69-16@34ea849f4c60,69-16,2016/Ordinance No. 069-16.txt,1,2016,user_verified_folder,,False,[],included,,1,1616,14240,0,False
392-18@35658bd93ccb,392-18,2018/Ordinance No. 0392-18.txt,1,2018,user_verified_folder,,False,[],included,,1,5617,5475,0,False
295-23@356cc169b248,295-23,2023/Ordinance No. 0295-23 (2).txt,1,2023,user_verified_folder,2023.0,False,[],included,,4,1552,712,1,False
759-19@358131f14d7a,759-19,2019/Ordinance No. 0759-19 (1).txt,1,2019,user_verified_folder,,False,[],included,,3,5431,9078,0,False
207-17@35e9cf152782,207-17,2017/Ordinance No. 0207-17.txt,1,2017,user_verified_folder,,False,[],included,,1,5180,110,0,False
13-19@35fe9ca0d600,13-19,2019/Ordinance No. 013-19 (1).txt,1,2019,user_verified_folder,,False,[],included,,5,7357,5751,0,False
39-22@367767486a92,39-22,2022/Ordinance No. 000039-22.txt,1,2022,user_verified_folder,2022.0,False,[],included,,1,1563,968,0,True
42-22@3687c66225e9,42-22,2022/Ordinance No. 042-22.txt,1,2022,user_verified_folder,2022.0,False,[],included,,5,1597,824,0,False
35-22@36ace3944751,35-22,2022/Ordinance No. 035-22.txt,1,2022,user_verified_folder,2022.0,False,[],included,,1,1581,965,0,True
756-19@36ba9838662b,756-19,2019/Ordinance No. 0756-19 (1).txt,1,2019,user_verified_folder,,False,[],included,,3,8314,9078,0,False
948-22@36be2cdd63bc,948-22,2022/Ordinance No. 0948-22.txt,1,2022,user_verified_folder,2022.0,False,[],included,,3,1841,719,0,False
695-19@36cac905611d,695-19,2019/Ordinance No. 0695-19 (1).txt,1,2019,user_verified_folder,2019.0,False,[],included,,7,4650,293,0,False
529-24@36cd0a7ae410,529-24,2024/Ordinance No. 0529-24 (1).txt,1,2024,user_verified_folder,,False,[],included,,3,1449,718,0,False
216-17@36d903d497d7,216-17,2017/Ordinance No. 0216-17.txt,1,2017,user_verified_folder,,False,[],included,,5,4558,435,0,False
201-23@37018b5cb21d,201-23,2023/Ordinance No. 0201-23 (2).txt,1,2023,user_verified_folder,2023.0,False,[],included,,1,1472,613,0,True
118-16@37065dc872a7,118-16,2016/Ordinance No. 0118-16.txt,1,2016,user_verified_folder,,False,[],included,,1,1457,8983,0,False
10-16@370f6cb8364f,10-16,2016/Ordinance No. 010-16.txt,1,2016,user_verified_folder,,False,[],included,,1,6418,284,0,False
15-22@3718ad1109c5,15-22,2022/Ordinance No. 015-22.txt,1,2022,user_verified_folder,2022.0,False,[],included,,5,1622,765,0,False
426-18@371c700ff475,426-18,2018/Ordinance No. 0426-18.txt,1,2018,user_verified_folder,2018.0,False,[],included,,3,4754,915,0,False
685-24@372900834fe9,685-24,"2024/Ordinance No. 0685-24 QRF San Pedro, Laguna - Copy.txt",2,2024,user_verified_folder,2024.0,False,[],included,,6,1899,907,0,False
750-19@3745a09db83a,750-19,2019/Ordinance No. 0750-19 (1).txt,1,2019,user_verified_folder,,False,[],included,,5,9255,11773,1,False
745-21@375b865dd3af,745-21,2021/Ordinance No. 000745-21.txt,1,2021,user_verified_folder,,False,[],included,,1,1455,719,0,True
550-24@375ff394476f,550-24,"2024/Ordinance No. 0550-24 MOA BFAR, et al. (1).txt",1,2024,user_verified_folder,2024.0,False,[],included,,4,1749,800,0,False
508-18@377268ac1f43,508-18,2018/Ordinance No. 0508-18.txt,1,2018,user_verified_folder,2018.0,False,[],included,,4,5450,400,1,False
327-20@3784ee7f5841,327-20,2020/Ordinance No. 0327-20.txt,1,2020,user_verified_folder,2020.0,False,[],included,,4,4278,678,0,False
28-16@3797054f3f0d,28-16,2016/Ordinance No. 028-16.txt,1,2016,user_verified_folder,,False,[],included,,1,1371,23,0,False
735-25@37cff8f3cb70,735-25,2025/Ordinance No. 0735-25.txt,1,2025,user_verified_folder,2025.0,False,[],included,,1,2811,1114,0,False
107-16@37dde01f5398,107-16,2016/Ordinance No. 0107-16.txt,1,2016,user_verified_folder,,False,[],included,,1,0,179,0,False
654-18@37fb387b141e,654-18,2018/Ordinance No. 0654-18.txt,1,2018,user_verified_folder,2018.0,False,[],included,,4,4256,353,0,False
15-19@37fc110be483,15-19,2019/Ordinance No. 015-19 (1).txt,1,2019,user_verified_folder,2019.0,False,[],included,,3,5035,436,2,False
635-21@38044be0ebad,635-21,2021/Ordinance No. 0635-21.txt,1,2021,user_verified_folder,,False,[],included,,6,2129,1289,1,False
312-20@383aeae102e2,312-20,2020/Ordinance No. 0312-20.txt,1,2020,user_verified_folder,2020.0,False,[],included,,1,8689,514,0,True
581-24@383b3619919a,581-24,2024/Ordinance No. 0581-24 Request of Lourdes Angeles (1).txt,1,2024,user_verified_folder,2024.0,False,[],included,,7,1625,679,0,False
575-21@38573ffb7508,575-21,2021/Ordinance No. 0575-21.txt,1,2021,user_verified_folder,,False,[],included,,1,6431,4043,0,True
459-24@38b430d0e5b7,459-24,2024/Ordinance No. 0459-24 -Deed of Donation Heirs of Imam Sahidan Camamara Sudagar (1).txt,1,2024,user_verified_folder,2024.0,False,[],included,,5,1815,761,0,False
474-24@38bf9b9b60a0,474-24,"2024/Ordinance No. 0474-24 MOA, DSWD-SLP (1).txt",1,2024,user_verified_folder,2024.0,False,[],included,,5,1614,781,1,False
242-20@38c53803f4ed,242-20,2020/Ordinance No. 0242-20.txt,1,2020,user_verified_folder,2020.0,False,[],included,,5,3127,371,2,False
710-21@3927d7cc5132,710-21,2021/Ordinance No. 000710-21.txt,1,2021,user_verified_folder,2021.0,False,[],included,,4,1627,855,0,False
136-19@399cc3ca9003,136-19,2019/Ordinance No. 0136-19 (1).txt,1,2019,user_verified_folder,,False,[],included,,5,10078,9556,0,False
631-18@39b92627ba99,631-18,2019/Ordinance No. 0631-18.txt,2,2019,human_year_override,,False,"[{""year"": 2019, ""file"": ""manual_year_overrides_2018.csv"", ""reviewer"": ""Lamsin"", ""evidence"": ""Header states it was released on 2019""}, {""year"": 2019, ""file"": ""manual_year_overrides_2018.csv"", ""reviewer"": ""Lamsin"", ""evidence"": ""Header states it was released on 2019""}]",included,,4,4128,356,1,False
296-20@39d0817fa51b,296-20,2020/Ordinance No. 0296-20.txt,1,2020,user_verified_folder,2020.0,False,[],included,,4,4967,663,1,False
261-23@39d32f031ddb,261-23,2023/Ordinance No. 0261-23 (2).txt,1,2023,user_verified_folder,2023.0,False,[],included,,3,1749,619,0,False
627-18@39de2074d169,627-18,2018/Ordinance No. 0627-18.txt,1,2018,user_verified_folder,2018.0,False,[],included,,4,4492,371,1,False
664-18@39f85e6239fb,664-18,2018/Ordinance No. 0664-18.txt,1,2018,user_verified_folder,2018.0,False,[],included,,5,5468,397,0,False
130-19@39f8eb1af1ff,130-19,2020/Ordinance No. 0130-19 (1).txt,2,2020,human_year_override,,False,"[{""year"": 2020, ""file"": ""manual_year_overrides_2019.csv"", ""reviewer"": ""Lamsin"", ""evidence"": ""header states it was released on 2020""}, {""year"": 2020, ""file"": ""manual_year_overrides_2019.csv"", ""reviewer"": ""Lamsin"", ""evidence"": ""header states it was released on 2020""}]",included,,4,4522,365,1,False
305-20@3a20d22414e6,305-20,2020/Ordinance No. 0305-20.txt,1,2020,user_verified_folder,2020.0,False,[],included,,5,4433,494,3,False
208-20@3a2877326fad,208-20,2020/Ordinance No. 0208-20.txt,1,2020,user_verified_folder,,False,[],included,,5,11980,19898,0,False
29-22@3a2d48b1427d,29-22,2022/Ordinance No. 000029-22.txt,1,2022,user_verified_folder,,False,[],included,,1,1568,953,0,True
113-22@3a5d55c71d81,113-22,2022/Ordinance No. 0113-22.txt,1,2022,user_verified_folder,2022.0,False,[],included,,7,1711,793,1,False
532-24@3a61bd68caae,532-24,2024/Ordinance No. 0532-24 (1).txt,1,2024,user_verified_folder,,False,[],included,,4,1968,829,0,False
464-24@3a910c3bdbfe,464-24,2024/Ordinance No. 0464-24 Mt. Apo as Geopark (1).txt,1,2024,user_verified_folder,2024.0,False,[],included,,10,1249,557,1,False
652-24@3a9a67a35997,652-24,2024/Ordinance No. 0652-24 (1).txt,1,2024,user_verified_folder,,False,[],included,,5,1637,630,0,False
628-24@3af5e0373142,628-24,2024/Ordinance No. 0628-24 Amending Section 317 of Revenue Code (1).txt,1,2024,user_verified_folder,2024.0,False,[],included,,1,1410,749,0,True
39-19@3b097e3d1733,39-19,2019/Ordinance No. 039-19 (1).txt,1,2019,user_verified_folder,2019.0,False,[],included,,4,4954,424,1,False
387-24@3b3856bd0cef,387-24,2024/Ordinance No. 0387-24 -Incentive Code (1).txt,1,2024,user_verified_folder,2024.0,False,[],included,,4,1507,682,0,False
795-19@3b58709fe095,795-19,2019/Ordinance No. 0795-19 (1).txt,1,2019,user_verified_folder,,False,[],included,,1,6932,16564,0,True
328-23@3b718627f8b7,328-23,2023/Ordinance No. 0328-23 (2).txt,1,2023,user_verified_folder,2023.0,False,[],included,,4,1860,982,0,False
315-20@3b7e6e56dc65,315-20,2020/Ordinance No. 0315-20.txt,1,2020,user_verified_folder,,False,[],included,,4,7953,9749,2,False
718-19@3b88811ee6ed,718-19,2019/Ordinance No. 0718-19 (1).txt,1,2019,user_verified_folder,,False,[],included,,5,7575,7344,0,False
21-22@3b91ba4f0d5e,21-22,2022/Ordinance No. 021-22.txt,1,2022,user_verified_folder,2022.0,False,[],included,,4,1551,833,0,False
170-19@3bc31bb28f4e,170-19,2019/Ordinance No. 0170-19 (1).txt,1,2019,user_verified_folder,2079.0,True,[],included,,6,7294,391,0,False
665-21@3bce919b03ef,665-21,2021/Ordinance No. 0665-21.txt,1,2021,user_verified_folder,,False,[],included,,4,1571,813,0,False
539-24@3bfab4b56764,539-24,2024/Ordinance No. 0539-24 Amending Maritime Coordinating Council (1).txt,1,2024,user_verified_folder,2024.0,False,[],included,,1,1529,747,0,True
58-22@3c0fcd8d9733,58-22,2022/Ordinance No. 058-22.txt,1,2022,user_verified_folder,2022.0,False,[],included,,1,1743,956,0,True
626-18@3c231ceecada,626-18,2018/Ordinance No. 0626-18.txt,1,2018,user_verified_folder,2018.0,False,[],included,,1,4379,377,0,True
439-18@3c40330b4102,439-18,2018/Ordinance No. 0439-18.txt,1,2018,user_verified_folder,,False,[],included,,1,6383,9404,0,False
597-18@3c660a3e0585,597-18,2018/Ordinance No. 0597-18.txt,1,2018,user_verified_folder,2018.0,False,[],included,,5,4760,468,0,False
238-20@3c775f8a5e5e,238-20,2020/Ordinance No. 0238-20.txt,1,1991,human_year_override,2020.0,True,"[{""year"": 1991, ""file"": ""manual_year_overrides_2020.csv"", ""reviewer"": """", ""evidence"": """"}]",excluded,outside 2016-2025 after human date correction,0,3811,402,0,False
80-22@3c79eff2eeda,80-22,2022/Ordinance No. 080-22.txt,1,2022,user_verified_folder,2022.0,False,[],included,,1,1739,901,0,True
36-16@3ca13c8f786d,36-16,2016/Ordinance No. 036-16.txt,1,2016,user_verified_folder,,False,[],included,,1,12514,5112,0,False
585-24@3cc70fff9d61,585-24,2024/Ordinance No. 0585-24 Amending Position Titles in CGD (1).txt,1,2024,user_verified_folder,,False,[],included,,1,1355,348,0,True
251-23@3cef58d2a492,251-23,2023/Ordinance No. 0251-23 (2).txt,1,2023,user_verified_folder,2023.0,False,[],included,,5,1448,757,0,False
488-16@3cf061bf8557,488-16,2016/Ordinance No. 0488-16.txt,1,2016,user_verified_folder,,False,[],included,,1,5289,213,0,False
450-18@3d0976986d05,450-18,2018/Ordinance No. 0450-18.txt,1,2018,user_verified_folder,,False,[],included,,1,10417,3715,0,False
449-18@3d181a236695,449-18,2018/Ordinance No. 0449-18.txt,1,2018,user_verified_folder,,False,[],included,,1,7338,286,0,False
265-17@3d21f4bbd485,265-17,2017/Ordinance No. 0265-17.txt,1,2017,user_verified_folder,,False,[],included,,4,6933,6305,1,False
247-20@3d449d3b7b63,247-20,2020/Ordinance No. 0247-20.txt,1,2020,user_verified_folder,2020.0,False,[],included,,1,7222,333,0,True
197-17@3d4a7ab73027,197-17,2017/Ordinance No. 0197-17.txt,1,2017,user_verified_folder,,False,[],included,,1,5898,6143,0,False
379-17@3d901bbbdb5f,379-17,2017/Ordinance No. 0379-17.txt,1,2017,user_verified_folder,2017.0,False,[],included,,1,9135,5395,0,True
246-17@3dbcf2eb2687,246-17,2017/Ordinance No. 0246-17.txt,1,2017,user_verified_folder,,False,[],included,,1,5098,9483,0,False
178-17@3de9fe66cbf0,178-17,2017/Ordinance No. 0178-17.txt,1,2017,user_verified_folder,,False,[],included,,2,7063,16182,0,False
588-24@3df23900e2a4,588-24,2024/Ordinance No. 0588-24 (1).txt,1,2024,user_verified_folder,,False,[],included,,3,1550,613,1,False
417-24@3df2f1115ab0,417-24,"2024/Ordinance No. 0417-24 -QRF, Lupon (1).txt",1,2024,user_verified_folder,,False,[],included,,3,1689,765,0,False
507-18@3e29039b1534,507-18,2018/Ordinance No. 0507-18.txt,1,2018,user_verified_folder,,False,[],included,,1,4383,404,0,False
11-19@3e3391dd11c6,11-19,2019/Ordinance No. 011-19 (1).txt,1,2019,user_verified_folder,,False,[],included,,2,5097,432,0,False
975-22@3e35c4b070e0,975-22,2022/Ordinance No. 0975-22.txt,1,2022,user_verified_folder,2022.0,False,[],included,,4,1676,795,0,False
234-20@3e675c2d6d02,234-20,2020/Ordinance No. 0234-20.txt,1,2020,user_verified_folder,,False,[],included,,6,4933,6200,0,False
86-16@3e6e2f8aeeec,86-16,2016/Ordinance No. 086-16.txt,1,2016,user_verified_folder,,False,[],included,,1,0,0,0,False
568-18@3e7753e2b2e9,568-18,2018/Ordinance No. 0568-18.txt,1,2018,user_verified_folder,,False,[],included,,4,4209,2614,1,False
57-16@3ec69d955c76,57-16,2016/Ordinance No. 057-16.txt,1,2016,user_verified_folder,,False,[],included,,4,1693,13037,0,False
461-24@3ed518232619,461-24,2024/Ordinance No. 0461-24 (1).txt,1,2024,user_verified_folder,,False,[],included,,1,2788,599,0,False
299-23@3ed86279f1e9,299-23,2023/Ordinance No. 0299-23 (2).txt,1,2023,user_verified_folder,,False,[],included,,3,1604,509,0,False
469-24@3edadf05b1ec,469-24,2024/Ordinance No. 0469-24 Deed of Sale Maria Lani Adaptar-Roque (1).txt,1,2024,user_verified_folder,2024.0,False,[],included,,5,1592,695,1,False
166-17@3ee878ce3298,166-17,2017/Ordinance No. 0166-17.txt,1,2017,user_verified_folder,,False,[],included,,1,0,395,0,False
687-24@3f1d5cfe5a0f,687-24,"2024/Ordinance No. 0687-24 QRF Tanauan, Batangas (1).txt",2,2024,user_verified_folder,2024.0,False,[],included,,7,1958,898,0,False
110-16@3f3b4063dff3,110-16,2016/Ordinance No. 0110-16.txt,1,2016,user_verified_folder,2016.0,False,[],included,,4,1567,413,1,False
798-19@3f3e5223d55d,798-19,2019/Ordinance No. 0798-19 (1).txt,1,2019,user_verified_folder,2019.0,False,[],included,,4,4529,410,1,False
700-24@3f597637cd30,700-24,2024/Ordinance No. 0700-24 Granting Insular Oil Corp. (1).txt,1,1991,human_year_override,2024.0,True,"[{""year"": 1991, ""file"": ""manual_year_overrides_2024.csv"", ""reviewer"": """", ""evidence"": """"}]",excluded,outside 2016-2025 after human date correction,0,1514,658,0,False
384-23@3f98eb0d6146,384-23,2023/Ordinance No. 0384-23 (2).txt,1,2023,user_verified_folder,2023.0,False,[],included,,6,1749,1021,0,False
511-16@3f9b31a1c79a,511-16,2016/Ordinance No. 0511-16.txt,1,2016,user_verified_folder,2016.0,False,[],included,,5,18645,764,0,False
548-24@3fb098ab8338,548-24,2024/Ordinance No. 0548-24 Water-Break Time (1).txt,1,2024,user_verified_folder,,False,[],included,,9,1483,450,0,False
498-18@3fc1175fe2bf,498-18,2018/Ordinance No. 0498-18.txt,1,2018,user_verified_folder,2018.0,False,[],included,,4,5200,345,0,False
42-19@3fef40c0d0ba,42-19,2019/Ordinance No. 042-19 (1).txt,1,2019,user_verified_folder,,False,[],included,,1,4248,356,0,True
236-20@4003ceeec705,236-20,2020/Ordinance No. 0236-20.txt,1,1991,human_year_override,2020.0,True,"[{""year"": 1991, ""file"": ""manual_year_overrides_2020.csv"", ""reviewer"": """", ""evidence"": """"}]",excluded,outside 2016-2025 after human date correction,0,13707,5610,0,False
510-16@40a214208fbe,510-16,2016/Ordinance No. 0510-16.txt,1,2016,user_verified_folder,,False,[],included,,1,7843,5053,0,False
9-16@40bd1edb1e93,9-16,2016/Ordinance No. 009-16.txt,1,2016,user_verified_folder,,False,[],included,,1,3450,0,0,False
478-18@40d48066e9e7,478-18,2018/Ordinance No. 0478-18.txt,1,2018,user_verified_folder,,False,[],included,,5,4657,434,0,False
284-23@40f2f7cdb4f1,284-23,2023/Ordinance No. 0284-23 (2).txt,1,2023,user_verified_folder,2023.0,False,[],included,,5,1782,993,1,False
546-18@40f4393f06e2,546-18,2018/Ordinance No. 0546-18.txt,1,2018,user_verified_folder,2018.0,False,[],included,,5,5389,453,0,False
146-17@41521fc46491,146-17,2017/Ordinance No. 0146-17.txt,1,2017,user_verified_folder,,False,[],included,,1,1702,23490,0,True
687-21@417434553411,687-21,2021/Ordinance No. 000687-21.txt,1,2021,user_verified_folder,,False,[],included,,1,1603,804,0,True
490-21@41b1ac352f3e,490-21,2021/Ordinance No. 0490-21.txt,1,2021,user_verified_folder,,False,[],included,,6,1507,760,0,False
719-21@41e82a72ec72,719-21,2021/Ordinance No. 000719-21.txt,1,2021,user_verified_folder,,False,[],included,,1,1464,771,0,True
776-25@41f766738a94,776-25,2025/Ordinance No. 0776-25.txt,1,2025,user_verified_folder,2025.0,False,[],included,,5,8412,682,0,False
111-19@420746308474,111-19,2019/Ordinance No. 0111-19 (1).txt,1,2019,user_verified_folder,,False,[],included,,4,5174,11150,0,False
210-20@421ef0f4e993,210-20,2020/Ordinance No. 0210-20.txt,1,2020,user_verified_folder,,False,[],included,,13,4875,410,1,False
26-16@4249db49d9d1,26-16,2016/Ordinance No. 026-16.txt,1,2016,user_verified_folder,,False,[],included,,1,0,239,0,False
169-23@424de85e896f,169-23,2023/Ordinance No. 0169-23 (2).txt,1,2023,user_verified_folder,2023.0,False,[],included,,4,1370,626,0,False
694-21@4272b504c5f6,694-21,2021/Ordinance No. 000694-21.txt,1,2021,user_verified_folder,,False,[],included,,3,1489,806,1,False
498-21@4279d81a59de,498-21,2021/Ordinance No. 0498-21.txt,1,2021,user_verified_folder,,False,[],included,,1,1457,11004,0,True
645-18@42953b989d20,645-18,2019/Ordinance No. 0645-18.txt,2,2019,human_year_override,,False,"[{""year"": 2019, ""file"": ""manual_year_overrides_2018.csv"", ""reviewer"": ""Lamsin"", ""evidence"": ""Header states it was released on 2019""}, {""year"": 2019, ""file"": ""manual_year_overrides_2018.csv"", ""reviewer"": ""Lamsin"", ""evidence"": ""Header states it was released on 2019""}]",included,,2,4194,261,0,False
199-17@42983b1c8bc0,199-17,2017/Ordinance No. 0199-17.txt,1,2017,user_verified_folder,,False,[],included,,1,0,0,0,False
592-21@42c76067e61a,592-21,2021/Ordinance No. 0592-21.txt,1,2021,user_verified_folder,,False,[],included,,1,1661,962,0,True
99-16@437edd1613e5,99-16,2016/Ordinance No. 099-16.txt,1,2016,user_verified_folder,,False,[],included,,1,1501,4251,0,False
636-24@43b233f704d0,636-24,2021/Ordinance No. 0636-24 Relief on Surcharge and Interest (1).txt,2,2021,human_year_override,2024.0,True,"[{""year"": 2021, ""file"": ""manual_year_overrides_2024.csv"", ""reviewer"": """", ""evidence"": """"}, {""year"": 2021, ""file"": ""manual_year_overrides_2024.csv"", ""reviewer"": """", ""evidence"": """"}]",included,,1,1424,610,0,True
606-18@43bd70bf3b26,606-18,2018/Ordinance No. 0606-18.txt,1,2018,user_verified_folder,,False,[],included,,1,0,0,0,False
577-21@43ead59847dc,577-21,2021/Ordinance No. 0577-21.txt,1,2021,user_verified_folder,,False,[],included,,6,1613,835,1,False
362-23@44007a652421,362-23,2024/Ordinance No. 0362-23 (2).txt,2,2024,human_year_override,2023.0,True,"[{""year"": 2024, ""file"": ""manual_year_overrides_2023.csv"", ""reviewer"": ""Nuril"", ""evidence"": ""Approved on june 9 2024""}, {""year"": 2024, ""file"": ""manual_year_overrides_2023.csv"", ""reviewer"": ""Nuril"", ""evidence"": ""Approved on june 9 2024""}]",included,,3,1454,726,1,False
978-22@448f52b07f3c,978-22,2022/Ordinance No. 0978-22.txt,1,2022,user_verified_folder,2022.0,False,[],included,,4,1469,672,0,False
681-21@44907725ecac,681-21,2021/Ordinance No. 000681-21.txt,1,2021,user_verified_folder,2021.0,False,[],included,,5,1603,826,1,False
316-23@44a5fb18958d,316-23,2023/Ordinance No. 0316-23 Lifting Wear Face Mask (2).txt,1,2023,user_verified_folder,2023.0,False,[],included,,7,1546,627,0,False
18-22@44cf8df1ae63,18-22,2022/Ordinance No. 018-22  Amendment PSSO creation.txt,1,2022,user_verified_folder,2022.0,False,[],included,,1,1373,2001,0,True
313-20@44d1723c9c2d,313-20,2020/Ordinance No. 0313-20.txt,1,2020,user_verified_folder,,False,[],included,,1,8178,7569,0,True
582-24@44f63bf69ae1,582-24,2024/Ordinance No. 0582-24 Request for Consent and Authority (1).txt,1,2024,user_verified_folder,2024.0,False,[],included,,6,1686,788,1,False
192-23@4548771f8d0d,192-23,2025/Ordinance No. 0192-23 (2).txt,2,2025,human_year_override,2023.0,True,"[{""year"": 2025, ""file"": ""manual_year_overrides_2023.csv"", ""reviewer"": ""Nuril"", ""evidence"": ""Approved on march 8 2025""}, {""year"": 2025, ""file"": ""manual_year_overrides_2023.csv"", ""reviewer"": ""Nuril"", ""evidence"": ""Approved on march 8 2025""}]",included,,23,7113,473,2,False
216-23@455de56142bc,216-23,2023/Ordinance No. 0216-23 BFP Purchase Motor Vehicle (2).txt,1,2023,user_verified_folder,2023.0,False,[],included,,4,1871,1113,0,False
859-22@456e06b3d53c,859-22,2022/Ordinance No. 000859-22.txt,2,2022,user_verified_folder,,False,[],included,,3,1518,544,1,False
370-23@45ae56bb74ec,370-23,2023/Ordinance No. 0370-23 (2).txt,1,2023,user_verified_folder,2023.0,False,[],included,,1,1489,808,0,True
133-19@45c99e83fdfd,133-19,2020/Ordinance No. 0133-19 (1).txt,2,2020,human_year_override,,False,"[{""year"": 2020, ""file"": ""manual_year_overrides_2019.csv"", ""reviewer"": ""Lamsin"", ""evidence"": ""header states it was released on 2020""}, {""year"": 2020, ""file"": ""manual_year_overrides_2019.csv"", ""reviewer"": ""Lamsin"", ""evidence"": ""header states it was released on 2020""}]",included,,3,4714,433,1,False
493-16@45dc96411ad4,493-16,2016/Ordinance No. 0493-16.txt,1,2016,user_verified_folder,,False,[],included,,1,0,212,0,False
382-23@4608b1d0e953,382-23,2024/Ordinance No. 0382-23 (2).txt,2,2024,human_year_override,2023.0,True,"[{""year"": 2024, ""file"": ""manual_year_overrides_2023.csv"", ""reviewer"": ""Nuril"", ""evidence"": ""Approved on Jan 22 2024""}, {""year"": 2024, ""file"": ""manual_year_overrides_2023.csv"", ""reviewer"": ""Nuril"", ""evidence"": ""Approved on Jan 22 2024""}]",included,,3,2433,955,0,False
241-23@4625db6a6bcf,241-23,2023/Ordinance No. 0241-23 (2).txt,1,2023,user_verified_folder,2023.0,False,[],included,,2,2102,788,0,False
711-24@46396c01652b,711-24,2024/Ordinance No. 0711-24 Approve ABKA and ADORE (1).txt,1,2024,user_verified_folder,2024.0,False,[],included,,7,1645,925,0,False
398-18@464c8d59b3cb,398-18,2018/Ordinance No. 0398-18.txt,1,2018,user_verified_folder,,False,[],included,,5,5185,389,0,False
163-23@4662c94adcf1,163-23,"2023/Ordinance No. 0163-23 -MOA, DOH 5M Sub-Allotment (2).txt",1,2023,user_verified_folder,,False,[],included,,5,1652,691,0,False
64-22@466c3ca15624,64-22,2022/Ordinance No. 064-22.txt,1,2022,user_verified_folder,2022.0,False,[],included,,1,1756,918,0,True
50-19@46842dd5a987,50-19,2019/Ordinance No. 050-19 (1).txt,1,2019,user_verified_folder,,False,[],included,,4,4927,377,0,False
192-17@46a76aafae31,192-17,2017/Ordinance No. 0192-17.txt,1,2017,user_verified_folder,,False,[],included,,6,6420,8503,0,False
93-22@46b39d588575,93-22,2022/Ordinance No. 093-22.txt,1,2022,user_verified_folder,2022.0,False,[],included,,3,1743,940,0,False
233-17@46b912ed13f8,233-17,2017/Ordinance No. 0233-17.txt,1,2017,user_verified_folder,2017.0,False,[],included,,6,4576,409,0,False
540-18@46d37b6d17ce,540-18,2018/Ordinance No. 0540-18.txt,1,2018,user_verified_folder,2018.0,False,[],included,,1,6984,406,0,True
116-22@46eaa9243943,116-22,2022/Ordinance No. 0116-22.txt,1,2022,user_verified_folder,2022.0,False,[],included,,9,1784,810,0,False
508-16@46f7a8335e63,508-16,2016/Ordinance No. 0508-16.txt,1,2016,user_verified_folder,,False,[],included,,1,4503,155,0,False
408-24@47187a960b69,408-24,2024/Ordinance No. 0408-24 -QRF Welfare Goods (1).txt,1,2024,user_verified_folder,2024.0,False,[],included,,6,1624,837,0,False
276-20@4730d200d558,276-20,2020/Ordinance No. 0276-20.txt,1,2020,user_verified_folder,,False,[],included,,4,10946,13645,1,False
686-24@476743992d54,686-24,"2024/Ordinance No. 0686-24 QRF Dagupan, Pangasinan (1).txt",2,2024,user_verified_folder,2024.0,False,[],included,,7,1871,900,0,False
339-23@476a6ba53b03,339-23,2023/Ordinance No. 0339-23 (2).txt,1,2023,user_verified_folder,2023.0,False,[],included,,6,1675,779,0,False
746-19@477936c459a9,746-19,2019/Ordinance No. 0746-19 (1).txt,1,2019,user_verified_folder,,False,[],included,,3,17671,6758,1,False
139-17@47895a7c159f,139-17,2017/Ordinance No. 0139-17.txt,1,2017,user_verified_folder,,False,[],included,,1,1688,434,0,True
196-20@47a0ace5a10b,196-20,2020/Ordinance No. 0196-20.txt,1,2020,user_verified_folder,2020.0,False,[],included,,4,4451,455,1,False
9-19@47baab001e0f,9-19,2019/Ordinance No. 009-19 (1).txt,1,2019,user_verified_folder,,False,[],included,,4,4973,411,0,False
653-24@47d121f5210d,653-24,2024/Ordinance No. 0653-24 MOA SPMC BUCAS (1).txt,1,2024,user_verified_folder,2024.0,False,[],included,,4,1618,747,1,False
129-16@486ec29b3c75,129-16,2016/Ordinance No. 0129-16.txt,1,2016,user_verified_folder,2016.0,False,[],included,,4,1579,444,1,False
501-16@486ef6621fdf,501-16,2016/Ordinance No. 0501-16.txt,1,2016,user_verified_folder,,False,[],included,,1,1852,0,0,False
377-23@489843583512,377-23,2023/Ordinance No. 0377-23 (2).txt,1,2023,user_verified_folder,2023.0,False,[],included,,6,1479,716,0,False
386-24@48b22322a560,386-24,2024/Ordinance No. 0386-24 -MOU Feeding (1).txt,1,2024,user_verified_folder,2024.0,False,[],included,,4,1853,1017,1,False
335-17@48c7964e5179,335-17,2017/Ordinance No. 0335-17.txt,1,2017,user_verified_folder,,False,[],included,,4,13224,10167,1,False
290-23@48e110a6c371,290-23,2023/Ordinance No. 0290-23 DCHO (2).txt,1,2023,user_verified_folder,,False,[],included,,1,1318,698,0,True
374-17@492ea665e21a,374-17,2017/Ordinance No. 0374-17.txt,1,2017,user_verified_folder,,False,[],included,,1,0,0,0,False
245-17@49370c029ca8,245-17,2017/Ordinance No. 0245-17.txt,1,2017,user_verified_folder,,False,[],included,,1,6015,8837,0,False
518-18@496866a74b32,518-18,2018/Ordinance No. 0518-18.txt,1,2018,user_verified_folder,2018.0,False,[],included,,1,5108,344,0,True
108-22@4975329844aa,108-22,2022/Ordinance No. 0108-22.txt,1,2022,user_verified_folder,,False,[],included,,1,1571,611,0,True
232-23@49a0f601038b,232-23,2023/Ordinance No. 0232-23 (2).txt,1,2023,user_verified_folder,2023.0,False,[],included,,4,1636,648,0,False
180-20@49e4a927fd69,180-20,2020/Ordinance No. 0180-20.txt,1,2020,user_verified_folder,2020.0,False,[],included,,4,4803,453,0,False
268-20@4a0e10594ec4,268-20,2020/Ordinance No. 0268-20.txt,1,2020,user_verified_folder,,False,[],included,,1,8792,12883,0,True
127-16@4a281cb57944,127-16,2016/Ordinance No. 0127-16.txt,1,2016,user_verified_folder,,False,[],included,,5,1660,38148,0,False
66-19@4a66b3266c05,66-19,2019/Ordinance No. 066-19 (1).txt,1,2019,user_verified_folder,,False,[],included,,6,4142,421,1,False
83-22@4a6e00237b63,83-22,2022/Ordinance No. 083-22.txt,1,2022,user_verified_folder,2022.0,False,[],included,,1,1950,1101,0,True
666-18@4aec8ae696f3,666-18,2018/Ordinance No. 0666-18.txt,1,2018,user_verified_folder,,False,[],included,,4,4151,394,0,False
278-17@4af8398b04cb,278-17,2017/Ordinance No. 0278-17.txt,1,2017,user_verified_folder,,False,[],included,,1,0,0,0,False
5-16@4b030c02c7b6,5-16,2016/Ordinance No. 005-16.txt,1,2016,user_verified_folder,,False,[],included,,1,4465,328,0,False
626-24@4b1865d46e18,626-24,2024/Ordinance No. 0626-24 MOA DOH-CHD HEA (1).txt,1,2024,user_verified_folder,2024.0,False,[],included,,3,1590,891,1,False
159-17@4b81950fcbaa,159-17,2017/Ordinance No. 0159-17.txt,1,2017,user_verified_folder,,False,[],included,,1,0,355,0,False
881-22@4ba6ba64a9a7,881-22,2022/Ordinance No. 000881-22.txt,2,2022,user_verified_folder,2022.0,False,[],included,,3,1457,667,0,False
105-16@4bdddec5af65,105-16,2016/Ordinance No. 0105-16.txt,1,2016,user_verified_folder,,False,[],included,,5,1647,409,0,False
19-16@4be3687709b3,19-16,2016/Ordinance No. 019-16.txt,1,2016,user_verified_folder,,False,[],included,,4,8259,12135,0,False
678-19@4be6be618591,678-19,2019/Ordinance No. 0678-19 (1).txt,1,2019,human_year_override,,False,"[{""year"": 2019, ""file"": ""manual_year_overrides_2019.csv"", ""reviewer"": ""Lamsin"", ""evidence"": ""header states it was released on 2019""}]",included,,1,3926,380,0,True
506-24@4be919bff810,506-24,2024/Ordinance No. 0506-24 Addendum DOAS with Extrajudicial Settlement M. Baradi (1).txt,1,2024,user_verified_folder,2024.0,False,[],included,,5,1633,775,0,False
556-18@4bf8a360d680,556-18,2018/Ordinance No. 0556-18.txt,1,2018,user_verified_folder,,False,[],included,,1,0,237,0,False
489-24@4c215909a724,489-24,2024/Ordinance No. 0489-24 Comprehensive Liquor Code of DC (1).txt,1,2024,user_verified_folder,2024.0,False,[],included,,1,0,767,0,True
551-21@4c3574df7b28,551-21,2021/Ordinance No. 0551-21.txt,1,2021,user_verified_folder,,False,[],included,,6,1983,775,1,False
778-25@4c43236b98f1,778-25,2025/Ordinance No. 0778-25.txt,1,2025,user_verified_folder,2025.0,False,[],included,,7,6742,796,0,False
543-24@4c4f47f519fb,543-24,2024/Ordinance No. 0543-24 (1).txt,1,2024,user_verified_folder,,False,[],included,,3,1515,638,0,False
718-21@4c52e0617436,718-21,2021/Ordinance No. 000718-21.txt,1,2021,user_verified_folder,2021.0,False,[],included,,3,1729,925,1,False
780-21@4c624562cc4d,780-21,2019/Ordinance No. 000780-21.txt,2,2019,human_year_override,,False,"[{""year"": 2019, ""file"": ""manual_year_overrides_2021.csv"", ""reviewer"": """", ""evidence"": """"}, {""year"": 2019, ""file"": ""manual_year_overrides_2021.csv"", ""reviewer"": """", ""evidence"": """"}]",included,,4,1715,953,1,False
724-19@4c653bd5f701,724-19,2019/Ordinance No. 0724-19 (1).txt,1,2019,user_verified_folder,,False,[],included,,3,4820,439,1,False
665-24@4c9a066d3bd4,665-24,"2024/Ordinance No. 0665-24 QRF San Fernando, Masbate (1).txt",1,2024,user_verified_folder,2024.0,False,[],included,,7,1961,909,0,False
51-19@4cb86330ad36,51-19,2019/Ordinance No. 051-19 (1).txt,1,2019,user_verified_folder,,False,[],included,,4,5549,11081,1,False
158-19@4ccce115909c,158-19,2019/Ordinance No. 0158-19 (1).txt,1,2019,user_verified_folder,,False,[],included,,5,5316,389,0,False
723-21@4cd1c8df0e20,723-21,2021/Ordinance No. 000723-21.txt,1,2021,user_verified_folder,2021.0,False,[],included,,4,1971,781,1,False
458-18@4d84a13acb48,458-18,2018/Ordinance No. 0458-18.txt,1,2018,user_verified_folder,2018.0,False,[],included,,7,4959,349,1,False
261-17@4d955134c54c,261-17,2017/Ordinance No. 0261-17.txt,1,2017,user_verified_folder,2017.0,False,[],included,,4,5752,5814,1,False
475-21@4d99da9c2894,475-21,2023/Ordinance No. 0475-21.txt,2,2023,human_year_override,,False,"[{""year"": 2023, ""file"": ""manual_year_overrides_2021.csv"", ""reviewer"": """", ""evidence"": """"}, {""year"": 2023, ""file"": ""manual_year_overrides_2021.csv"", ""reviewer"": """", ""evidence"": """"}]",included,,6,1338,539,2,False
742-25@4db73d8e4b09,742-25,2025/Ordinance No. 0742-25.txt,1,2025,user_verified_folder,2025.0,False,[],included,,15,5193,472,2,False
314-17@4dde431ad250,314-17,2017/Ordinance No. 0314-17.txt,1,2017,user_verified_folder,,False,[],included,,4,6524,10531,1,False
193-23@4e267aba574b,193-23,2023/Ordinance No. 0193-23 Amendment Peace 911 (2).txt,1,2023,user_verified_folder,,False,[],included,,6,1549,569,0,False
463-24@4e51f2ac2c4a,463-24,2024/Ordinance No. 0463-24 -DOD Luciana Dela Calzada (1).txt,1,2024,user_verified_folder,2024.0,False,[],included,,5,1492,697,0,False
758-19@4e63161cae19,758-19,2019/Ordinance No. 0758-19 (1).txt,1,2019,user_verified_folder,,False,[],included,,3,7941,8588,0,False
650-24@4eafd564f1bf,650-24,2024/Ordinance No. 0650-24 (1).txt,1,2024,user_verified_folder,,False,[],included,,2,1695,699,0,False
394-18@4eb93553d476,394-18,2018/Ordinance No. 0394-18.txt,1,2018,user_verified_folder,2018.0,False,[],included,,5,7610,436,0,False
2-19@4ee6f9ba18cf,2-19,2019/Ordinance No. 002-19 (1).txt,1,2019,user_verified_folder,,False,[],included,,5,4772,427,0,False
896-22@4ee8779d3268,896-22,2022/Ordinance No. 000896-22.txt,1,2022,user_verified_folder,,False,[],included,,5,1792,14710,0,False
882-22@4f059172816a,882-22,2022/Ordinance No. 000882-22.txt,1,2022,user_verified_folder,2022.0,False,[],included,,2,1462,675,0,False
762-21@4f2537dd6061,762-21,2021/Ordinance No. 000762-21.txt,1,2021,user_verified_folder,2021.0,False,[],included,,7,2032,1276,0,False
511-21@4f2753ffb486,511-21,2021/Ordinance No. 0511-21.txt,1,2021,user_verified_folder,,False,[],included,,4,1712,6415,1,False
219-23@4f30ff5030da,219-23,2023/Ordinance No. 0219-23 (2).txt,1,2023,user_verified_folder,2023.0,False,[],included,,5,1595,773,0,False
578-24@4f3346dc5f85,578-24,2024/Ordinance No. 0578-24 (1).txt,1,2024,user_verified_folder,,False,[],included,,3,1542,543,0,False
798-21@4f768ea6fde9,798-21,2021/Ordinance No. 000798-21.txt,1,2021,user_verified_folder,,False,[],included,,6,1850,1000,0,False
658-18@4fb0dd0a54bf,658-18,2019/Ordinance No. 0658-18.txt,2,2019,human_year_override,2018.0,True,"[{""year"": 2019, ""file"": ""manual_year_overrides_2018.csv"", ""reviewer"": ""Lamsin"", ""evidence"": ""Header states it was released on 2019""}, {""year"": 2019, ""file"": ""manual_year_overrides_2018.csv"", ""reviewer"": ""Lamsin"", ""evidence"": ""Header states it was released on 2019""}]",included,,4,4249,381,0,False
739-19@4fb39400f182,739-19,2019/Ordinance No. 0739-19 (1).txt,1,2019,user_verified_folder,2019.0,False,[],included,,4,7826,380,0,False
381-17@4fd910a70efd,381-17,2017/Ordinance No. 0381-17.txt,1,2017,user_verified_folder,2017.0,False,[],included,,1,4258,392,0,True
768-21@4ff914d5079e,768-21,2021/Ordinance No. 000768-21.txt,1,2021,user_verified_folder,2021.0,False,[],included,,5,1674,830,1,False
486-16@5048e206d178,486-16,2016/Ordinance No. 0486-16.txt,1,2016,user_verified_folder,,False,[],included,,1,4425,291,0,False
605-18@504cc783acb9,605-18,2018/Ordinance No. 0605-18.txt,1,2018,user_verified_folder,2018.0,False,[],included,,1,4668,379,0,True
650-18@50742aac0775,650-18,2018/Ordinance No. 0650-18.txt,1,2018,user_verified_folder,2018.0,False,[],included,,5,4200,370,0,False
142-23@50b4c849bd03,142-23,2023/Ordinance No. 0142-23 -QRF Ozamiz (2).txt,1,2023,user_verified_folder,2023.0,False,[],included,,6,1631,893,0,False
140-17@50bc0ea6660d,140-17,2017/Ordinance No. 0140-17.txt,1,2017,user_verified_folder,,False,[],included,,1,1538,218,0,False
1006-22@50c48bce929c,1006-22,2022/Ordinance No. 01006-22.txt,1,2022,user_verified_folder,2022.0,False,[],included,,3,1748,883,0,False
352-23@50d5bc9c47ca,352-23,2023/Ordinance No. 0352-23 (2).txt,1,2023,user_verified_folder,2023.0,False,[],included,,5,1574,954,1,False
317-20@50d6b6114d4f,317-20,2020/Ordinance No. 0317-20.txt,1,2020,user_verified_folder,,False,[],included,,1,11031,9365,0,True
36-22@50e74de67ade,36-22,2022/Ordinance No. 000036-22.txt,1,2022,user_verified_folder,2022.0,False,[],included,,6,1650,917,0,False
509-16@50e77debec7d,509-16,2016/Ordinance No. 0509-16.txt,1,2016,user_verified_folder,,False,[],included,,1,6592,9012,0,False
66-16@50eebea81463,66-16,2016/Ordinance No. 066-16.txt,1,2016,user_verified_folder,,False,[],included,,1,1585,4472,0,False
756-21@5167f0900ac7,756-21,2021/Ordinance No. 000756-21.txt,1,2021,user_verified_folder,,False,[],included,,1,1526,830,0,True
297-23@518c432ad604,297-23,2023/Ordinance No. 0297-23 (2).txt,1,2023,user_verified_folder,2023.0,False,[],included,,6,1879,1073,0,False
542-24@51bc2f9139e2,542-24,2024/Ordinance No. 0542-24 (1).txt,1,2024,user_verified_folder,2024.0,False,[],included,,4,1455,679,1,False
500-16@51cf6a1a244f,500-16,2016/Ordinance No. 0500-16.txt,1,2016,user_verified_folder,,False,[],included,,1,5638,247,0,False
705-19@51d4f4c29835,705-19,2019/Ordinance No. 0705-19 (1).txt,1,2019,user_verified_folder,,False,[],included,,4,4886,372,1,False
55-19@524396359b1d,55-19,2019/Ordinance No. 055-19 (1).txt,1,2019,user_verified_folder,,False,[],included,,3,1638,463,2,False
544-18@526b6799b2bb,544-18,2018/Ordinance No. 0544-18.txt,1,2018,user_verified_folder,2018.0,False,[],included,,1,6388,324,0,True
639-21@528ad09cdb94,639-21,2021/Ordinance No. 0639-21.txt,1,2021,user_verified_folder,,False,[],included,,6,2065,1255,0,False
166-19@52adba39ef66,166-19,2019/Ordinance No. 0166-19 (1).txt,1,2019,user_verified_folder,,False,[],included,,1,4633,2011,0,True
152-23@52b94c275e95,152-23,2023/Ordinance No. 000152-23 (2).txt,1,2023,user_verified_folder,2023.0,False,[],included,,5,2153,874,0,False
603-18@530ef83a1f66,603-18,2018/Ordinance No. 0603-18.txt,1,2018,user_verified_folder,2018.0,False,[],included,,6,4287,452,1,False
725-21@5326d432af00,725-21,2021/Ordinance No. 000725-21.txt,1,2021,user_verified_folder,2021.0,False,[],included,,2,1624,866,0,False
590-21@532b8bdd87c1,590-21,2021/Ordinance No. 0590-21.txt,1,2021,user_verified_folder,2021.0,False,[],included,,4,1447,661,0,False
326-20@5334000dda3e,326-20,2020/Ordinance No. 0326-20.txt,1,2020,user_verified_folder,2020.0,False,[],included,,4,4633,616,0,False
741-21@5350aefc17e4,741-21,2021/Ordinance No. 0741-21.txt,1,2021,user_verified_folder,,False,[],included,,1,8825,11716,0,True
123-16@5362cde174f0,123-16,2016/Ordinance No. 0123-16.txt,1,2016,user_verified_folder,,False,[],included,,1,0,7612,0,False
660-21@53755ca20d92,660-21,2021/Ordinance No. 0660-21.txt,1,2021,user_verified_folder,,False,[],included,,1,3829,14522,0,True
632-24@537a730cf97c,632-24,2024/Ordinance No. 0632-24 Amend Ord.433-20 CCD (1).txt,1,2024,user_verified_folder,2024.0,False,[],included,,1,1557,665,0,True
587-21@53871c1392af,587-21,2021/Ordinance No. 0587-21.txt,1,2021,user_verified_folder,,False,[],included,,5,5552,30046,0,False
525-24@538a4add81d3,525-24,2024/Ordinance No. 0525-24 MOA Comm. on Population and Development (1).txt,1,2024,user_verified_folder,2024.0,False,[],included,,3,1682,925,0,False
313-17@538b21746156,313-17,2017/Ordinance No. 0313-17.txt,1,2017,user_verified_folder,,False,[],included,,5,6576,6262,0,False
448-18@53a2eac9fc3d,448-18,2018/Ordinance No. 0448-18.txt,1,2018,user_verified_folder,,False,[],included,,1,7735,4278,0,False
475-18@53ca18f379a5,475-18,2018/Ordinance No. 0475-18.txt,1,2018,user_verified_folder,,False,[],included,,1,4760,33,0,False
782-25@53d0c1147f6d,782-25,2025/Ordinance No. 0782-25.txt,1,2025,user_verified_folder,2025.0,False,[],included,,3,9655,1057,0,False
112-19@53d7eaf7ce16,112-19,2019/Ordinance No. 0112-19 (1).txt,1,2019,user_verified_folder,,False,[],included,,4,7434,406,1,False
117-16@53e2e761a8b3,117-16,2016/Ordinance No. 0117-16.txt,1,2016,user_verified_folder,,False,[],included,,2,110273,0,0,False
160-17@5427a6c82f8a,160-17,2017/Ordinance No. 0160-17.txt,1,2017,user_verified_folder,,False,[],included,,1,0,0,0,False
120-16@5453137f16e3,120-16,2016/Ordinance No. 0120-16.txt,1,2016,user_verified_folder,2016.0,False,[],included,,1,0,409,0,False
928-22@5492d8571e44,928-22,2022/Ordinance No. 0928-22.txt,1,2022,user_verified_folder,,False,[],included,,6,1654,590,0,False
144-19@54b9f6a168b4,144-19,2019/Ordinance No. 0144-19 (1).txt,1,2019,user_verified_folder,2019.0,False,[],included,,6,7089,728,0,False
506-18@54ca76af5e89,506-18,2018/Ordinance No. 0506-18.txt,1,2018,user_verified_folder,2018.0,False,[],included,,2,4866,446,1,False
446-24@54cc5b13fab3,446-24,2024/Ordinance No. 0446-24 (1).txt,1,2024,user_verified_folder,2024.0,False,[],included,,5,1459,617,0,False
294-17@54d0e7f4496e,294-17,2017/Ordinance No. 0294-17.txt,1,2017,user_verified_folder,,False,[],included,,1,0,121,0,False
715-21@54dc6a1a01b6,715-21,2021/Ordinance No. 000715-21.txt,1,2021,user_verified_folder,,False,[],included,,3,1740,988,1,False
929-22@54ed3f9e96db,929-22,2022/Ordinance No. 000929-22.txt,2,2022,user_verified_folder,2022.0,False,[],included,,6,1598,840,0,False
484-24@54f693dbe49e,484-24,2024/Ordinance No. 0484-24 (1).txt,1,2024,user_verified_folder,,False,[],included,,2,2745,635,0,False
34-22@5535c8363c01,34-22,2022/Ordinance No. 034-22.txt,1,2022,user_verified_folder,2022.0,False,[],included,,4,1631,919,1,False
611-21@554ad4825459,611-21,2021/Ordinance No. 0611-21.txt,1,2021,user_verified_folder,2021.0,False,[],included,,4,5163,768,1,False
505-21@5553de2fd814,505-21,2021/Ordinance No. 0505-21.txt,1,2021,user_verified_folder,,False,[],included,,5,1563,43084,0,False
600-18@55629b1fdca9,600-18,2018/Ordinance No. 0600-18.txt,1,2018,user_verified_folder,2018.0,False,[],included,,4,4702,469,1,False
183-17@5565f7387453,183-17,2017/Ordinance No. 0183-17.txt,1,2017,user_verified_folder,,False,[],included,,1,6669,293,0,False
767-25@55682f8412eb,767-25,2025/Ordinance No. 0767-25.txt,1,2025,user_verified_folder,2025.0,False,[],included,,1,12198,4574,0,True
349-17@557d2a89bbb1,349-17,2017/Ordinance No. 0349-17.txt,1,2017,user_verified_folder,,False,[],included,,1,0,20844,0,False
349-23@558179e2dee7,349-23,2023/Ordinance No. 0349-23 Amendment CPDO (2).txt,1,2023,user_verified_folder,2023.0,False,[],included,,1,1413,1996,0,True
262-17@56137ff150f6,262-17,2018/Ordinance No. 0262-17.txt,2,2018,human_year_override,,False,"[{""year"": 2018, ""file"": ""manual_year_overrides_2017.csv"", ""reviewer"": ""Lamsin"", ""evidence"": ""header states that it is released on 2018""}, {""year"": 2018, ""file"": ""manual_year_overrides_2017.csv"", ""reviewer"": ""Lamsin"", ""evidence"": ""header states that it is released on 2018""}]",included,,1,9782,7258,0,False
382-18@56354bdf8786,382-18,2018/Ordinance No. 0382-18.txt,1,2018,user_verified_folder,2018.0,False,[],included,,1,3932,457,0,True
30-22@568daf91f136,30-22,2022/Ordinance No. 000030-22.txt,1,2022,user_verified_folder,2022.0,False,[],included,,5,1653,972,0,False
97-19@56a69c0a4940,97-19,2019/Ordinance No. 097-19 (1).txt,1,2019,user_verified_folder,,False,[],included,,5,6451,386,1,False
141-17@56e23c311fd9,141-17,2017/Ordinance No. 0141-17.txt,1,2017,user_verified_folder,,False,[],included,,3,7585,0,0,False
398-24@56e307f9d474,398-24,"2024/Ordinance No. 0398-24 -MOA, R. Dagocdocan (1).txt",1,2024,user_verified_folder,,False,[],included,,3,2245,645,0,False
49-16@5711b11dc5e0,49-16,2016/Ordinance No. 049-16.txt,1,2016,user_verified_folder,,False,[],included,,1,1651,49041,0,True
955-22@5713741a218c,955-22,2022/Ordinance No. 0955-22.txt,1,2022,user_verified_folder,2022.0,False,[],included,,4,1627,870,1,False
309-17@5721f0570bbe,309-17,2017/Ordinance No. 0309-17.txt,1,2017,user_verified_folder,2077.0,True,[],included,,4,4650,411,1,False
276-23@5737364f2156,276-23,2023/Ordinance No. 0276-23 (2).txt,1,2023,user_verified_folder,2023.0,False,[],included,,4,1512,763,0,False
15-16@573e0453f740,15-16,2016/Ordinance No. 015-16.txt,1,2016,user_verified_folder,,False,[],included,,1,1781,0,0,False
527-18@575afefa8d2d,527-18,2018/Ordinance No. 0527-18.txt,1,2018,user_verified_folder,2018.0,False,[],included,,4,4636,480,1,False
1001-22@577216639864,1001-22,2022/Ordinance No. 01001-22.txt,1,2022,user_verified_folder,,False,[],included,,6,1497,8652,0,False
307-17@577e99977436,307-17,2017/Ordinance No. 0307-17.txt,1,2017,user_verified_folder,,False,[],included,,1,4124,142,0,False
324-17@57bce9480c32,324-17,2017/Ordinance No. 0324-17.txt,1,2017,user_verified_folder,2017.0,False,[],included,,6,13586,3534,0,False
39-16@57de53299850,39-16,2016/Ordinance No. 039-16.txt,1,2016,user_verified_folder,,False,[],included,,1,12245,5492,0,False
752-21@57f1b68303ab,752-21,2021/Ordinance No. 000752-21.txt,1,2021,user_verified_folder,,False,[],included,,5,2032,1236,0,False
124-19@57fcf16375d7,124-19,2020/Ordinance No. 0124-19 (1).txt,2,2020,human_year_override,,False,"[{""year"": 2020, ""file"": ""manual_year_overrides_2019.csv"", ""reviewer"": ""Lamsin"", ""evidence"": ""header states it was released on 2020""}, {""year"": 2020, ""file"": ""manual_year_overrides_2019.csv"", ""reviewer"": ""Lamsin"", ""evidence"": ""header states it was released on 2020""}]",included,,4,4413,356,0,False
283-17@58188f81fa60,283-17,2017/Ordinance No. 0283-17.txt,1,2017,user_verified_folder,2017.0,False,[],included,,4,5911,500,1,False
791-25@5826489af80d,791-25,2025/Ordinance No. 0791-25.txt,1,2025,user_verified_folder,2025.0,False,[],included,,1,8776,706,0,False
222-20@583e759d0a0c,222-20,2020/Ordinance No. 0222-20.txt,1,2020,user_verified_folder,2020.0,False,[],included,,3,4861,341,0,False
646-24@584cd305e081,646-24,2024/Ordinance No. 0646-24 (1).txt,1,2024,user_verified_folder,,False,[],included,,2,3331,577,0,False
76-19@5863200efe4b,76-19,2019/Ordinance No. 076-19 (1).txt,1,2019,user_verified_folder,2019.0,False,[],included,,3,4850,427,0,False
622-21@5864a91c0efe,622-21,2021/Ordinance No. 0622-21.txt,1,2021,user_verified_folder,,False,[],included,,1,1493,688,0,True
794-19@586d4994c71f,794-19,2019/Ordinance No. 0794-19 (1).txt,1,2019,user_verified_folder,2079.0,True,[],included,,4,8986,4619,0,False
698-24@58793ccdf5c6,698-24,2024/Ordinance No. 0698-24 SB2 (1).txt,1,2024,user_verified_folder,2024.0,False,[],included,,6,1594,760,0,False
510-18@58797f5b1f3d,510-18,2018/Ordinance No. 0510-18.txt,1,2018,user_verified_folder,2018.0,False,[],included,,4,5241,424,1,False
103-19@588c26ed56f7,103-19,2020/Ordinance No. 0103-19 (1).txt,2,2020,human_year_override,,False,"[{""year"": 2020, ""file"": ""manual_year_overrides_2019.csv"", ""reviewer"": ""Lamsin"", ""evidence"": ""header states it was released on 2020""}, {""year"": 2020, ""file"": ""manual_year_overrides_2019.csv"", ""reviewer"": ""Lamsin"", ""evidence"": ""header states it was released on 2020""}]",included,,7,8505,5051,1,False
147-19@5896a5df8069,147-19,2019/Ordinance No. 0147-19 (1).txt,1,2019,user_verified_folder,2019.0,False,[],included,,1,4492,354,0,True
368-23@58a30420b0aa,368-23,2023/Ordinance No. 0368-23 (2).txt,1,2023,user_verified_folder,2023.0,False,[],included,,1,1485,842,0,True
638-18@58ab1c58fc0e,638-18,2018/Ordinance No. 0638-18.txt,1,2018,user_verified_folder,2018.0,False,[],included,,4,3950,372,1,False
487-16@58b12a5628c7,487-16,2016/Ordinance No. 0487-16.txt,1,2016,user_verified_folder,,False,[],included,,1,27322,63,0,False
591-21@58b51abd8924,591-21,2021/Ordinance No. 0591-21.txt,1,2021,user_verified_folder,,False,[],included,,4,1408,599,1,False
534-21@58cd6a2eadc8,534-21,2021/Ordinance No. 0534-21.txt,1,2021,user_verified_folder,,False,[],included,,1,12868,19669,0,True
284-20@58da48db15b0,284-20,2020/Ordinance No. 0284-20.txt,1,2020,user_verified_folder,2020.0,False,[],included,,5,4419,673,0,False
189-20@58f34bc3efbc,189-20,2020/Ordinance No. 0189-20.txt,1,2020,user_verified_folder,,False,[],included,,5,3246,448,0,False
689-19@59c075442a13,689-19,2021/Ordinance No. 000689-19.txt,1,2021,user_verified_folder,,False,[],included,,13,1486,595,1,False
643-21@59c38c786de1,643-21,2021/Ordinance No. 0643-21.txt,1,2021,user_verified_folder,,False,[],included,,2,5585,1329,0,False
273-23@59d87891a71d,273-23,2023/Ordinance No. 0273-23 (2).txt,1,2023,user_verified_folder,2023.0,False,[],included,,4,1539,798,1,False
288-17@5a03af06afc2,288-17,2017/Ordinance No. 0288-17.txt,1,2017,user_verified_folder,,False,[],included,,1,0,21902,0,False
212-17@5a2571f6c190,212-17,2017/Ordinance No. 0212-17.txt,1,2017,user_verified_folder,,False,[],included,,5,7483,9621,0,False
568-24@5a36a27a371c,568-24,2024/Ordinance No. 0568-24 DOD 8990 Housing Deca Catalunan Grande (1).txt,1,2024,user_verified_folder,,False,[],included,,5,1666,8190,0,False
917-22@5a36b783ffd4,917-22,2022/Ordinance No. 000917-22.txt,2,2022,user_verified_folder,2022.0,False,[],included,,4,1539,753,0,False
605-24@5a3b8b85bb12,605-24,2024/Ordinance No. 0605-24 QRF Valenzuela City (1).txt,1,2024,user_verified_folder,,False,[],included,,7,1747,742,0,False
995-22@5a6f62daccc7,995-22,2022/Ordinance No. 0995-22.txt,1,2022,user_verified_folder,2022.0,False,[],included,,1,1497,766,0,True
30-16@5a7992aecb5a,30-16,2016/Ordinance No. 030-16.txt,1,2016,user_verified_folder,,False,[],included,,1,0,106,0,False
90-22@5aabc93509ae,90-22,2022/Ordinance No. 090-22.txt,1,2022,user_verified_folder,2022.0,False,[],included,,5,1664,878,0,False
287-23@5ac1016167ab,287-23,2023/Ordinance No. 0287-23 (2).txt,1,2023,user_verified_folder,2023.0,False,[],included,,4,1550,721,0,False
78-22@5b4ede948f07,78-22,2022/Ordinance No. 078-22.txt,1,2022,user_verified_folder,2022.0,False,[],included,,1,1729,903,0,True
147-17@5b80d8181d59,147-17,2017/Ordinance No. 0147-17.txt,1,2017,user_verified_folder,,False,[],included,,1,1822,22545,0,True
545-18@5b9074dd9028,545-18,2018/Ordinance No. 0545-18.txt,1,2018,user_verified_folder,2018.0,False,[],included,,3,4953,426,1,False
288-20@5ba78f9fdd26,288-20,2020/Ordinance No. 0288-20.txt,1,2020,user_verified_folder,2020.0,False,[],included,,5,4405,555,1,False
793-21@5baa0de223bc,793-21,2021/Ordinance No. 000793-21.txt,1,2021,user_verified_folder,,False,[],included,,5,1816,1016,0,False
112-16@5bb181aca31e,112-16,2016/Ordinance No. 0112-16.txt,1,2016,user_verified_folder,2016.0,False,[],included,,5,1456,401,0,False
469-18@5bd05bb81c8e,469-18,2018/Ordinance No. 0469-18.txt,1,2018,user_verified_folder,,False,[],included,,1,0,15172,0,False
883-22@5bdb9253372f,883-22,2022/Ordinance No. 000883-22.txt,2,2022,user_verified_folder,2022.0,False,[],included,,2,1739,649,0,False
699-21@5be38e311e24,699-21,2021/Ordinance No. 000699-21.txt,1,2021,user_verified_folder,,False,[],included,,5,1861,1043,1,False
993-22@5c0630c26151,993-22,2022/Ordinance No. 0993-22.txt,1,2022,user_verified_folder,,False,[],included,,6,1550,759,0,False
780-19@5c16f77c5e82,780-19,2019/Ordinance No. 0780-19 (1).txt,1,2019,user_verified_folder,2019.0,False,[],included,,4,5370,451,1,False
729-21@5c1b9af54fed,729-21,2021/Ordinance No. 000729-21.txt,1,2021,user_verified_folder,,False,[],included,,8,1629,807,0,False
468-18@5c3136920f15,468-18,2018/Ordinance No. 0468-18.txt,1,2018,user_verified_folder,,False,[],included,,3,15122,0,0,False
101-16@5c9577f903c4,101-16,2016/Ordinance No. 0101-16.txt,1,2016,user_verified_folder,,False,[],included,,1,1618,0,0,False
405-18@5cc57f1c174a,405-18,2018/Ordinance No. 0405-18.txt,1,2018,user_verified_folder,,False,[],included,,3,8068,8963,0,False
4-16@5cd75f13ec26,4-16,2016/Ordinance No. 004-16.txt,1,2016,user_verified_folder,,False,[],included,,1,6352,346,0,False
334-20@5d0f6f4ba39d,334-20,2020/Ordinance No. 0334-20.txt,1,2020,user_verified_folder,2020.0,False,[],included,,5,4261,905,2,False
911-22@5d10c7c45a2a,911-22,2022/Ordinance No. 0911-22.txt,1,2022,user_verified_folder,,False,[],included,,3,1507,10657,1,False
785-25@5d19c9b9e7e9,785-25,2025/Ordinance No. 0785-25.txt,1,2025,user_verified_folder,,False,[],included,,1,7206,942,0,True
1007-22@5d492e953738,1007-22,2022/Ordinance No. 01007-22.txt,1,2022,user_verified_folder,2022.0,False,[],included,,5,1753,946,1,False
749-19@5d51c63615ca,749-19,2019/Ordinance No. 0749-19 (1).txt,1,2019,user_verified_folder,2019.0,False,[],included,,1,4339,387,0,True
894-22@5d64f746ce31,894-22,2022/Ordinance No. 000894-22.txt,2,2022,user_verified_folder,2022.0,False,[],included,,6,1648,828,0,False
263-17@5d66cb560825,263-17,2017/Ordinance No. 0263-17.txt,1,2017,user_verified_folder,,False,[],included,,1,0,5700,0,False
276-17@5d6bafbb30cc,276-17,2017/Ordinance No. 0276-17.txt,1,2017,user_verified_folder,2077.0,True,[],included,,4,6606,4209,0,False
556-21@5d6e731f6ee4,556-21,2021/Ordinance No. 0556-21.txt,1,2021,user_verified_folder,,False,[],included,,1,12120,13213,0,True
321-23@5d8677b54dff,321-23,2023/Ordinance No. 0321-23 (2).txt,1,2023,user_verified_folder,2023.0,False,[],included,,6,1604,762,0,False
501-21@5d8d5825202f,501-21,2021/Ordinance No. 0501-21.txt,1,2021,user_verified_folder,2021.0,False,[],included,,8,1522,594,1,False
474-21@5e297b22bdf5,474-21,2021/Ordinance No. 0474-21.txt,1,2021,user_verified_folder,,False,[],included,,28,1363,706,1,False
62-19@5e3675c04022,62-19,2019/Ordinance No. 062-19 (1).txt,1,2019,user_verified_folder,,False,[],included,,2,4237,407,0,False
195-20@5e57df088090,195-20,2020/Ordinance No. 0195-20.txt,1,2020,user_verified_folder,,False,[],included,,4,4588,140,1,False
10-22@5e7159196f3d,10-22,2022/Ordinance No. 010-22.txt,1,2022,user_verified_folder,2022.0,False,[],included,,4,1829,723,0,False
278-20@5e7a572fa05a,278-20,2020/Ordinance No. 0278-20.txt,1,2020,user_verified_folder,2020.0,False,[],included,,1,4158,509,0,True
385-23@5eaa40b5c6ab,385-23,2023/Ordinance No. 0385-23 (2).txt,1,2023,user_verified_folder,2023.0,False,[],included,,4,1470,672,0,False
283-23@5eb4abea83af,283-23,2023/Ordinance No. 0283-23 (2).txt,1,2023,user_verified_folder,2023.0,False,[],included,,4,1551,697,1,False
18-19@5f3b00f47a31,18-19,2019/Ordinance No. 018-19 (1).txt,1,2019,user_verified_folder,,False,[],included,,8,2398,17595,0,False
524-21@5f8b6c513cb6,524-21,2021/Ordinance No. 0524-21.txt,1,2021,user_verified_folder,,False,[],included,,4,1537,6165,1,False
576-21@5f8da3613783,576-21,2021/Ordinance No. 0576-21.txt,1,2021,user_verified_folder,,False,[],included,,9,2294,1475,1,False
476-16@5fb115f2bbb3,476-16,2016/Ordinance No. 0476-16.txt,1,2016,user_verified_folder,,False,[],included,,1,4270,185,0,False
99-22@5fb50d79f89c,99-22,2022/Ordinance No. 099-22.txt,1,2022,user_verified_folder,2022.0,False,[],included,,5,1990,951,0,False
411-18@5fe64e6518c6,411-18,2018/Ordinance No. 0411-18.txt,1,2018,user_verified_folder,2018.0,False,[],included,,4,5109,464,0,False
493-18@6042bd78a680,493-18,2018/Ordinance No. 0493-18.txt,1,2018,user_verified_folder,2018.0,False,[],included,,6,6363,432,0,False
465-18@6074f1ea0cbe,465-18,2018/Ordinance No. 0465-18.txt,1,2018,user_verified_folder,,False,[],included,,1,4016,8254,0,False
800-21@6079142b1620,800-21,2021/Ordinance No. 000800-21.txt,1,2021,user_verified_folder,2021.0,False,[],included,,5,1589,767,0,False
121-22@6091a6e76057,121-22,2022/Ordinance No. 0121-22.txt,1,2022,user_verified_folder,2022.0,False,[],included,,2,1655,657,0,False
416-24@60997b30c9ce,416-24,"2024/Ordinance No. 0416-24 -QRF, Dujali (1).txt",1,2024,user_verified_folder,2024.0,False,[],included,,5,1725,900,0,False
507-16@60a751fea4b2,507-16,2016/Ordinance No. 0507-16.txt,1,2016,user_verified_folder,,False,[],included,,1,0,10411,0,False
571-18@60b478cc24f3,571-18,2018/Ordinance No. 0571-18.txt,1,2018,user_verified_folder,2018.0,False,[],included,,8,7310,2465,0,False
280-23@60b8ff1f258d,280-23,2023/Ordinance No. 0280-23 Malagos Slaughterhouse (2).txt,1,2023,user_verified_folder,2023.0,False,[],included,,3,1444,669,1,False
100-19@60d61e09e97f,100-19,2020/Ordinance No. 0100-19 (1).txt,2,2020,human_year_override,2019.0,True,"[{""year"": 2020, ""file"": ""manual_year_overrides_2019.csv"", ""reviewer"": ""Lamsin"", ""evidence"": ""header states it was released on 2020""}, {""year"": 2020, ""file"": ""manual_year_overrides_2019.csv"", ""reviewer"": ""Lamsin"", ""evidence"": ""header states it was released on 2020""}]",included,,1,4484,384,0,True
835-25@610c9e9c5d0f,835-25,2025/Ordinance No. 0835-25 (unsigned).txt,1,2025,user_verified_folder,,False,[],included,,1,1628,520,0,False
696-19@6110469ec0c7,696-19,2019/Ordinance No. 0696-19 (1).txt,1,2019,user_verified_folder,,False,[],included,,6,12814,400,0,False
274-20@611bf58371a8,274-20,2020/Ordinance No. 0274-20.txt,1,2020,user_verified_folder,2020.0,False,[],included,,6,8158,1952,2,False
669-21@612e31519b6f,669-21,2021/Ordinance No. 000669-21.txt,1,2021,user_verified_folder,,False,[],included,,6,1502,622,0,False
262-23@615bccd7b9bc,262-23,2023/Ordinance No. 0262-23 (2).txt,1,2023,user_verified_folder,,False,[],included,,2,1916,732,1,False
425-18@617e89972e85,425-18,2018/Ordinance No. 0425-18.txt,1,2018,user_verified_folder,2018.0,False,[],included,,2,7045,519,0,False
704-19@61e7008ca602,704-19,2019/Ordinance No. 0704-19 (1).txt,1,2019,user_verified_folder,,False,[],included,,4,8915,12966,0,False
271-23@61fdb1a9d0a0,271-23,2023/Ordinance No. 0271-23 (2).txt,1,2023,user_verified_folder,2023.0,False,[],included,,3,1481,548,0,False
253-23@62237817895e,253-23,2023/Ordinance No. 0253-23 (2).txt,1,2023,user_verified_folder,2023.0,False,[],included,,2,3481,738,0,False
999-22@6228f3213891,999-22,2022/Ordinance No. 0999-22.txt,1,2022,user_verified_folder,,False,[],included,,1,1378,528,0,True
575-18@622fc6dbf6e1,575-18,2018/Ordinance No. 0575-18.txt,1,2018,user_verified_folder,,False,[],included,,1,10416,21276,0,True
210-23@6243b07653df,210-23,2023/Ordinance No. 0210-23 (2).txt,1,2023,user_verified_folder,2023.0,False,[],included,,1,1443,751,0,True
277-17@625740d697e0,277-17,2017/Ordinance No. 0277-17.txt,1,2017,user_verified_folder,,False,[],included,,1,0,0,0,False
638-21@626aadecabe4,638-21,2021/Ordinance No. 0638-21.txt,1,2021,user_verified_folder,2021.0,False,[],included,,7,2101,1305,0,False
675-21@628231b32808,675-21,2021/Ordinance No. 000675-21.txt,1,2021,user_verified_folder,,False,[],included,,11,1434,5567,1,False
329-20@62c437d5754b,329-20,2020/Ordinance No. 0329-20.txt,1,2020,user_verified_folder,2020.0,False,[],included,,4,4946,617,0,False
289-17@62c5665c4799,289-17,2017/Ordinance No. 0289-17.txt,1,2017,user_verified_folder,,False,[],included,,1,9058,8976,0,True
114-22@62eef65f5121,114-22,2022/Ordinance No. 000114-22.txt,2,2022,user_verified_folder,2022.0,False,[],included,,1,1494,534,0,True
875-22@630c1d1a7296,875-22,2022/Ordinance No. 0875-22.txt,1,2022,user_verified_folder,2022.0,False,[],included,,5,1556,765,0,False
142-17@631b24b9dcbc,142-17,2017/Ordinance No. 0142-17.txt,1,2017,user_verified_folder,,False,[],included,,1,0,17186,0,False
492-21@6333a7a52992,492-21,2021/Ordinance No. 0492-21.txt,1,1991,human_year_override,,False,"[{""year"": 1991, ""file"": ""manual_year_overrides_2021.csv"", ""reviewer"": """", ""evidence"": """"}]",excluded,outside 2016-2025 after human date correction,0,6815,756,1,False
82-22@6348f5e262a8,82-22,2022/Ordinance No. 082-22.txt,1,2022,user_verified_folder,2022.0,False,[],included,,6,1859,892,0,False
613-18@637eaf6ddb03,613-18,2018/Ordinance No. 0613-18.txt,1,2018,user_verified_folder,,False,[],included,,1,6515,16584,0,True
892-22@6382ab3e847a,892-22,2022/Ordinance No. 000892-22.txt,2,2022,user_verified_folder,2022.0,False,[],included,,5,1470,647,0,False
282-23@638ea4a4ddbe,282-23,2023/Ordinance No. 0282-23 (2).txt,1,2023,user_verified_folder,2023.0,False,[],included,,4,1574,675,0,False
609-24@63b29e617da3,609-24,"2024/Ordinance No. 0609-24 QRF Meycauayan, Bulacan (1).txt",1,2024,user_verified_folder,,False,[],included,,6,1718,743,0,False
677-21@63d1b735fdda,677-21,2021/Ordinance No. 000677-21.txt,1,2021,user_verified_folder,,False,[],included,,4,1465,697,2,False
598-24@63dc4c6ad219,598-24,"2024/Ordinance No. 0598-24 QRF Plaridel, Bulacan (1).txt",1,2024,user_verified_folder,2024.0,False,[],included,,7,1679,851,0,False
150-23@63e79a5ee23c,150-23,2023/Ordinance No. 0150-23 -QRF Gigaquit (2).txt,1,2023,user_verified_folder,2023.0,False,[],included,,5,1649,913,0,False
799-21@64058dcbfc41,799-21,2021/Ordinance No. 000799-21.txt,1,2021,user_verified_folder,,False,[],included,,7,2668,1487,0,False
690-21@64311b667e09,690-21,2021/Ordinance No. 000690-21.txt,1,2021,user_verified_folder,,False,[],included,,4,1596,682,1,False
674-24@64814fa25263,674-24,"2024/Ordinance No. 0674-24 QRF Magpet, Cotabato (1).txt",1,2024,user_verified_folder,2024.0,False,[],included,,7,1863,901,0,False
427-24@64a3c0eed208,427-24,2024/Ordinance No. 0427-24 (1).txt,1,2024,user_verified_folder,2024.0,False,[],included,,5,1645,707,0,False
659-18@64baa4a7b749,659-18,2018/Ordinance No. 0659-18.txt,1,2018,user_verified_folder,,False,[],included,,3,5628,386,1,False
343-17@64bf2a2e8c8e,343-17,2017/Ordinance No. 0343-17.txt,1,2017,user_verified_folder,,False,[],included,,1,0,14302,0,False
24-19@64d6a35791d4,24-19,2019/Ordinance No. 024-19 (1).txt,1,2019,user_verified_folder,,False,[],included,,6,5638,370,0,False
253-20@64f23c6a03c9,253-20,2020/Ordinance No. 0253-20.txt,1,2020,user_verified_folder,2020.0,False,[],included,,5,5383,456,1,False
7-22@65553cfb2714,7-22,2022/Ordinance No. 007-22.txt,1,2022,user_verified_folder,2022.0,False,[],included,,5,1527,664,0,False
952-22@6582e093382d,952-22,2022/Ordinance No. 000952-22.txt,1,2022,user_verified_folder,2022.0,False,[],included,,3,1676,831,1,False
330-17@6599e6cf47f5,330-17,2017/Ordinance No. 0330-17.txt,1,2017,user_verified_folder,,False,[],included,,5,12059,3727,0,False
127-22@65a041306ac1,127-22,2022/Ordinance No. 0127-22 (Annual Budget 2023).txt,1,2022,user_verified_folder,2022.0,False,[],included,,3,1566,1303,1,False
633-21@65c180216a2f,633-21,2021/Ordinance No. 0633-21.txt,1,2021,user_verified_folder,,False,[],included,,1,5636,593,0,True
760-19@65d24a4bc591,760-19,2019/Ordinance No. 0760-19 (1).txt,1,2019,user_verified_folder,,False,[],included,,3,7873,8917,0,False
8-19@65d750357a1e,8-19,2019/Ordinance No. 008-19 (1).txt,1,2019,user_verified_folder,,False,[],included,,3,4917,410,2,False
690-24@65e61e32d0bf,690-24,2024/Ordinance No. 0690-24 QRF Province of Batangas (1).txt,2,2024,user_verified_folder,2024.0,False,[],included,,7,1872,897,0,False
343-23@65f3a166cb66,343-23,2023/Ordinance No. 0343-23 (2).txt,1,2023,user_verified_folder,2023.0,False,[],included,,5,1715,791,0,False
17-16@662370ec8aef,17-16,2016/Ordinance No. 017-16.txt,1,2016,user_verified_folder,,False,[],included,,4,4415,391,1,False
205-17@664293c5dcd9,205-17,2017/Ordinance No. 0205-17.txt,1,2017,user_verified_folder,,False,[],included,,1,0,8259,0,False
248-23@66a45e83a3c3,248-23,2023/Ordinance No. 0248-23 (2).txt,1,2023,user_verified_folder,,False,[],included,,5,1520,695,0,False
175-19@66d263bdd03a,175-19,2019/Ordinance No. 0175-19 (1).txt,1,2019,user_verified_folder,,False,[],included,,6,5511,946,0,False
550-18@66f45646e73d,550-18,2018/Ordinance No. 0550-18.txt,1,2018,user_verified_folder,,False,[],included,,1,4955,96,0,False
80-16@66f9a2e4afd3,80-16,2016/Ordinance No. 080-16.txt,1,2016,user_verified_folder,,False,[],included,,1,1762,9560,0,False
998-22@6718b7521053,998-22,2022/Ordinance No. 0998-22.txt,1,2022,user_verified_folder,2022.0,False,[],included,,33,1557,750,0,False
91-19@673b170b41ad,91-19,2019/Ordinance No. 091-19 (1).txt,1,2019,user_verified_folder,2019.0,False,[],included,,2,8983,386,1,False
611-24@673f685306c3,611-24,2024/Ordinance No. 0611-24 QRF Province of Rizal (1).txt,1,2024,user_verified_folder,2024.0,False,[],included,,3,1693,789,0,False
325-23@6776dcd31ccf,325-23,2023/Ordinance No. 0325-23 (2).txt,1,2023,user_verified_folder,2023.0,False,[],included,,4,1490,757,1,False
782-19@677decc9a7b7,782-19,2019/Ordinance No. 0782-19 (1).txt,1,2019,user_verified_folder,,False,[],included,,11,4382,385,1,False
583-18@679313370bf1,583-18,2018/Ordinance No. 0583-18.txt,1,2018,user_verified_folder,2018.0,False,[],included,,4,7628,371,2,False
707-21@67c280f5aa5e,707-21,2021/Ordinance No. 000707-21.txt,1,2021,user_verified_folder,,False,[],included,,1,1545,822,0,True
874-22@67cf5c762481,874-22,2022/Ordinance No. 0874-22.txt,1,2022,user_verified_folder,,False,[],included,,3,1526,6238,1,False
604-21@67e5580d9631,604-21,2021/Ordinance No. 0604-21.txt,1,2021,user_verified_folder,,False,[],included,,5,4984,8603,1,False
707-19@6807e1ddb839,707-19,2019/Ordinance No. 0707-19 (1).txt,1,2019,user_verified_folder,,False,[],included,,4,4977,390,1,False
278-23@680eb1cbd2e9,278-23,2023/Ordinance No. 0278-23 (2).txt,1,2023,user_verified_folder,,False,[],included,,3,1682,474,0,False
571-24@681609287541,571-24,2024/Ordinance No. 0571-24 MOA UM Work Immersion Partneship (1).txt,1,2024,user_verified_folder,2024.0,False,[],included,,3,2871,724,0,False
2-22@68295d3e8968,2-22,2022/Ordinance No. 002-22.txt,1,2022,user_verified_folder,2022.0,False,[],included,,5,1546,774,1,False
266-17@68561da4e27d,266-17,2017/Ordinance No. 0266-17.txt,1,2017,user_verified_folder,,False,[],included,,1,6820,8751,0,False
478-21@6865043a171e,478-21,2021/Ordinance No. 0478-21.txt,1,2021,user_verified_folder,2021.0,False,[],included,,18,4856,457,2,False
71-22@688246770f9f,71-22,2022/Ordinance No. 071-22.txt,1,2022,user_verified_folder,2022.0,False,[],included,,1,1732,1003,0,True
256-17@6895b5670715,256-17,2017/Ordinance No. 0256-17.txt,1,2017,user_verified_folder,,False,[],included,,1,4136,229,0,False
633-24@689859eeedb8,633-24,2024/Ordinance No. 0633-24 Rates and Charges in Agdao Market (1).txt,1,2024,user_verified_folder,,False,[],included,,3,1492,282,0,False
6-22@68b377c0dc39,6-22,2022/Ordinance No. 000006-22.txt,1,2022,user_verified_folder,2022.0,False,[],included,,5,1538,645,0,False
770-21@68b455692f1d,770-21,2021/Ordinance No. 000770-21.txt,1,2021,user_verified_folder,2021.0,False,[],included,,4,1592,788,2,False
277-23@68c015de789f,277-23,2023/Ordinance No. 0277-23 (2).txt,1,2023,user_verified_folder,2023.0,False,[],included,,7,1490,722,0,False
245-23@68e18d3584fe,245-23,2023/Ordinance No. 0245-23 (2).txt,1,2023,user_verified_folder,,False,[],included,,1,1610,582,0,True
497-18@68fc8505a501,497-18,2018/Ordinance No. 0497-18.txt,1,2018,user_verified_folder,,False,[],included,,1,0,0,0,False
166-23@693325f59b34,166-23,2023/Ordinance No. 0166-23 (2).txt,1,2023,user_verified_folder,2023.0,False,[],included,,4,1508,702,0,False
258-17@69527b035e28,258-17,2017/Ordinance No. 0258-17.txt,1,2017,user_verified_folder,,False,[],included,,1,3822,216,0,False
157-23@695535b3f847,157-23,"2023/Ordinance No. 0157-23 -Usufruct, Sto.Niño Nat_l High School Mintal (2).txt",1,2023,user_verified_folder,,False,[],included,,4,2048,643,0,False
173-19@697a92366df3,173-19,2019/Ordinance No. 0173-19 (1).txt,1,2019,user_verified_folder,,False,[],included,,5,9979,6175,0,False
64-16@699efd10b19c,64-16,2016/Ordinance No. 064-16.txt,1,2016,user_verified_folder,,False,[],included,,1,18246,0,0,False
857-22@69b3863516a9,857-22,2022/Ordinance No. 000857-22.txt,2,2022,user_verified_folder,2022.0,False,[],included,,5,1539,732,1,False
708-19@69cd4b4795c1,708-19,2019/Ordinance No. 0708-19 (1).txt,1,2019,user_verified_folder,,False,[],included,,6,9212,10546,1,False
513-21@6a033e4cf2ad,513-21,2021/Ordinance No. 0513-21.txt,1,2021,user_verified_folder,2021.0,False,[],included,,4,1571,692,0,False
383-18@6a08ff64bdba,383-18,2018/Ordinance No. 0383-18.txt,1,2018,user_verified_folder,,False,[],included,,7,4806,407,3,False
128-22@6a43e06e4f74,128-22,2022/Ordinance No. 0128-22.txt,1,2022,user_verified_folder,2022.0,False,[],included,,5,1586,843,0,False
116-19@6a5edcdd97b6,116-19,2019/Ordinance No. 0116-19 (1).txt,1,2019,user_verified_folder,2019.0,False,[],included,,1,3610,410,0,True
645-24@6a91e82af23d,645-24,2024/Ordinance No. 0645-24 (1).txt,1,2024,user_verified_folder,2024.0,False,[],included,,4,1585,724,0,False
711-19@6a9fae2fe0ab,711-19,2019/Ordinance No. 0711-19 (1).txt,1,2019,user_verified_folder,,False,[],included,,4,5983,372,0,False
12-19@6abdf35633d2,12-19,2019/Ordinance No. 012-19 (1).txt,1,2019,user_verified_folder,,False,[],included,,5,10364,6157,0,False
32-19@6ae27f383c5d,32-19,2019/Ordinance No. 032-19 (1).txt,1,2019,user_verified_folder,,False,[],included,,1,4839,373,0,True
325-17@6ae3eed3b044,325-17,2017/Ordinance No. 0325-17.txt,1,2017,user_verified_folder,2017.0,False,[],included,,4,13452,4146,1,False
528-18@6ae771fcb166,528-18,2018/Ordinance No. 0528-18.txt,1,2018,user_verified_folder,2018.0,False,[],included,,3,4542,478,1,False
426-24@6b07bc85835e,426-24,"2024/Ordinance No. 0426-24 -MOA, St. John Paul II College (1).txt",1,2024,user_verified_folder,2024.0,False,[],included,,4,1601,712,1,False
500-18@6b1e122afbd4,500-18,2018/Ordinance No. 0500-18.txt,1,2018,user_verified_folder,2018.0,False,[],included,,5,4386,393,1,False
57-19@6b28ad7af481,57-19,2019/Ordinance No. 057-19 (1).txt,1,2019,user_verified_folder,,False,[],included,,5,8781,4905,0,False
46-22@6b414fe9e0ec,46-22,2022/Ordinance No. 046-22.txt,1,2022,user_verified_folder,2022.0,False,[],included,,1,1563,813,0,True
322-23@6b6ae03df9bc,322-23,2023/Ordinance No. 0322-23 (2).txt,1,2023,user_verified_folder,2023.0,False,[],included,,6,1485,882,0,False
98-16@6b9864c2328c,98-16,2016/Ordinance No. 098-16.txt,1,2016,user_verified_folder,,False,[],included,,1,5939,0,0,False
910-22@6baba0ee5842,910-22,2022/Ordinance No. 000910-22.txt,2,2022,user_verified_folder,2022.0,False,[],included,,5,1759,962,0,False
472-24@6bf1e546a0bf,472-24,2024/Ordinance No. 0472-24 Revised Anti-Smoking Ordinance (1).txt,1,2024,user_verified_folder,2024.0,False,[],included,,20,1602,689,1,False
691-21@6c0a7fd814b2,691-21,2021/Ordinance No. 000691-21.txt,1,2021,user_verified_folder,,False,[],included,,8,1283,536,0,False
651-18@6c31bd865096,651-18,2018/Ordinance No. 0651-18.txt,1,2018,user_verified_folder,2018.0,False,[],included,,4,4489,388,0,False
179-23@6c6ce244eb37,179-23,2023/Ordinance No. 0179-23 (2).txt,1,2023,user_verified_folder,2023.0,False,[],included,,5,1804,998,0,False
360-23@6c89c1270fd6,360-23,2023/Ordinance No. 0360-23 (2).txt,1,2023,user_verified_folder,2023.0,False,[],included,,5,1760,1038,0,False
171-17@6c94e8f12a48,171-17,2017/Ordinance No. 0171-17.txt,1,2017,user_verified_folder,2017.0,False,[],included,,5,4794,405,0,False
593-18@6cabb0060f76,593-18,2018/Ordinance No. 0593-18.txt,1,2018,user_verified_folder,,False,[],included,,1,8128,10551,0,True
449-24@6cc6241f0ec8,449-24,"2024/Ordinance No. 0449-24 -Deed of Donation, Fil-Chinese, DIAA (1).txt",1,2024,user_verified_folder,2024.0,False,[],included,,5,1690,797,0,False
224-20@6cc8521bd206,224-20,2020/Ordinance No. 0224-20.txt,1,2020,user_verified_folder,2020.0,False,[],included,,1,2938,352,0,True
653-18@6cff8dbfc8da,653-18,2019/Ordinance No. 0653-18.txt,2,2019,human_year_override,2018.0,True,"[{""year"": 2019, ""file"": ""manual_year_overrides_2018.csv"", ""reviewer"": ""Lamsin"", ""evidence"": ""Header states it was released on 2019""}, {""year"": 2019, ""file"": ""manual_year_overrides_2018.csv"", ""reviewer"": ""Lamsin"", ""evidence"": ""Header states it was released on 2019""}]",included,,4,4091,356,0,False
109-16@6d6c2a0e3421,109-16,2016/Ordinance No. 0109-16.txt,1,2016,user_verified_folder,2016.0,False,[],included,,4,1497,422,1,False
269-23@6d7d1216fc6b,269-23,2023/Ordinance No. 0269-23 (2).txt,1,2023,user_verified_folder,2023.0,False,[],included,,6,1572,797,0,False
21-19@6d882186b5ba,21-19,2019/Ordinance No. 021-19 (1).txt,1,2019,user_verified_folder,,False,[],included,,5,4790,465,1,False
502-18@6d96b2246c4b,502-18,2018/Ordinance No. 0502-18.txt,1,2018,user_verified_folder,2018.0,False,[],included,,1,5322,434,0,True
716-19@6da4e34ada60,716-19,2019/Ordinance No. 0716-19 (1).txt,1,2019,user_verified_folder,,False,[],included,,3,5933,12730,1,False
223-23@6dc5ac1aee2a,223-23,2023/Ordinance No. 0223-23 MOA Phil. Mental Health (2).txt,1,2023,user_verified_folder,2023.0,False,[],included,,5,1770,776,0,False
807-21@6dfcb4416383,807-21,2021/Ordinance No. 000807-21.txt,1,2021,user_verified_folder,,False,[],included,,1,1581,826,0,True
165-19@6e0be7f5c203,165-19,2019/Ordinance No. 0165-19 (1).txt,1,2019,user_verified_folder,2019.0,False,[],included,,1,4747,383,0,True
82-19@6e1236a90aff,82-19,2019/Ordinance No. 082-19 (1).txt,1,2019,user_verified_folder,,False,[],included,,1,4878,9401,0,True
476-21@6e139fe8eb16,476-21,2021/Ordinance No. 0476-21.txt,1,2021,user_verified_folder,,False,[],included,,11,5982,630,0,False
613-21@6e2862a6ab52,613-21,2021/Ordinance No. 0613-21.txt,1,2021,user_verified_folder,2027.0,True,[],included,,6,8738,3797,0,False
636-18@6e31a93f51f3,636-18,2018/Ordinance No. 0636-18.txt,1,2018,user_verified_folder,2018.0,False,[],included,,5,3982,391,0,False
573-18@6e33c5b685cf,573-18,2018/Ordinance No. 0573-18.txt,1,2018,user_verified_folder,,False,[],included,,1,0,2823,0,False
ordinance no. 0657-24002 (1)@6e37691eb040,ordinance no. 0657-24002 (1),2024/Ordinance No. 0657-24002 (1).txt,1,2024,user_verified_folder,,False,[],included,,1,0,81,0,False
882-22@6e85cea86c89,882-22,2022/Ordinance No. 0882-22.txt,1,2022,user_verified_folder,2022.0,False,[],included,,2,1459,692,0,False
692-24@6e85f35bccdf,692-24,2024/Ordinance No. 0692-24 QRF Province of Camarines Sur (1).txt,1,2024,user_verified_folder,2024.0,False,[],included,,6,1907,921,0,False
694-19@6f046132a036,694-19,2019/Ordinance No. 0694-19 (1).txt,1,2019,user_verified_folder,,False,[],included,,6,9228,374,0,False
539-21@6f1c0f9dc7ad,539-21,2021/Ordinance No. 0539-21.txt,1,2021,user_verified_folder,2021.0,False,[],included,,4,10383,782,1,False
480-21@6f23d40724ca,480-21,2021/Ordinance No. 0480-21.txt,1,2021,user_verified_folder,,False,[],included,,6,1527,693,0,False
175-23@6f2e7e7866cd,175-23,"2023/Ordinance No. 0175-23 -MOU, MEDA Org.  RIISA project (2).txt",1,2023,user_verified_folder,2023.0,False,[],included,,7,1622,735,0,False
24-16@6f46d3a48ee4,24-16,2016/Ordinance No. 024-16.txt,1,2016,user_verified_folder,,False,[],included,,2,5897,302,0,False
706-21@6f5fb7fad4a3,706-21,2021/Ordinance No. 000706-21.txt,1,2021,user_verified_folder,,False,[],included,,7,1353,524,0,False
505-16@6f8c819b6c94,505-16,2016/Ordinance No. 0505-16.txt,1,2016,user_verified_folder,,False,[],included,,1,4643,0,0,False
419-24@6fc1a4e38370,419-24,"2024/Ordinance No. 0419-24 -QRF, Tarragona (1).txt",1,2024,user_verified_folder,2024.0,False,[],included,,6,1695,861,0,False
385-18@70102449f873,385-18,2018/Ordinance No. 0385-18.txt,1,2018,user_verified_folder,,False,[],included,,6,11319,16677,1,False
21-16@70578a478883,21-16,2016/Ordinance No. 021-16.txt,1,2016,user_verified_folder,,False,[],included,,4,13458,0,0,False
605-21@706ecd80a0d0,605-21,2021/Ordinance No. 0605-21.txt,1,2021,user_verified_folder,,False,[],included,,5,8425,7516,1,False
519-16@707806bf65fd,519-16,2016/Ordinance No. 0519-16.txt,1,2016,user_verified_folder,,False,[],included,,1,5712,73,0,False
453-18@709525d8f33f,453-18,2018/Ordinance No. 0453-18.txt,1,2018,user_verified_folder,,False,[],included,,1,0,13572,0,False
959-22@70b45033b922,959-22,2022/Ordinance No. 000959-22.txt,1,2022,user_verified_folder,2022.0,False,[],included,,5,1638,739,0,False
545-24@711b85c81ef5,545-24,2024/Ordinance No. 0545-24 CoL LBP SP Bldg. ATM (1).txt,1,2024,user_verified_folder,2024.0,False,[],included,,2,1714,788,1,False
784-21@713cb1051fc7,784-21,2021/Ordinance No. 0784-21.txt,1,1991,human_year_override,,False,"[{""year"": 1991, ""file"": ""manual_year_overrides_2021.csv"", ""reviewer"": """", ""evidence"": """"}]",excluded,outside 2016-2025 after human date correction,0,5204,249,0,False
259-17@7148c40bd7c9,259-17,2017/Ordinance No. 0259-17.txt,1,2017,user_verified_folder,,False,[],included,,1,4193,242,0,False
246-20@7152d0be3b24,246-20,2020/Ordinance No. 0246-20.txt,1,2020,user_verified_folder,2020.0,False,[],included,,5,10101,438,1,False
538-18@7165d805066a,538-18,2018/Ordinance No. 0538-18.txt,1,2018,user_verified_folder,2018.0,False,[],included,,4,1401,423,0,False
442-18@717f158c2ac2,442-18,2018/Ordinance No. 0442-18.txt,1,2018,user_verified_folder,2018.0,False,[],included,,5,5579,415,0,False
58-16@71977c01604f,58-16,2016/Ordinance No. 058-16.txt,1,2016,user_verified_folder,,False,[],included,,1,3615,19864,0,False
257-23@71c49ef1f37a,257-23,2023/Ordinance No. 0257-23 Renewal Contract of Lease Davao Development Corp. (2).txt,1,2023,user_verified_folder,,False,[],included,,6,2258,736,0,False
510-21@71c78c3f095d,510-21,2021/Ordinance No. 0510-21.txt,1,2021,user_verified_folder,2021.0,False,[],included,,5,1530,797,0,False
712-19@71d69f87085b,712-19,2019/Ordinance No. 0712-19 (1).txt,1,2019,user_verified_folder,,False,[],included,,2,9728,9944,2,False
616-18@71e7f31374cd,616-18,2018/Ordinance No. 0616-18.txt,1,2018,user_verified_folder,,False,[],included,,1,2539,431,0,True
601-18@71f30307c184,601-18,2018/Ordinance No. 0601-18.txt,1,2018,user_verified_folder,2018.0,False,[],included,,3,5083,416,0,False
636-21@71fb07dbb875,636-21,2021/Ordinance No. 0636-21.txt,1,2021,user_verified_folder,,False,[],included,,6,2125,1296,1,False
255-20@7200bed1ee18,255-20,2020/Ordinance No. 0255-20.txt,1,2020,user_verified_folder,2020.0,False,[],included,,4,4034,459,1,False
530-18@7215c16dcbec,530-18,2018/Ordinance No. 0530-18.txt,1,2018,user_verified_folder,,False,[],included,,1,4074,0,0,False
173-17@722368a4dcf2,173-17,2017/Ordinance No. 0173-17.txt,1,2017,user_verified_folder,,False,[],included,,3,5045,363,0,False
501-24@725ab92fec1f,501-24,2024/Ordinance No. 0501-24 DOU Brgy. Council of Brgy. 25-C (1).txt,1,2024,user_verified_folder,2024.0,False,[],included,,4,1722,803,0,False
292-20@726cb69f8f3c,292-20,2020/Ordinance No. 0292-20.txt,1,2020,user_verified_folder,2020.0,False,[],included,,5,4140,650,0,False
57-22@72795c07b821,57-22,2022/Ordinance No. 057-22.txt,1,2022,user_verified_folder,2022.0,False,[],included,,1,1839,943,0,True
130-22@72a89e232a63,130-22,2022/Ordinance No. 0130-22.txt,1,2022,user_verified_folder,2022.0,False,[],included,,5,1800,1134,1,False
596-24@72c56d00879e,596-24,"2024/Ordinance No. 0596-24 QRF San Andres, Romblon (1).txt",1,2024,user_verified_folder,2024.0,False,[],included,,7,1688,841,0,False
581-21@72f2709565f2,581-21,2021/Ordinance No. 0581-21.txt,1,2021,user_verified_folder,,False,[],included,,1,1186,502,0,True
450-24@72fb5c779427,450-24,"2024/Ordinance No. 0450-24 -Deed of Donation, WASP (1).txt",1,2024,user_verified_folder,2024.0,False,[],included,,5,1881,959,0,False
96-22@7300481f797c,96-22,2022/Ordinance No. 096-22 Multi-Stakeholder Agreement SHFC.txt,1,2022,user_verified_folder,2022.0,False,[],included,,5,1684,798,0,False
106-19@732d495f565d,106-19,2019/Ordinance No. 0106-19 (1).txt,1,2019,user_verified_folder,,False,[],included,,1,0,7526,0,False
434-24@733692219031,434-24,"2024/Ordinance No. 0434-24, Deed of Donation, Bagobo Klata (1).txt",1,2024,user_verified_folder,2024.0,False,[],included,,3,1760,959,1,False
792-21@733d9cb2cef9,792-21,2021/Ordinance No. 000792-21.txt,1,2021,user_verified_folder,2021.0,False,[],included,,5,1699,883,0,False
639-18@73492267ae42,639-18,2018/Ordinance No. 0639-18.txt,1,2018,user_verified_folder,,False,[],included,,4,4326,345,0,False
783-21@7366097c594b,783-21,2021/Ordinance No. 000783-21.txt,1,2021,user_verified_folder,,False,[],included,,16,1429,549,0,False
241-17@736bd09490bb,241-17,2017/Ordinance No. 0241-17.txt,1,2017,user_verified_folder,,False,[],included,,3,7156,9172,0,False
711-21@73823aacc92c,711-21,2021/Ordinance No. 000711-21.txt,1,2021,user_verified_folder,,False,[],included,,4,8376,26706,0,False
868-22@73acf8b9a5f5,868-22,2022/Ordinance No. 000868-22.txt,1,2022,user_verified_folder,2022.0,False,[],included,,1,1511,871,0,True
373-17@73b3c108ba74,373-17,2017/Ordinance No. 0373-17.txt,1,2017,user_verified_folder,,False,[],included,,1,12510,11908,0,False
874-22@73d9b62537a4,874-22,2022/Ordinance No. 000874-22.txt,1,2022,user_verified_folder,2022.0,False,[],included,,5,1587,786,0,False
228-20@73e6e92aa2be,228-20,2020/Ordinance No. 0228-20.txt,1,2020,user_verified_folder,,False,[],included,,5,4485,7470,0,False
292-17@74050f006537,292-17,2017/Ordinance No. 0292-17.txt,1,2017,user_verified_folder,,False,[],included,,1,3649,36,0,False
233-23@740542a5a232,233-23,2023/Ordinance No. 0233-23 Renewal MOA Assumption College (2).txt,1,2023,user_verified_folder,2023.0,False,[],included,,1,2779,784,0,False
308-23@7418cd743305,308-23,2023/Ordinance No. 0308-23 DCYDD-LYDO (2).txt,1,2023,user_verified_folder,2023.0,False,[],included,,6,5442,580,0,False
193-17@7427a1fcc1ac,193-17,2017/Ordinance No. 0193-17.txt,1,2017,user_verified_folder,,False,[],included,,5,6633,7123,1,False
74-22@745f47ad48ae,74-22,2022/Ordinance No. 074-22.txt,1,2022,user_verified_folder,2022.0,False,[],included,,3,1837,928,0,False
668-18@74a098e16831,668-18,2019/Ordinance No. 0668-18.txt,2,2019,human_year_override,,False,"[{""year"": 2019, ""file"": ""manual_year_overrides_2018.csv"", ""reviewer"": ""Lamsin"", ""evidence"": ""Header states it was released on 2019""}, {""year"": 2019, ""file"": ""manual_year_overrides_2018.csv"", ""reviewer"": ""Lamsin"", ""evidence"": ""Header states it was released on 2019""}]",included,,5,5236,5905,0,False
484-16@74a690425019,484-16,2016/Ordinance No. 0484-16.txt,1,2016,user_verified_folder,,False,[],included,,1,4228,196,0,False
558-18@751a76ff59c4,558-18,2018/Ordinance No. 0558-18.txt,1,2018,user_verified_folder,,False,[],included,,1,0,132,0,False
285-17@753b880e6332,285-17,2017/Ordinance No. 0285-17.txt,1,2017,user_verified_folder,,False,[],included,,2,3660,10976,0,False
124-16@75770bcdb96a,124-16,2016/Ordinance No. 0124-16.txt,1,2016,user_verified_folder,,False,[],included,,1,1615,12953,0,False
602-21@75d9b8c7bc79,602-21,2021/Ordinance No. 0602-21.txt,1,2021,user_verified_folder,,False,[],included,,6,5738,1653,1,False
616-24@75dc49809f67,616-24,2024/Ordinance No. 0616-24 MOA DSWD SFP Cycle 14 (1).txt,1,2024,user_verified_folder,2024.0,False,[],included,,3,1609,802,1,False
755-19@762bb26fbd68,755-19,2019/Ordinance No. 0755-19 (1).txt,1,2019,user_verified_folder,,False,[],included,,2,8254,9214,0,False
259-23@764c56621597,259-23,2023/Ordinance No. 0259-23 (2).txt,1,2023,user_verified_folder,2023.0,False,[],included,,2,1695,612,0,False
145-23@767920c2f17a,145-23,2023/Ordinance No. 0145-23 -QRF Talisayan (2).txt,1,2023,user_verified_folder,2023.0,False,[],included,,5,1650,933,0,False
246-23@768cca19f60c,246-23,2023/Ordinance No. 0246-23 Preemptive and Emergency Evacuation (2).txt,1,2023,user_verified_folder,2023.0,False,[],included,,18,1418,631,1,False
223-20@76afaddd9354,223-20,2020/Ordinance No. 0223-20.txt,1,2020,user_verified_folder,,False,[],included,,5,8354,6419,0,False
297-20@76bb80853e21,297-20,2020/Ordinance No. 0297-20.txt,1,2020,user_verified_folder,2020.0,False,[],included,,4,4124,674,0,False
154-23@772fc71ee271,154-23,2023/Ordinance No. 0154-23 -MOA Balay Pasilungan (2).txt,1,2023,user_verified_folder,2023.0,False,[],included,,5,1523,743,0,False
184-23@7748d2427f76,184-23,2023/Ordinance No. 0184-23 Traffic Code (2).txt,1,2023,user_verified_folder,2023.0,False,[],included,,4,1555,719,0,False
980-22@7773eafe8c4f,980-22,2022/Ordinance No. 000980-22.txt,2,2022,user_verified_folder,2022.0,False,[],included,,5,1833,1107,0,False
20-19@779601e6a0a8,20-19,2019/Ordinance No. 020-19 (1).txt,1,2019,user_verified_folder,,False,[],included,,4,10138,5464,0,False
700-19@7798db903dbd,700-19,2019/Ordinance No. 0700-19 (1).txt,1,2019,user_verified_folder,,False,[],included,,4,6669,16673,0,False
646-18@7799a4adcc1c,646-18,2018/Ordinance No. 0646-18.txt,1,2018,user_verified_folder,2018.0,False,[],included,,4,4227,348,0,False
564-24@77e3b21e288b,564-24,2024/Ordinance No. 0564-24 DOD 8990 Housing Deca Executive Tacunan (1).txt,1,2024,user_verified_folder,,False,[],included,,5,1720,6374,0,False
533-21@780f0944d651,533-21,2021/Ordinance No. 0533-21.txt,1,2021,user_verified_folder,,False,[],included,,1,8939,11948,0,True
736-25@78205c6cb87f,736-25,2025/Ordinance No. 0736-25.txt,1,2025,user_verified_folder,2025.0,False,[],included,,5,1832,958,0,False
268-17@7829104e67b5,268-17,2017/Ordinance No. 0268-17.txt,1,2017,user_verified_folder,,False,[],included,,1,7200,8813,0,False
516-18@7829b994f36d,516-18,2018/Ordinance No. 0516-18.txt,1,2018,user_verified_folder,,False,[],included,,1,0,54,0,False
163-19@7841210796fe,163-19,2019/Ordinance No. 0163-19 (1).txt,1,2019,user_verified_folder,2019.0,False,[],included,,1,4754,370,0,True
530-24@7850c64b155c,530-24,"2024/Ordinance No. 0530-24 MOA, AdDU (1).txt",1,2024,user_verified_folder,2024.0,False,[],included,,4,1946,767,0,False
78-16@787c7af347d7,78-16,2016/Ordinance No. 078-16.txt,1,2016,user_verified_folder,2016.0,False,[],included,,2,1547,2830,2,False
517-21@7893a9113ef8,517-21,2021/Ordinance No. 0517-21.txt,1,2021,user_verified_folder,,False,[],included,,5,8197,6320,1,False
527-21@789519cc3169,527-21,2021/Ordinance No. 0527-21.txt,1,2021,user_verified_folder,,False,[],included,,7,9499,8897,0,False
525-18@789871b54a3f,525-18,2018/Ordinance No. 0525-18.txt,1,2018,user_verified_folder,,False,[],included,,1,5053,7879,0,False
491-16@78aea2b1a306,491-16,2016/Ordinance No. 0491-16.txt,1,2016,user_verified_folder,,False,[],included,,1,0,4266,0,False
323-20@78c74def2550,323-20,2020/Ordinance No. 0323-20.txt,1,2020,user_verified_folder,,False,[],included,,4,9445,20142,0,False
842-21@78e40ed91b58,842-21,2021/Ordinance No. 000842-21.txt,1,2021,user_verified_folder,,False,[],included,,5,2297,906,1,False
309-23@78e7bfc9b3a1,309-23,2023/Ordinance No. 0309-23 (2).txt,1,2023,user_verified_folder,2023.0,False,[],included,,10,1433,661,0,False
322-17@78eb9e421aae,322-17,2017/Ordinance No. 0322-17.txt,1,2017,user_verified_folder,2017.0,False,[],included,,4,13511,3475,1,False
371-17@78ef2d73be4c,371-17,2018/Ordinance No. 0371-17.txt,2,2018,human_year_override,,False,"[{""year"": 2018, ""file"": ""manual_year_overrides_2017.csv"", ""reviewer"": ""Lamsin"", ""evidence"": ""header states that it is released on 2018""}, {""year"": 2018, ""file"": ""manual_year_overrides_2017.csv"", ""reviewer"": ""Lamsin"", ""evidence"": ""header states that it is released on 2018""}]",included,,1,0,0,0,False
258-23@791b96abbad3,258-23,2023/Ordinance No. 0258-23 Data Privacy Ordinance (2).txt,1,2023,user_verified_folder,2023.0,False,[],included,,6,1447,647,0,False
703-19@79251d0236da,703-19,2019/Ordinance No. 0703-19 (1).txt,1,2019,user_verified_folder,2019.0,False,[],included,,7,5126,410,1,False
290-20@79301e0a914c,290-20,2020/Ordinance No. 0290-20.txt,1,2020,user_verified_folder,2020.0,False,[],included,,3,4327,621,1,False
47-22@7936a11c3c94,47-22,2022/Ordinance No. 047-22.txt,1,2022,user_verified_folder,2022.0,False,[],included,,3,1547,687,0,False
331-20@7971f31f08a2,331-20,2020/Ordinance No. 0331-20.txt,1,2020,user_verified_folder,2020.0,False,[],included,,6,14157,5440,1,False
104-22@7986d376460d,104-22,2022/Ordinance No. 0104-22.txt,1,2022,user_verified_folder,2022.0,False,[],included,,3,1920,709,0,False
757-19@79bbd7bd2bab,757-19,2019/Ordinance No. 0757-19 (1).txt,1,2019,user_verified_folder,,False,[],included,,3,7379,8592,0,False
183-20@79cbba33a730,183-20,2020/Ordinance No. 0183-20.txt,1,2020,user_verified_folder,2020.0,False,[],included,,3,5383,477,1,False
519-18@79ddd81a236e,519-18,2018/Ordinance No. 0519-18.txt,1,2018,user_verified_folder,,False,[],included,,1,0,0,0,False
766-25@79e79a11907c,766-25,2025/Ordinance No. 0766-25.txt,1,2025,user_verified_folder,,False,[],included,,1,10507,16643,0,True
380-23@7a0fb326d091,380-23,2023/Ordinance No. 0380-23 (2).txt,1,2023,user_verified_folder,2023.0,False,[],included,,3,2425,984,0,False
1004-22@7a20dbe07342,1004-22,2022/Ordinance No. 01004-22.txt,1,2022,user_verified_folder,2022.0,False,[],included,,6,1765,936,1,False
417-18@7a2745ead650,417-18,2018/Ordinance No. 0417-18.txt,1,2018,user_verified_folder,,False,[],included,,1,0,275,0,False
215-23@7a344b7a222d,215-23,2023/Ordinance No. 0215-23 (2).txt,1,2023,user_verified_folder,,False,[],included,,2,2257,901,0,False
633-18@7a364b9b1944,633-18,2018/Ordinance No. 0633-18.txt,1,2018,user_verified_folder,2018.0,False,[],included,,5,4264,378,0,False
547-18@7a43dc2034a7,547-18,2018/Ordinance No. 0547-18.txt,1,2018,user_verified_folder,,False,[],included,,1,0,0,0,False
40-22@7a7f634ff404,40-22,2022/Ordinance No. 040-22.txt,1,2022,user_verified_folder,2022.0,False,[],included,,1,1592,978,0,True
680-24@7a820b0a1600,680-24,"2024/Ordinance No. 0680-24 QRF Calaca City, Batangas (1).txt",2,2024,user_verified_folder,2024.0,False,[],included,,6,1914,910,0,False
30-19@7a950dd775d8,30-19,2019/Ordinance No. 030-19 (1).txt,1,2019,user_verified_folder,2019.0,False,[],included,,1,4961,434,0,True
673-24@7ad979157ed1,673-24,"2024/Ordinance No. 0673-24 QRF Sariaya, Quezon (1).txt",1,2024,user_verified_folder,2024.0,False,[],included,,4,1875,914,0,False
877-22@7ae7cf9d39da,877-22,2022/Ordinance No. 0877-22.txt,1,2022,user_verified_folder,2022.0,False,[],included,,4,1428,695,0,False
760-25@7b0e34ac44cd,760-25,2025/Ordinance No. 0760-25.txt,1,2025,user_verified_folder,,False,[],included,,5,10557,28459,0,False
185-17@7b323d256183,185-17,2017/Ordinance No. 0185-17.txt,1,2017,user_verified_folder,,False,[],included,,1,0,8282,0,False
595-24@7b33ccf8c1fb,595-24,"2024/Ordinance No. 0595-24 QRF Paombong, Bulacan (1).txt",1,2024,user_verified_folder,2024.0,False,[],included,,7,1692,835,0,False
11-16@7b5de268637a,11-16,2016/Ordinance No. 011-16.txt,1,2016,user_verified_folder,,False,[],included,,1,7215,283,0,False
843-21@7b6c5bd22e7d,843-21,2019/Ordinance No. 000843-21.txt,2,2019,human_year_override,,False,"[{""year"": 2019, ""file"": ""manual_year_overrides_2021.csv"", ""reviewer"": """", ""evidence"": """"}, {""year"": 2019, ""file"": ""manual_year_overrides_2021.csv"", ""reviewer"": """", ""evidence"": """"}]",included,,7,1750,798,0,False
275-20@7b7aab1466da,275-20,2020/Ordinance No. 0275-20.txt,1,2020,user_verified_folder,2020.0,False,[],included,,4,10065,5511,1,False
424-18@7b8e98f52187,424-18,2018/Ordinance No. 0424-18.txt,1,2018,user_verified_folder,,False,[],included,,1,4328,152,0,False
407-24@7ba49df43671,407-24,"2024/Ordinance No. 0407-24 -QRF, Brgys. in Davao City (1).txt",1,2024,user_verified_folder,2024.0,False,[],included,,6,2121,1348,0,False
699-24@7bb8c590880c,699-24,2024/Ordinance No. 0699-24 Amendment UAV (1).txt,1,2024,user_verified_folder,,False,[],included,,1,0,652,0,True
599-24@7bd587bbb116,599-24,2024/Ordinance No. 0599-24 QRF San Juan City (1).txt,1,2024,user_verified_folder,2024.0,False,[],included,,6,1677,845,0,False
448-24@7befa2720cf9,448-24,2024/Ordinance No. 0448-24 (1).txt,1,2024,user_verified_folder,,False,[],included,,5,4620,7211,1,False
638-24@7bfe01374b3a,638-24,2024/Ordinance No. 0638-24 (1).txt,1,2024,user_verified_folder,2024.0,False,[],included,,5,1619,730,0,False
898-22@7c2ebcf04a19,898-22,2022/Ordinance No. 000898-22.txt,2,2022,user_verified_folder,2022.0,False,[],included,,13,1348,528,2,False
13-22@7c3cca3a8270,13-22,2022/Ordinance No. 013-22.txt,1,2022,user_verified_folder,2022.0,False,[],included,,6,1663,886,0,False
61-16@7c4cea5d80ca,61-16,2016/Ordinance No. 061-16.txt,1,2016,user_verified_folder,,False,[],included,,1,8161,0,0,False
547-24@7c55e4463854,547-24,2024/Ordinance No. 0547-24 MOA DOH-CHD (1).txt,1,2024,user_verified_folder,,False,[],included,,2,3311,593,0,False
778-21@7c5b0b7eecf3,778-21,2021/Ordinance No. 000778-21.txt,1,2021,user_verified_folder,,False,[],included,,11,1443,666,2,False
483-18@7c6b804c50fc,483-18,2018/Ordinance No. 0483-18.txt,1,2018,user_verified_folder,,False,[],included,,1,13690,23281,0,False
333-20@7c8f4634b37f,333-20,2020/Ordinance No. 0333-20.txt,1,2020,user_verified_folder,2020.0,False,[],included,,1,4398,924,0,True
125-19@7ca82746547e,125-19,2020/Ordinance No. 0125-19 (1).txt,2,2020,human_year_override,,False,"[{""year"": 2020, ""file"": ""manual_year_overrides_2019.csv"", ""reviewer"": ""Lamsin"", ""evidence"": ""header states it was released on 2020""}, {""year"": 2020, ""file"": ""manual_year_overrides_2019.csv"", ""reviewer"": ""Lamsin"", ""evidence"": ""header states it was released on 2020""}]",included,,1,0,23,0,False
594-21@7cb8ac064ec2,594-21,2021/Ordinance No. 0594-21.txt,1,2021,user_verified_folder,,False,[],included,,5,5380,16213,0,False
134-22@7d069baa1b13,134-22,2022/Ordinance No. 0134-22.txt,1,2022,user_verified_folder,2022.0,False,[],included,,5,1669,912,0,False
107-19@7d0de21d209b,107-19,2019/Ordinance No. 0107-19 (1).txt,1,2019,user_verified_folder,,False,[],included,,4,5815,377,0,False
161-17@7d205b132231,161-17,2017/Ordinance No. 0161-17.txt,1,2017,user_verified_folder,,False,[],included,,1,0,0,0,False
926-22@7d3800fac525,926-22,2022/Ordinance No. 000926-22.txt,2,2022,user_verified_folder,2022.0,False,[],included,,5,1521,808,0,False
484-21@7e36f3ecdf1e,484-21,2021/Ordinance No. 0484-21.txt,1,2021,user_verified_folder,,False,[],included,,1,1633,891,0,True
160-19@7e6921588668,160-19,2019/Ordinance No. 0160-19 (1).txt,1,2019,user_verified_folder,2019.0,False,[],included,,1,3143,6865,0,True
623-18@7e9aa90dd6c7,623-18,2018/Ordinance No. 0623-18.txt,1,2018,user_verified_folder,,False,[],included,,3,7203,8961,0,False
900-22@7ea2dea2c0ab,900-22,2022/Ordinance No. 000900-22.txt,2,2022,user_verified_folder,2022.0,False,[],included,,1,1465,704,0,True
386-18@7eac145adb68,386-18,2018/Ordinance No. 0386-18.txt,1,2018,user_verified_folder,,False,[],included,,1,3452,13879,0,False
486-24@7ed2a04f4add,486-24,2024/Ordinance No. 0486-24 Terms of Partnership-DOH (1).txt,1,2024,user_verified_folder,2024.0,False,[],included,,4,1606,823,1,False
701-24@7ef2bd12f169,701-24,2024/Ordinance No. 0701-24 Grant Stella Maris Academy (1).txt,1,2024,user_verified_folder,,False,[],included,,1,3447,755,0,False
65-19@7f116d5a4629,65-19,2020/Ordinance No. 065-19 (1).txt,2,2020,human_year_override,,False,"[{""year"": 2020, ""file"": ""manual_year_overrides_2019.csv"", ""reviewer"": ""Lamsin"", ""evidence"": ""header states it was released on 2020""}, {""year"": 2020, ""file"": ""manual_year_overrides_2019.csv"", ""reviewer"": ""Lamsin"", ""evidence"": ""header states it was released on 2020""}]",included,,1,4025,410,0,True
438-24@7f38345032c7,438-24,"2024/Ordinance No. 0438-24 -MOA, PWC (1).txt",1,2024,user_verified_folder,2024.0,False,[],included,,5,1604,776,0,False
415-18@7f4539528e10,415-18,2018/Ordinance No. 0415-18.txt,1,2018,user_verified_folder,,False,[],included,,4,6835,9586,1,False
97-16@7f49b7cbf3e1,97-16,2016/Ordinance No. 097-16.txt,1,2016,user_verified_folder,,False,[],included,,1,1625,9197,0,True
672-18@7f8ade69c2f9,672-18,2019/Ordinance No. 0672-18.txt,2,2019,human_year_override,,False,"[{""year"": 2019, ""file"": ""manual_year_overrides_2018.csv"", ""reviewer"": ""Lamsin"", ""evidence"": ""Header states it was released on 2019""}, {""year"": 2019, ""file"": ""manual_year_overrides_2018.csv"", ""reviewer"": ""Lamsin"", ""evidence"": ""Header states it was released on 2019""}]",included,,1,0,0,0,False
606-24@7f9a382cbf29,606-24,2024/Ordinance No. 0606-24 QRF Mandaluyong City (1).txt,1,2024,user_verified_folder,2024.0,False,[],included,,7,1701,813,0,False
623-24@7fbc480825a0,623-24,2024/Ordinance No. 0623-24 Moral Recovery Program (1).txt,1,2024,user_verified_folder,2024.0,False,[],included,,13,1309,520,1,False
916-22@7fccfc120aeb,916-22,2022/Ordinance No. 000916-22.txt,2,2009,human_year_override,2022.0,True,"[{""year"": 2009, ""file"": ""manual_year_overrides_2022.csv"", ""reviewer"": """", ""evidence"": """"}, {""year"": 2009, ""file"": ""manual_year_overrides_2022.csv"", ""reviewer"": """", ""evidence"": """"}]",excluded,outside 2016-2025 after human date correction,0,1387,583,0,False
473-16@7fef5ac0cde4,473-16,2016/Ordinance No. 0473-16.txt,1,2016,user_verified_folder,,False,[],included,,1,0,121,0,False
991-22@7ffe9dcca51e,991-22,2022/Ordinance No. 000991-22.txt,1,2022,user_verified_folder,2022.0,False,[],included,,4,1611,831,0,False
713-19@8059c373c4e3,713-19,2019/Ordinance No. 0713-19 (1).txt,1,2019,user_verified_folder,,False,[],included,,4,5063,399,0,False
893-22@8098f0a1d2ce,893-22,2022/Ordinance No. 000893-22.txt,2,2022,user_verified_folder,2022.0,False,[],included,,15,1363,628,0,False
127-19@80bca97950b9,127-19,2019/Ordinance No. 0127-19 (1).txt,1,2019,user_verified_folder,,False,[],included,,1,0,295,0,False
496-16@80f7d0025734,496-16,2016/Ordinance No. 0496-16.txt,1,2016,user_verified_folder,,False,[],included,,1,0,0,0,False
218-23@80f7f42e83d8,218-23,2023/Ordinance No. 0218-23 (2).txt,1,2023,user_verified_folder,2023.0,False,[],included,,4,1572,764,1,False
81-19@811efac09fbb,81-19,2019/Ordinance No. 081-19 (1).txt,1,2019,user_verified_folder,,False,[],included,,1,4764,10486,0,True
152-19@8123f6195541,152-19,2019/Ordinance No. 0152-19 (1).txt,1,2019,user_verified_folder,,False,[],included,,5,5702,350,0,False
481-24@812e48e3ed44,481-24,2024/Ordinance No. 0481-24 Service Contracting Agreement Metro Shuttle Corp. (1).txt,1,2024,user_verified_folder,2024.0,False,[],included,,4,1618,770,1,False
608-18@8141d5440d62,608-18,2018/Ordinance No. 0608-18.txt,1,2018,user_verified_folder,2018.0,False,[],included,,3,8144,5256,2,False
67-19@814879d32b15,67-19,2019/Ordinance No. 067-19 (1).txt,1,2019,user_verified_folder,2019.0,False,[],included,,5,5032,393,1,False
482-16@814a7fa2e0ff,482-16,2016/Ordinance No. 0482-16.txt,1,2016,user_verified_folder,,False,[],included,,1,0,0,0,False
996-22@8186d6df752e,996-22,2022/Ordinance No. 0996-22.txt,1,2022,user_verified_folder,2022.0,False,[],included,,2,1630,766,1,False
66-22@8188071c4825,66-22,2022/Ordinance No. 066-22.txt,1,2022,user_verified_folder,2022.0,False,[],included,,1,1734,881,0,True
467-18@819116ae874e,467-18,2018/Ordinance No. 0467-18.txt,1,2018,user_verified_folder,,False,[],included,,5,4575,369,0,False
984-22@81a5a5e0ff9f,984-22,2022/Ordinance No. 0984-22.txt,1,2022,user_verified_folder,2022.0,False,[],included,,5,1534,652,0,False
375-17@81e9fe63ea97,375-17,2018/Ordinance No. 0375-17.txt,2,2018,human_year_override,,False,"[{""year"": 2018, ""file"": ""manual_year_overrides_2017.csv"", ""reviewer"": ""Lamsin"", ""evidence"": ""header states that it is released on 2018""}, {""year"": 2018, ""file"": ""manual_year_overrides_2017.csv"", ""reviewer"": ""Lamsin"", ""evidence"": ""header states that it is released on 2018""}]",included,,1,0,265,0,False
211-23@8202cfbcc846,211-23,2023/Ordinance No. 0211-23 (2).txt,1,2023,user_verified_folder,,False,[],included,,6,1548,705,0,False
149-23@8217a962ef9f,149-23,2023/Ordinance No. 0149-23 -QRF Polanco (2).txt,1,2023,user_verified_folder,2023.0,False,[],included,,6,1651,924,0,False
92-16@8220020baeff,92-16,2016/Ordinance No. 092-16.txt,1,2016,user_verified_folder,,False,[],included,,1,0,9860,0,False
520-16@824c45c54b5a,520-16,2016/Ordinance No. 0520-16.txt,1,2016,user_verified_folder,,False,[],included,,1,0,300,0,False
662-21@824ee7e4aadc,662-21,2021/Ordinance No. 0662-21.txt,1,2021,user_verified_folder,2021.0,False,[],included,,1,1215,541,0,True
709-19@8254fe9cf839,709-19,2019/Ordinance No. 0709-19 (1).txt,1,2019,user_verified_folder,,False,[],included,,5,8954,8594,0,False
657-18@827d54615209,657-18,2019/Ordinance No. 0657-18.txt,2,2019,human_year_override,2018.0,True,"[{""year"": 2019, ""file"": ""manual_year_overrides_2018.csv"", ""reviewer"": ""Lamsin"", ""evidence"": ""Header states it was released on 2019""}, {""year"": 2019, ""file"": ""manual_year_overrides_2018.csv"", ""reviewer"": ""Lamsin"", ""evidence"": ""Header states it was released on 2019""}]",included,,4,4208,347,1,False
473-21@82892a5d7917,473-21,2021/Ordinance No. 0473-21.txt,1,2021,user_verified_folder,,False,[],included,,1,0,20037,0,True
729-19@828a5759140a,729-19,2019/Ordinance No. 0729-19 (1).txt,1,2019,user_verified_folder,,False,[],included,,10,5287,344,1,False
260-20@828d32e50761,260-20,2020/Ordinance No. 0260-20.txt,1,2020,user_verified_folder,2020.0,False,[],included,,6,4409,402,2,False
204-23@82a849bee30e,204-23,2023/Ordinance No. 0204-23 (2).txt,1,2023,user_verified_folder,2023.0,False,[],included,,5,1603,680,0,False
96-16@82dc2801cd11,96-16,2016/Ordinance No. 096-16.txt,1,2016,user_verified_folder,,False,[],included,,1,1612,12284,0,False
10-22@82e3ec1fad18,10-22,2022/Ordinance No. 000010-22.txt,1,2022,user_verified_folder,,False,[],included,,5,1459,602,0,False
147-23@8314e426115f,147-23,2023/Ordinance No. 0147-23 -QRF San Miguel (2).txt,1,2023,user_verified_folder,2023.0,False,[],included,,5,1664,860,0,False
71-16@833c0e7e6551,71-16,2016/Ordinance No. 071-16.txt,1,2016,user_verified_folder,,False,[],included,,2,14892,0,0,False
797-19@83420f0c7cfa,797-19,2019/Ordinance No. 0797-19 (1).txt,1,2019,user_verified_folder,,False,[],included,,5,5078,426,0,False
682-21@835954fb7529,682-21,2021/Ordinance No. 000682-21.txt,1,2021,user_verified_folder,,False,[],included,,6,1770,12024,0,False
90-16@838e09555172,90-16,2016/Ordinance No. 090-16.txt,1,2016,user_verified_folder,,False,[],included,,1,1539,22743,0,False
302-23@838e952be70d,302-23,2023/Ordinance No. 0302-23 (2).txt,1,2023,user_verified_folder,2023.0,False,[],included,,5,1604,636,0,False
891-22@839a48bfba46,891-22,2022/Ordinance No. 000891-22.txt,2,2022,user_verified_folder,2022.0,False,[],included,,17,1310,571,1,False
157-19@83a77b57cd5e,157-19,2019/Ordinance No. 0157-19 (1).txt,1,2019,user_verified_folder,,False,[],included,,4,8065,6547,1,False
235-20@83a7b98df5e6,235-20,2020/Ordinance No. 0235-20.txt,1,2020,user_verified_folder,2020.0,False,[],included,,5,5433,398,0,False
787-19@83b48be8c3a6,787-19,2019/Ordinance No. 0787-19 (1).txt,1,2019,user_verified_folder,,False,[],included,,6,11100,5328,0,False
466-21@83b5ef727193,466-21,2021/Ordinance No. 0466-21.txt,1,2021,user_verified_folder,2021.0,False,[],included,,5,1385,557,1,False
437-18@83c6ad3e4dce,437-18,2018/Ordinance No. 0437-18.txt,1,2018,user_verified_folder,,False,[],included,,1,11055,13245,0,False
947-22@83d461bfac10,947-22,2022/Ordinance No. 000947-22.txt,2,2022,user_verified_folder,,False,[],included,,5,1592,803,0,False
936-22@83fa784d48f5,936-22,2022/Ordinance No. 000936-22.txt,2,2022,user_verified_folder,,False,[],included,,5,1450,514,0,False
237-23@84048466dc50,237-23,2023/Ordinance No. 0237-23 (2).txt,1,2023,user_verified_folder,2023.0,False,[],included,,4,1577,672,1,False
206-17@845c60fe97bf,206-17,2017/Ordinance No. 0206-17.txt,1,2017,user_verified_folder,,False,[],included,,1,4173,124,0,False
890-22@847de3a4ac4e,890-22,2022/Ordinance No. 000890-22.txt,2,2022,user_verified_folder,,False,[],included,,9,1552,822,0,False
182-23@8485c206678c,182-23,2023/Ordinance No. 0182-23 (2).txt,1,2023,user_verified_folder,2023.0,False,[],included,,2,1606,819,1,False
580-18@84a29a38bf89,580-18,2018/Ordinance No. 0580-18.txt,1,2018,user_verified_folder,2018.0,False,[],included,,4,4347,469,1,False
7-16@84b5c612a86e,7-16,2016/Ordinance No. 007-16.txt,1,2016,user_verified_folder,,False,[],included,,1,7588,242,0,False
402-18@84bff418e42b,402-18,2018/Ordinance No. 0402-18.txt,1,2018,user_verified_folder,,False,[],included,,1,0,8467,0,False
358-17@851948f06101,358-17,2017/Ordinance No. 0358-17.txt,1,2017,user_verified_folder,,False,[],included,,7,8818,25926,0,False
22-16@85337c8155af,22-16,2016/Ordinance No. 022-16.txt,1,2016,user_verified_folder,,False,[],included,,1,13061,0,1,False
178-20@8573b0ce2d39,178-20,2020/Ordinance No. 0178-20.txt,1,2020,user_verified_folder,,False,[],included,,5,8907,13846,1,False
214-23@8574b9b22b4b,214-23,2023/Ordinance No. 0214-23 (2).txt,1,2023,user_verified_folder,2023.0,False,[],included,,4,1289,501,2,False
549-24@857b08024aa5,549-24,2024/Ordinance No. 0549-24 Amusement Tax Exemption   (1).txt,1,2024,user_verified_folder,,False,[],included,,1,3006,581,0,False
483-24@8580a070704d,483-24,"2024/Ordinance No. 0483-24 Service Contracting Agreement, Land car Inc. (1).txt",1,2024,user_verified_folder,2024.0,False,[],included,,1,1584,758,1,False
231-17@8586d165b043,231-17,2017/Ordinance No. 0231-17.txt,1,2017,user_verified_folder,,False,[],included,,1,5415,251,0,False
850-21@859148da17d6,850-21,2020/Ordinance No. 000850-21.txt,2,2020,human_year_override,,False,"[{""year"": 2020, ""file"": ""manual_year_overrides_2021.csv"", ""reviewer"": """", ""evidence"": """"}, {""year"": 2020, ""file"": ""manual_year_overrides_2021.csv"", ""reviewer"": """", ""evidence"": """"}]",included,,1,1376,888,0,True
59-19@85a3116d4d44,59-19,2019/Ordinance No. 059-19 (1).txt,1,2019,user_verified_folder,2079.0,True,[],included,,4,5865,375,1,False
856-22@85b8ce3b6b22,856-22,2022/Ordinance No. 000856-22.txt,1,2022,user_verified_folder,2022.0,False,[],included,,5,1586,790,0,False
182-17@85c4480d4d3d,182-17,2017/Ordinance No. 0182-17.txt,1,2017,user_verified_folder,,False,[],included,,1,5431,9021,0,False
789-19@8665e1a2737e,789-19,2019/Ordinance No. 0789-19 (1).txt,1,2019,user_verified_folder,2019.0,False,[],included,,4,4829,356,0,False
225-17@86702f28e1dd,225-17,2017/Ordinance No. 0225-17.txt,1,2017,user_verified_folder,2077.0,True,[],included,,4,4696,453,1,False
494-16@86752c56ac55,494-16,2016/Ordinance No. 0494-16.txt,1,2016,user_verified_folder,,False,[],included,,1,4449,0,0,False
662-18@8697b54ba786,662-18,2018/Ordinance No. 0662-18.txt,1,2018,user_verified_folder,,False,[],included,,4,5656,403,1,False
489-16@869b74a8c3fa,489-16,2016/Ordinance No. 0489-16.txt,1,2016,user_verified_folder,,False,[],included,,1,4400,0,0,False
413-18@86a9a54f352c,413-18,2018/Ordinance No. 0413-18.txt,1,2018,user_verified_folder,2018.0,False,[],included,,5,4289,453,0,False
198-20@86e3ee4769a2,198-20,2020/Ordinance No. 0198-20.txt,1,2020,user_verified_folder,,False,[],included,,1,3817,458,0,True
149-19@870fdcbd4615,149-19,2019/Ordinance No. 0149-19 (1).txt,1,2019,user_verified_folder,2019.0,False,[],included,,5,6282,388,1,False
133-16@871901a7d4b8,133-16,2016/Ordinance No. 0133-16.txt,1,2016,user_verified_folder,,False,[],included,,1,0,6079,0,False
77-16@872f3e43fd0b,77-16,2016/Ordinance No. 077-16.txt,1,2016,user_verified_folder,2016.0,False,[],included,,4,1582,3575,0,False
31-19@874045a914c9,31-19,2019/Ordinance No. 031-19 (1).txt,1,2019,user_verified_folder,2019.0,False,[],included,,1,4848,427,0,True
796-19@87457eabb89e,796-19,2019/Ordinance No. 0796-19 (1).txt,1,2019,user_verified_folder,,False,[],included,,4,4555,370,1,False
734-24@877b9ceeddcb,734-24,2024/Ordinance No. 0734-24 SB4 (1).txt,1,2024,user_verified_folder,,False,[],included,,5,1739,592,0,False
332-17@878bf2e85b0a,332-17,2017/Ordinance No. 0332-17.txt,1,2017,user_verified_folder,2017.0,False,[],included,,5,13097,4611,0,False
553-24@879385a9c39f,553-24,2024/Ordinance No. 0553-24 (1).txt,1,2024,user_verified_folder,,False,[],included,,4,1651,575,0,False
501-18@87b40975a369,501-18,2018/Ordinance No. 0501-18.txt,1,2018,user_verified_folder,,False,[],included,,4,4397,378,0,False
775-19@87cea3e0d565,775-19,2019/Ordinance No. 0775-19 (1).txt,1,2019,user_verified_folder,,False,[],included,,1,7051,12828,0,True
694-24@87fd05015354,694-24,2024/Ordinance No. 0694-24 QRF Province of Camarines Norte (1).txt,1,2024,user_verified_folder,,False,[],included,,5,1885,783,0,False
154-17@880abc2f0569,154-17,2017/Ordinance No. 0154-17.txt,1,2017,user_verified_folder,,False,[],included,,1,26276,0,0,False
482-24@885212d55cef,482-24,"2024/Ordinance No. 0482-24 Service Contracting Agreement, Golden Valley Bus  (1).txt",1,2024,user_verified_folder,2024.0,False,[],included,,4,1595,772,1,False
677-19@88594f86104e,677-19,2019/Ordinance No. 0677-19 (1).txt,1,2019,user_verified_folder,2019.0,False,[],included,,7,6137,349,0,False
161-23@8859ff4364ad,161-23,"2023/Ordinance No. 0161-23 -MOA, DAP-ALS (2).txt",1,2023,user_verified_folder,2023.0,False,[],included,,4,1650,746,1,False
545-21@885a4d4282a8,545-21,2021/Ordinance No. 0545-21.txt,1,2021,user_verified_folder,,False,[],included,,1,1559,826,0,True
563-21@8868f24adcdd,563-21,2021/Ordinance No. 0563-21.txt,1,2021,user_verified_folder,,False,[],included,,1,14688,44837,0,True
227-17@88879f6c732b,227-17,2017/Ordinance No. 0227-17.txt,1,2017,user_verified_folder,,False,[],included,,1,0,0,0,False
201-20@88a291f5a02b,201-20,2020/Ordinance No. 0201-20.txt,1,2020,user_verified_folder,,False,[],included,,5,5878,31065,1,False
31-22@88a74bc77ca3,31-22,2022/Ordinance No. 031-22.txt,1,2022,user_verified_folder,2022.0,False,[],included,,1,1569,936,0,True
878-22@88ed7ed953cb,878-22,2022/Ordinance No. 000878-22.txt,1,2022,user_verified_folder,2022.0,False,[],included,,4,1526,750,0,False
210-17@88fbbd6aeca2,210-17,2017/Ordinance No. 0210-17.txt,1,2017,user_verified_folder,,False,[],included,,1,0,24257,0,False
90-19@89222770ca97,90-19,2019/Ordinance No. 090-19 (1).txt,1,2019,user_verified_folder,,False,[],included,,1,0,6610,0,True
958-22@8925f30c7636,958-22,2022/Ordinance No. 0958-22.txt,1,2022,user_verified_folder,2022.0,False,[],included,,3,1557,749,0,False
83-19@893942efc739,83-19,2019/Ordinance No. 083-19 (1).txt,1,2019,user_verified_folder,,False,[],included,,4,8354,6091,0,False
742-21@893cf977e234,742-21,2021/Ordinance No. 000742-21.txt,1,2021,user_verified_folder,2021.0,False,[],included,,1,0,531,0,True
295-20@89583f98973c,295-20,2020/Ordinance No. 0295-20.txt,1,2020,user_verified_folder,2020.0,False,[],included,,3,4042,656,2,False
895-22@8993b6832cbe,895-22,2022/Ordinance No. 000895-22.txt,2,2022,user_verified_folder,2022.0,False,[],included,,11,1475,624,1,False
659-21@899cc5550df9,659-21,2021/Ordinance No. 0659-21.txt,1,2021,user_verified_folder,,False,[],included,,6,1389,611,0,False
167-17@89b567d99bc3,167-17,2017/Ordinance No. 0167-17.txt,1,2017,user_verified_folder,,False,[],included,,1,0,198,0,False
442-24@89df60c5a4fa,442-24,2024/Ordinance No. 0442-24 (1).txt,1,2024,user_verified_folder,,False,[],included,,4,7992,6149,1,False
661-24@89ead2c62e1a,661-24,"2024/Ordinance No. 0661-24 QRF Laurel, Batangas (1).txt",1,2024,user_verified_folder,2024.0,False,[],included,,4,2406,905,0,False
14-19@89feea52a302,14-19,2019/Ordinance No. 014-19 (1).txt,1,2019,user_verified_folder,,False,[],included,,3,9050,6261,1,False
676-18@89ff603e8ab3,676-18,2018/Ordinance No. 0676-18.txt,1,2018,user_verified_folder,,False,[],included,,4,4657,380,1,False
337-23@8a0a32a6a2f6,337-23,2023/Ordinance No. 0337-23 (2).txt,1,2023,user_verified_folder,,False,[],included,,6,1631,755,0,False
658-24@8a164c0f1cd1,658-24,2024/Ordinance No. 0658-24 Amending Section 2 of Food Terminal (1).txt,1,2024,user_verified_folder,2024.0,False,[],included,,4,1530,623,1,False
88-22@8a21f30364da,88-22,2022/Ordinance No. 088-22.txt,1,2022,user_verified_folder,2022.0,False,[],included,,4,1524,779,0,False
660-18@8a38c7c8919a,660-18,2018/Ordinance No. 0660-18.txt,1,2018,user_verified_folder,,False,[],included,,3,5852,447,2,False
312-23@8a784a28c504,312-23,2023/Ordinance No. 0312-23 (2).txt,1,2023,user_verified_folder,2023.0,False,[],included,,4,1567,784,1,False
96-19@8aab27035576,96-19,2019/Ordinance No. 096-19 (1).txt,1,2019,user_verified_folder,,False,[],included,,6,4890,401,0,False
692-19@8b0bb866a836,692-19,2019/Ordinance No. 0692-19 (1).txt,1,2019,user_verified_folder,2019.0,False,[],included,,4,1790,363,1,False
653-21@8b1198436f5b,653-21,2021/Ordinance No. 0653-21.txt,1,2021,user_verified_folder,,False,[],included,,7,4605,5286,0,False
311-17@8b196ce44c8d,311-17,2017/Ordinance No. 0311-17.txt,1,2017,user_verified_folder,,False,[],included,,1,5176,517,0,False
953-22@8b2ff70d3bb8,953-22,2022/Ordinance No. 000953-22.txt,2,2022,user_verified_folder,2022.0,False,[],included,,1,1628,839,0,True
644-24@8b60181aa90d,644-24,2024/Ordinance No. 0644-24 (1).txt,1,2024,user_verified_folder,,False,[],included,,4,1759,616,0,False
39-22@8b618d54e50e,39-22,2022/Ordinance No. 039-22.txt,1,2022,user_verified_folder,2022.0,False,[],included,,6,1649,915,0,False
22-19@8b89dc50e676,22-19,2019/Ordinance No. 022-19 (1).txt,1,2019,user_verified_folder,,False,[],included,,6,4888,451,0,False
712-21@8b8c92c12af5,712-21,2021/Ordinance No. 000712-21.txt,1,2021,user_verified_folder,2021.0,False,[],included,,3,1768,950,1,False
788-19@8b95d911331b,788-19,2019/Ordinance No. 0788-19 (1).txt,1,2019,user_verified_folder,,False,[],included,,4,4600,405,0,False
583-21@8ba9188021af,583-21,2021/Ordinance No. 0583-21.txt,1,2021,user_verified_folder,,False,[],included,,4,1403,524,1,False
748-19@8bac7dcb2cd7,748-19,2019/Ordinance No. 0748-19 (1).txt,1,2019,user_verified_folder,,False,[],included,,6,5371,334,0,False
549-18@8bc977921c68,549-18,2018/Ordinance No. 0549-18.txt,1,2018,user_verified_folder,2018.0,False,[],included,,5,5610,374,0,False
164-19@8bec1a9bc4af,164-19,2019/Ordinance No. 0164-19 (1).txt,1,2019,user_verified_folder,,False,[],included,,3,3536,390,1,False
719-19@8c07921411df,719-19,2019/Ordinance No. 0719-19 (1).txt,1,2019,user_verified_folder,,False,[],included,,5,7663,405,1,False
155-17@8c0e3ad488d6,155-17,2017/Ordinance No. 0155-17.txt,1,2017,user_verified_folder,,False,[],included,,1,0,11332,0,False
787-25@8c2f194d633b,787-25,2025/Ordinance No. 0787-25.txt,1,2025,user_verified_folder,,False,[],included,,1,8456,486,0,False
499-18@8c82a6bb5c2b,499-18,2018/Ordinance No. 0499-18.txt,1,2018,user_verified_folder,2018.0,False,[],included,,1,6038,341,0,True
741-19@8c96e5ada2a5,741-19,2019/Ordinance No. 0741-19 (1).txt,1,2019,user_verified_folder,,False,[],included,,1,9143,9525,0,True
878-22@8d02f0716ff1,878-22,2022/Ordinance No. 0878-22.txt,1,2022,user_verified_folder,2022.0,False,[],included,,5,1536,761,0,False
888-22@8d381243e0de,888-22,2022/Ordinance No. 000888-22.txt,1,2022,user_verified_folder,,False,[],included,,1,1709,10785,0,True
431-18@8da7ae70550d,431-18,2018/Ordinance No. 0431-18.txt,1,2018,user_verified_folder,,False,[],included,,3,3962,235,0,False
474-16@8dde3a2c6be4,474-16,2016/Ordinance No. 0474-16.txt,1,2016,user_verified_folder,,False,[],included,,1,7757,6174,0,False
781-19@8df35e29b48d,781-19,2019/Ordinance No. 0781-19 (1).txt,1,2019,human_year_override,,False,"[{""year"": 2019, ""file"": ""manual_year_overrides_2019.csv"", ""reviewer"": ""Lamsin"", ""evidence"": ""header states it was released on 2019""}]",included,,7,4033,364764,1,False
593-24@8df5d823ec9a,593-24,"2024/Ordinance No. 0593-24 QRF Bauang, La Union (1).txt",1,2024,user_verified_folder,2024.0,False,[],included,,7,1678,833,0,False
597-24@8e05710f4e67,597-24,"2024/Ordinance No. 0597-24 QRF Camiling, Tarlac (1).txt",1,2024,user_verified_folder,2024.0,False,[],included,,6,1682,836,0,False
906-22@8e28e2d7ac5a,906-22,2022/Ordinance No. 0906-22.txt,1,2022,user_verified_folder,,False,[],included,,6,1387,520,0,False
51-16@8e292b045e08,51-16,2016/Ordinance No. 051-16.txt,1,2016,user_verified_folder,,False,[],included,,1,1660,47680,0,True
675-24@8e2f6936f0e2,675-24,"2024/Ordinance No. 0675-24 QRF Irosin, Sorsogon (1).txt",1,2024,user_verified_folder,2024.0,False,[],included,,5,1894,886,0,False
495-24@8ea3db85b7cf,495-24,2024/Ordinance No. 0495-24 0_ Tax (1).txt,1,2024,user_verified_folder,2024.0,False,[],included,,1,1541,675,0,True
238-23@8eb5c6e67fd8,238-23,2023/Ordinance No. 0238-23 (2).txt,1,2023,user_verified_folder,,False,[],included,,5,1598,598,1,False
253-17@8ebbc646d254,253-17,2017/Ordinance No. 0253-17.txt,1,2017,user_verified_folder,,False,[],included,,5,5130,435,0,False
319-17@8ecd839b4aca,319-17,2018/Ordinance No. 0319-17.txt,2,2018,human_year_override,,False,"[{""year"": 2018, ""file"": ""manual_year_overrides_2017.csv"", ""reviewer"": ""Lamsin"", ""evidence"": ""header states that it is released on 2018""}, {""year"": 2018, ""file"": ""manual_year_overrides_2017.csv"", ""reviewer"": ""Lamsin"", ""evidence"": ""header states that it is released on 2018""}]",included,,1,0,17089,0,False
29-22@8ee6b6625e0b,29-22,2022/Ordinance No. 029-22.txt,1,2022,user_verified_folder,2022.0,False,[],included,,3,1616,946,0,False
294-20@8eeb58447127,294-20,2020/Ordinance No. 0294-20.txt,1,2020,user_verified_folder,2020.0,False,[],included,,5,4245,670,0,False
793-19@8ef7e9eb6148,793-19,2019/Ordinance No. 0793-19 (1).txt,1,2019,user_verified_folder,,False,[],included,,3,8183,13133,1,False
516-16@8f3d4004e1ca,516-16,2016/Ordinance No. 0516-16.txt,1,2016,user_verified_folder,,False,[],included,,1,1926,398,0,False
301-23@8f522da9e54f,301-23,2023/Ordinance No. 0301-23 (2).txt,1,2023,user_verified_folder,,False,[],included,,3,1637,560,0,False
498-16@8f5308a78263,498-16,2016/Ordinance No. 0498-16.txt,1,2016,user_verified_folder,,False,[],included,,1,5789,0,0,False
270-20@8f6e64f8262f,270-20,2020/Ordinance No. 0270-20.txt,1,2020,user_verified_folder,2020.0,False,[],included,,16,4021,482,1,False
41-19@8f97b4bbf702,41-19,2019/Ordinance No. 041-19 (1).txt,1,2019,user_verified_folder,,False,[],included,,2,7756,79065,1,False
297-17@8fafd707f53c,297-17,2017/Ordinance No. 0297-17.txt,1,2017,user_verified_folder,,False,[],included,,5,4777,460,0,False
697-24@9004b44854ae,697-24,2024/Ordinance No. 0697-24 Car Free Sunday (1).txt,1,2024,user_verified_folder,,False,[],included,,1,3348,781,0,False
943-22@902a68a9851f,943-22,2022/Ordinance No. 000943-22.txt,1,2022,user_verified_folder,,False,[],included,,3,1577,741,0,False
33-16@904305398a29,33-16,2017/Ordinance No. 033-16.txt,2,2017,human_year_override,,False,"[{""year"": 2017, ""file"": ""manual_year_overrides_2016.csv"", ""reviewer"": ""Lamsin"", ""evidence"": ""header siad it is released on 2017""}, {""year"": 2017, ""file"": ""manual_year_overrides_2016.csv"", ""reviewer"": ""Lamsin"", ""evidence"": ""header siad it is released on 2017""}]",included,,1,0,4880,0,False
342-17@9093460dd4d7,342-17,2017/Ordinance No. 0342-17.txt,1,2017,user_verified_folder,,False,[],included,,4,4633,424,1,False
433-24@90a08f4d1a53,433-24,2024/Ordinance No. 0433-24 (1).txt,1,2024,user_verified_folder,2024.0,False,[],included,,5,1435,575,0,False
322-20@90a2e7ac578c,322-20,2020/Ordinance No. 0322-20.txt,1,2020,user_verified_folder,,False,[],included,,5,9012,11550,0,False
76-16@90cf39ea7dcd,76-16,2016/Ordinance No. 076-16.txt,1,2016,user_verified_folder,,False,[],included,,2,1842,1926,0,False
300-20@914789dbc752,300-20,2020/Ordinance No. 0300-20.txt,1,2020,user_verified_folder,,False,[],included,,6,11824,11102,0,False
468-24@9177d6740d70,468-24,2024/Ordinance No. 0468-24 DCHO (1).txt,1,2024,user_verified_folder,2024.0,False,[],included,,8,1860,1033,0,False
181-17@918c0ab29d3d,181-17,2017/Ordinance No. 0181-17.txt,1,2017,user_verified_folder,,False,[],included,,1,0,0,0,True
420-24@91aa35c6a8df,420-24,"2024/Ordinance No. 0420-24 -QRF, Sta. Josefa (1).txt",1,2024,user_verified_folder,2024.0,False,[],included,,7,1666,864,0,False
120-19@91d42ae1a8e4,120-19,2019/Ordinance No. 0120-19 (1).txt,1,2019,user_verified_folder,2019.0,False,[],included,,6,12514,2293,1,False
610-18@92049ee665e6,610-18,2018/Ordinance No. 0610-18.txt,1,2018,user_verified_folder,2018.0,False,[],included,,1,3755,376,0,True
533-24@920ca9a45109,533-24,2024/Ordinance No. 0533-24 -MOA DOH-CHD MAILFIP Program (1).txt,1,2024,user_verified_folder,,False,[],included,,2,1755,701,0,False
529-18@923dddb6d50d,529-18,2018/Ordinance No. 0529-18.txt,1,2018,user_verified_folder,,False,[],included,,1,0,38,0,False
142-19@92515bd70234,142-19,2020/Ordinance No. 0142-19 (1).txt,2,2020,human_year_override,,False,"[{""year"": 2020, ""file"": ""manual_year_overrides_2019.csv"", ""reviewer"": ""Lamsin"", ""evidence"": ""header states it was released on 2020""}, {""year"": 2020, ""file"": ""manual_year_overrides_2019.csv"", ""reviewer"": ""Lamsin"", ""evidence"": ""header states it was released on 2020""}]",included,,4,10879,5947,1,False
306-23@9263c6168b9d,306-23,2023/Ordinance No. 0306-23 (2).txt,1,2023,user_verified_folder,2023.0,False,[],included,,2,2225,790,0,False
87-19@92f5b97f7f56,87-19,2021/Ordinance No. 087-19 (1).txt,2,2021,human_year_override,,False,"[{""year"": 2021, ""file"": ""manual_year_overrides_2019.csv"", ""reviewer"": ""Lamsin"", ""evidence"": ""header states it was released on 2021""}, {""year"": 2021, ""file"": ""manual_year_overrides_2019.csv"", ""reviewer"": ""Lamsin"", ""evidence"": ""header states it was released on 2021""}]",included,,6,5758,946,0,False
153-19@92fc9c1889be,153-19,2019/Ordinance No. 0153-19 (1).txt,1,2019,user_verified_folder,,False,[],included,,5,4614,437,0,False
332-23@9322d4f5a8fa,332-23,2023/Ordinance No. 0332-23 DC Office for Culture and the Arts (2).txt,1,2023,user_verified_folder,,False,[],included,,8,1457,451,1,False
496-18@933ed4771b60,496-18,2018/Ordinance No. 0496-18.txt,1,2018,user_verified_folder,,False,[],included,,1,7420,4910,0,False
459-18@936aceb4f6d4,459-18,2018/Ordinance No. 0459-18.txt,1,2018,user_verified_folder,,False,[],included,,1,0,13183,0,False
68-19@9374bdc83a35,68-19,2019/Ordinance No. 068-19 (1).txt,1,2019,user_verified_folder,,False,[],included,,16,3717,415,1,False
888-22@9379db5d88a8,888-22,2022/Ordinance No. 0888-22.txt,1,2022,user_verified_folder,2022.0,False,[],included,,1,1733,992,0,True
65-16@93907ccab489,65-16,2016/Ordinance No. 065-16.txt,1,2016,user_verified_folder,,False,[],included,,1,1658,15328,0,False
83-16@93a512dc0d05,83-16,2016/Ordinance No. 083-16.txt,1,2016,user_verified_folder,,False,[],included,,1,1702,34516,0,False
619-18@93b3fe8dca02,619-18,2018/Ordinance No. 0619-18.txt,1,2018,user_verified_folder,,False,[],included,,4,4126,8697,0,False
59-22@93e59fafdf91,59-22,2022/Ordinance No. 059-22.txt,1,2022,user_verified_folder,2022.0,False,[],included,,1,1809,965,0,True
109-19@93f82a718f51,109-19,2019/Ordinance No. 0109-19 (1).txt,1,2019,user_verified_folder,,False,[],included,,3,10533,6604,0,False
642-21@940eb7914dd7,642-21,2021/Ordinance No. 0642-21.txt,1,2021,user_verified_folder,,False,[],included,,7,2139,1321,0,False
491-18@9496ecc70a58,491-18,2018/Ordinance No. 0491-18.txt,1,2018,user_verified_folder,2018.0,False,[],included,,1,6726,428,0,False
166-23@94974409063c,166-23,2023/Ordinance No. 000166-23 (2).txt,1,2023,user_verified_folder,2023.0,False,[],included,,4,1504,685,0,False
108-16@949ddd90ef39,108-16,2016/Ordinance No. 0108-16.txt,1,2016,user_verified_folder,2016.0,False,[],included,,4,1555,429,1,False
477-24@94c4ea6d1d98,477-24,"2024/Ordinance No. 0477-24 MOA, San Pedro Hospital   (1).txt",1,2024,user_verified_folder,2024.0,False,[],included,,1,1490,732,0,True
374-23@94d231eda51b,374-23,2023/Ordinance No. 0374-23 (2).txt,1,2023,user_verified_folder,2023.0,False,[],included,,4,1479,725,0,False
60-19@94da5bd82576,60-19,2019/Ordinance No. 060-19 (1).txt,1,2019,user_verified_folder,,False,[],included,,5,6317,395,0,False
555-21@94e67eaed606,555-21,2021/Ordinance No. 0555-21.txt,1,2021,user_verified_folder,,False,[],included,,4,1535,699,1,False
174-23@94ec100a4588,174-23,"2023/Ordinance No. 0174-23 -MOA, AFP Agila Division (2).txt",1,2023,user_verified_folder,,False,[],included,,1,2327,805,0,False
316-20@9524001ebe74,316-20,2020/Ordinance No. 0316-20.txt,1,2020,user_verified_folder,,False,[],included,,7,8459,32113,0,False
14-22@957eb91b4539,14-22,2022/Ordinance No. 014-22.txt,1,2022,user_verified_folder,2022.0,False,[],included,,5,1668,868,0,False
205-20@9586058613a1,205-20,2020/Ordinance No. 0205-20.txt,1,2020,user_verified_folder,2020.0,False,[],included,,6,5156,419,1,False
661-18@958d687b33ef,661-18,2018/Ordinance No. 0661-18.txt,1,2018,user_verified_folder,,False,[],included,,3,6140,435,0,False
567-24@95a7ea41132c,567-24,2024/Ordinance No. 0567-24 DOD 8990 Housing DHRR Ph 12 (1).txt,1,2024,user_verified_folder,,False,[],included,,2,1649,6048,1,False
184-20@95cb36f0643a,184-20,2020/Ordinance No. 0184-20.txt,1,2020,user_verified_folder,2020.0,False,[],included,,4,4436,475,0,False
377-17@95ee9a1861db,377-17,2017/Ordinance No. 0377-17.txt,1,2017,user_verified_folder,,False,[],included,,4,11620,10948,1,False
177-17@9600d575ecbf,177-17,2017/Ordinance No. 0177-17.txt,1,2017,user_verified_folder,,False,[],included,,4,5489,429,1,False
280-17@9606e94bc3ec,280-17,2017/Ordinance No. 0280-17.txt,1,2017,user_verified_folder,2017.0,False,[],included,,4,4461,388,1,False
26-19@962d26ab1450,26-19,2019/Ordinance No. 026-19 (1).txt,1,2019,user_verified_folder,,False,[],included,,5,8318,13805,1,False
680-19@9672bbec94bd,680-19,2019/Ordinance No. 0680-19 (1).txt,1,2019,user_verified_folder,,False,[],included,,5,5355,448,1,False
400-18@96730c20b49e,400-18,2018/Ordinance No. 0400-18.txt,1,2018,user_verified_folder,,False,[],included,,1,9851,8851,0,False
178-23@9690f79656d1,178-23,2023/Ordinance No. 0178-23 (2).txt,1,2023,user_verified_folder,2023.0,False,[],included,,6,1811,945,0,False
176-19@96b4a137bf2b,176-19,2019/Ordinance No. 0176-19 (1).txt,1,2019,user_verified_folder,2019.0,False,[],included,,1,4911,456,0,True
137-19@96b93da9ba20,137-19,2019/Ordinance No. 0137-19 (1).txt,1,2019,user_verified_folder,,False,[],included,,6,4979,19292,0,False
111-22@96bad70cf9c8,111-22,2022/Ordinance No. 000111-22.txt,2,2022,user_verified_folder,,False,[],included,,1,1414,13621,0,True
372-17@96de48034ad6,372-17,2017/Ordinance No. 0372-17.txt,1,2017,user_verified_folder,,False,[],included,,1,8407,0,0,False
919-22@96f873cb8b0c,919-22,2022/Ordinance No. 000919-22.txt,2,2022,user_verified_folder,2022.0,False,[],included,,18,1488,746,0,False
373-23@970222694c9f,373-23,2023/Ordinance No. 0373-23 (2).txt,1,2023,user_verified_folder,2023.0,False,[],included,,5,1447,695,0,False
132-22@97030af533b0,132-22,2022/Ordinance No. 0132-22.txt,1,2022,user_verified_folder,2022.0,False,[],included,,3,1469,653,0,False
788-21@97545ff184e9,788-21,2021/Ordinance No. 000788-21.txt,1,2021,user_verified_folder,,False,[],included,,2,1710,878,2,False
654-24@97952a545414,654-24,2024/Ordinance No. 0654-24 Exempt from Amusement tax (1).txt,1,2024,user_verified_folder,,False,[],included,,2,2276,746,1,False
50-22@97b1c0bea6c4,50-22,2022/Ordinance No. 050-22.txt,1,2022,user_verified_folder,2022.0,False,[],included,,3,1595,770,0,False
310-23@97dc1285ddd0,310-23,2023/Ordinance No. 0310-23 (2).txt,1,2023,user_verified_folder,2023.0,False,[],included,,7,1620,780,0,False
328-20@97ef57e339e8,328-20,2020/Ordinance No. 0328-20.txt,1,2020,user_verified_folder,2020.0,False,[],included,,4,4344,701,0,False
370-17@98026a22f33c,370-17,2018/Ordinance No. 0370-17.txt,2,2018,human_year_override,,False,"[{""year"": 2018, ""file"": ""manual_year_overrides_2017.csv"", ""reviewer"": ""Lamsin"", ""evidence"": ""header states that it is released on 2018""}, {""year"": 2018, ""file"": ""manual_year_overrides_2017.csv"", ""reviewer"": ""Lamsin"", ""evidence"": ""header states that it is released on 2018""}]",included,,1,9166,187,0,False
569-18@981e718ddd90,569-18,2018/Ordinance No. 0569-18.txt,1,2018,user_verified_folder,,False,[],included,,4,4180,381,1,False
341-23@983b217afc46,341-23,2023/Ordinance No. 0341-23 Deed of Usufruct PNP Maa (2).txt,1,2023,user_verified_folder,2023.0,False,[],included,,4,1657,721,0,False
678-21@9868b6eabbcc,678-21,2021/Ordinance No. 000678-21.txt,1,2021,user_verified_folder,,False,[],included,,6,1603,799,1,False
591-18@98b674d59b00,591-18,2018/Ordinance No. 0591-18.txt,1,2018,user_verified_folder,2018.0,False,[],included,,1,9079,3832,0,True
393-24@98b735ee9ddd,393-24,2024/Ordinance No. 0393-24 - Solo Parents (1).txt,1,2024,user_verified_folder,2024.0,False,[],included,,1,1576,728,0,True
197-23@9931213c5073,197-23,2023/Ordinance No. 0197-23 (2).txt,1,2023,user_verified_folder,,False,[],included,,4,1564,594,0,False
1002-22@9955354c1192,1002-22,2022/Ordinance No. 01002-22.txt,1,2022,user_verified_folder,2022.0,False,[],included,,2,1486,625,0,False
243-23@99760668e93f,243-23,2023/Ordinance No. 0243-23 (2).txt,1,2023,user_verified_folder,,False,[],included,,5,1757,672,0,False
375-23@99d9f90474b4,375-23,2024/Ordinance No. 0375-23 (2).txt,2,2024,human_year_override,2023.0,True,"[{""year"": 2024, ""file"": ""manual_year_overrides_2023.csv"", ""reviewer"": ""Nuril"", ""evidence"": ""Approved on Feb 8 2024""}, {""year"": 2024, ""file"": ""manual_year_overrides_2023.csv"", ""reviewer"": ""Nuril"", ""evidence"": ""Approved on Feb 8 2024""}]",included,,5,1659,872,0,False
145-19@9a571aebd49f,145-19,2019/Ordinance No. 0145-19 (1).txt,1,2019,user_verified_folder,,False,[],included,,2,10792,10637,0,False
772-21@9a5745fd2572,772-21,2021/Ordinance No. 000772-21.txt,1,2021,user_verified_folder,2021.0,False,[],included,,4,1554,722,0,False
416-18@9a62580fa9be,416-18,2018/Ordinance No. 0416-18.txt,1,2018,user_verified_folder,,False,[],included,,3,6486,8750,2,False
14-22@9a8940deb6b0,14-22,2022/Ordinance No. 000014-22.txt,1,2022,user_verified_folder,2022.0,False,[],included,,5,1637,885,0,False
122-19@9ad051bb070e,122-19,2019/Ordinance No. 0122-19 (1).txt,1,2019,user_verified_folder,2019.0,False,[],included,,5,7811,3164,0,False
289-20@9adb818fb193,289-20,2020/Ordinance No. 0289-20.txt,1,2020,user_verified_folder,2020.0,False,[],included,,4,5252,677,1,False
197-20@9af916d5aa8c,197-20,2020/Ordinance No. 0197-20.txt,1,2020,user_verified_folder,2020.0,False,[],included,,4,4563,464,1,False
601-21@9b25f2ffce59,601-21,2021/Ordinance No. 0601-21.txt,1,2021,user_verified_folder,,False,[],included,,6,1513,647,0,False
795-25@9b32312087c3,795-25,2025/Ordinance No. 0795-25.txt,1,2025,user_verified_folder,,False,[],included,,4,8377,680,1,False
670-18@9b3605cbd204,670-18,2018/Ordinance No. 0670-18.txt,1,2018,user_verified_folder,,False,[],included,,3,5500,431,1,False
681-24@9b3cfb23271d,681-24,2024/Ordinance No. 0681-24 QRF Naga City (1).txt,2,2024,user_verified_folder,2024.0,False,[],included,,6,1936,897,0,False
137-23@9b4a79fd2d37,137-23,"2023/Ordinance No. 0137-23 -Sister City Agreement Sennan City, Japan (2).txt",1,2023,user_verified_folder,2023.0,False,[],included,,4,1631,599,1,False
284-17@9b5e8de99e55,284-17,2017/Ordinance No. 0284-17.txt,1,2017,user_verified_folder,,False,[],included,,4,5501,407,1,False
592-24@9bb08aebe6e6,592-24,"2024/Ordinance No. 0592-24 QRF Pinamalayan, Oriental Mindoro (1).txt",1,2024,user_verified_folder,2024.0,False,[],included,,7,1709,870,0,False
319-23@9c0828abcaa7,319-23,2023/Ordinance No. 0319-23 (2).txt,1,2023,user_verified_folder,2023.0,False,[],included,,4,1481,625,1,False
816-21@9c230cf4dc81,816-21,2021/Ordinance No. 000816-21.txt,1,2021,user_verified_folder,,False,[],included,,1,1353,535,0,True
976-22@9c279cdd5b64,976-22,2022/Ordinance No. 0976-22.txt,1,2022,user_verified_folder,2022.0,False,[],included,,5,1596,784,0,False
316-17@9c632db3b3f6,316-17,2017/Ordinance No. 0316-17.txt,1,2017,user_verified_folder,,False,[],included,,4,7396,10099,0,False
213-23@9cda10387b76,213-23,2023/Ordinance No. 0213-23 (2).txt,1,2023,user_verified_folder,2023.0,False,[],included,,3,1577,679,0,False
341-17@9ce64d90c820,341-17,2017/Ordinance No. 0341-17.txt,1,2017,user_verified_folder,,False,[],included,,1,4617,157,0,False
354-23@9d294e6f0713,354-23,2023/Ordinance No. 0354-23 -Anti-Spaghetti (2).txt,1,2023,user_verified_folder,2023.0,False,[],included,,30,1352,530,1,False
168-23@9d37f9177689,168-23,"2023/Ordinance No. 0168-23 -Deed of Sale, SIR Amancio, Adolfo (2).txt",1,2023,user_verified_folder,2023.0,False,[],included,,4,2943,733,0,False
229-23@9d48c4cff05f,229-23,2023/Ordinance No. 0229-23 (2).txt,1,2023,user_verified_folder,2023.0,False,[],included,,6,1616,689,1,False
207-20@9d6e14ad2322,207-20,2020/Ordinance No. 0207-20.txt,1,2020,user_verified_folder,,False,[],included,,5,7504,7535,1,False
679-24@9db235c4f622,679-24,"2024/Ordinance No. 0679-24 QRF Gen. Luna, Quezon (1).txt",2,2024,user_verified_folder,2024.0,False,[],included,,6,2451,938,0,False
331-23@9dc2bc6550af,331-23,2023/Ordinance No. 0331-23 Amendment CCTV (2).txt,1,2023,user_verified_folder,2023.0,False,[],included,,1,1858,1017,0,True
19-19@9dc87d5468c1,19-19,2019/Ordinance No. 019-19 (1).txt,1,2019,user_verified_folder,,False,[],included,,5,5625,2333,1,False
70-22@9de188eb6bb9,70-22,2022/Ordinance No. 070-22.txt,1,2022,user_verified_folder,2022.0,False,[],included,,5,1800,992,0,False
44-16@9df3c884dc6b,44-16,2016/Ordinance No. 044-16.txt,1,2016,user_verified_folder,,False,[],included,,1,10263,6134,0,False
88-19@9e21bbd87202,88-19,2019/Ordinance No. 088-19 (1).txt,1,2019,user_verified_folder,2019.0,False,[],included,,4,4870,393,1,False
177-20@9e39b99d5070,177-20,2020/Ordinance No. 0177-20.txt,1,2020,user_verified_folder,,False,[],included,,4,3563,38896,0,False
580-24@9e57fa7dc220,580-24,2024/Ordinance No. 0580-24 Request of Alita Aniceta (1).txt,1,2024,user_verified_folder,,False,[],included,,1,4071,581,0,False
566-24@9e73585b764c,566-24,2024/Ordinance No. 0566-24 DOD 8990 Housing DHRR Ph 11 (1).txt,1,2024,user_verified_folder,,False,[],included,,7,1685,6359,0,False
226-17@9ebb87fb6faf,226-17,2017/Ordinance No. 0226-17.txt,1,2017,user_verified_folder,,False,[],included,,1,1385,175,0,False
317-23@9ec7ad9b557e,317-23,2023/Ordinance No. 0317-23 (2).txt,1,2023,user_verified_folder,2023.0,False,[],included,,5,1774,1545,1,False
260-23@9ec957070287,260-23,2023/Ordinance No. 0260-23 (2).txt,1,2023,user_verified_folder,,False,[],included,,1,1731,596,0,False
403-24@9ed21085d734,403-24,"2024/Ordinance No. 0403-24 -DOU, PNP (1).txt",1,2024,user_verified_folder,2024.0,False,[],included,,6,1750,899,0,False
202-20@9ee527e7ad7e,202-20,2020/Ordinance No. 0202-20.txt,1,2020,user_verified_folder,2020.0,False,[],included,,5,5736,439,0,False
46-16@9eec8f665049,46-16,2016/Ordinance No. 046-16.txt,1,2016,user_verified_folder,,False,[],included,,1,12239,6448,0,False
989-22@9ef6aa772482,989-22,2022/Ordinance No. 0989-22.txt,1,2022,user_verified_folder,2022.0,False,[],included,,4,1510,663,0,False
684-19@9f0cbb3a868c,684-19,2019/Ordinance No. 0684-19 (1).txt,1,2019,user_verified_folder,,False,[],included,,1,7676,0,0,False
32-16@9f24d0e560ba,32-16,2016/Ordinance No. 032-16.txt,1,2016,user_verified_folder,,False,[],included,,1,0,160,0,False
461-18@9f2f5d6dcd65,461-18,2018/Ordinance No. 0461-18.txt,1,2018,user_verified_folder,2018.0,False,[],included,,1,3788,538,0,True
364-17@9f49499fd11d,364-17,2017/Ordinance No. 0364-17.txt,1,2017,user_verified_folder,2017.0,False,[],included,,4,4918,450,1,False
647-24@9f53f67015b5,647-24,"2024/Ordinance No. 0647-24 Sister City Agreement Hamamatsu, Japan (1).txt",1,2024,user_verified_folder,2024.0,False,[],included,,3,1581,631,0,False
533-18@9f5b0c367469,533-18,2018/Ordinance No. 0533-18.txt,1,2018,user_verified_folder,,False,[],included,,1,0,322,0,False
318-23@9f6104be0315,318-23,2023/Ordinance No. 0318-23 (2).txt,1,2023,user_verified_folder,2023.0,False,[],included,,5,1632,1008,0,False
619-21@9f69d7066f26,619-21,2021/Ordinance No. 0619-21.txt,1,2021,user_verified_folder,,False,[],included,,1,0,13729,0,True
543-21@9f8f3ab656f4,543-21,2021/Ordinance No. 0543-21.txt,1,2021,user_verified_folder,,False,[],included,,5,1476,11756,0,False
122-22@9f980f7b5b97,122-22,2022/Ordinance No. 0122-22.txt,1,2022,user_verified_folder,2022.0,False,[],included,,3,1627,628,0,False
429-18@9fc64df86fae,429-18,2018/Ordinance No. 0429-18.txt,1,2018,user_verified_folder,,False,[],included,,1,6129,4084,0,False
651-21@9ffb2979688a,651-21,2021/Ordinance No. 0651-21.txt,1,2021,user_verified_folder,,False,[],included,,1,1470,7580,0,True
115-22@a003e7b67f1f,115-22,2022/Ordinance No. 0115-22.txt,1,2022,user_verified_folder,2022.0,False,[],included,,5,1698,779,0,False
520-18@a067ee9045b4,520-18,2018/Ordinance No. 0520-18.txt,1,2018,user_verified_folder,2018.0,False,[],included,,4,5641,421,1,False
256-23@a0fbbe482a58,256-23,2023/Ordinance No. 0256-23 Renewal of Contract of Lease MDDC (2).txt,1,2023,user_verified_folder,2023.0,False,[],included,,5,1731,861,0,False
33-19@a13e32a27723,33-19,2019/Ordinance No. 033-19 (1).txt,1,2019,user_verified_folder,,False,[],included,,1,5476,0,0,False
699-19@a145cb7b3112,699-19,2019/Ordinance No. 0699-19 (1).txt,1,2019,user_verified_folder,,False,[],included,,1,8307,22571,0,True
548-21@a1921bebe3fc,548-21,2021/Ordinance No. 0548-21.txt,1,2021,user_verified_folder,2021.0,False,[],included,,1,1508,768,0,True
640-21@a1ca1ba3e3b2,640-21,2021/Ordinance No. 0640-21.txt,1,2021,user_verified_folder,2021.0,False,[],included,,6,2102,1281,1,False
432-24@a1e30773dbed,432-24,"2024/Ordinance No. 0432-24 -Loan Agreement, King Coop (1).txt",1,2024,user_verified_folder,2024.0,False,[],included,,2,1503,614,0,False
112-22@a1e5119f3d45,112-22,2022/Ordinance No. 0112-22.txt,1,2022,user_verified_folder,2022.0,False,[],included,,5,1850,674,0,False
768-19@a2164138b1d3,768-19,2019/Ordinance No. 0768-19 (1).txt,1,2019,user_verified_folder,,False,[],included,,4,4770,398,1,False
430-24@a25d26f50cca,430-24,2024/Ordinance No. 0430-24 Loan Agreement Phil. Diesel Calibration Coop (1).txt,1,2024,user_verified_folder,2024.0,False,[],included,,3,1438,591,0,False
333-23@a28224aee20a,333-23,2023/Ordinance No. 0333-23 (2).txt,1,2023,user_verified_folder,2023.0,False,[],included,,5,1542,640,0,False
146-19@a2a4733240b5,146-19,2019/Ordinance No. 0146-19 (1).txt,1,2019,user_verified_folder,,False,[],included,,1,7329,20983,0,True
65-22@a2a6603f4044,65-22,2022/Ordinance No. 065-22.txt,1,2022,user_verified_folder,2022.0,False,[],included,,1,1765,927,0,True
49-19@a2be183e682c,49-19,2019/Ordinance No. 049-19 (1).txt,1,2019,user_verified_folder,2019.0,False,[],included,,1,6622,422,0,True
334-23@a31f8415195b,334-23,2023/Ordinance No. 0334-23 (2).txt,1,2023,user_verified_folder,2023.0,False,[],included,,4,1595,790,0,False
886-22@a35faf20a69c,886-22,2022/Ordinance No. 000886-22.txt,2,2022,user_verified_folder,2022.0,False,[],included,,3,2074,856,0,False
9-22@a3711a1cc2bc,9-22,2022/Ordinance No. 009-22.txt,1,2022,user_verified_folder,2022.0,False,[],included,,5,1317,618,0,False
548-16@a3773cd87dea,548-16,2016/Ordinance No. 0548-16.txt,1,2016,user_verified_folder,,False,[],included,,1,0,348,0,False
107-22@a379041d42cb,107-22,2022/Ordinance No. 0107-22.txt,1,2022,user_verified_folder,2022.0,False,[],included,,1,1412,642,0,True
625-18@a3ab8ac1a2d1,625-18,2018/Ordinance No. 0625-18.txt,1,2018,user_verified_folder,,False,[],included,,1,4762,352,0,True
110-19@a3b1ec58421b,110-19,2019/Ordinance No. 0110-19 (1).txt,1,2019,user_verified_folder,,False,[],included,,1,13425,62199,0,True
681-19@a408e27c44ed,681-19,2019/Ordinance No. 0681-19 (1).txt,1,2019,user_verified_folder,,False,[],included,,1,4214,31957,0,True
147-23@a40dfe54ebd5,147-23,2023/Ordinance No. 000147-23 (2).txt,1,2023,user_verified_folder,2023.0,False,[],included,,4,1662,882,0,False
16-19@a41ed0654c44,16-19,2019/Ordinance No. 016-19 (1).txt,1,2019,user_verified_folder,,False,[],included,,4,8556,4889,2,False
391-24@a45df289e3b1,391-24,2024/Ordinance No. 0391-24 Renewal of Contract of Lease Frontmovers Logistics Company (1).txt,1,2024,user_verified_folder,2024.0,False,[],included,,4,1935,1120,1,False
625-24@a476ad05ed81,625-24,2024/Ordinance No. 0625-24 Exemption from Special Permit Fees (1).txt,1,2024,user_verified_folder,2024.0,False,[],included,,6,1405,709,0,False
101-22@a4b62847b0e3,101-22,2022/Ordinance No. 0101-22 (Paleng-QR Ph).txt,1,2022,user_verified_folder,,False,[],included,,8,1662,525,1,False
55-22@a4d9183dcdbe,55-22,2022/Ordinance No. 055-22.txt,1,2022,user_verified_folder,2022.0,False,[],included,,1,1801,909,0,True
3-22@a4f0b58ead42,3-22,2022/Ordinance No. 000003-22.txt,1,2022,user_verified_folder,2022.0,False,[],included,,4,1338,587,1,False
713-21@a51a0c772a0c,713-21,2021/Ordinance No. 000713-21.txt,1,2021,user_verified_folder,2021.0,False,[],included,,4,1715,917,0,False
126-22@a53dde30687a,126-22,2022/Ordinance No. 0126-22.txt,1,2022,user_verified_folder,2022.0,False,[],included,,4,2115,967,0,False
724-21@a53eb522d26d,724-21,2021/Ordinance No. 000724-21.txt,1,2021,user_verified_folder,2021.0,False,[],included,,5,1508,737,0,False
902-22@a572fe9e5bf3,902-22,2022/Ordinance No. 000902-22.txt,2,2022,user_verified_folder,2020.0,True,[],included,,12,1667,854,2,False
87-16@a5a8aa36128f,87-16,2016/Ordinance No. 087-16.txt,1,2016,user_verified_folder,,False,[],included,,6,1680,982,0,False
833-21@a5b0c5e266a2,833-21,2021/Ordinance No. 000833-21.txt,1,2021,user_verified_folder,2021.0,False,[],included,,1,1547,694,0,True
303-17@a5c03e669491,303-17,2017/Ordinance No. 0303-17.txt,1,2017,user_verified_folder,2017.0,False,[],included,,5,6858,2722,1,False
672-24@a5e03a0a3f1b,672-24,"2024/Ordinance No. 0672-24 QRF Cuenca, Batangas (1).txt",1,2024,user_verified_folder,2024.0,False,[],included,,6,1900,902,0,False
570-18@a5e8ad202625,570-18,2018/Ordinance No. 0570-18.txt,1,2018,user_verified_folder,,False,[],included,,1,0,154,0,False
256-20@a5ea3067ffa6,256-20,2020/Ordinance No. 0256-20.txt,1,2020,user_verified_folder,2020.0,False,[],included,,18,4245,492,1,False
194-17@a5f1aee68d2c,194-17,2017/Ordinance No. 0194-17.txt,1,2017,user_verified_folder,,False,[],included,,5,6004,2825,1,False
510-24@a6155ed0b911,510-24,2024/Ordinance No. 0510-24 Addendum to the DOAS R. Capote (1).txt,1,2024,user_verified_folder,2024.0,False,[],included,,7,1631,742,0,False
827-21@a647721498f5,827-21,2021/Ordinance No. 000827-21.txt,1,2021,user_verified_folder,,False,[],included,,4,1775,0,0,False
118-22@a64f01d16298,118-22,2022/Ordinance No. 0118-22.txt,1,2022,user_verified_folder,2022.0,False,[],included,,1,1746,881,0,True
351-23@a67278607541,351-23,2023/Ordinance No. 0351-23 (2024 Annual Budget) (2).txt,1,2023,user_verified_folder,2023.0,False,[],included,,2,2165,982,0,False
38-22@a68108bb1977,38-22,2022/Ordinance No. 038-22.txt,1,2022,user_verified_folder,2022.0,False,[],included,,1,1574,971,0,True
471-24@a68f249fd96f,471-24,"2024/Ordinance No. 0471-24 Deed of Sale, A. Ibañez, I. Estrada (1).txt",1,2024,user_verified_folder,2024.0,False,[],included,,5,1567,675,1,False
54-19@a6d47dffe208,54-19,2019/Ordinance No. 054-19 (1).txt,1,2019,user_verified_folder,2019.0,False,[],included,,3,1606,463,2,False
271-17@a7152a279b96,271-17,2017/Ordinance No. 0271-17.txt,1,2017,user_verified_folder,,False,[],included,,2,6380,9460,0,False
741-25@a72816b5594a,741-25,2025/Ordinance No. 0741-25.txt,1,2025,user_verified_folder,,False,[],included,,3,8622,7483,1,False
734-21@a75bef9ccf69,734-21,2021/Ordinance No. 000734-21.txt,1,2021,user_verified_folder,2021.0,False,[],included,,6,1744,1046,1,False
1000-22@a7684f78aafe,1000-22,2022/Ordinance No. 01000-22.txt,1,2022,user_verified_folder,,False,[],included,,6,1603,48263,0,False
281-20@a771b8db8568,281-20,2020/Ordinance No. 0281-20.txt,1,2020,user_verified_folder,,False,[],included,,4,14478,14857,1,False
42-16@a7be214eeaa7,42-16,2016/Ordinance No. 042-16.txt,1,2016,user_verified_folder,,False,[],included,,1,8905,5386,0,False
69-22@a7c354bd8dfe,69-22,2022/Ordinance No. 069-22.txt,1,2022,user_verified_folder,2022.0,False,[],included,,1,1715,878,0,True
468-21@a81a79c3f65c,468-21,2021/Ordinance No. 0468-21.txt,1,2021,user_verified_folder,,False,[],included,,5,2154,830,1,False
738-19@a839a91dc0e3,738-19,2019/Ordinance No. 0738-19 (1).txt,1,2019,user_verified_folder,2019.0,False,[],included,,4,4238,383,0,False
688-24@a852f351e520,688-24,"2024/Ordinance No. 0688-24 QRF Batangas, Batangas (1).txt",2,2024,user_verified_folder,,False,[],included,,6,1867,811,0,False
307-20@a859ac4b8929,307-20,2020/Ordinance No. 0307-20.txt,1,2020,user_verified_folder,2020.0,False,[],included,,1,5003,423,0,True
293-23@a862577cda7b,293-23,2023/Ordinance No. 0293-23 (2).txt,1,2023,user_verified_folder,,False,[],included,,3,1499,624,0,False
783-25@a8adfc354f07,783-25,2025/Ordinance No. 0783-25.txt,1,2025,user_verified_folder,2025.0,False,[],included,,3,8036,743,1,False
521-21@a8e0cc6cbc85,521-21,2021/Ordinance No. 0521-21.txt,1,2021,user_verified_folder,,False,[],included,,1,1438,663,0,True
696-21@a8e35e7b227e,696-21,2021/Ordinance No. 000696-21.txt,1,2021,user_verified_folder,,False,[],included,,6,1488,706,0,False
935-22@a9513cb7c31d,935-22,2022/Ordinance No. 000935-22.txt,2,2022,user_verified_folder,2022.0,False,[],included,,3,1611,753,0,False
6-19@a964f29da2e1,6-19,2019/Ordinance No. 006-19 (1).txt,1,2019,user_verified_folder,,False,[],included,,3,5462,401,2,False
164-17@a98f988ee56a,164-17,2017/Ordinance No. 0164-17.txt,1,2017,user_verified_folder,2017.0,False,[],included,,4,5168,458,1,False
607-18@a995b1378adb,607-18,2018/Ordinance No. 0607-18.txt,1,2018,user_verified_folder,2018.0,False,[],included,,1,4170,354,0,True
53-16@a9a1cc3e9293,53-16,2016/Ordinance No. 053-16.txt,1,2016,user_verified_folder,,False,[],included,,3,2214,10924,0,False
589-18@a9a9b5d3bac8,589-18,2018/Ordinance No. 0589-18.txt,1,2018,user_verified_folder,,False,[],included,,1,11156,27271,0,True
717-24@aa023be0c101,717-24,2024/Ordinance No. 0717-24 (1).txt,1,2024,user_verified_folder,2024.0,False,[],included,,8,1359,443,1,False
85-19@aa1cef7982b4,85-19,2019/Ordinance No. 085-19 (1).txt,1,2019,user_verified_folder,2019.0,False,[],included,,1,4036,450,1,False
139-19@aa1e28e2fff4,139-19,2019/Ordinance No. 0139-19 (1).txt,1,2019,user_verified_folder,,False,[],included,,1,7280,23136,0,True
648-18@aa26f0c4063f,648-18,2019/Ordinance No. 0648-18.txt,2,2019,human_year_override,2018.0,True,"[{""year"": 2019, ""file"": ""manual_year_overrides_2018.csv"", ""reviewer"": ""Lamsin"", ""evidence"": ""Header states it was released on 2019""}, {""year"": 2019, ""file"": ""manual_year_overrides_2018.csv"", ""reviewer"": ""Lamsin"", ""evidence"": ""Header states it was released on 2019""}]",included,,5,4205,460,0,False
175-17@aa270dc1ca94,175-17,2017/Ordinance No. 0175-17.txt,1,2017,user_verified_folder,,False,[],included,,1,5198,413,0,True
31-22@aa47d24e3938,31-22,2022/Ordinance No. 000031-22.txt,1,2022,user_verified_folder,2022.0,False,[],included,,1,1560,931,0,True
614-21@aa4aa8e1c0e9,614-21,2021/Ordinance No. 0614-21.txt,1,2021,user_verified_folder,,False,[],included,,5,1525,714,0,False
785-19@aa4fcc965c7a,785-19,2019/Ordinance No. 0785-19 (1).txt,1,2019,user_verified_folder,2019.0,False,[],included,,1,4370,434,0,True
301-17@aa65a49a93bc,301-17,2017/Ordinance No. 0301-17.txt,1,2017,user_verified_folder,,False,[],included,,1,0,0,0,False
445-18@aa9905012d36,445-18,2018/Ordinance No. 0445-18.txt,1,2018,user_verified_folder,2018.0,False,[],included,,5,3926,423,0,False
581-18@aaa8e5b463cb,581-18,2018/Ordinance No. 0581-18.txt,1,2018,user_verified_folder,,False,[],included,,1,5261,15523,0,True
252-17@aaada84e947f,252-17,2017/Ordinance No. 0252-17.txt,1,2017,user_verified_folder,,False,[],included,,4,6361,448,1,False
320-17@aabb10e040fa,320-17,2018/Ordinance No. 0320-17.txt,2,2018,human_year_override,,False,"[{""year"": 2018, ""file"": ""manual_year_overrides_2017.csv"", ""reviewer"": ""Lamsin"", ""evidence"": ""header states that it is released on 2018""}, {""year"": 2018, ""file"": ""manual_year_overrides_2017.csv"", ""reviewer"": ""Lamsin"", ""evidence"": ""header states that it is released on 2018""}]",included,,1,13642,3833,0,False
885-22@aad7953c520a,885-22,2022/Ordinance No. 000885-22.txt,2,2022,user_verified_folder,2022.0,False,[],included,,1,1709,1047,0,True
563-24@aae34c57d11c,563-24,2024/Ordinance No. 0563-24 DOD 8990 Housing Deca Prime Tacunan (1).txt,1,2024,user_verified_folder,,False,[],included,,4,1709,6450,1,False
693-19@aafabc3288d1,693-19,2019/Ordinance No. 0693-19 (1).txt,1,2019,user_verified_folder,,False,[],included,,6,11913,17257,1,False
645-21@ab02bc32e696,645-21,2021/Ordinance No. 0645-21.txt,1,2021,user_verified_folder,2021.0,False,[],included,,6,2118,1252,1,False
608-24@ab20906937fc,608-24,2024/Ordinance No. 0608-24 QRF Malabon City (1).txt,1,2024,user_verified_folder,2024.0,False,[],included,,6,1673,822,0,False
357-17@ab21d25656ba,357-17,2017/Ordinance No. 0357-17.txt,1,2017,user_verified_folder,,False,[],included,,1,0,190,0,False
751-19@ab24677465dd,751-19,2019/Ordinance No. 0751-19 (1).txt,1,2019,user_verified_folder,,False,[],included,,5,6357,379,1,False
515-18@ab4a900549c7,515-18,2018/Ordinance No. 0515-18.txt,1,2018,user_verified_folder,,False,[],included,,1,5681,0,0,False
553-18@ab5e69591e6c,553-18,2018/Ordinance No. 0553-18.txt,1,2018,user_verified_folder,,False,[],included,,1,0,22247,0,False
102-16@ab9309d0876f,102-16,2016/Ordinance No. 0102-16.txt,1,2016,user_verified_folder,,False,[],included,,1,0,270,0,False
912-22@ab9a412946b0,912-22,2022/Ordinance No. 00912-22.txt,1,2022,user_verified_folder,2022.0,False,[],included,,1,1545,899,0,True
300-17@aba243f73b20,300-17,2017/Ordinance No. 0300-17.txt,1,2017,user_verified_folder,,False,[],included,,1,6004,51,0,False
801-21@aba96b06d6a7,801-21,2021/Ordinance No. 000801-21.txt,1,2021,user_verified_folder,2021.0,False,[],included,,4,1757,987,1,False
753-19@abb111f20867,753-19,2019/Ordinance No. 0753-19 (1).txt,1,2019,user_verified_folder,,False,[],included,,3,8238,9055,0,False
211-20@abc5f71106c2,211-20,2020/Ordinance No. 0211-20.txt,1,2020,user_verified_folder,2020.0,False,[],included,,5,4877,415,0,False
245-20@abebbe39ac8a,245-20,2020/Ordinance No. 0245-20.txt,1,2020,user_verified_folder,2020.0,False,[],included,,4,4534,400,1,False
34-16@abf46a73a982,34-16,2017/Ordinance No. 034-16.txt,2,2017,human_year_override,,False,"[{""year"": 2017, ""file"": ""manual_year_overrides_2016.csv"", ""reviewer"": ""Lamsin"", ""evidence"": ""header siad it is released on 2017""}, {""year"": 2017, ""file"": ""manual_year_overrides_2016.csv"", ""reviewer"": ""Lamsin"", ""evidence"": ""header siad it is released on 2017""}]",included,,1,11722,6119,0,False
4-22@abfd045b196e,4-22,2022/Ordinance No. 004-22.txt,1,2022,user_verified_folder,2022.0,False,[],included,,4,1552,784,1,False
503-21@ac039f7b3742,503-21,2021/Ordinance No. 0503-21.txt,1,2021,user_verified_folder,,False,[],included,,1,4564,506,0,True
532-18@ac1f92ab7231,532-18,2018/Ordinance No. 0532-18.txt,1,2018,user_verified_folder,2018.0,False,[],included,,21,12802,391,1,False
818-21@ac2878fcc54c,818-21,2021/Ordinance No. 000818-21.txt,1,2021,user_verified_folder,2021.0,False,[],included,,12,1583,767,0,False
559-18@ac468f915c9e,559-18,2018/Ordinance No. 0559-18.txt,1,2018,user_verified_folder,,False,[],included,,1,7914,242,0,False
574-24@ac81b9400047,574-24,2024/Ordinance No. 0574-24 Disaster Plan (1).txt,1,2024,user_verified_folder,2024.0,False,[],included,,3,1454,486,0,False
117-22@acb1f4fd485f,117-22,2022/Ordinance No. 0117-22.txt,1,2022,user_verified_folder,2022.0,False,[],included,,3,1837,810,0,False
560-24@aced8b676f56,560-24,2024/Ordinance No. 0560-24 DOD 8990 Housing  Deca Ph8B Tacunan (1).txt,1,2024,user_verified_folder,,False,[],included,,1,1574,6569,0,True
189-17@ad09e396e1ca,189-17,2017/Ordinance No. 0189-17.txt,1,2017,user_verified_folder,,False,[],included,,1,6328,5171,0,True
237-20@ad2771beb94f,237-20,2020/Ordinance No. 0237-20.txt,1,2020,user_verified_folder,2020.0,False,[],included,,4,4911,403,0,False
535-21@ad57d2cb2ba4,535-21,2021/Ordinance No. 0535-21.txt,1,2021,user_verified_folder,2021.0,False,[],included,,4,1452,647,0,False
774-19@ad609a5fc576,774-19,2019/Ordinance No. 0774-19 (1).txt,1,2019,user_verified_folder,,False,[],included,,1,7079,13098,0,True
379-23@ad98355846b0,379-23,2023/Ordinance No. 0379-23 (2).txt,1,2023,user_verified_folder,2023.0,False,[],included,,6,1700,991,0,False
567-18@adb9a91358a9,567-18,2018/Ordinance No. 0567-18.txt,1,2018,user_verified_folder,,False,[],included,,5,4226,384,0,False
381-23@add1d33c9151,381-23,2023/Ordinance No. 0381-23 (2).txt,1,2023,user_verified_folder,2023.0,False,[],included,,6,1722,997,0,False
504-18@adf358113fa7,504-18,2018/Ordinance No. 0504-18.txt,1,2018,user_verified_folder,2018.0,False,[],included,,1,5139,436,0,True
88-16@ae0b6b3e044a,88-16,2016/Ordinance No. 088-16.txt,1,2016,user_verified_folder,,False,[],included,,5,1722,11393,0,False
618-18@ae266430a83c,618-18,2018/Ordinance No. 0618-18.txt,1,2018,user_verified_folder,,False,[],included,,1,7985,9093,0,False
505-18@ae2f275aebe5,505-18,2018/Ordinance No. 0505-18.txt,1,2018,user_verified_folder,,False,[],included,,1,7222,14155,0,False
165-17@ae387ffbea01,165-17,2017/Ordinance No. 0165-17.txt,1,2017,user_verified_folder,2017.0,False,[],included,,4,5594,469,1,False
186-23@ae3f0e6d8a20,186-23,2023/Ordinance No. 0186-23 (2).txt,1,2023,user_verified_folder,,False,[],included,,4,3897,1574,0,False
2019-2023@ae58ec9e82c4,2019-2023,2019/Davao City Forest Land Use Plan (2019-2023) (1).txt,1,2019,user_verified_folder,,False,[],included,,1,0,0,0,False
756-25@ae67c5dccba1,756-25,"2025/Ordinance No. 0756-25 Service Contract Agreement, LTFRB et al..txt",1,2025,user_verified_folder,,False,[],included,,1,0,638,0,False
272-23@aecf23c43e31,272-23,2023/Ordinance No. 0272-23 (2).txt,1,2023,user_verified_folder,2023.0,False,[],included,,3,1464,570,0,False
347-23@aeecfc332255,347-23,2023/Ordinance No. 0347-23 (2).txt,1,2023,user_verified_folder,2023.0,False,[],included,,5,1703,761,0,False
63-19@aef5b5cd131c,63-19,2020/Ordinance No. 063-19 (1).txt,2,2020,human_year_override,,False,"[{""year"": 2020, ""file"": ""manual_year_overrides_2019.csv"", ""reviewer"": ""Lamsin"", ""evidence"": ""header states it was released on 2020""}, {""year"": 2020, ""file"": ""manual_year_overrides_2019.csv"", ""reviewer"": ""Lamsin"", ""evidence"": ""header states it was released on 2020""}]",included,,2,4369,441,1,False
639-24@af0f7647f7ed,639-24,2024/Ordinance No. 0639-24 MOA BIR RRNo.19 (1).txt,1,2024,user_verified_folder,2024.0,False,[],included,,5,1685,764,0,False
364-23@af590184e8c9,364-23,2023/Ordinance No. 0364-23 (2).txt,1,2023,user_verified_folder,2023.0,False,[],included,,6,1538,746,1,False
676-21@af712cccd3cf,676-21,2021/Ordinance No. 000676-21.txt,1,2021,user_verified_folder,2021.0,False,[],included,,3,1903,802,1,False
206-23@b01073dfed8a,206-23,2023/Ordinance No. 0206-23 MOU creation PIAC (2).txt,1,2023,user_verified_folder,2023.0,False,[],included,,4,1613,700,0,False
666-24@b05dfcb1012b,666-24,"2024/Ordinance No. 0666-24 QRF Virac, Catanduanes (1).txt",1,2024,user_verified_folder,2024.0,False,[],included,,6,1932,906,0,False
254-17@b07047b4d7e6,254-17,2017/Ordinance No. 0254-17.txt,1,2017,user_verified_folder,,False,[],included,,1,5951,280,0,False
589-21@b07078831c0f,589-21,2021/Ordinance No. 0589-21.txt,1,2021,user_verified_folder,2021.0,False,[],included,,3,1738,618,1,False
585-21@b07f57413c4b,585-21,2021/Ordinance No. 0585-21.txt,1,2021,user_verified_folder,,False,[],included,,9,1402,600,1,False
109-22@b08405a8822d,109-22,2022/Ordinance No. 0109-22.txt,1,2022,user_verified_folder,2022.0,False,[],included,,3,1829,814,1,False
222-23@b0877b035ce7,222-23,2023/Ordinance No. 0222-23 (2).txt,1,2023,user_verified_folder,2023.0,False,[],included,,1,1567,687,0,True
495-21@b0a3e02f65cb,495-21,2021/Ordinance No. 0495-21.txt,1,2021,user_verified_folder,2021.0,False,[],included,,11,1395,432,1,False
268-23@b0afa10297b7,268-23,2023/Ordinance No. 0268-23 (2).txt,1,2023,user_verified_folder,2023.0,False,[],included,,5,1377,559,0,False
409-24@b0b56ff4759c,409-24,"2024/Ordinance No. 0409-24 -QRF, Davao de Oro (1).txt",1,2024,user_verified_folder,2024.0,False,[],included,,6,1743,918,0,False
765-21@b0bb8160e0e7,765-21,2021/Ordinance No. 000765-21.txt,1,2021,user_verified_folder,2021.0,False,[],included,,5,1793,897,1,False
111-16@b0c2e42fdbb5,111-16,2016/Ordinance No. 0111-16.txt,1,2016,user_verified_folder,2016.0,False,[],included,,4,1631,389,1,False
186-17@b0df65422abd,186-17,2017/Ordinance No. 0186-17.txt,1,2017,user_verified_folder,,False,[],included,,1,7025,6232,0,False
974-22@b0e313c17d17,974-22,2022/Ordinance No. 000974-22.txt,2,2022,user_verified_folder,2022.0,False,[],included,,7,1199,613,1,False
100-22@b0fc58c663be,100-22,2022/Ordinance No. 0100-22 (creating DCDAC).txt,1,2022,user_verified_folder,,False,[],included,,8,1442,601,0,False
515-21@b1510bce5c15,515-21,2021/Ordinance No. 0515-21.txt,1,2021,user_verified_folder,,False,[],included,,1,8265,820,0,True
61-19@b15e27456b02,61-19,2019/Ordinance No. 061-19 (1).txt,1,2019,user_verified_folder,2019.0,False,[],included,,3,7229,5781,0,False
502-16@b164c6916d69,502-16,2016/Ordinance No. 0502-16.txt,1,2016,user_verified_folder,,False,[],included,,1,5444,0,0,False
298-23@b1813b54fea1,298-23,2023/Ordinance No. 0298-23 (CLUP 2019-2028) (2).txt,1,2023,user_verified_folder,2023.0,False,[],included,,4,1816,753,0,False
989-22@b1be8a5fcaf8,989-22,2022/Ordinance No. 000989-22.txt,1,2022,user_verified_folder,2022.0,False,[],included,,5,1436,666,0,False
345-17@b1e0186a92e8,345-17,2017/Ordinance No. 0345-17.txt,1,2017,user_verified_folder,,False,[],included,,4,4767,449,1,False
397-18@b1e86ea382b0,397-18,2018/Ordinance No. 0397-18.txt,1,2018,user_verified_folder,,False,[],included,,1,0,78,0,False
745-19@b1fe8a3722e4,745-19,2019/Ordinance No. 0745-19 (1).txt,1,2019,user_verified_folder,,False,[],included,,1,6572,360,0,True
785-21@b2376836aa45,785-21,2021/Ordinance No. 000785-21.txt,1,2021,user_verified_folder,2021.0,False,[],included,,3,1670,809,1,False
8-16@b27d970b6a91,8-16,2016/Ordinance No. 008-16.txt,1,2016,user_verified_folder,,False,[],included,,1,3423,0,0,False
682-19@b29290ae2c06,682-19,2019/Ordinance No. 0682-19 (1).txt,1,2019,user_verified_folder,,False,[],included,,1,7863,371,0,True
562-18@b2943d11c61e,562-18,2018/Ordinance No. 0562-18.txt,1,2018,user_verified_folder,,False,[],included,,1,7966,21442,0,True
425-24@b2ca02a6f693,425-24,"2024/Ordinance No. 0425-24 -Deed of Donation, RIC-IP Women (1).txt",1,2024,user_verified_folder,2024.0,False,[],included,,4,1845,1009,0,False
336-17@b2cbac1c6913,336-17,2017/Ordinance No. 0336-17.txt,1,2017,user_verified_folder,,False,[],included,,5,6201,6444,1,False
310-17@b2f1f7f37b0b,310-17,2017/Ordinance No. 0310-17.txt,1,2017,user_verified_folder,2017.0,False,[],included,,10,3950,760,1,False
397-24@b2f72944cf3e,397-24,"2024/Ordinance No. 0397-24 - MOA, F. Barrera (1).txt",1,2024,user_verified_folder,,False,[],included,,1,1765,628,0,False
261-20@b3166af5853e,261-20,2020/Ordinance No. 0261-20.txt,1,2020,user_verified_folder,,False,[],included,,1,7168,8329,0,True
319-20@b360bbf0c9d7,319-20,2020/Ordinance No. 0319-20.txt,1,2020,user_verified_folder,,False,[],included,,4,11822,6759,0,False
536-18@b3701ab45867,536-18,2018/Ordinance No. 0536-18.txt,1,2018,user_verified_folder,,False,[],included,,1,2558,8507,0,False
944-22@b3715f37a6f9,944-22,2022/Ordinance No. 0944-22.txt,1,2022,user_verified_folder,,False,[],included,,5,1958,1114,1,False
27-19@b37e48dadbb3,27-19,2019/Ordinance No. 027-19 (1).txt,1,2019,user_verified_folder,,False,[],included,,1,4505,342,0,True
604-18@b3a61ce9931e,604-18,2018/Ordinance No. 0604-18.txt,1,2018,user_verified_folder,,False,[],included,,3,11756,17394,0,False
47-19@b3ca90c9ba60,47-19,2019/Ordinance No. 047-19 (1).txt,1,2019,user_verified_folder,2019.0,False,[],included,,5,1475,624,0,False
531-24@b3f0b93f4b46,531-24,2024/Ordinance No. 0531-24 MOA UM Thesis (1).txt,1,2024,user_verified_folder,2024.0,False,[],included,,5,1570,809,1,False
551-24@b3fbf61e8a20,551-24,2024/Ordinance No. 0551-24 MOA DDH Internship Program (1).txt,1,2024,user_verified_folder,,False,[],included,,5,1624,684,1,False
717-19@b4256594ee1e,717-19,2019/Ordinance No. 0717-19 (1).txt,1,2019,user_verified_folder,,False,[],included,,5,6888,16572,0,False
248-17@b46720b5a236,248-17,2017/Ordinance No. 0248-17.txt,1,2017,user_verified_folder,,False,[],included,,4,4496,418,1,False
579-18@b4c2be71f8e3,579-18,2018/Ordinance No. 0579-18.txt,1,2018,user_verified_folder,2018.0,False,[],included,,4,4412,459,1,False
140-19@b4ca3c798ad8,140-19,2019/Ordinance No. 0140-19 (1).txt,1,2019,user_verified_folder,,False,[],included,,3,5426,421,1,False
792-25@b4d511935295,792-25,2025/Ordinance No. 0792-25.txt,1,2025,user_verified_folder,,False,[],included,,1,8592,798,0,False
138-16@b4d8402a38c7,138-16,2016/Ordinance No. 0138-16.txt,1,2016,user_verified_folder,,False,[],included,,1,4517,0,0,False
555-24@b50e66e72501,555-24,2024/Ordinance No. 0555-24 (1).txt,1,2024,user_verified_folder,2024.0,False,[],included,,3,1616,753,2,False
572-24@b51889b92a71,572-24,2024/Ordinance No. 0572-24 DOU DOST ROXI Wastewater (1).txt,1,2024,user_verified_folder,,False,[],included,,4,1679,493,0,False
869-22@b52746814eb4,869-22,2022/Ordinance No. 000869-22.txt,1,2022,user_verified_folder,2022.0,False,[],included,,7,1417,689,0,False
202-17@b551cc2d9cf1,202-17,2017/Ordinance No. 0202-17.txt,1,2017,user_verified_folder,,False,[],included,,3,8435,8896,2,False
413-24@b581e94528fa,413-24,"2024/Ordinance No. 0413-24 -QRF, New Corella (1).txt",1,2024,user_verified_folder,,False,[],included,,5,1748,811,0,False
345-23@b59b0242a8d8,345-23,2023/Ordinance No. 0345-23 (2).txt,1,2023,user_verified_folder,2023.0,False,[],included,,5,2130,738,0,False
923-22@b5a186b22443,923-22,2022/Ordinance No. 000923-22.txt,2,2022,user_verified_folder,2022.0,False,[],included,,4,1591,793,1,False
33-22@b5a3f7785f3d,33-22,2022/Ordinance No. 000033-22.txt,1,2022,user_verified_folder,2022.0,False,[],included,,1,1578,923,0,True
170-17@b5b25b8bb564,170-17,2018/Ordinance No. 0170-17.txt,2,2018,human_year_override,,False,"[{""year"": 2018, ""file"": ""manual_year_overrides_2017.csv"", ""reviewer"": ""Lamsin"", ""evidence"": ""header states that it is released on 2018""}, {""year"": 2018, ""file"": ""manual_year_overrides_2017.csv"", ""reviewer"": ""Lamsin"", ""evidence"": ""header states that it is released on 2018""}]",included,,1,0,9711,0,False
956-22@b5b6fd3cacd2,956-22,2022/Ordinance No. 0956-22.txt,1,2022,user_verified_folder,2022.0,False,[],included,,5,2218,912,0,False
695-21@b66f3863e02f,695-21,2021/Ordinance No. 000695-21.txt,1,2021,user_verified_folder,2021.0,False,[],included,,1,1415,802,0,True
610-24@b691ec61163d,610-24,2024/Ordinance No. 0610-24 QRF Province of Bataan (1).txt,1,2024,user_verified_folder,2024.0,False,[],included,,6,1681,830,0,False
730-21@b6c2158d2116,730-21,2021/Ordinance No. 000730-21.txt,1,2021,user_verified_folder,,False,[],included,,4,8197,8224,2,False
664-24@b6c2f229b718,664-24,"2024/Ordinance No. 0664-24 QRF Bulan, Sorsogon (1).txt",1,2024,user_verified_folder,2024.0,False,[],included,,5,2483,892,0,False
16-22@b6c605cf74d7,16-22,2022/Ordinance No. 016-22.txt,1,2022,user_verified_folder,2022.0,False,[],included,,5,1593,826,0,False
511-18@b6dac5a59af0,511-18,2018/Ordinance No. 0511-18.txt,1,2018,user_verified_folder,2018.0,False,[],included,,5,5495,408,0,False
476-24@b6ed92096ac4,476-24,"2024/Ordinance No. 0476-24 MOA, MMFC (1).txt",1,2024,user_verified_folder,2024.0,False,[],included,,1,1446,695,0,True
523-21@b6fc63a7895a,523-21,2021/Ordinance No. 0523-21.txt,1,2021,user_verified_folder,,False,[],included,,1,1477,758,0,True
675-18@b6fec522b9c7,675-18,2018/Ordinance No. 0675-18.txt,1,2018,user_verified_folder,2018.0,False,[],included,,4,4260,379,1,False
641-24@b7849657f247,641-24,2024/Ordinance No. 0641-24 DOU Brgy. 27-C (1).txt,1,2024,user_verified_folder,2024.0,False,[],included,,4,1644,649,0,False
75-19@b78e7e6f7e04,75-19,2020/Ordinance No. 075-19 (1).txt,2,2020,human_year_override,2019.0,True,"[{""year"": 2020, ""file"": ""manual_year_overrides_2019.csv"", ""reviewer"": ""Lamsin"", ""evidence"": ""header states it was released on 2020""}, {""year"": 2020, ""file"": ""manual_year_overrides_2019.csv"", ""reviewer"": ""Lamsin"", ""evidence"": ""header states it was released on 2020""}]",included,,3,4597,399,0,False
395-24@b79cfd016ba7,395-24,"2024/Ordinance No. 0395-24 -MOA, V. Ambasan (1).txt",1,2024,user_verified_folder,2024.0,False,[],included,,5,1788,796,0,False
502-24@b7ad9bc12c02,502-24,2024/Ordinance No. 0502-24 MOA PSA (1).txt,1,2024,user_verified_folder,2024.0,False,[],included,,5,1574,758,0,False
325-20@b7db4307a6dd,325-20,2020/Ordinance No. 0325-20.txt,1,2020,user_verified_folder,2020.0,False,[],included,,11,4236,670,1,False
338-23@b819b2283883,338-23,2023/Ordinance No. 0338-23 (2).txt,1,2023,user_verified_folder,2023.0,False,[],included,,5,1554,615,0,False
733-19@b8a64169d9a1,733-19,2019/Ordinance No. 0733-19 (1).txt,1,2019,user_verified_folder,,False,[],included,,3,6346,435,2,False
462-24@b8d98d502222,462-24,"2024/Ordinance No. 0462-24 -Deed of Conveyance, C. Musa (1).txt",1,2024,user_verified_folder,2024.0,False,[],included,,4,1604,652,0,False
824-21@b8fc88ff7a78,824-21,2021/Ordinance No. 000824-21.txt,1,2021,user_verified_folder,2021.0,False,[],included,,1,1437,755,0,True
695-24@b928396110fd,695-24,2024/Ordinance No. 0695-24 QRF Province of Catanduanes (1).txt,1,2024,user_verified_folder,,False,[],included,,4,1865,784,0,False
243-20@b92aefdb1ea5,243-20,2020/Ordinance No. 0243-20.txt,1,2020,user_verified_folder,2020.0,False,[],included,,5,4233,408,1,False
925-22@b938d732f4f8,925-22,2022/Ordinance No. 000925-22.txt,2,2022,user_verified_folder,2022.0,False,[],included,,6,1594,753,0,False
701-21@b9645f45b1bf,701-21,2021/Ordinance No. 000701-21.txt,1,2021,user_verified_folder,2021.0,False,[],included,,6,1569,717,1,False
464-21@b9655729cc5f,464-21,2021/Ordinance No. 0464-21.txt,1,2021,user_verified_folder,2021.0,False,[],included,,9,5856,533,1,False
191-23@b96c992dd526,191-23,2023/Ordinance No. 0191-23 (2).txt,1,2023,user_verified_folder,2023.0,False,[],included,,4,1432,567,0,False
230-17@b9b005ffc674,230-17,2017/Ordinance No. 0230-17.txt,1,2017,user_verified_folder,2017.0,False,[],included,,5,5617,590,2,False
314-23@b9db32abfb07,314-23,2023/Ordinance No. 0314-23 (2).txt,1,2023,user_verified_folder,2023.0,False,[],included,,5,1726,872,0,False
41-22@b9e4f4579a16,41-22,2022/Ordinance No. 041-22.txt,1,2022,user_verified_folder,2022.0,False,[],included,,4,1657,966,1,False
214-20@b9e64bd0059a,214-20,2020/Ordinance No. 0214-20.txt,1,2020,user_verified_folder,2020.0,False,[],included,,2,5438,341,0,False
249-17@b9ffcf476752,249-17,2018/Ordinance No. 0249-17.txt,2,2018,human_year_override,,False,"[{""year"": 2018, ""file"": ""manual_year_overrides_2017.csv"", ""reviewer"": ""Lamsin"", ""evidence"": ""header states that it is released on 2018""}, {""year"": 2018, ""file"": ""manual_year_overrides_2017.csv"", ""reviewer"": ""Lamsin"", ""evidence"": ""header states that it is released on 2018""}]",included,,2,11759,13339,1,False
114-19@ba3473e46b9e,114-19,2020/Ordinance No. 0114-19 (1).txt,2,2020,human_year_override,,False,"[{""year"": 2020, ""file"": ""manual_year_overrides_2019.csv"", ""reviewer"": ""Lamsin"", ""evidence"": ""header states it was released on 2020""}, {""year"": 2020, ""file"": ""manual_year_overrides_2019.csv"", ""reviewer"": ""Lamsin"", ""evidence"": ""header states it was released on 2020""}]",included,,1,0,8822,0,False
208-17@ba45d2bfc065,208-17,2017/Ordinance No. 0208-17.txt,1,2017,user_verified_folder,,False,[],included,,3,10623,8051,0,False
383-23@ba46df008095,383-23,2023/Ordinance No. 0383-23 (2).txt,1,2023,user_verified_folder,2023.0,False,[],included,,4,1747,938,0,False
441-18@ba9ed476435c,441-18,2018/Ordinance No. 0441-18.txt,1,2018,user_verified_folder,,False,[],included,,1,0,156,0,False
163-17@bad3fa72adc7,163-17,2017/Ordinance No. 0163-17.txt,1,2017,user_verified_folder,,False,[],included,,1,5682,197,0,False
150-19@bae0c319a84b,150-19,2020/Ordinance No. 0150-19 (1).txt,2,2020,human_year_override,,False,"[{""year"": 2020, ""file"": ""manual_year_overrides_2019.csv"", ""reviewer"": ""Lamsin"", ""evidence"": ""header states it was released on 2020""}, {""year"": 2020, ""file"": ""manual_year_overrides_2019.csv"", ""reviewer"": ""Lamsin"", ""evidence"": ""header states it was released on 2020""}]",included,,5,7008,9632,0,False
952-22@baf09fdaa7e0,952-22,2022/Ordinance No. 0952-22.txt,1,2022,user_verified_folder,2022.0,False,[],included,,4,1653,809,1,False
240-20@bb068867cdc7,240-20,2020/Ordinance No. 0240-20.txt,1,1991,human_year_override,2020.0,True,"[{""year"": 1991, ""file"": ""manual_year_overrides_2020.csv"", ""reviewer"": """", ""evidence"": """"}]",excluded,outside 2016-2025 after human date correction,0,5794,423,0,False
731-24@bb50deda12fa,731-24,2024/Ordinance No. 0731-24 (1).txt,1,2024,user_verified_folder,,False,[],included,,1,1811,746,0,False
393-18@bb70f90c8c11,393-18,2018/Ordinance No. 0393-18.txt,1,2018,user_verified_folder,,False,[],included,,1,0,0,0,False
143-19@bb945fa1a26e,143-19,2020/Ordinance No. 0143-19 (1).txt,2,2020,human_year_override,,False,"[{""year"": 2020, ""file"": ""manual_year_overrides_2019.csv"", ""reviewer"": ""Lamsin"", ""evidence"": ""header states it was released on 2020""}, {""year"": 2020, ""file"": ""manual_year_overrides_2019.csv"", ""reviewer"": ""Lamsin"", ""evidence"": ""header states it was released on 2020""}]",included,,3,7957,6251,0,False
716-21@bbc42d71daf8,716-21,2021/Ordinance No. 000716-21.txt,1,2021,user_verified_folder,2021.0,False,[],included,,2,1760,921,1,False
239-20@bbe0c71a53cf,239-20,2020/Ordinance No. 0239-20.txt,1,2020,user_verified_folder,2020.0,False,[],included,,1,4789,364,0,True
185-23@bc028425b6fb,185-23,2023/Ordinance No. 0185-23 Org. Structure CPDO (2).txt,1,2023,user_verified_folder,2023.0,False,[],included,,1,1383,572,0,True
868-22@bc3cb7b4b711,868-22,2022/Ordinance No. 0868-22.txt,1,2022,user_verified_folder,2022.0,False,[],included,,1,1537,812,0,True
64-19@bc58e882cb4f,64-19,2019/Ordinance No. 064-19 (1).txt,1,2019,user_verified_folder,,False,[],included,,3,4756,409,0,False
270-17@bc8f095bf0e4,270-17,2017/Ordinance No. 0270-17.txt,1,2017,user_verified_folder,,False,[],included,,2,7255,8912,0,False
957-22@bcbaac9b2c76,957-22,2022/Ordinance No. 0957-22.txt,1,2022,user_verified_folder,2022.0,False,[],included,,3,1952,773,0,False
43-22@bcbecba61f3e,43-22,2022/Ordinance No. 043-22 (creating PDAC-PDAO).txt,1,2022,user_verified_folder,2022.0,False,[],included,,12,1532,678,1,False
242-17@bcc6a9a4eb01,242-17,2017/Ordinance No. 0242-17.txt,1,2017,user_verified_folder,,False,[],included,,2,3645,0,0,False
132-16@bccf0a49fe2a,132-16,2016/Ordinance No. 0132-16.txt,1,2016,user_verified_folder,,False,[],included,,1,4760,954,0,False
230-23@bd280443c099,230-23,2023/Ordinance No. 0230-23 (2).txt,1,2023,user_verified_folder,2023.0,False,[],included,,5,1738,743,0,False
369-17@bd333981180a,369-17,2018/Ordinance No. 0369-17.txt,2,2018,human_year_override,,False,"[{""year"": 2018, ""file"": ""manual_year_overrides_2017.csv"", ""reviewer"": ""Lamsin"", ""evidence"": ""header states that it is released on 2018""}, {""year"": 2018, ""file"": ""manual_year_overrides_2017.csv"", ""reviewer"": ""Lamsin"", ""evidence"": ""header states that it is released on 2018""}]",included,,1,0,19427,0,False
156-19@bd410d09b70c,156-19,2020/Ordinance No. 0156-19 (1).txt,2,2020,human_year_override,,False,"[{""year"": 2020, ""file"": ""manual_year_overrides_2019.csv"", ""reviewer"": ""Lamsin"", ""evidence"": ""header states it was released on 2020""}, {""year"": 2020, ""file"": ""manual_year_overrides_2019.csv"", ""reviewer"": ""Lamsin"", ""evidence"": ""header states it was released on 2020""}]",included,,6,4496,7608,0,False
817-21@bd44043914ea,817-21,2021/Ordinance No. 000817-21.txt,1,2021,user_verified_folder,,False,[],included,,5,1648,696,0,False
4-22@bd5e026e1f0b,4-22,2022/Ordinance No. 000004-22.txt,1,2022,user_verified_folder,2022.0,False,[],included,,4,1555,788,1,False
258-20@bdf134af06fa,258-20,2020/Ordinance No. 0258-20.txt,1,2020,user_verified_folder,2020.0,False,[],included,,4,4456,450,1,False
259-20@be021a96845b,259-20,2020/Ordinance No. 0259-20.txt,1,2020,user_verified_folder,2020.0,False,[],included,,6,9152,963,0,False
136-23@be0250bf5f01,136-23,"2023/Ordinance No. 0136-23 -Sister City Agreement, Mati City (2).txt",1,2023,user_verified_folder,,False,[],included,,3,1689,379,2,False
366-17@be2f28ed0b04,366-17,2017/Ordinance No. 0366-17.txt,1,2017,user_verified_folder,,False,[],included,,1,10655,10729,0,False
337-20@be397e25df79,337-20,2020/Ordinance No. 0337-20.txt,1,2020,user_verified_folder,2020.0,False,[],included,,1,4339,1581,0,True
93-16@be6c11ce5dcd,93-16,2016/Ordinance No. 093-16.txt,1,2016,user_verified_folder,,False,[],included,,1,1477,19982,0,False
231-20@beb16625d472,231-20,2020/Ordinance No. 0231-20.txt,1,2020,user_verified_folder,,False,[],included,,5,13542,9030,0,False
388-24@bec39e06a393,388-24,2024/Ordinance No. 0388-24 -MOA Assumption Polytechnic (1).txt,1,2024,user_verified_folder,2024.0,False,[],included,,4,1608,745,1,False
44-22@beee78d6a056,44-22,2022/Ordinance No. 044-22.txt,1,2022,user_verified_folder,2022.0,False,[],included,,4,1471,708,0,False
295-17@bf0a8fbf5f4f,295-17,2017/Ordinance No. 0295-17.txt,1,2017,user_verified_folder,,False,[],included,,1,7468,8971,0,False
54-16@bf22b90927a4,54-16,2016/Ordinance No. 054-16.txt,1,2016,user_verified_folder,,False,[],included,,1,3238,45899,0,False
209-17@bf2e3d8fa195,209-17,2017/Ordinance No. 0209-17.txt,1,2017,user_verified_folder,,False,[],included,,2,3754,8670,0,False
38-19@bf522952380f,38-19,2019/Ordinance No. 038-19 (1).txt,1,2019,user_verified_folder,2019.0,False,[],included,,3,4017,377,1,False
583-24@bf67adffd0ea,583-24,2024/Ordinance No. 0583-24 Request of Noel Bersabe (1).txt,1,2024,user_verified_folder,2024.0,False,[],included,,5,1608,719,0,False
73-22@bf74bc97226e,73-22,2022/Ordinance No. 073-22.txt,1,2022,user_verified_folder,2022.0,False,[],included,,1,1721,1210,0,True
198-17@bf8d077e8ce3,198-17,2017/Ordinance No. 0198-17.txt,1,2017,user_verified_folder,,False,[],included,,1,5315,119,0,False
359-17@bf9964e2c413,359-17,2017/Ordinance No. 0359-17.txt,1,2017,user_verified_folder,,False,[],included,,3,11636,0,0,False
191-20@bfb9fcbdc098,191-20,2020/Ordinance No. 0191-20.txt,1,2020,user_verified_folder,2020.0,False,[],included,,4,4621,447,0,False
918-22@bff2cea0d1bb,918-22,2022/Ordinance No. 000918-22.txt,2,2022,user_verified_folder,,False,[],included,,1,1535,744,0,True
418-24@bffe47007628,418-24,"2024/Ordinance No. 0418-24 -QRF, Cateel (1).txt",1,2024,user_verified_folder,,False,[],included,,6,2202,747,0,False
404-24@c01033a66d58,404-24,2024/Ordinance No. 0404-24 LOU CAAP-Davao Airport (1).txt,1,2024,user_verified_folder,2024.0,False,[],included,,4,1576,708,0,False
264-20@c056739d7861,264-20,2020/Ordinance No. 0264-20.txt,1,2020,user_verified_folder,2020.0,False,[],included,,1,7762,501,0,True
644-18@c07359b284cd,644-18,2019/Ordinance No. 0644-18.txt,2,2019,human_year_override,2018.0,True,"[{""year"": 2019, ""file"": ""manual_year_overrides_2018.csv"", ""reviewer"": ""Lamsin"", ""evidence"": ""Header states it was released on 2019""}, {""year"": 2019, ""file"": ""manual_year_overrides_2018.csv"", ""reviewer"": ""Lamsin"", ""evidence"": ""Header states it was released on 2019""}]",included,,3,4503,385,0,False
720-19@c09f5b06ccf4,720-19,2019/Ordinance No. 0720-19 (1).txt,1,2019,user_verified_folder,,False,[],included,,5,5917,854,0,False
23-19@c0c648aeb264,23-19,2019/Ordinance No. 023-19 (1).txt,1,2019,user_verified_folder,,False,[],included,,5,4406,420,3,False
20-16@c1042a33e750,20-16,2016/Ordinance No. 020-16.txt,1,2016,user_verified_folder,,False,[],included,,1,9157,0,0,False
488-18@c12e102565cf,488-18,2018/Ordinance No. 0488-18.txt,1,2018,user_verified_folder,,False,[],included,,1,0,0,0,False
222-17@c13ef14c81f0,222-17,2017/Ordinance No. 0222-17.txt,1,2017,user_verified_folder,,False,[],included,,1,0,35662,0,False
586-18@c1408a93faf2,586-18,2018/Ordinance No. 0586-18.txt,1,2018,user_verified_folder,,False,[],included,,1,7766,7304,0,True
554-16@c14b51fdcf1c,554-16,2016/Ordinance No. 0554- 16.txt,1,2016,user_verified_folder,,False,[],included,,1,1734,4258,0,False
430-18@c1566189e5ac,430-18,2018/Ordinance No. 0430-18.txt,1,2018,user_verified_folder,2018.0,False,[],included,,4,3827,383,1,False
263-20@c15a63cf9957,263-20,2020/Ordinance No. 0263-20.txt,1,2020,user_verified_folder,,False,[],included,,1,8747,16589,0,True
86-22@c16054607fca,86-22,2022/Ordinance No. 086-22 IP attire.txt,1,2022,user_verified_folder,2022.0,False,[],included,,8,1429,683,1,False
355-17@c16942d6ebe1,355-17,2017/Ordinance No. 0355-17.txt,1,2017,user_verified_folder,,False,[],included,,1,5121,5072,0,True
191-17@c177692e874c,191-17,2017/Ordinance No. 0191-17.txt,1,2017,user_verified_folder,,False,[],included,,2,5447,294,0,False
994-22@c19fa465492f,994-22,2022/Ordinance No. 0994-22.txt,1,2022,user_verified_folder,2022.0,False,[],included,,6,1535,704,1,False
676-24@c1eb2339346c,676-24,"2024/Ordinance No. 0676-24 QRF Sta. Cruz, Laguna (1).txt",1,2024,user_verified_folder,2024.0,False,[],included,,6,1952,924,0,False
614-24@c1fe7beef2df,614-24,2024/Ordinance No. 0614-24 QRF Province of Cavite (1).txt,1,2024,user_verified_folder,2024.0,False,[],included,,3,1662,792,0,False
403-18@c24da6e157cb,403-18,2018/Ordinance No. 0403-18.txt,1,2018,user_verified_folder,,False,[],included,,1,3902,141,0,False
244-17@c262226d8bf7,244-17,2017/Ordinance No. 0244-17.txt,1,2017,user_verified_folder,,False,[],included,,1,0,0,0,False
513-16@c26db66e4828,513-16,2016/Ordinance No. 0513-16.txt,1,2016,user_verified_folder,,False,[],included,,1,0,345,0,False
737-19@c27538abfde1,737-19,2019/Ordinance No. 0737-19 (1).txt,1,2019,user_verified_folder,,False,[],included,,1,4845,386,0,True
277-20@c282baed972a,277-20,2020/Ordinance No. 0277-20.txt,1,2020,user_verified_folder,,False,[],included,,1,9453,15074,0,True
360-17@c3172a6c1f43,360-17,2017/Ordinance No. 0360-17.txt,1,2017,user_verified_folder,,False,[],included,,1,0,0,0,False
155-23@c3250d76d280,155-23,2023/Ordinance No. 0155-23 -PWD ID (2).txt,1,2023,user_verified_folder,,False,[],included,,8,1439,325,1,False
490-16@c32fbe8262b0,490-16,2016/Ordinance No. 0490-16.txt,1,2016,user_verified_folder,,False,[],included,,1,10039,12560,0,False
821-21@c3357b70d2f2,821-21,2021/Ordinance No. 000821-21.txt,1,2021,user_verified_folder,,False,[],included,,2,1662,839,0,False
37-19@c3544413e5fb,37-19,2019/Ordinance No. 037-19 (1).txt,1,2019,user_verified_folder,2019.0,False,[],included,,5,4009,407,1,False
199-23@c3643a6467fb,199-23,2023/Ordinance No. 0199-23 (2).txt,1,2023,user_verified_folder,2023.0,False,[],included,,1,3010,563,0,False
93-19@c397d785f61e,93-19,2019/Ordinance No. 093-19 (1).txt,1,2019,user_verified_folder,,False,[],included,,4,12171,9261,1,False
546-21@c423255ae5cb,546-21,2021/Ordinance No. 0546-21.txt,1,2021,user_verified_folder,,False,[],included,,11,5355,421,1,False
602-24@c4653aed3cf8,602-24,2024/Ordinance No. 0602-24 QRF Marikina City (1).txt,1,2024,user_verified_folder,2024.0,False,[],included,,7,1669,843,0,False
358-23@c46e5f30ed92,358-23,2023/Ordinance No. 0358-23 (2).txt,1,2023,user_verified_folder,2023.0,False,[],included,,3,1390,568,0,False
932-22@c4e5db8cc8fd,932-22,2022/Ordinance No. 000932-22.txt,2,2022,user_verified_folder,,False,[],included,,1,1828,1053,0,True
500-24@c4edce3467ee,500-24,2024/Ordinance No. 0500-24 Deed of Usufruct BFP Brgy. Cabantian (1).txt,1,2024,user_verified_folder,2024.0,False,[],included,,5,1723,903,0,False
118-19@c55b5c7b39ea,118-19,2019/Ordinance No. 0118-19 (1).txt,1,2019,user_verified_folder,,False,[],included,,5,4551,306,1,False
624-24@c5a2b21774be,624-24,2024/Ordinance No. 0624-24 Justice Zone (1).txt,1,2024,user_verified_folder,2024.0,False,[],included,,1,1307,564,0,True
572-18@c5b2ad41760d,572-18,2018/Ordinance No. 0572-18.txt,1,2018,user_verified_folder,,False,[],included,,6,7130,4138,1,False
267-17@c5eb98caed9f,267-17,2017/Ordinance No. 0267-17.txt,1,2017,user_verified_folder,,False,[],included,,1,7200,8708,0,False
480-16@c5f8115edd42,480-16,2016/Ordinance No. 0480-16.txt,1,2016,user_verified_folder,,False,[],included,,1,5597,5496,0,False
279-23@c5fb0b51b6c4,279-23,2023/Ordinance No. 0279-23 (2).txt,1,2023,user_verified_folder,2023.0,False,[],included,,4,1578,760,0,False
264-23@c60774360148,264-23,2023/Ordinance No. 0264-23 (2).txt,1,2023,user_verified_folder,2023.0,False,[],included,,2,3933,789,1,False
406-24@c60cf9907da1,406-24,"2024/Ordinance No. 0406-24 -MOA, Mindanao Kokusai (1).txt",1,2024,user_verified_folder,2024.0,False,[],included,,1,1499,743,0,True
47-16@c6125e46d8ae,47-16,2016/Ordinance No. 047-16.txt,1,2016,user_verified_folder,,False,[],included,,1,1600,20068,0,False
67-16@c6553f4b638e,67-16,2016/Ordinance No. 067-16.txt,1,2016,user_verified_folder,,False,[],included,,4,1563,3141,1,False
503-16@c665f5f3df78,503-16,2016/Ordinance No. 0503-16.txt,1,2016,user_verified_folder,,False,[],included,,1,5298,431,0,False
706-24@c66824b9a82a,706-24,2024/Ordinance No. 0706-24 Gen. Fund Annual Budget (1).txt,1,2024,user_verified_folder,2024.0,False,[],included,,1,1683,1060,0,False
841-21@c66c66415b09,841-21,2021/Ordinance No. 000841-21.txt,1,2021,user_verified_folder,2021.0,False,[],included,,6,1698,888,1,False
194-20@c67567c0022d,194-20,2020/Ordinance No. 0194-20.txt,1,2020,user_verified_folder,2020.0,False,[],included,,5,4382,434,0,False
252-23@c6ae78ace911,252-23,2023/Ordinance No. 0252-23 (2).txt,1,2023,user_verified_folder,2023.0,False,[],included,,4,1481,744,0,False
526-18@c6af5a3c6507,526-18,2018/Ordinance No. 0526-18.txt,1,2018,user_verified_folder,,False,[],included,,1,0,3194,0,False
767-21@c6c13c15aa1a,767-21,2021/Ordinance No. 000767-21.txt,1,2021,user_verified_folder,,False,[],included,,8,1438,584,1,False
353-17@c6d44497b0e6,353-17,2017/Ordinance No. 0353-17.txt,1,2017,user_verified_folder,,False,[],included,,4,5058,24933,1,False
291-17@c6df6901f18d,291-17,2017/Ordinance No. 0291-17.txt,1,2017,user_verified_folder,,False,[],included,,1,25677,392,0,True
188-20@c6e96b788a3a,188-20,2020/Ordinance No. 0188-20.txt,1,2020,user_verified_folder,2020.0,False,[],included,,4,3416,434,1,False
586-21@c72202eae999,586-21,2021/Ordinance No. 0586-21.txt,1,2021,user_verified_folder,,False,[],included,,5,12729,20592,1,False
190-20@c776b42d165e,190-20,2020/Ordinance No. 0190-20.txt,1,2020,user_verified_folder,2020.0,False,[],included,,5,4590,485,0,False
151-23@c7e9fa8430b5,151-23,2023/Ordinance No. 0151-23 -QRF Basey (2).txt,1,2023,user_verified_folder,2023.0,False,[],included,,3,1631,877,0,False
715-19@c7eca15e9c4c,715-19,2019/Ordinance No. 0715-19 (1).txt,1,2019,user_verified_folder,,False,[],included,,4,5288,407,0,False
8-22@c8331ad292b0,8-22,2022/Ordinance No. 008-22.txt,1,2022,user_verified_folder,2022.0,False,[],included,,4,1443,661,0,False
714-21@c83972d18fcc,714-21,2021/Ordinance No. 000714-21.txt,1,2021,user_verified_folder,2021.0,False,[],included,,4,1736,933,0,False
727-21@c8577822b149,727-21,2021/Ordinance No. 000727-21.txt,1,2021,user_verified_folder,2021.0,False,[],included,,5,1389,487,3,False
783-19@c864785a7984,783-19,2019/Ordinance No. 0783-19 (1).txt,1,2019,user_verified_folder,2019.0,False,[],included,,1,5031,373,0,True
150-17@c8d88e53a10d,150-17,2017/Ordinance No. 0150-17.txt,1,2017,user_verified_folder,,False,[],included,,1,4808,194,0,False
361-17@c8d916f0a6f7,361-17,2018/Ordinance No. 0361-17.txt,2,2018,human_year_override,,False,"[{""year"": 2018, ""file"": ""manual_year_overrides_2017.csv"", ""reviewer"": ""Lamsin"", ""evidence"": ""header states that it is released on 2018""}, {""year"": 2018, ""file"": ""manual_year_overrides_2017.csv"", ""reviewer"": ""Lamsin"", ""evidence"": ""header states that it is released on 2018""}]",included,,1,11142,323,0,False
616-21@c8e1b3e4e1a5,616-21,2021/Ordinance No. 0616-21.txt,1,2021,user_verified_folder,2021.0,False,[],included,,4,1611,736,1,False
991-22@c8eaf724162b,991-22,2022/Ordinance No. 0991-22.txt,1,2022,user_verified_folder,2022.0,False,[],included,,5,1609,808,0,False
74-19@c8f72a3cef97,74-19,2019/Ordinance No. 074-19 (1).txt,1,2019,user_verified_folder,,False,[],included,,3,4455,363,0,False
899-22@c8fe7de63588,899-22,2022/Ordinance No. 000899-22.txt,2,2022,user_verified_folder,2022.0,False,[],included,,8,1389,691,0,False
308-20@c91c45bb23b2,308-20,2020/Ordinance No. 0308-20.txt,1,2020,user_verified_folder,2020.0,False,[],included,,5,4393,600,0,False
366-23@c923120541dd,366-23,2023/Ordinance No. 0366-23 (2).txt,1,2023,user_verified_folder,2023.0,False,[],included,,6,1453,749,0,False
29-16@c951dba3c9db,29-16,2016/Ordinance No. 029-16.txt,1,2016,user_verified_folder,,False,[],included,,1,0,338,0,False
131-19@c963ddbf73f6,131-19,2019/Ordinance No. 0131-19 (1).txt,1,2019,user_verified_folder,,False,[],included,,1,11607,92786,0,True
103-22@c97cab0a3df7,103-22,2022/Ordinance No. 0103-22.txt,1,2022,user_verified_folder,2022.0,False,[],included,,5,1945,1063,0,False
773-19@c984b7dac6b0,773-19,2019/Ordinance No. 0773-19 (1).txt,1,2019,user_verified_folder,,False,[],included,,3,7280,14234,2,False
612-21@c99c7cf6a01e,612-21,2021/Ordinance No. 0612-21.txt,1,2021,user_verified_folder,2021.0,False,[],included,,1,1802,1246,0,True
336-20@c9b134241c95,336-20,2020/Ordinance No. 0336-20.txt,1,2020,user_verified_folder,2020.0,False,[],included,,4,4290,626,1,False
580-21@c9b3d291d4bf,580-21,2021/Ordinance No. 0580-21.txt,1,2021,user_verified_folder,,False,[],included,,6,4377,8457,0,False
729-24@c9bab1d31281,729-24,2024/Ordinance No. 0729-24 Digitalization of LCR (1).txt,1,2024,user_verified_folder,2024.0,False,[],included,,7,1776,538,1,False
323-23@c9d637177b29,323-23,2023/Ordinance No. 0323-23 (2).txt,1,2023,user_verified_folder,2023.0,False,[],included,,5,1472,766,1,False
506-16@ca3ab082811f,506-16,2016/Ordinance No. 0506-16.txt,1,2016,user_verified_folder,,False,[],included,,1,3944,158,0,False
190-23@ca5a8c781d8a,190-23,2023/Ordinance No. 0190-23 (2).txt,1,2023,user_verified_folder,2023.0,False,[],included,,4,1501,609,1,False
470-24@ca7b92a2dacf,470-24,"2024/Ordinance No. 0470-24, Deed of Sale, M.Cortez (1).txt",1,2024,user_verified_folder,2024.0,False,[],included,,7,1590,667,0,False
84-19@caf40ab427d4,84-19,2019/Ordinance No. 084-19 (1).txt,1,2019,user_verified_folder,,False,[],included,,3,3769,360,0,False
763-19@cb07ed74826e,763-19,2019/Ordinance No. 0763-19 (1).txt,1,2019,user_verified_folder,,False,[],included,,5,4738,404,0,False
503-18@cb0a9af42fb3,503-18,2018/Ordinance No. 0503-18.txt,1,2018,user_verified_folder,2018.0,False,[],included,,1,5366,413,0,True
655-18@cb2cd1e6d4c6,655-18,2019/Ordinance No. 0655-18.txt,2,2019,human_year_override,2018.0,True,"[{""year"": 2019, ""file"": ""manual_year_overrides_2018.csv"", ""reviewer"": ""Lamsin"", ""evidence"": ""Header states it was released on 2019""}, {""year"": 2019, ""file"": ""manual_year_overrides_2018.csv"", ""reviewer"": ""Lamsin"", ""evidence"": ""Header states it was released on 2019""}]",included,,3,4083,400,1,False
663-24@cb3a4fd83271,663-24,"2024/Ordinance No. 0663-24 QRF Los Baños, Laguna (1).txt",1,2024,user_verified_folder,2024.0,False,[],included,,6,1885,925,0,False
909-22@cb4bce9776ec,909-22,2022/Ordinance No. 000909-22.txt,2,2022,user_verified_folder,2022.0,False,[],included,,2,1578,798,0,False
684-24@cb6c3f0bf962,684-24,"2024/Ordinance No. 0684-24 QRF Sto. Tomas, Batangas (1).txt",2,2024,user_verified_folder,2024.0,False,[],included,,7,1879,902,0,False
151-19@cb784b4f9139,151-19,2019/Ordinance No. 0151-19 (1).txt,1,2019,user_verified_folder,,False,[],included,,5,5723,420,0,False
662-24@cb7d36d2c8d6,662-24,"2024/Ordinance No. 0662-24 QRF Mercedes, Camarines Norte (1).txt",1,2024,user_verified_folder,2024.0,False,[],included,,4,2468,910,0,False
293-17@cbb12e915457,293-17,2017/Ordinance No. 0293-17.txt,1,2017,user_verified_folder,,False,[],included,,4,4164,537,1,False
698-21@cbc142b1eeb5,698-21,2021/Ordinance No. 000698-21.txt,1,2021,user_verified_folder,2021.0,False,[],included,,4,1854,956,1,False
72-19@cbce9a4c6f92,72-19,2019/Ordinance No. 072-19 (1).txt,1,2019,user_verified_folder,2019.0,False,[],included,,1,4205,362,0,True
176-23@cbfcae76e7df,176-23,"2023/Ordinance No. 0176-23 -MOA, DOH-CHD HEA HCW (2).txt",1,2023,user_verified_folder,2023.0,False,[],included,,5,2438,988,0,False
144-23@cc2a5fe6926c,144-23,2023/Ordinance No. 0144-23 -QRF Dapitan (2).txt,1,2023,user_verified_folder,2023.0,False,[],included,,5,1638,918,0,False
508-24@cc47a2baa42d,508-24,"2024/Ordinance No. 0508-24 Addendum to DOAS D. Estores, Jr. (1).txt",1,2024,user_verified_folder,2024.0,False,[],included,,4,1626,809,1,False
275-17@cc71cd3acb38,275-17,2017/Ordinance No. 0275-17.txt,1,2017,user_verified_folder,,False,[],included,,1,0,319,0,False
839-21@cd9c0dc8a511,839-21,2021/Ordinance No. 000839-21.txt,1,2021,user_verified_folder,,False,[],included,,6,2147,1313,0,False
658-21@cdc98524807f,658-21,2021/Ordinance No. 0658-21.txt,1,2021,user_verified_folder,2021.0,False,[],included,,5,4855,503,2,False
154-19@cdd20f78a3f0,154-19,2019/Ordinance No. 0154-19 (1).txt,1,2019,user_verified_folder,,False,[],included,,4,5809,405,1,False
95-16@cdd4def8aa54,95-16,2016/Ordinance No. 095-16.txt,1,2016,user_verified_folder,2016.0,False,[],included,,5,1577,3609,0,False
329-23@cdf7b57efc90,329-23,2023/Ordinance No. 0329-23 (2).txt,1,2023,user_verified_folder,2023.0,False,[],included,,4,1710,815,0,False
665-18@ce2331986961,665-18,2018/Ordinance No. 0665-18.txt,1,2018,user_verified_folder,2018.0,False,[],included,,2,6408,371,0,False
511-24@ce360fc539ea,511-24,2024/Ordinance No. 0511-24 Addendum to DOAS N. Bangcal (1).txt,1,2024,user_verified_folder,2024.0,False,[],included,,7,1584,764,0,False
204-20@ce3e5b2f7643,204-20,2020/Ordinance No. 0204-20.txt,1,2020,user_verified_folder,2020.0,False,[],included,,1,15451,4919,0,True
420-18@ce536e58ae8c,420-18,2018/Ordinance No. 0420-18.txt,1,2018,user_verified_folder,,False,[],included,,1,4493,0,0,False
561-24@ce75bb5086bf,561-24,2024/Ordinance No. 0561-24 DOD 8990 Housing DHRR Ph 8C (1).txt,1,2024,user_verified_folder,,False,[],included,,1,1597,7118,0,True
102-19@ce7760e80e1a,102-19,2019/Ordinance No. 0102-19 (1).txt,1,2019,user_verified_folder,,False,[],included,,6,6446,375,0,False
123-22@ce861d693516,123-22,2022/Ordinance No. 0123-22.txt,1,2022,user_verified_folder,2022.0,False,[],included,,1,1573,658,0,True
544-24@ce8beba7b57a,544-24,2024/Ordinance No. 0544-24 Exemption of Special Mayor_s Permit Fee (1).txt,1,2024,user_verified_folder,2024.0,False,[],included,,5,1464,643,0,False
2336-21@ceb09f313385,2336-21,2021/Ordinance No. 002336-21.txt,1,2021,user_verified_folder,,False,[],included,,1,0,187,0,False
470-18@ceeb0b4b25ce,470-18,2018/Ordinance No. 0470-18.txt,1,2018,user_verified_folder,,False,[],included,,1,0,45,0,False
140-23@cf2a36ca961a,140-23,"2023/Ordinance No. 0140-23 -MOA, AMC (2).txt",1,2023,user_verified_folder,2023.0,False,[],included,,2,1731,665,0,False
467-24@cf2e7a469e1e,467-24,2024/Ordinance No. 0467-24 (1).txt,1,2024,user_verified_folder,2024.0,False,[],included,,3,1518,706,1,False
620-24@cf84064f6b07,620-24,2024/Ordinance No. 0620-24 (1).txt,1,2024,user_verified_folder,,False,[],included,,4,10985,5105,1,False
491-21@cf88aa2f502b,491-21,2021/Ordinance No. 0491-21.txt,1,2021,user_verified_folder,,False,[],included,,5,1499,690,1,False
460-24@cf8f4f854ca7,460-24,2024/Ordinance No. 0460-24 -Request of Heirs of Rosario Calzada (1).txt,1,2024,user_verified_folder,2024.0,False,[],included,,3,1686,713,0,False
717-21@cf963ce6750e,717-21,2021/Ordinance No. 000717-21.txt,1,2021,user_verified_folder,,False,[],included,,3,1787,909,1,False
773-25@cfce0aa13d49,773-25,2025/Ordinance No. 0773-25.txt,1,2025,user_verified_folder,2025.0,False,[],included,,3,6758,711,0,False
369-23@cfce2adf68fb,369-23,2023/Ordinance No. 0369-23 (2).txt,1,2023,user_verified_folder,2023.0,False,[],included,,1,1526,813,0,True
728-21@cfe9622c7a81,728-21,2021/Ordinance No. 000728-21.txt,1,2021,user_verified_folder,,False,[],included,,12,1410,590,1,False
331-17@d00473f66641,331-17,2017/Ordinance No. 0331-17.txt,1,2017,user_verified_folder,,False,[],included,,1,13563,6483,0,True
200-17@d011de93e350,200-17,2017/Ordinance No. 0200-17.txt,1,2017,user_verified_folder,,False,[],included,,1,0,0,0,False
667-21@d016dbf75e30,667-21,2021/Ordinance No. 000667-21.txt,1,2021,user_verified_folder,2021.0,False,[],included,,4,1606,758,0,False
1000-22@d04c12d01a3d,1000-22,2022/Ordinance No. 001000-22.txt,1,2022,user_verified_folder,2022.0,False,[],included,,5,1582,801,0,False
524-24@d06e55c99af5,524-24,2024/Ordinance No. 0524-24 Addendum DOAS M. Galamiton (1).txt,1,2024,user_verified_folder,2024.0,False,[],included,,3,3351,848,0,False
615-24@d06f7137b82b,615-24,2024/Ordinance No. 0615-24 QRF Province of Batangas (1).txt,1,2024,user_verified_folder,,False,[],included,,3,1655,730,0,False
481-16@d07aa52fd4db,481-16,2016/Ordinance No. 0481-16.txt,1,2016,user_verified_folder,,False,[],included,,1,0,5331,0,False
764-19@d08b4bdccbe7,764-19,2019/Ordinance No. 0764-19 (1).txt,1,2019,user_verified_folder,,False,[],included,,1,4839,390,0,True
565-21@d0c1b8ff19c0,565-21,2021/Ordinance No. 0565-21.txt,1,2021,user_verified_folder,,False,[],included,,5,11124,5406,0,False
81-16@d0c6752b2060,81-16,2016/Ordinance No. 081-16.txt,1,2016,user_verified_folder,,False,[],included,,1,2602,12106,0,False
220-17@d13801788e0b,220-17,2017/Ordinance No. 0220-17.txt,1,2017,user_verified_folder,,False,[],included,,5,6015,7391,0,False
799-19@d1601ab85214,799-19,2019/Ordinance No. 0799-19 (1).txt,1,2019,user_verified_folder,2019.0,False,[],included,,3,4661,379,1,False
338-17@d16a04064713,338-17,2017/Ordinance No. 0338-17.txt,1,2017,user_verified_folder,,False,[],included,,2,11457,508,0,False
550-21@d1d1b78c2331,550-21,2021/Ordinance No. 0550-21.txt,1,2021,user_verified_folder,,False,[],included,,6,2802,15548,0,False
304-17@d2096c493374,304-17,2017/Ordinance No. 0304-17.txt,1,2017,user_verified_folder,2017.0,False,[],included,,4,4385,445,1,False
48-19@d2280f75adb9,48-19,2019/Ordinance No. 048-19 (1).txt,1,2019,user_verified_folder,,False,[],included,,6,6626,23350,1,False
637-24@d274395d958b,637-24,2024/Ordinance No. 0637-24 (1).txt,1,2024,user_verified_folder,2024.0,False,[],included,,5,1514,646,0,False
94-19@d28cb87ec105,94-19,2019/Ordinance No. 094-19 (1).txt,1,2019,user_verified_folder,2019.0,False,[],included,,5,5710,375,0,False
673-21@d29b2162b1ea,673-21,2021/Ordinance No. 000673-21.txt,1,2021,user_verified_folder,,False,[],included,,5,1566,7657,1,False
350-17@d2adc0c0e912,350-17,2017/Ordinance No. 0350-17.txt,1,2017,user_verified_folder,,False,[],included,,4,6394,12952,0,False
173-23@d2b818ff3227,173-23,2023/Ordinance No. 0173-23 -Suspension of Section39 of Incentive Code (2).txt,1,2023,user_verified_folder,2023.0,False,[],included,,4,1430,710,1,False
125-22@d2e780796f25,125-22,2022/Ordinance No. 0125-22.txt,1,2022,user_verified_folder,2022.0,False,[],included,,4,1721,882,0,False
629-21@d2e7f4babb64,629-21,2021/Ordinance No. 0629-21.txt,1,2021,user_verified_folder,,False,[],included,,4,1230,497,1,False
551-18@d308b64ee9f2,551-18,2018/Ordinance No. 0551-18.txt,1,2018,user_verified_folder,2018.0,False,[],included,,1,5413,354,0,True
293-20@d31e1d13eda8,293-20,2020/Ordinance No. 0293-20.txt,1,2020,user_verified_folder,2020.0,False,[],included,,5,4167,648,0,False
494-24@d33a3f15e09d,494-24,2024/Ordinance No. 0494-24 Deed of Absolute Sale E. Palayon (1).txt,1,2024,user_verified_folder,2024.0,False,[],included,,3,2440,981,0,False
628-18@d3473fcd505d,628-18,2018/Ordinance No. 0628-18.txt,1,2018,user_verified_folder,2018.0,False,[],included,,1,0,524,0,True
643-24@d34e28c7b22c,643-24,2024/Ordinance No. 0643-24 (1).txt,1,2024,user_verified_folder,2024.0,False,[],included,,4,1521,638,1,False
743-19@d38eef094bad,743-19,2019/Ordinance No. 0743-19 (1).txt,1,2019,user_verified_folder,,False,[],included,,5,5253,458,0,False
86-19@d3c0847351b1,86-19,2019/Ordinance No. 086-19 (1).txt,1,2019,user_verified_folder,2019.0,False,[],included,,6,5478,424,0,False
119-19@d44201878f0e,119-19,2019/Ordinance No. 0119-19 (1).txt,1,2019,user_verified_folder,,False,[],included,,5,6297,6077,0,False
873-22@d44b080b60f5,873-22,2022/Ordinance No. 000873-22.txt,2,2022,user_verified_folder,2022.0,False,[],included,,12,1283,645,1,False
250-20@d472543715f7,250-20,2020/Ordinance No. 0250-20.txt,1,2020,user_verified_folder,2020.0,False,[],included,,6,5488,451,3,False
938-22@d4814c30efa6,938-22,2022/Ordinance No. 000938-22.txt,2,2022,user_verified_folder,,False,[],included,,3,1586,717,1,False
835-21@d491c115c072,835-21,2021/Ordinance No. 000835-21.txt,1,2021,user_verified_folder,,False,[],included,,1,1494,709,0,True
671-21@d4f487f87095,671-21,2021/Ordinance No. 000671-21.txt,1,2021,user_verified_folder,,False,[],included,,12,1521,688,0,False
5-19@d50ebe9d2159,5-19,2019/Ordinance No. 005-19 (1).txt,1,2019,user_verified_folder,,False,[],included,,1,5160,401,0,True
632-21@d5212c0d07a7,632-21,2021/Ordinance No. 0632-21.txt,1,1981,human_year_override,2021.0,True,"[{""year"": 1981, ""file"": ""manual_year_overrides_2021.csv"", ""reviewer"": """", ""evidence"": """"}]",excluded,outside 2016-2025 after human date correction,0,1518,675,1,False
308-17@d545c0c2ed19,308-17,2017/Ordinance No. 0308-17.txt,1,2017,user_verified_folder,,False,[],included,,5,4871,411,0,False
494-21@d563c124e0d1,494-21,2021/Ordinance No. 0494-21.txt,1,2021,user_verified_folder,2021.0,False,[],included,,5,1432,624,0,False
754-19@d58888d84309,754-19,2019/Ordinance No. 0754-19 (1).txt,1,2019,user_verified_folder,,False,[],included,,1,9126,0,0,False
685-21@d5a50e711228,685-21,2021/Ordinance No. 000685-21.txt,1,2021,user_verified_folder,,False,[],included,,1,3941,721,0,False
460-18@d5a658254236,460-18,2018/Ordinance No. 0460-18.txt,1,2018,user_verified_folder,,False,[],included,,1,7101,13382,0,False
303-23@d5b30bbcd2a9,303-23,2023/Ordinance No. 0303-23 Less Paper Session (2).txt,1,2023,user_verified_folder,2023.0,False,[],included,,7,1585,639,2,False
709-21@d5f74adc5564,709-21,2021/Ordinance No. 000709-21.txt,1,2021,user_verified_folder,2021.0,False,[],included,,3,1625,836,1,False
179-20@d61ed62ac076,179-20,2020/Ordinance No. 0179-20.txt,1,2020,user_verified_folder,2020.0,False,[],included,,5,4608,447,0,False
70-16@d63621156a01,70-16,2016/Ordinance No. 070-16.txt,1,2016,user_verified_folder,,False,[],included,,2,18247,0,0,False
126-16@d6436956c750,126-16,2016/Ordinance No. 0126-16.txt,1,2016,user_verified_folder,,False,[],included,,1,1678,9004,0,False
326-23@d6779d745c76,326-23,2023/Ordinance No. 0326-23 (2).txt,1,2023,user_verified_folder,2023.0,False,[],included,,5,1641,869,0,False
250-23@d6add6f648fa,250-23,2023/Ordinance No. 0250-23 (2).txt,1,2023,user_verified_folder,,False,[],included,,1,1477,641,0,True
979-22@d6ae10a26fa8,979-22,2022/Ordinance No. 0979-22.txt,1,2022,user_verified_folder,2022.0,False,[],included,,8,1380,572,0,False
596-18@d70df616d72a,596-18,2018/Ordinance No. 0596-18.txt,1,2018,user_verified_folder,,False,[],included,,2,5105,473,1,False
485-21@d72b490d6cb5,485-21,2021/Ordinance No. 0485-21.txt,1,2021,user_verified_folder,,False,[],included,,1,1582,9340,0,True
499-24@d73981159878,499-24,2024/Ordinance No. 0499-24 (1).txt,2,2024,user_verified_folder,2024.0,False,[],included,,5,1653,749,0,False
866-22@d73d88d9587b,866-22,2022/Ordinance No. 000866-22.txt,2,2022,user_verified_folder,2022.0,False,[],included,,1,1317,682,0,True
337-17@d75cac55c14d,337-17,2017/Ordinance No. 0337-17.txt,1,2017,user_verified_folder,,False,[],included,,1,8729,0,0,False
324-23@d77876e7bb40,324-23,2023/Ordinance No. 0324-23 (2).txt,1,2023,user_verified_folder,2023.0,False,[],included,,3,1534,771,1,False
171-19@d78889fc7bc4,171-19,2019/Ordinance No. 0171-19 (1).txt,1,2019,user_verified_folder,,False,[],included,,4,7515,8704,1,False
715-24@d791bbbfaad9,715-24,2024/Ordinance No. 0715-24 Amend Revenue Code (1).txt,1,2024,user_verified_folder,,False,[],included,,1,1630,543,0,True
514-16@d7dffea72977,514-16,2016/Ordinance No. 0514-16.txt,1,2016,user_verified_folder,2016.0,False,[],included,,8,19459,558,0,False
578-18@d7f1c2fedde2,578-18,2018/Ordinance No. 0578-18.txt,1,2018,user_verified_folder,2018.0,False,[],included,,4,4604,398,1,False
466-18@d7fd17e04cbc,466-18,2018/Ordinance No. 0466-18.txt,1,2018,user_verified_folder,,False,[],included,,3,2644,0,0,False
136-16@d81147c0b468,136-16,2016/Ordinance No. 0136-16.txt,1,2016,user_verified_folder,,False,[],included,,5,1570,427,0,False
423-24@d83cca53803b,423-24,"2024/Ordinance No. 0423-24, QRF Bunawan, Agusan (1).txt",1,2024,user_verified_folder,2024.0,False,[],included,,4,2185,808,0,False
181-23@d861a4bbb73b,181-23,2023/Ordinance No. 0181-23 (2).txt,1,2023,user_verified_folder,,False,[],included,,3,1599,589,1,False
598-18@d883d319ba2f,598-18,2018/Ordinance No. 0598-18.txt,1,2018,user_verified_folder,,False,[],included,,5,5736,434,0,False
411-24@d89cecfb1e39,411-24,"2024/Ordinance No. 0411-24 -QRF, Tagum (1).txt",1,2024,user_verified_folder,,False,[],included,,5,1700,760,0,False
721-21@d8d32d1687b1,721-21,2021/Ordinance No. 000721-21.txt,1,2021,user_verified_folder,2021.0,False,[],included,,1,1441,730,0,True
73-16@d8ddfb15be7c,73-16,2016/Ordinance No. 073-16.txt,1,2016,user_verified_folder,,False,[],included,,2,14927,0,0,False
614-18@d8e74ebfa990,614-18,2018/Ordinance No. 0614-18.txt,1,2018,user_verified_folder,2018.0,False,[],included,,1,7368,3140,0,True
500-21@d9242135201a,500-21,2021/Ordinance No. 0500-21.txt,1,2021,user_verified_folder,,False,[],included,,1,6753,507,0,True
1005-22@d927a51216fd,1005-22,2022/Ordinance No. 01005-22.txt,1,2022,user_verified_folder,2022.0,False,[],included,,5,1751,932,1,False
3253-19@d951d5f7c4da,3253-19,2019/RESOLUTION NO 03253-19_Adopting CDP.txt,2,2019,human_year_override,2019.0,False,"[{""year"": 2019, ""file"": ""manual_year_overrides_2022.csv"", ""reviewer"": ""Corpuz"", ""evidence"": ""approved on june 2 2019""}, {""year"": 2019, ""file"": ""manual_year_overrides_2022.csv"", ""reviewer"": ""Corpuz"", ""evidence"": ""approved on june 2 2019""}]",included,,5,5187,441,2,False
115-19@d97e44981499,115-19,2019/Ordinance No. 0115-19 (1).txt,1,2019,user_verified_folder,,False,[],included,,4,7873,18119,0,False
641-18@d990f8f9bb43,641-18,2018/Ordinance No. 0641-18.txt,1,2018,user_verified_folder,2018.0,False,[],included,,4,4161,357,1,False
113-16@d99fea532c6f,113-16,2016/Ordinance No. 0113-16.txt,1,2016,user_verified_folder,,False,[],included,,1,1585,22964,0,False
53-19@d9d4315af168,53-19,2019/Ordinance No. 053-19 (1).txt,1,2019,user_verified_folder,,False,[],included,,5,9921,8780,0,False
736-21@d9e29e90249f,736-21,2021/Ordinance No. 000736-21.txt,1,2021,user_verified_folder,2021.0,False,[],included,,29,1474,518,0,False
402-24@da25ada75301,402-24,"2024/Ordinance No. 0402-24 -MOA, A. Sumobay (1).txt",1,2024,user_verified_folder,2024.0,False,[],included,,6,1810,824,0,False
98-22@da569f2599b3,98-22,2022/Ordinance No. 098-22.txt,1,2022,user_verified_folder,2022.0,False,[],included,,4,1742,689,0,False
257-20@da576cc14502,257-20,2020/Ordinance No. 0257-20.txt,1,2020,user_verified_folder,2020.0,False,[],included,,6,1548,431,1,False
328-17@da6122b7133e,328-17,2018/Ordinance No. 0328-17.txt,2,2018,human_year_override,,False,"[{""year"": 2018, ""file"": ""manual_year_overrides_2017.csv"", ""reviewer"": ""Lamsin"", ""evidence"": ""header states that it is released on 2018""}, {""year"": 2018, ""file"": ""manual_year_overrides_2017.csv"", ""reviewer"": ""Lamsin"", ""evidence"": ""header states that it is released on 2018""}]",included,,4,13086,3678,0,False
148-19@da843966f906,148-19,2019/Ordinance No. 0148-19 (1).txt,1,2019,user_verified_folder,2019.0,False,[],included,,5,5486,1326,1,False
950-22@dac25eff24cb,950-22,2022/Ordinance No. 000950-22.txt,2,2022,user_verified_folder,2022.0,False,[],included,,12,1501,664,1,False
283-20@dad45de893be,283-20,2020/Ordinance No. 0283-20.txt,1,2020,user_verified_folder,2020.0,False,[],included,,3,5822,318,1,False
219-17@dadbc91e367c,219-17,2017/Ordinance No. 0219-17.txt,1,2017,user_verified_folder,,False,[],included,,1,4512,255,0,False
429-24@db022f82ebc3,429-24,2024/Ordinance No. 0429-24 Shelter for IP Watchers and Runners (1).txt,1,2024,user_verified_folder,2024.0,False,[],included,,6,1534,701,0,False
667-18@db0d29882819,667-18,2018/Ordinance No. 0667-18.txt,1,2018,user_verified_folder,,False,[],included,,4,8110,8653,1,False
208-23@db1916761433,208-23,2023/Ordinance No. 0208-23 Amendment Peace 911 (2).txt,1,2023,user_verified_folder,2023.0,False,[],included,,1,1406,658,0,True
347-17@db2fb9b88bf4,347-17,2017/Ordinance No. 0347-17.txt,1,2017,user_verified_folder,,False,[],included,,4,4483,427,1,False
106-16@db4a3176112a,106-16,2016/Ordinance No. 0106-16.txt,1,2016,user_verified_folder,,False,[],included,,1,0,287,0,False
134-19@db8898333d49,134-19,2019/Ordinance No. 0134-19 (1).txt,1,2019,user_verified_folder,2019.0,False,[],included,,7,4636,426,0,False
265-23@db8b2c2920d3,265-23,2023/Ordinance No. 0265-23 (2).txt,1,2023,user_verified_folder,2023.0,False,[],included,,4,1686,863,0,False
554-24@dbbdf56f0ce0,554-24,2024/Ordinance No. 0554-24 Adopting 2023 and 2024 Citizen_s Charter (1).txt,1,2024,user_verified_folder,,False,[],included,,2,1560,361,0,False
405-24@dbdbc32f6746,405-24,"2024/Ordinance No. 0405-24 -MOA, Brokenshire (1).txt",1,2024,user_verified_folder,2024.0,False,[],included,,3,1582,694,0,False
492-18@dc3b4c6df850,492-18,2018/Ordinance No. 0492-18.txt,1,2018,user_verified_folder,,False,[],included,,1,5019,279,0,False
433-18@dc409ca74658,433-18,2018/Ordinance No. 0433-18.txt,1,2018,user_verified_folder,,False,[],included,,1,7162,5068,0,False
590-18@dc80ff1226cc,590-18,2018/Ordinance No. 0590-18.txt,1,2018,user_verified_folder,2018.0,False,[],included,,1,6274,4944,0,True
435-24@dc8c697ea9dc,435-24,2024/Ordinance No. 0435-24 MOA Phil.Mental Health Association (1).txt,1,2024,user_verified_folder,2024.0,False,[],included,,4,1705,799,0,False
440-18@dc8d3cd934d7,440-18,2018/Ordinance No. 0440-18.txt,1,2018,user_verified_folder,,False,[],included,,1,0,0,0,False
304-20@dca3d2f3473e,304-20,2020/Ordinance No. 0304-20.txt,1,2020,user_verified_folder,2020.0,False,[],included,,5,4566,607,0,False
848-21@dccd7817d005,848-21,2021/Ordinance No. 000848-21.txt,1,2021,user_verified_folder,2021.0,False,[],included,,6,1653,864,0,False
981-22@dcdc8a6cbe16,981-22,2022/Ordinance No. 0981-22.txt,1,2022,user_verified_folder,2022.0,False,[],included,,5,2360,1058,0,False
521-18@dd094c7d04eb,521-18,2018/Ordinance No. 0521-18.txt,1,2018,user_verified_folder,,False,[],included,,1,4459,353,0,False
601-24@dd14bc826246,601-24,2024/Ordinance No. 0601-24 QRF Caloocan City (1).txt,1,2024,user_verified_folder,2024.0,False,[],included,,6,1663,861,0,False
480-24@dd2f258b645f,480-24,"2024/Ordinance No. 0480-24 MOA DOH-CHD, Hasnida G. Daromimbang (1).txt",1,2024,user_verified_folder,,False,[],included,,2,2811,643,0,False
180-23@dd37164fcc7f,180-23,2023/Ordinance No. 0180-23 (2).txt,1,2023,user_verified_folder,2023.0,False,[],included,,4,2450,955,0,False
418-18@dd3e58867982,418-18,2018/Ordinance No. 0418-18.txt,1,2018,user_verified_folder,2018.0,False,[],included,,4,4034,528,0,False
447-24@dd6244d25fe0,447-24,"2024/Ordinance No. 0447-24 -MOA, AdDU (1).txt",1,2024,user_verified_folder,2024.0,False,[],included,,1,3231,694,0,False
38-16@dda40fff38ad,38-16,2016/Ordinance No. 038-16.txt,1,2016,user_verified_folder,,False,[],included,,1,13705,5457,0,False
91-22@dda9cc3baf1b,91-22,2022/Ordinance No. 091-22.txt,1,2022,user_verified_folder,2022.0,False,[],included,,5,1806,1033,0,False
289-23@ddb829aa6550,289-23,2023/Ordinance No. 0289-23 Granting Request of P. Bacaltos (2).txt,1,2023,user_verified_folder,2023.0,False,[],included,,5,1699,983,0,False
267-20@ddce36af898e,267-20,2020/Ordinance No. 0267-20.txt,1,2020,user_verified_folder,,False,[],included,,6,7075,7321,1,False
758-21@de008f3a5319,758-21,2021/Ordinance No. 000758-21.txt,1,2021,user_verified_folder,,False,[],included,,1,1478,824,0,True
485-24@de02b51782ac,485-24,2024/Ordinance No. 0485-24 (1).txt,1,2024,user_verified_folder,2024.0,False,[],included,,4,1512,717,0,False
229-17@de06fbb44e46,229-17,2017/Ordinance No. 0229-17.txt,1,2017,user_verified_folder,,False,[],included,,1,4954,56,0,False
27-22@de1d26726a70,27-22,2022/Ordinance No. 027-22.txt,1,2022,user_verified_folder,2022.0,False,[],included,,3,1631,886,0,False
640-24@de1e0aa83ae7,640-24,2024/Ordinance No. 0640-24 (1).txt,1,2024,user_verified_folder,2024.0,False,[],included,,5,1533,677,0,False
387-18@de2b233c2132,387-18,2018/Ordinance No. 0387-18.txt,1,2018,user_verified_folder,,False,[],included,,4,7635,14724,1,False
138-19@de933a2cbedf,138-19,2019/Ordinance No. 0138-19 (1).txt,1,2019,user_verified_folder,,False,[],included,,2,4879,1441,0,False
249-23@debb94d33679,249-23,2023/Ordinance No. 0249-23 DOU DCWD CEO Bldg. (2).txt,1,2023,user_verified_folder,2023.0,False,[],included,,4,1638,770,1,False
587-18@deed722e7dab,587-18,2018/Ordinance No. 0587-18.txt,1,2018,user_verified_folder,,False,[],included,,5,12439,9867,2,False
897-22@df2b815ead16,897-22,2022/Ordinance No. 000897-22.txt,2,2022,user_verified_folder,,False,[],included,,34,1323,596,2,False
36-22@df3856f45359,36-22,2022/Ordinance No. 036-22.txt,1,2022,user_verified_folder,2022.0,False,[],included,,1,1568,967,0,True
749-21@df3c4464643d,749-21,2021/Ordinance No. 000749-21.txt,1,2021,user_verified_folder,,False,[],included,,1,1474,709,0,True
31-16@df469f4c40dd,31-16,2016/Ordinance No. 031-16.txt,1,2016,user_verified_folder,,False,[],included,,1,10290,3161,0,False
299-20@df4e3d569e8d,299-20,2020/Ordinance No. 0299-20.txt,1,2020,user_verified_folder,2020.0,False,[],included,,4,5730,617,0,False
63-22@df5021b462a9,63-22,2022/Ordinance No. 063-22.txt,1,2022,user_verified_folder,2022.0,False,[],included,,1,1729,949,0,True
13-16@df6f9bd5f3b0,13-16,2016/Ordinance No. 013-16.txt,1,2016,user_verified_folder,,False,[],included,,1,0,0,0,False
339-20@df6f9ceb5241,339-20,2020/Ordinance No. 0339-20.txt,1,2020,user_verified_folder,2020.0,False,[],included,,4,4415,690,0,False
54-22@df73c46a87c9,54-22,2022/Ordinance No. 054-22.txt,1,2022,user_verified_folder,,False,[],included,,4,1633,626,1,False
335-23@df9f5239f85e,335-23,2023/Ordinance No. 0335-23 Renewal MOA Love the Children (2).txt,1,2023,user_verified_folder,2023.0,False,[],included,,5,1714,763,0,False
621-18@dfc923083b3b,621-18,2018/Ordinance No. 0621-18.txt,1,2018,user_verified_folder,,False,[],included,,3,7558,8973,0,False
685-19@dfff947fe01a,685-19,2019/Ordinance No. 0685-19 (1).txt,1,2019,user_verified_folder,,False,[],included,,6,7808,14792,1,False
854-22@e01a0e786534,854-22,2022/Ordinance No. 000854-22.txt,1,2022,user_verified_folder,2022.0,False,[],included,,25,1257,615,2,False
217-23@e038fb93bc7d,217-23,2023/Ordinance No. 0217-23 (2).txt,1,2023,user_verified_folder,2023.0,False,[],included,,4,1584,821,0,False
255-23@e05361848066,255-23,"2023/Ordinance No. 0255-23 Deed of Sale, B. Pesidas (2).txt",1,2023,user_verified_folder,,False,[],included,,3,1545,487,1,False
320-20@e05b6237a2e1,320-20,2020/Ordinance No. 0320-20.txt,1,2020,user_verified_folder,,False,[],included,,3,8383,31526,2,False
555-18@e07ac4a87015,555-18,2018/Ordinance No. 0555-18.txt,1,2018,user_verified_folder,,False,[],included,,4,5941,390,1,False
522-21@e08b0a96f7db,522-21,2021/Ordinance No. 0522-21.txt,1,2021,user_verified_folder,2021.0,False,[],included,,1,1567,823,0,True
515-16@e0ae32d5fbd1,515-16,2016/Ordinance No. 0515-16.txt,1,2016,user_verified_folder,,False,[],included,,1,6966,38096,0,True
37-16@e0af3f23650a,37-16,2016/Ordinance No. 037-16.txt,1,2016,user_verified_folder,,False,[],included,,1,0,6288,0,False
115-16@e0b0e2c59ac8,115-16,2016/Ordinance No. 0115-16.txt,1,2016,user_verified_folder,,False,[],included,,1,0,12939,0,False
688-19@e0b90bffda8c,688-19,2019/Ordinance No. 0688-19 (1).txt,1,2019,user_verified_folder,,False,[],included,,4,6153,314,2,False
691-24@e0d51b841a3f,691-24,2024/Ordinance No. 0691-24 QRF Province of Albay (1).txt,1,2024,user_verified_folder,2024.0,False,[],included,,5,1872,917,0,False
188-23@e0e8dc9d2717,188-23,2023/Ordinance No. 0188-23 (2).txt,1,2023,user_verified_folder,,False,[],included,,5,1841,522,0,False
368-17@e106a2b6ca3c,368-17,2017/Ordinance No. 0368-17.txt,1,2017,user_verified_folder,,False,[],included,,5,6311,10709,0,False
472-16@e1142fa1aa75,472-16,2016/Ordinance No. 0472-16.txt,1,2016,user_verified_folder,,False,[],included,,6,5897,477,0,False
291-23@e1206635430d,291-23,2023/Ordinance No. 0291-23 (2).txt,1,2023,user_verified_folder,2023.0,False,[],included,,3,1393,639,0,False
236-23@e13219650fd5,236-23,2023/Ordinance No. 0236-23 10 or more employees (2).txt,1,2023,user_verified_folder,2023.0,False,[],included,,1,1566,705,0,True
315-23@e16c9fe294b5,315-23,2023/Ordinance No. 0315-23 (2).txt,1,2023,user_verified_folder,,False,[],included,,4,2075,710,1,False
346-17@e19605703ee0,346-17,2017/Ordinance No. 0346-17.txt,1,2017,user_verified_folder,,False,[],included,,4,4149,381,1,False
53-22@e1ba512b9bfc,53-22,2022/Ordinance No. 053-22.txt,1,2022,user_verified_folder,2022.0,False,[],included,,4,1779,861,0,False
62-22@e1d789142d6a,62-22,2022/Ordinance No. 062-22.txt,1,2022,user_verified_folder,2022.0,False,[],included,,5,1821,937,0,False
314-20@e1f0043e39b4,314-20,2020/Ordinance No. 0314-20.txt,1,2020,user_verified_folder,,False,[],included,,1,7027,8813,0,True
212-20@e21c7a141ead,212-20,2020/Ordinance No. 0212-20.txt,1,2020,user_verified_folder,2020.0,False,[],included,,6,8676,5647,0,False
512-16@e2350664ea62,512-16,2016/Ordinance No. 0512-16.txt,1,2016,user_verified_folder,,False,[],included,,1,6068,283,0,False
133-22@e280549c3186,133-22,2022/Ordinance No. 0133-22.txt,1,2022,user_verified_folder,2022.0,False,[],included,,5,1834,717,0,False
588-18@e2d097c55d82,588-18,2018/Ordinance No. 0588-18.txt,1,2018,user_verified_folder,2018.0,False,[],included,,4,5116,388,0,False
192-23@e2dc55b8f67b,192-23,2023/Ordinance No. 0192-23 Anti-Bullying (2).txt,1,2025,human_year_override,2023.0,True,"[{""year"": 2025, ""file"": ""manual_year_overrides_2023.csv"", ""reviewer"": ""Nuril"", ""evidence"": ""Approved on march 8 2025""}]",included,,23,1389,473,2,False
559-24@e3130f9addf3,559-24,2024/Ordinance No. 0559-24 (1).txt,1,2024,user_verified_folder,,False,[],included,,1,1573,6672,0,True
333-17@e34b2d74463e,333-17,2018/Ordinance No. 0333-17.txt,2,2018,human_year_override,,False,"[{""year"": 2018, ""file"": ""manual_year_overrides_2017.csv"", ""reviewer"": ""Lamsin"", ""evidence"": ""header states that it is released on 2018""}, {""year"": 2018, ""file"": ""manual_year_overrides_2017.csv"", ""reviewer"": ""Lamsin"", ""evidence"": ""header states that it is released on 2018""}]",included,,6,18708,0,0,False
765-25@e378ab52f353,765-25,2025/Ordinance No. 0765-25.txt,1,2025,user_verified_folder,2025.0,False,[],included,,5,9044,5537,0,False
327-23@e38b18eb88c4,327-23,2023/Ordinance No. 0327-23 (2).txt,1,2023,user_verified_folder,2023.0,False,[],included,,4,1858,891,1,False
924-22@e3b75299ad06,924-22,2022/Ordinance No. 000924-22.txt,2,2022,user_verified_folder,2022.0,False,[],included,,5,2359,1567,0,False
476-18@e3fa8e094d6b,476-18,2018/Ordinance No. 0476-18.txt,1,2018,user_verified_folder,,False,[],included,,1,0,80,0,False
149-17@e40e58da575b,149-17,2017/Ordinance No. 0149-17.txt,1,2017,user_verified_folder,,False,[],included,,1,2091,228,0,False
473-24@e41b33d2cc00,473-24,"2024/Ordinance No. 0473-24 MOA, Davao Doctors College, Inc. (1).txt",1,2024,user_verified_folder,2024.0,False,[],included,,6,1568,675,1,False
663-21@e4678d57df37,663-21,2021/Ordinance No. 0663-21.txt,1,2021,user_verified_folder,,False,[],included,,5,1642,767,1,False
179-17@e475570e6e0e,179-17,2017/Ordinance No. 0179-17.txt,1,2017,user_verified_folder,,False,[],included,,1,5651,18737,0,True
679-19@e480a1e83aac,679-19,2019/Ordinance No. 0679-19 (1).txt,1,2019,user_verified_folder,,False,[],included,,1,6024,360,0,True
75-16@e4b3939474f9,75-16,2016/Ordinance No. 075-16.txt,1,2016,user_verified_folder,,False,[],included,,1,1766,3673,0,False
750-21@e4cd91df7b67,750-21,2021/Ordinance No. 000750-21.txt,1,2021,user_verified_folder,,False,[],included,,5,1548,711,0,False
497-24@e4fd2f34f3e9,497-24,"2024/Ordinance No. 0497-24 MOU AdDU, Huaqiao University (1).txt",1,2024,user_verified_folder,2024.0,False,[],included,,4,1755,816,0,False
637-18@e533e2102889,637-18,2018/Ordinance No. 0637-18.txt,1,2018,user_verified_folder,2018.0,False,[],included,,5,4090,403,0,False
225-20@e5c6907074ba,225-20,2020/Ordinance No. 0225-20.txt,1,2020,user_verified_folder,2020.0,False,[],included,,6,3272,344,0,False
310-20@e5c7dcd1cda5,310-20,2020/Ordinance No. 0310-20.txt,1,2020,user_verified_folder,,False,[],included,,5,8325,9536,1,False
704-21@e6634051a660,704-21,2021/Ordinance No. 000704-21.txt,1,2021,user_verified_folder,2021.0,False,[],included,,6,1662,859,0,False
683-21@e66931b97b73,683-21,2021/Ordinance No. 000683-21.txt,1,2021,user_verified_folder,,False,[],included,,6,1792,12772,0,False
845-21@e691a075a8a7,845-21,2021/Ordinance No. 000845-21.txt,1,2021,user_verified_folder,,False,[],included,,6,1667,834,0,False
659-24@e6c048f09904,659-24,2024/Ordinance No. 0659-24 MOA AdDU-AOSF (1).txt,1,2024,user_verified_folder,2024.0,False,[],included,,3,3005,760,0,False
321-20@e6e74a544165,321-20,2020/Ordinance No. 0321-20.txt,1,2020,user_verified_folder,,False,[],included,,4,9916,26567,1,False
557-18@e6ea07580d51,557-18,2018/Ordinance No. 0557-18.txt,1,2018,user_verified_folder,,False,[],included,,2,2548,0,0,False
863-22@e71579705e87,863-22,2022/Ordinance No. 000863-22.txt,2,2022,user_verified_folder,2022.0,False,[],included,,4,1619,871,1,False
363-23@e728e113bf89,363-23,2023/Ordinance No. 0363-23 (2).txt,1,2023,user_verified_folder,2023.0,False,[],included,,5,1607,809,0,False
634-18@e733a066e76a,634-18,2018/Ordinance No. 0634-18.txt,1,2018,user_verified_folder,,False,[],included,,4,4200,383,1,False
120-22@e73e05b3eb31,120-22,2022/Ordinance No. 0120-22.txt,1,2022,user_verified_folder,2022.0,False,[],included,,3,1549,661,1,False
50-16@e77916de730f,50-16,2016/Ordinance No. 050-16.txt,1,2016,user_verified_folder,,False,[],included,,1,1620,49380,0,False
100-16@e7a404f772ca,100-16,2016/Ordinance No. 100-16.txt,1,2016,user_verified_folder,,False,[],included,,4,1495,4078,0,False
579-24@e7c979dd914b,579-24,2024/Ordinance No. 0579-24 Allow Request of Carol T. Labit (1).txt,1,2024,user_verified_folder,2024.0,False,[],included,,6,1605,733,0,False
600-24@e7d3434edd23,600-24,2024/Ordinance No. 0600-24 QRF Quezon City (1).txt,1,2024,user_verified_folder,2024.0,False,[],included,,7,1680,841,0,False
856-22@e81d6baf3f33,856-22,2022/Ordinance No. 0856-22.txt,1,2022,user_verified_folder,2022.0,False,[],included,,4,1587,789,0,False
732-19@e822241983f1,732-19,2019/Ordinance No. 0732-19 (1).txt,1,2019,user_verified_folder,,False,[],included,,3,5496,492,2,False
7-19@e85f3438b938,7-19,2019/Ordinance No. 007-19 (1).txt,1,2019,user_verified_folder,2019.0,False,[],included,,3,5691,466,1,False
22-22@e879c65418b8,22-22,2022/Ordinance No. 022-22.txt,1,2022,user_verified_folder,2022.0,False,[],included,,4,1402,657,0,False
390-18@e8bf464e268a,390-18,2018/Ordinance No. 0390-18.txt,1,2018,user_verified_folder,,False,[],included,,1,0,11672,0,False
25-22@e8c0a1fb5f2a,25-22,2022/Ordinance No. 025-22 Org. Structure CDRRMO.txt,1,2022,user_verified_folder,2022.0,False,[],included,,1,0,1275,0,True
443-18@e8ce226b4f68,443-18,2018/Ordinance No. 0443-18.txt,1,2018,user_verified_folder,,False,[],included,,1,0,144,0,False
285-20@e8dfdaf78524,285-20,2020/Ordinance No. 0285-20.txt,1,2020,user_verified_folder,2020.0,False,[],included,,3,4338,658,2,False
722-21@e8ee32c22306,722-21,2021/Ordinance No. 000722-21.txt,1,2021,user_verified_folder,2021.0,False,[],included,,7,1610,779,0,False
220-23@e9649246e8e1,220-23,2023/Ordinance No. 0220-23 (2).txt,1,2023,user_verified_folder,2023.0,False,[],included,,6,1484,796,0,False
851-21@e97602712036,851-21,2021/Ordinance No. 000851-21.txt,1,2021,user_verified_folder,2021.0,False,[],included,,4,1577,601,0,False
708-24@e976a9ba8077,708-24,2024/Ordinance No. 0708-24 Amend Charter of City College (1).txt,1,2024,user_verified_folder,2024.0,False,[],included,,4,1539,725,1,False
221-23@e985e6cb701a,221-23,2023/Ordinance No. 0221-23 MOU DSWD-RSCC (2).txt,1,2023,user_verified_folder,,False,[],included,,4,1779,634,0,False
810-21@e99c3fb57726,810-21,2021/Ordinance No. 000810-21.txt,1,2021,user_verified_folder,2021.0,False,[],included,,6,1536,710,0,False
89-16@e9af7e0d1222,89-16,2016/Ordinance No. 089-16.txt,1,2016,user_verified_folder,,False,[],included,,3,4880,7458,2,False
436-24@e9bf5cd66d8f,436-24,2024/Ordinance No. 0436-24 -Amendment Mental Health (1).txt,1,2024,user_verified_folder,,False,[],included,,6,1501,225,0,False
14-16@e9c2793f918a,14-16,2016/Ordinance No. 014-16.txt,1,2016,user_verified_folder,,False,[],included,,1,0,0,0,False
496-24@ea210a59c858,496-24,"2024/Ordinance No. 0496-24 Service Contract Agreement,LTFRB Nfinite IT  (1).txt",1,2024,user_verified_folder,2024.0,False,[],included,,4,1883,854,1,False
593-21@ea2f93887f00,593-21,2021/Ordinance No. 0593-21.txt,1,2021,user_verified_folder,,False,[],included,,5,14487,8286,1,False
94-16@ea30007a807d,94-16,2016/Ordinance No. 094-16.txt,1,2016,user_verified_folder,,False,[],included,,5,1647,8746,0,False
215-20@ea5486253ebf,215-20,2020/Ordinance No. 0215-20.txt,1,2020,user_verified_folder,2020.0,False,[],included,,5,3273,381,0,False
937-22@ea988bdc138b,937-22,2022/Ordinance No. 000937-22.txt,2,2022,user_verified_folder,2022.0,False,[],included,,5,1449,669,0,False
725-24@eac42e395cf8,725-24,2024/Ordinance No. 0725-24 SB3 (1).txt,1,2024,user_verified_folder,,False,[],included,,1,1942,883,0,False
34-19@eae25b18a8b9,34-19,2019/Ordinance No. 034-19 (1).txt,1,2019,user_verified_folder,2019.0,False,[],included,,5,4387,413,0,False
830-21@eb0b5c8f402f,830-21,2021/Ordinance No. 000830-21.txt,1,2021,user_verified_folder,,False,[],included,,1,1429,692,0,True
820-21@eb327ba47779,820-21,2021/Ordinance No. 000820-21.txt,1,2021,user_verified_folder,,False,[],included,,3,1505,728,1,False
628-21@eb493b6737f7,628-21,2021/Ordinance No. 0628-21.txt,1,2021,user_verified_folder,2021.0,False,[],included,,1,1282,545,0,True
541-24@eb64a128be6d,541-24,2024/Ordinance No. 0541-24 (1).txt,1,2024,user_verified_folder,2024.0,False,[],included,,4,1501,677,1,False
703-21@ebb2e15c9f1d,703-21,2021/Ordinance No. 000703-21.txt,1,2021,user_verified_folder,2021.0,False,[],included,,1,1487,803,0,True
144-17@ebb8aa03a764,144-17,2017/Ordinance No. 0144-17.txt,1,2017,user_verified_folder,,False,[],included,,1,1585,0,0,False
475-16@ebe609ee3421,475-16,2016/Ordinance No. 0475-16.txt,1,2016,user_verified_folder,,False,[],included,,2,5192,10706,0,False
76-22@ec034bf1fbf4,76-22,2022/Ordinance No. 076-22.txt,1,2022,user_verified_folder,2022.0,False,[],included,,1,1772,908,0,True
826-21@ec03dae5dbf3,826-21,2021/Ordinance No. 000826-21.txt,1,2021,user_verified_folder,,False,[],included,,1,1461,760,0,True
257-17@ec3cbfbcc97a,257-17,2017/Ordinance No. 0257-17.txt,1,2017,user_verified_folder,2077.0,True,[],included,,11,4118,386,2,False
221-17@ec69cc1319b4,221-17,2017/Ordinance No. 0221-17.txt,1,2017,user_verified_folder,,False,[],included,,1,6505,52635,0,False
32-22@eca7a9063c13,32-22,2022/Ordinance No. 000032-22.txt,1,2022,user_verified_folder,2022.0,False,[],included,,1,1554,958,0,True
512-24@ed09c563aceb,512-24,2024/Ordinance No. 0512-24 DOAS Myrna Pudadera (1).txt,1,2024,user_verified_folder,2024.0,False,[],included,,1,0,741,0,True
647-18@ed520e594945,647-18,2019/Ordinance No. 0647-18.txt,2,2019,human_year_override,,False,"[{""year"": 2019, ""file"": ""manual_year_overrides_2018.csv"", ""reviewer"": ""Lamsin"", ""evidence"": ""Header states it was released on 2019""}, {""year"": 2019, ""file"": ""manual_year_overrides_2018.csv"", ""reviewer"": ""Lamsin"", ""evidence"": ""Header states it was released on 2019""}]",included,,4,4068,454,0,False
667-24@ed704f95bbc9,667-24,"2024/Ordinance No. 0667-24 QRF San Pascual, Batangas (1).txt",1,2024,user_verified_folder,,False,[],included,,6,1911,819,0,False
10-19@ed7ca738aa79,10-19,2019/Ordinance No. 010-19 (1).txt,1,2019,user_verified_folder,,False,[],included,,4,5163,439,1,False
673-18@ed9c3fd604d7,673-18,2020/Ordinance No. 0673-18.txt,2,2020,human_year_override,,False,"[{""year"": 2020, ""file"": ""manual_year_overrides_2018.csv"", ""reviewer"": ""Lamsin"", ""evidence"": ""Header states it was released on 2020""}, {""year"": 2020, ""file"": ""manual_year_overrides_2018.csv"", ""reviewer"": ""Lamsin"", ""evidence"": ""Header states it was released on 2020""}]",included,,2,30929,9758,1,False
607-24@eda6cdf09f90,607-24,2024/Ordinance No. 0607-24 QRF Pasay City (1).txt,1,2024,user_verified_folder,2024.0,False,[],included,,6,1691,814,0,False
148-17@edb682793284,148-17,2017/Ordinance No. 0148-17.txt,1,2017,user_verified_folder,,False,[],included,,4,8872,0,0,False
927-22@edcf54d40c2a,927-22,2022/Ordinance No. 000927-22.txt,2,2022,user_verified_folder,2022.0,False,[],included,,1,1498,783,0,True
724-24@ee3d86b87363,724-24,2024/Ordinance No. 0724-24 (1).txt,1,1991,human_year_override,,False,"[{""year"": 1991, ""file"": ""manual_year_overrides_2024.csv"", ""reviewer"": """", ""evidence"": """"}]",excluded,outside 2016-2025 after human date correction,0,41113,22245,0,True
635-24@efa43ff055bb,635-24,2024/Ordinance No. 0635-24 (1).txt,1,2024,user_verified_folder,2024.0,False,[],included,,4,1931,1002,0,False
2-16@efb09f3e3351,2-16,2016/Ordinance No. 002-16.txt,1,2016,user_verified_folder,,False,[],included,,1,0,0,0,False
634-21@efbeb883321c,634-21,2021/Ordinance No. 0634-21.txt,1,2021,user_verified_folder,2021.0,False,[],included,,1,1283,564,0,True
126-19@efc387d97dd3,126-19,2020/Ordinance No. 0126-19 (1).txt,2,2020,human_year_override,,False,"[{""year"": 2020, ""file"": ""manual_year_overrides_2019.csv"", ""reviewer"": ""Lamsin"", ""evidence"": ""header states it was released on 2020""}, {""year"": 2020, ""file"": ""manual_year_overrides_2019.csv"", ""reviewer"": ""Lamsin"", ""evidence"": ""header states it was released on 2020""}]",included,,1,4202,542,0,False
423-18@efc9695d1c94,423-18,2018/Ordinance No. 0423-18.txt,1,2018,user_verified_folder,,False,[],included,,1,4487,169,0,False
499-16@efd36108268f,499-16,2016/Ordinance No. 0499-16.txt,1,2016,user_verified_folder,,False,[],included,,1,1813,0,0,False
275-23@efdc14c998bb,275-23,2023/Ordinance No. 0275-23 (2).txt,1,2023,user_verified_folder,,False,[],included,,4,1408,2043,1,False
492-24@efff8ac6aa4e,492-24,2024/Ordinance No. 0492-24 Exemption of Special Permit Fees (1).txt,1,2024,user_verified_folder,2024.0,False,[],included,,5,1435,587,0,False
244-20@f00887b3a983,244-20,2020/Ordinance No. 0244-20.txt,1,2020,user_verified_folder,2020.0,False,[],included,,6,10251,368,1,False
752-19@f01649bef4a3,752-19,2019/Ordinance No. 0752-19 (1).txt,1,2019,user_verified_folder,,False,[],included,,4,4837,361,0,False
162-23@f02b3912c83e,162-23,"2023/Ordinance No. 0162-23 -MOA, RMHC Bahay Bulilit (2).txt",1,2023,user_verified_folder,,False,[],included,,4,1591,622,0,False
692-21@f031d7d72ac2,692-21,2021/Ordinance No. 000692-21.txt,1,2021,user_verified_folder,,False,[],included,,4,2391,877,0,False
728-24@f042f8124ed3,728-24,2024/Ordinance No. 0728-24 DOD DOH-CHD (1).txt,1,2024,user_verified_folder,,False,[],included,,2,1652,618,0,False
367-17@f0461bffc435,367-17,2017/Ordinance No. 0367-17.txt,1,2017,user_verified_folder,,False,[],included,,4,7260,10776,0,False
28-19@f07729be3eb4,28-19,2019/Ordinance No. 028-19 (1).txt,1,2019,user_verified_folder,2019.0,False,[],included,,1,5054,364,0,True
203-20@f0a1e60a5cce,203-20,2020/Ordinance No. 0203-20.txt,1,2020,user_verified_folder,2020.0,False,[],included,,1,11822,4623,0,True
477-18@f0cd52cd6671,477-18,2018/Ordinance No. 0477-18.txt,1,2018,user_verified_folder,2018.0,False,[],included,,4,4935,446,1,False
812-21@f0eff3664561,812-21,2019/Ordinance No. 000812-21.txt,2,2019,human_year_override,,False,"[{""year"": 2019, ""file"": ""manual_year_overrides_2021.csv"", ""reviewer"": """", ""evidence"": """"}, {""year"": 2019, ""file"": ""manual_year_overrides_2021.csv"", ""reviewer"": """", ""evidence"": """"}]",included,,1,1579,863,0,True
523-18@f0f1624cc428,523-18,2018/Ordinance No. 0523-18.txt,1,2018,user_verified_folder,2018.0,False,[],included,,6,6944,254,0,False
789-21@f0f4ef91c628,789-21,2022/Ordinance No. 000789-21.txt,2,2022,human_year_override,,False,"[{""year"": 2022, ""file"": ""manual_year_overrides_2021.csv"", ""reviewer"": """", ""evidence"": """"}, {""year"": 2022, ""file"": ""manual_year_overrides_2021.csv"", ""reviewer"": """", ""evidence"": """"}]",included,,2,2132,894,0,False
682-24@f101d99a7a08,682-24,"2024/Ordinance No. 0682-24 QRF Calbayog City, Samar (1).txt",2,2024,user_verified_folder,2024.0,False,[],included,,5,1887,917,0,False
266-20@f10e7ca59782,266-20,2020/Ordinance No. 0266-20.txt,1,2020,user_verified_folder,,False,[],included,,1,6346,32452,0,True
60-22@f1166b352563,60-22,2022/Ordinance No. 060-22.txt,1,2022,user_verified_folder,2022.0,False,[],included,,1,1726,927,0,True
287-17@f170207f86f6,287-17,2017/Ordinance No. 0287-17.txt,1,2017,user_verified_folder,,False,[],included,,4,7960,22216,1,False
202-23@f1735a2b953a,202-23,2023/Ordinance No. 0202-23 DCDRRMFIP (2).txt,1,2023,user_verified_folder,,False,[],included,,5,1587,669,0,False
404-18@f173dbd51aba,404-18,2018/Ordinance No. 0404-18.txt,1,2018,user_verified_folder,,False,[],included,,2,6811,8929,0,False
862-22@f1a8cb5f88ef,862-22,2022/Ordinance No. 000862-22.txt,2,2022,user_verified_folder,2022.0,False,[],included,,1,1502,812,0,True
707-24@f1c10907125d,707-24,"2024/Ordinance No. 0707-24 Amend Prevention, Treatment, Care and Support (1).txt",1,2024,user_verified_folder,2024.0,False,[],included,,1,1599,833,0,True
604-24@f1e01f371fa3,604-24,2024/Ordinance No. 0604-24 QRF Navotas City (1).txt,1,2024,user_verified_folder,2024.0,False,[],included,,5,1710,826,0,False
91-16@f1e37a8f2e92,91-16,2016/Ordinance No. 091-16.txt,1,2016,user_verified_folder,,False,[],included,,3,1590,40259,0,False
701-19@f1e95664a8e2,701-19,2019/Ordinance No. 0701-19 (1).txt,1,2019,user_verified_folder,,False,[],included,,5,8685,6521,0,False
719-24@f20982e720a3,719-24,2024/Ordinance No. 0719-24 (1).txt,1,2024,user_verified_folder,2024.0,False,[],included,,1,1556,805,0,True
846-21@f23d31bbae6e,846-21,2021/Ordinance No. 000846-21.txt,1,2021,user_verified_folder,,False,[],included,,5,1916,1125,0,False
880-22@f243ecf12970,880-22,2022/Ordinance No. 0880-22.txt,1,2022,user_verified_folder,2022.0,False,[],included,,3,2897,766,0,False
834-21@f2653a62e358,834-21,2021/Ordinance No. 000834-21.txt,1,2021,user_verified_folder,,False,[],included,,1,1417,721,0,True
33-22@f2a04e161d65,33-22,2022/Ordinance No. 033-22.txt,1,2022,user_verified_folder,2022.0,False,[],included,,1,1575,963,0,True
698-19@f2b4985e5f66,698-19,2019/Ordinance No. 0698-19 (1).txt,1,2019,user_verified_folder,,False,[],included,,1,6141,442,0,False
619-24@f2c28454c63d,619-24,2024/Ordinance No. 0619-24 (1).txt,1,2024,user_verified_folder,,False,[],included,,3,1562,590,0,False
399-24@f2e5e764137a,399-24,"2024/Ordinance No. 0399-24 -MOA, C. Iglesias (1).txt",1,2024,user_verified_folder,2024.0,False,[],included,,7,1828,843,0,False
380-17@f31077e629a9,380-17,2018/Ordinance No. 0380-17.txt,2,2018,human_year_override,,False,"[{""year"": 2018, ""file"": ""manual_year_overrides_2017.csv"", ""reviewer"": ""Lamsin"", ""evidence"": ""header states that it is released on 2018""}, {""year"": 2018, ""file"": ""manual_year_overrides_2017.csv"", ""reviewer"": ""Lamsin"", ""evidence"": ""header states that it is released on 2018""}]",included,,1,0,301,0,False
521-24@f3469c3b1181,521-24,2024/Ordinance No. 0521-24 Partnership Agreement PCW (1).txt,1,2024,user_verified_folder,2024.0,False,[],included,,4,1533,751,0,False
871-22@f349ebc818aa,871-22,2022/Ordinance No. 0871-22.txt,1,2022,user_verified_folder,2022.0,False,[],included,,1,1605,897,0,True
77-22@f366f8695b92,77-22,2022/Ordinance No. 077-22.txt,1,2022,user_verified_folder,2022.0,False,[],included,,1,1774,912,0,True
302-17@f3784890a4c9,302-17,2017/Ordinance No. 0302-17.txt,1,2017,user_verified_folder,,False,[],included,,1,7124,7188,0,True
509-24@f3981559dc74,509-24,2024/Ordinance No. 0509-24 Addendum DOAS M. Cabido (1).txt,1,2024,user_verified_folder,2024.0,False,[],included,,1,1638,783,0,False
513-18@f3adf8abbcbf,513-18,2018/Ordinance No. 0513-18.txt,1,2018,user_verified_folder,2018.0,False,[],included,,4,5465,389,1,False
558-24@f3d7ed5fb719,558-24,2024/Ordinance No. 0558-24 (1).txt,1,2024,user_verified_folder,2024.0,False,[],included,,1,1619,4182,0,True
730-19@f3d9ece9e781,730-19,2019/Ordinance No. 0730-19 (1).txt,1,2019,user_verified_folder,,False,[],included,,4,5632,386,1,False
990-22@f3e307fad5aa,990-22,2022/Ordinance No. 0990-22.txt,1,2022,user_verified_folder,2022.0,False,[],included,,5,1540,771,0,False
774-25@f3e63d465f71,774-25,2025/Ordinance No. 0774-25.txt,1,2025,user_verified_folder,,False,[],included,,6,7598,989,0,False
226-23@f3fd2a264750,226-23,2023/Ordinance No. 0226-23 (2).txt,1,2023,user_verified_folder,,False,[],included,,3,2266,826,0,False
327-17@f42e838c4d71,327-17,2018/Ordinance No. 0327-17.txt,2,2018,human_year_override,,False,"[{""year"": 2018, ""file"": ""manual_year_overrides_2017.csv"", ""reviewer"": ""Lamsin"", ""evidence"": ""header states that it is released on 2018""}, {""year"": 2018, ""file"": ""manual_year_overrides_2017.csv"", ""reviewer"": ""Lamsin"", ""evidence"": ""header states that it is released on 2018""}]",included,,4,13507,3603,0,False
421-18@f4c599e3c12b,421-18,2018/Ordinance No. 0421-18.txt,1,2018,user_verified_folder,2018.0,False,[],included,,4,4527,456,1,False
620-18@f4dd3f7ea207,620-18,2018/Ordinance No. 0620-18.txt,1,2018,user_verified_folder,,False,[],included,,2,5837,8724,0,False
156-23@f4eca47c9e73,156-23,2023/Ordinance No. 0156-23 -Healthy and Productive Aging of Senior (2).txt,1,2023,user_verified_folder,2023.0,False,[],included,,9,1619,680,0,False
477-21@f50893342f8f,477-21,2021/Ordinance No. 0477-21.txt,1,2027,human_year_override,2027.0,False,"[{""year"": 2027, ""file"": ""manual_year_overrides_2021.csv"", ""reviewer"": """", ""evidence"": """"}]",excluded,outside 2016-2025 after human date correction,0,1469,536,2,False
792-19@f5380680bf7d,792-19,2019/Ordinance No. 0792-19 (1).txt,1,2019,user_verified_folder,,False,[],included,,4,5434,268,1,False
37-22@f5a7704c6cf8,37-22,2022/Ordinance No. 037-22.txt,1,2022,user_verified_folder,2022.0,False,[],included,,6,1650,969,0,False
344-23@f5affe7a4b8b,344-23,2023/Ordinance No. 0344-23 (2).txt,1,2023,user_verified_folder,,False,[],included,,5,1880,803,0,False
141-23@f5b8875f8cb6,141-23,2023/Ordinance No. 0141-23 -QRF Misamis Occidental (2).txt,1,2023,user_verified_folder,2023.0,False,[],included,,7,1645,871,0,False
786-19@f5b8a5606718,786-19,2019/Ordinance No. 0786-19 (1).txt,1,2019,user_verified_folder,2019.0,False,[],included,,3,4835,476,1,False
309-20@f618a6a646bc,309-20,2020/Ordinance No. 0309-20.txt,1,2020,user_verified_folder,,False,[],included,,6,6287,16599,0,False
193-20@f62e1abcc29b,193-20,2020/Ordinance No. 0193-20.txt,1,2020,user_verified_folder,2020.0,False,[],included,,5,4368,428,0,False
167-23@f64899504d95,167-23,2023/Ordinance No. 0167-23 -Registration of Ownership and Inventory (2).txt,1,2023,user_verified_folder,,False,[],included,,1,1314,588,0,True
431-24@f65e521e58ad,431-24,"2024/Ordinance No. 0431-24 -Loan Agreement, Tugbok Progressive Coop (1).txt",1,2024,user_verified_folder,,False,[],included,,3,1512,522,0,False
525-21@f67c39c5b3a3,525-21,2021/Ordinance No. 0525-21.txt,1,2021,user_verified_folder,,False,[],included,,2,2058,12542,2,False
70-19@f68c2032996e,70-19,2019/Ordinance No. 070-19 (1).txt,1,2019,user_verified_folder,,False,[],included,,5,10729,13703,0,False
392-24@f69c88517dc2,392-24,2024/Ordinance No. 0392-24 Renewal of Contract of Lease D. Porio  (1).txt,1,2024,user_verified_folder,2024.0,False,[],included,,5,1891,1050,0,False
11-22@f6b90a933f15,11-22,2022/Ordinance No. 011-22.txt,1,2022,user_verified_folder,2022.0,False,[],included,,2,1583,621,0,False
ordinance no. 0736-21001@f6c2748b5b93,ordinance no. 0736-21001,2021/Ordinance No. 0736-21001.txt,1,1991,human_year_override,,False,"[{""year"": 1991, ""file"": ""manual_year_overrides_2021.csv"", ""reviewer"": """", ""evidence"": """"}]",excluded,outside 2016-2025 after human date correction,0,5429,535,0,False
59-16@f6e3e8f974b7,59-16,2016/Ordinance No. 059-16.txt,1,2016,user_verified_folder,,False,[],included,,1,3580,34858,0,False
613-24@f6fe9591bc0a,613-24,2024/Ordinance No. 0613-24 QRF Province of Bulacan (1).txt,1,2024,user_verified_folder,,False,[],included,,3,2663,705,0,False
474-18@f71aae7150b0,474-18,2018/Ordinance No. 0474-18.txt,1,2018,user_verified_folder,2018.0,False,[],included,,6,2692,658,1,False
60-16@f76cad113475,60-16,2016/Ordinance No. 060-16.txt,1,2016,user_verified_folder,,False,[],included,,1,3501,0,0,False
552-21@f78ef24eb510,552-21,2021/Ordinance No. 0552-21.txt,1,2021,user_verified_folder,,False,[],included,,5,1512,689,0,False
669-24@f790c5c79aaa,669-24,"2024/Ordinance No. 0669-24 QRF Lemery, Batangas (1).txt",1,2024,user_verified_folder,2024.0,False,[],included,,6,1951,888,0,False
782-21@f7a4d5b65b4d,782-21,2022/Ordinance No. 000782-21.txt,2,2022,human_year_override,,False,"[{""year"": 2022, ""file"": ""manual_year_overrides_2021.csv"", ""reviewer"": """", ""evidence"": """"}, {""year"": 2022, ""file"": ""manual_year_overrides_2021.csv"", ""reviewer"": """", ""evidence"": """"}]",included,,1,1447,663,0,True
990-22@f7de904cbe02,990-22,2022/Ordinance No. 000990-22.txt,1,2022,user_verified_folder,2022.0,False,[],included,,5,1533,772,0,False
466-24@f7ee36a13f1c,466-24,2024/Ordinance No. 0466-24 (1).txt,1,2024,user_verified_folder,2024.0,False,[],included,,3,1659,821,1,False
877-22@f7f399572a32,877-22,2022/Ordinance No. 000877-22.txt,1,2022,user_verified_folder,2022.0,False,[],included,,4,1427,5357,1,False
505-24@f8045672b065,505-24,2024/Ordinance No. 0505-24 Addendum DOAS with Extrajudicial Settlement A. Tabar (1).txt,1,2024,user_verified_folder,2024.0,False,[],included,,6,1674,831,0,False
630-24@f80cd672f05e,630-24,2024/Ordinance No. 0630-24 Contract of Lease Carmen Locsin (1).txt,1,2024,user_verified_folder,2024.0,False,[],included,,2,3986,1161,0,False
307-23@f8146ed6ab86,307-23,2023/Ordinance No. 0307-23 DCYDC creation (2).txt,1,2023,user_verified_folder,2023.0,False,[],included,,17,1461,598,1,False
940-22@f8ddd0276942,940-22,2022/Ordinance No. 0940-22.txt,1,2022,user_verified_folder,2022.0,False,[],included,,3,2010,754,0,False
336-23@f8ebbed57fbf,336-23,2023/Ordinance No. 0336-23 (2).txt,1,2023,user_verified_folder,2023.0,False,[],included,,5,2049,692,0,False
169-19@f8ee31b92648,169-19,2019/Ordinance No. 0169-19 (1).txt,1,2019,user_verified_folder,2019.0,False,[],included,,2,10281,400,0,False
744-19@f9030db73ff9,744-19,2019/Ordinance No. 0744-19 (1).txt,1,2019,user_verified_folder,,False,[],included,,5,6294,411,0,False
389-18@f936e83a6c6e,389-18,2018/Ordinance No. 0389-18.txt,1,2018,user_verified_folder,2018.0,False,[],included,,4,7079,4533,1,False
496-21@f93e78fff1c9,496-21,2021/Ordinance No. 0496-21.txt,1,2021,user_verified_folder,,False,[],included,,1,0,13003,0,True
708-21@f99052a1abc0,708-21,2021/Ordinance No. 000708-21.txt,1,2021,user_verified_folder,,False,[],included,,3,1699,913,1,False
689-24@f9c4fd2533f5,689-24,"2024/Ordinance No. 0689-24 QRF Biñan, Laguna (1).txt",2,2024,user_verified_folder,,False,[],included,,5,1932,795,0,False
401-24@f9ea24481075,401-24,"2024/Ordinance No. 0401-24 -MOA, M. Robleda (1).txt",1,2024,user_verified_folder,2024.0,False,[],included,,5,1795,753,0,False
98-19@fa1ab4988ac1,98-19,2019/Ordinance No. 098-19 (1).txt,1,2019,user_verified_folder,2019.0,False,[],included,,4,5254,387,1,False
627-24@fa4bf43dcf7a,627-24,2024/Ordinance No. 0627-24 (1).txt,1,2024,user_verified_folder,2024.0,False,[],included,,3,1575,842,1,False
569-24@fa4d4a813196,569-24,2024/Ordinance No. 0569-24 DOD 8990 Housing DHRR Phase 1 and 2 (1).txt,1,2024,user_verified_folder,,False,[],included,,5,1730,623,0,False
63-16@fa52db198349,63-16,2016/Ordinance No. 063-16.txt,1,2016,user_verified_folder,,False,[],included,,1,1580,15810,0,False
652-18@fa60bfe2303d,652-18,2018/Ordinance No. 0652-18.txt,1,2018,user_verified_folder,2018.0,False,[],included,,3,3925,393,1,False
61-22@fa78a83a2f0d,61-22,2022/Ordinance No. 061-22.txt,1,2022,user_verified_folder,2022.0,False,[],included,,1,1764,950,0,True
710-24@fa951701ef60,710-24,2024/Ordinance No. 0710-24 Amend Traffic Code (1).txt,1,2024,user_verified_folder,2024.0,False,[],included,,1,1524,678,0,True
584-21@faa3475c29af,584-21,2021/Ordinance No. 0584-21.txt,1,2021,user_verified_folder,2021.0,False,[],included,,1,1181,444,0,True
32-22@faf6d31e9bf5,32-22,2022/Ordinance No. 032-22.txt,1,2022,user_verified_folder,2022.0,False,[],included,,5,2184,945,0,False
340-17@fb6206e79c6f,340-17,2017/Ordinance No. 0340-17.txt,1,2017,user_verified_folder,,False,[],included,,1,0,70,0,False
247-23@fb64e435537f,247-23,2023/Ordinance No. 0247-23 (2).txt,1,2023,user_verified_folder,2023.0,False,[],included,,5,1534,691,0,False
287-20@fb78258e57e2,287-20,2020/Ordinance No. 0287-20.txt,1,2020,user_verified_folder,2020.0,False,[],included,,6,6673,640,0,False
512-18@fb9b60a39587,512-18,2018/Ordinance No. 0512-18.txt,1,2018,user_verified_folder,2018.0,False,[],included,,3,5331,303,2,False
414-24@fbae6b5f5b1c,414-24,"2024/Ordinance No. 0414-24 -QRF, Sto. Tomas (1).txt",1,2024,user_verified_folder,,False,[],included,,6,1770,715,0,False
887-22@fbe52ec13a1b,887-22,2022/Ordinance No. 000887-22.txt,2,2022,user_verified_folder,2022.0,False,[],included,,6,1658,782,0,False
670-24@fbf2ddca329c,670-24,"2024/Ordinance No. 0670-24 QRF Agoncillo, Batangas (1).txt",1,2024,user_verified_folder,2024.0,False,[],included,,7,1921,916,0,False
12-16@fc12dc57679e,12-16,2016/Ordinance No. 012-16.txt,1,2016,user_verified_folder,,False,[],included,,1,2395,0,0,False
538-21@fc3ab33eb968,538-21,2021/Ordinance No. 0538-21.txt,1,2021,user_verified_folder,,False,[],included,,5,1463,690,0,False
791-21@fc41cb73eb1c,791-21,2019/Ordinance No. 000791-21.txt,2,2019,human_year_override,,False,"[{""year"": 2019, ""file"": ""manual_year_overrides_2021.csv"", ""reviewer"": """", ""evidence"": """"}, {""year"": 2019, ""file"": ""manual_year_overrides_2021.csv"", ""reviewer"": """", ""evidence"": """"}]",included,,3,1737,856,1,False
632-18@fcb5958d1d40,632-18,2019/Ordinance No. 0632-18.txt,2,2019,human_year_override,2018.0,True,"[{""year"": 2019, ""file"": ""manual_year_overrides_2018.csv"", ""reviewer"": ""Lamsin"", ""evidence"": ""Header states it was released on 2019""}, {""year"": 2019, ""file"": ""manual_year_overrides_2018.csv"", ""reviewer"": ""Lamsin"", ""evidence"": ""Header states it was released on 2019""}]",included,,5,4078,389,0,False
622-18@fcc5c58ba9a2,622-18,2018/Ordinance No. 0622-18.txt,1,2018,user_verified_folder,,False,[],included,,2,7558,8397,1,False
592-18@fcc73b43a9c4,592-18,2019/Ordinance No. 0592-18.txt,2,2019,human_year_override,,False,"[{""year"": 2019, ""file"": ""manual_year_overrides_2018.csv"", ""reviewer"": ""Lamsin"", ""evidence"": ""Header states it was released on 2019""}, {""year"": 2019, ""file"": ""manual_year_overrides_2018.csv"", ""reviewer"": ""Lamsin"", ""evidence"": ""Header states it was released on 2019""}]",included,,1,0,0,0,False
365-17@fcd68e256c44,365-17,2017/Ordinance No. 0365-17.txt,1,2017,user_verified_folder,,False,[],included,,1,0,4165,0,False
660-24@fd0dc65c2a18,660-24,2024/Ordinance No. 0660-24 MOU USeP (1).txt,1,2024,user_verified_folder,2024.0,False,[],included,,5,1668,784,1,False
233-20@fd189b3a15c3,233-20,2020/Ordinance No. 0233-20.txt,1,2020,user_verified_folder,2020.0,False,[],included,,6,10022,379,1,False
263-23@fd397a296a15,263-23,2023/Ordinance No. 0263-23 (2).txt,1,2023,user_verified_folder,2023.0,False,[],included,,2,2165,1106,0,False
458-24@fd4c463a8304,458-24,2024/Ordinance No. 0458-24 -Granting Request of Z. Estimada (1).txt,1,2024,user_verified_folder,2024.0,False,[],included,,4,1651,639,0,False
548-18@fd88cdd15fb7,548-18,2018/Ordinance No. 0548-18.txt,1,2018,user_verified_folder,2018.0,False,[],included,,5,5501,420,0,False
281-17@fd9c5395e27d,281-17,2017/Ordinance No. 0281-17.txt,1,2017,user_verified_folder,,False,[],included,,1,5402,153,0,False
504-24@fda9d122f6ea,504-24,2024/Ordinance No. 0504-24 Addendum DOAS with Extrajudicial Settlement Archdiocesan (1).txt,1,2024,user_verified_folder,2024.0,False,[],included,,5,1709,793,1,False
182-20@fddcdc285e51,182-20,2020/Ordinance No. 0182-20.txt,1,2020,user_verified_folder,2020.0,False,[],included,,4,4643,443,1,False
624-18@fe0fc0761ca0,624-18,2018/Ordinance No. 0624-18.txt,1,2018,user_verified_folder,,False,[],included,,9,3946,442,1,False
69-19@fe4c7d879d16,69-19,2019/Ordinance No. 069-19 (1).txt,1,2019,user_verified_folder,,False,[],included,,5,7823,7478,0,False
478-24@fe799f63ea32,478-24,"2024/Ordinance No. 0478-24 MOA, DOH-CHD E. Morta (1).txt",1,2024,user_verified_folder,2024.0,False,[],included,,6,1606,793,0,False
141-19@fe7f16cba863,141-19,2019/Ordinance No. 0141-19 (1).txt,1,2019,user_verified_folder,2019.0,False,[],included,,6,4523,380,0,False
224-17@fe8b6156c39c,224-17,2017/Ordinance No. 0224-17.txt,1,2017,user_verified_folder,,False,[],included,,1,0,72011,0,False
747-21@fe99ca5a0988,747-21,2021/Ordinance No. 000747-21.txt,1,2021,user_verified_folder,2021.0,False,[],included,,5,1539,728,0,False
901-22@fecf79a6fd12,901-22,2022/Ordinance No. 000901-22.txt,2,2022,user_verified_folder,2022.0,False,[],included,,5,1562,707,0,False
81-22@ff1dcffb6a03,81-22,2022/Ordinance No. 081-22.txt,1,2022,user_verified_folder,2022.0,False,[],included,,1,1747,911,0,True
48-22@ff21a4eda280,48-22,2022/Ordinance No. 048-22 Safety and Security Measures.txt,1,2022,user_verified_folder,2022.0,False,[],included,,1,1210,606,0,True
577-18@ff567dfc8132,577-18,2018/Ordinance No. 0577-18.txt,1,2018,user_verified_folder,,False,[],included,,4,6284,10775,2,False
870-22@ff7fa1c4d429,870-22,2022/Ordinance No. 000870-22.txt,1,2022,user_verified_folder,2022.0,False,[],included,,6,1472,709,1,False
378-23@ff898d54f8b9,378-23,"2023/Ordinance No. 0378-23 MOA, DOH (2).txt",1,2023,user_verified_folder,2023.0,False,[],included,,3,1490,729,1,False
102-22@ff9239122e6f,102-22,2022/Ordinance No. 0102-22 (Reward for athletes).txt,1,2022,user_verified_folder,2022.0,False,[],included,,1,0,707,0,True
634-24@ff998b36716a,634-24,2024/Ordinance No. 0634-24 (1).txt,1,2024,user_verified_folder,2024.0,False,[],included,,5,1627,747,0,False
250-17@ffaf9972c60f,250-17,2017/Ordinance No. 0250-17.txt,1,2017,user_verified_folder,,False,[],included,,1,0,0,0,False
441-24@ffe8d1d048dd,441-24,"2024/Ordinance No. 0441-24 -MOA, CFO Balinkbayan (1).txt",1,2024,user_verified_folder,2024.0,False,[],included,,4,1797,877,2,False
