path,id,folder_year,sha256,status,reason,canonical_path,content_sha256,resolved_year,year_source
2023/Ordinance No. 0292-23 MOA KALMAWASA Inc. (2).txt,292-23,2023,d51c7066f615404d5f1da494b7a13ae06181e84d10298b0814555a412a243dd8,included,,2023/Ordinance No. 0292-23 MOA KALMAWASA Inc. (2).txt,003c4c615342fa2eb66a1c4a939dae081e12aebf9c39e33b71aed82034b415e6,2023,user_verified_folder
2018/Ordinance No. 0391-18.txt,391-18,2018,918869aaa03cc30364abf9607cfeeb832aa264971d3c469edf5392b4c4923678,included,,2018/Ordinance No. 0391-18.txt,007a67605413deebe5c16f648443ff8e29630cbf18558aa233dda05b685d4792,2018,user_verified_folder
2025/Ordinance No. 0754-25.txt,754-25,2025,0814347c327e415e045615d613db1d290c7705007aa105aaaf4d3cb4df4dacc7,included,,2025/Ordinance No. 0754-25.txt,0087b49c5a41a783beac561224e515a7652dbbd1128a0394d4b794d77f353622,2025,user_verified_folder
2022/Ordinance No. 068-22.txt,68-22,2022,54a502ed5dc37adc62866dbc3a334a7c96f933e41a3524990687af135f4ce27f,included,,2022/Ordinance No. 068-22.txt,00b03c58d5cc649962ffcf01ffe6835a1798afac430aa03b05720291107e40d8,2022,user_verified_folder
2021/Ordinance No. 0657-21.txt,657-21,2021,388c3c91e58532fbec95d4f44e031032a1697db1848fdf1c3f400af8b0788e50,included,,2021/Ordinance No. 0657-21.txt,00b7d145275d054fb9024a11d968d5be6191c2be2adabf8de5a322e62f073c0c,2021,user_verified_folder
2018/Ordinance No. 0494-18.txt,494-18,2018,89f692f2b90c18fb508ed57204a2e6a65fbfe3ee3e1f1e126d5811e96c53512d,included,,2018/Ordinance No. 0494-18.txt,010259afd3af5dcd21fdb4884003860b3bfd90985836ccd83d7cb48b818d3299,2018,user_verified_folder
2023/Ordinance No. 0357-23 (2).txt,357-23,2023,d3a9fe5dc92d1e98ac3102118d264a696ef54412c15feaad5fd2adfff5791d6f,included,,2023/Ordinance No. 0357-23 (2).txt,012391e2a7e33c207b393e79058ad29ee16ee8ffd82229d495848040af16b472,2023,user_verified_folder
2024/Ordinance No. 0721-24 (1).txt,721-24,2024,0641bed8cbdef8feff38da0bb84dfea342df34b5dc69df728e75fb7616341200,included,,2024/Ordinance No. 0721-24 (1).txt,01a442647a0817a0d3c8fdb5523d8ad0dc757980e65849947d89e429833ccd6c,2024,user_verified_folder
2025/Ordinance No. 0772-25.txt,772-25,2025,9bc2bf9be02dae95b0938367c1213da3795cb677a9afe0a6821d5ca018329fda,included,,2025/Ordinance No. 0772-25.txt,01c4853273c2b547e2a2f7c880ac9b97464a3a8386037e08938a34956ecc7779,2025,user_verified_folder
2017/Ordinance No. 0274-17.txt,274-17,2017,2aa2f673fc567ec01e20f0afffcd79b932d73703a5849a800c177620b8841c57,included,,2017/Ordinance No. 0274-17.txt,01c74d65d7549beb88c3b14661b97f60c51c867247e741d578dfa3866c67fdfd,2017,user_verified_folder
2024/Ordinance No. 0573-24 MOA SPMC-DEM (1).txt,573-24,2024,2c80684bbc23eca0d96560eadd8e728ffa38772026bcdff53d0f440eb4d67e84,included,,2024/Ordinance No. 0573-24 MOA SPMC-DEM (1).txt,01d53f4de31bcf852f0cfcbb6d357ba741746c8652c1d55e89ef41e1ef8afb7f,2024,user_verified_folder
2018/Ordinance No. 0663-18.txt,663-18,2018,b5a61240cca2f1c420d4cfc61c1ad77360562c86d4c5138f063909dad3aefbb2,included,,2018/Ordinance No. 0663-18.txt,01dc93e4a34d9400dcaae35f10d0c5341c64682582dd14a49b2b9b8a9040cdb5,2018,user_verified_folder
2021/Ordinance No. 000680-21.txt,680-21,2021,239e16b74ac9f9f9e7d30fa2e3f80d9c9c396fa94cd5c56e0c252053c5abdf58,included,,2021/Ordinance No. 000680-21.txt,02013c2e81e0ce5067a3ac368d3737dac21ff06fc26f49e4646b29189ecd713b,2021,user_verified_folder
2021/Ordinance No. 000684-21.txt,684-21,2021,5361be9a2a258eb34fc1e37f7949d42ae1500838ce6a11167c09273a5ab003da,included,,2021/Ordinance No. 000684-21.txt,02080b89c65da6b9611a2d206b8ea4c77520d7f70da7d49a774dfa32de336067,2021,user_verified_folder
2018/Ordinance No. 0552-18.txt,552-18,2018,d09c154202d827f3c9613e10d32386ace7c8192035b3322b4deb5a8f2337d81e,included,,2018/Ordinance No. 0552-18.txt,0218e430465f00d04adbff719441d10030afe2aa7932e38caad70faa3cc65ea6,2018,user_verified_folder
2023/Ordinance No. 0239-23 Amendment Rewards System for Athletes (2).txt,239-23,2023,bdc3b4f9c113e54a9d7b27383ff6ff683907be4fe42c6694c19dd79c6623e172,included,,2023/Ordinance No. 0239-23 Amendment Rewards System for Athletes (2).txt,025d2574f916406e4ca672a20dbf1cf12d5409debda2be70be97faacb1cd369b,2023,user_verified_folder
2023/Ordinance No. 0267-23 (2).txt,267-23,2023,946e9fcf4af04db61925038edcd084f8cfb43c40575edfeaa4c8dd5a9f4cfee7,included,,2023/Ordinance No. 0267-23 (2).txt,025ede8af5d74572993888492e5c024b3a598fe83a3dc4758b580e7abd96a2b6,2023,user_verified_folder
2024/Ordinance No. 0587-24 (1).txt,587-24,2024,b4826494a61825d97f345344ac28bd3f2d0b658f7bcc3cd06cc47c81f9faa8c0,included,,2024/Ordinance No. 0587-24 (1).txt,02686f8f96f1b62eb3f3c3da0cdfa40752983adda1aacebe2ecb6807b893d080,2024,user_verified_folder
2019/Ordinance No. 0697-19 (1).txt,697-19,2019,897958868042fbce139dc8026dba781b016b8e1341b291097c7ba82f32d20051,included,,2019/Ordinance No. 0697-19 (1).txt,02b5f2d4b96441576a1e4826d9eae5016fc1679f0f1167334581ac42b7ec0548,2019,user_verified_folder
2019/Ordinance No. 0706-19 (1).txt,706-19,2019,cf3ff7c36b388c35a388ac55093d526abb21b675c0d9e4d62c0545e2e7100fe3,included,,2019/Ordinance No. 0706-19 (1).txt,03079c3d236ebc4efecba011a9082848d9c337593d4f3e191b5556befaf13c74,2019,user_verified_folder
2017/Ordinance No. 0247-17.txt,247-17,2017,1c62fe0b5bfdc889fb7a269cbd038801a398ee7f504952ea11a69e3e75625120,included,,2017/Ordinance No. 0247-17.txt,03080954490045beeb39a35661050b049c88d01705e7105c81729193d3d21d2b,2017,user_verified_folder
2018/Ordinance No. 0489-18.txt,489-18,2018,995406522a0a5f2fe87c4fbbf998ddc7176344744765585dd9d8a7186253cb64,included,,2018/Ordinance No. 0489-18.txt,0320871e5e29feff3fea461821a30119481e2507c8a7fd3b75dc7fff0186c89b,2018,user_verified_folder
"2024/Ordinance No. 0443-24 -MOU, Kabang Kalikasan ng Pilipinas Foundation (1).txt",443-24,2024,bd5e13d975c4421f822a060cc2e1fbcf8150d146c3eeea7ddb9cd331896c7ccc,included,,"2024/Ordinance No. 0443-24 -MOU, Kabang Kalikasan ng Pilipinas Foundation (1).txt",0321108d7a79074ab51710442bb5e5ff5d07164a1686d47295c3a2c5a4da17a7,2024,user_verified_folder
2025/Ordinance No. 0758-25.txt,758-25,2025,e661430ceb8e49c4b644e59a2a0823309bae59ca45e9b6efb458e96f4d1e3280,included,,2025/Ordinance No. 0758-25.txt,032338c75482dc3ca86445b3de5a30be8e3cd8461d7504efa5171d508a51d514,2025,user_verified_folder
2017/Ordinance No. 0279-17.txt,279-17,2017,c66e166e1e777c45f5e03f9dd37023fa682cf0039d90c6e558531a073ff2f734,included,,2017/Ordinance No. 0279-17.txt,03278d1d8049deba6c3efa9b3398abc420b096edb202aff47a9aadb3dae04824,2017,user_verified_folder
2023/Ordinance No. 0266-23 (2).txt,266-23,2023,8f1b618f68aa140a450caf7db60613921f477cc78aa1257b7aa7f7c4f9cfc63c,included,,2023/Ordinance No. 0266-23 (2).txt,0328f51c3e671d77bbe132c7da6acc699df85942e1ceff361ae124f912234158,2023,user_verified_folder
2016/Ordinance No. 082-16.txt,82-16,2016,485b3602101b19ffcc901077d72943a237357d085114bd13c826d87a740b6301,included,,2016/Ordinance No. 082-16.txt,033fad350d8f6fa42a052f2fe5adfb55e82a464bc1492b1b144f7444804f2cfd,2016,user_verified_folder
2020/Ordinance No. 0186-20.txt,186-20,2020,b452a53989fa51d41a5d2546660ded7453c3555c3a4dcc83b46f8db0d881546b,included,,2020/Ordinance No. 0186-20.txt,03571bd6508b531a2823f76cb5d7b043bc675b8e7bd64c1195ff946c4355b2c0,2020,user_verified_folder
2016/Ordinance No. 043-16.txt,43-16,2016,427df7c162349758f7fc5cf4dd673387f1ac4cc3a489179cb14ff4788e0edd80,included,,2016/Ordinance No. 043-16.txt,037be5f97e8405c8ede6d4059129109d88170282e7ba4a6b575bf6dab3729d36,2016,user_verified_folder
2020/Ordinance No. 0221-20.txt,221-20,2020,c45862fa115f26cb2fe3cab06fb1329af61e0cb8fc340f95a99e0270f1b1a726,included,,2020/Ordinance No. 0221-20.txt,038aa80b7ae1d6e9f19b337f1a6380a90a57a257d55f5d6c0dc067084cf47dad,2020,user_verified_folder
2022/Ordinance No. 049-22.txt,49-22,2022,e5593b1a776e813feb9f598f4a0ab0119a822344400e93373ed1e87f590760a7,included,,2022/Ordinance No. 049-22.txt,039bf60e027c4433398c27c8bd28dd7d19391ffbad561f882f11aca2877a0df0,2022,user_verified_folder
2016/Ordinance No. 006-16.txt,6-16,2016,eac46be16eaf5c87b284c83953cf9489e1739fe9534ce1fffffeb99b66eda78a,included,,2016/Ordinance No. 006-16.txt,039f8112436071fc27b55262ae323a851c96e0326ba13a9309236dffeb972f57,2016,user_verified_folder
2018/Ordinance No. 0649-18.txt,649-18,2018,1fa6ba869dd8147a4850e01e85559549a2a77d095b1c389d8a522d13af49e3b2,included,,2018/Ordinance No. 0649-18.txt,03aca72b0b7b08c8d608ab83eaf1a295fff0ccae18242e6c3408f661df9afa5b,2018,user_verified_folder
2020/Ordinance No. 0218-20.txt,218-20,2020,cab3c7896900a6b9c6c5cf97df77c36161da796057839c11529fbbe7351d642c,included,,2020/Ordinance No. 0218-20.txt,03afffd4eed7c0bf9e679dc989d02b79a07ce881f278b0fea248b834bcb3be2c,2020,user_verified_folder
2021/Ordinance No. 0644-21.txt,644-21,2021,e88cb3c976060200083a3307f4437538cfea775036fa4ae1fa4062d9a5077823,included,,2021/Ordinance No. 0644-21.txt,03e99ec41b0e6721ea94090467224c5db7ec524a4dcfb914b94f344ba80ad072,2021,user_verified_folder
2025/Ordinance No. 0828-25.txt,828-25,2025,43e5179f940590014aee5b2f2757baa35328b423502ac417c5519a076d4ce480,included,,2025/Ordinance No. 0828-25.txt,0413ab75bf6dfe0bd78cc4b740a6fcf7cf5df9fe5a25067760b8352af55b2a37,2025,user_verified_folder
2020/Ordinance No. 0306-20.txt,306-20,2020,e0830ffd7f11b7e05d01a160eefa5936cd441416d136e975467fab108d6df842,included,,2020/Ordinance No. 0306-20.txt,042db476d4cd08176de1a53bb8bea3c1bf442bfce82ad47284e407975e5cacad,2020,user_verified_folder
2022/Ordinance No. 000855-22.txt,855-22,2022,90a513e1a8e76c0624ce5a0d60d1ed68af351b714f761879e596caa5887493a6,included,,2022/Ordinance No. 000855-22.txt,043098ed675137c0882a0345f7543341ceb2ee9eb5c702c4a575c04f3a5f1ecd,2022,user_verified_folder
2022/Ordinance No. 0855-22.txt,855-22,2022,90a513e1a8e76c0624ce5a0d60d1ed68af351b714f761879e596caa5887493a6,duplicate_copy,,2022/Ordinance No. 000855-22.txt,043098ed675137c0882a0345f7543341ceb2ee9eb5c702c4a575c04f3a5f1ecd,2022,user_verified_folder
2019/Ordinance No. 0121-19 (1).txt,121-19,2019,5303ed60a92d862aae56d047e45ab0e2d7e44cfeb53baf7a431e0b8ffdc070ee,duplicate_copy,,2020/Ordinance No. 0121-19 (1).txt,044ca03fe2ca6d6f7aefb17e35767b9b295ac7a415f5a4111e8f976d61f37016,2020,human_year_override
2020/Ordinance No. 0121-19 (1).txt,121-19,2020,5303ed60a92d862aae56d047e45ab0e2d7e44cfeb53baf7a431e0b8ffdc070ee,included,,2020/Ordinance No. 0121-19 (1).txt,044ca03fe2ca6d6f7aefb17e35767b9b295ac7a415f5a4111e8f976d61f37016,2020,human_year_override
2016/Ordinance No. 052-16.txt,52-16,2016,a5348cebe4fb2d91ec0c05ef031ce0f236db6cc8e47506c9e07e035f4556dff2,included,,2016/Ordinance No. 052-16.txt,0469a88c6c3533d556ed6d300f221eeb4a1b4a204ddc47db298c9cc4b42a61d4,2016,user_verified_folder
2019/Ordinance No. 0767-19 (1).txt,767-19,2019,f1fd31b4811a24a8af152ba0d9f463134766b0189aa680331eb525aad75f2a04,included,,2019/Ordinance No. 0767-19 (1).txt,047f21bc380f06c3d02b95449a42820552ab570269a6e419a11c5b153650c58b,2019,user_verified_folder
2019/Ordinance No. 089-19 (1).txt,89-19,2019,dc08182134fe0db5fefc111e309930264eaaed51886b493c6546591989fa0eb4,included,,2019/Ordinance No. 089-19 (1).txt,04a05bc8df68f64fe68db4e4668574e67f171b04fd017f0dddb771b4017abeca,2019,user_verified_folder
2019/Ordinance No. 0113-19 (1).txt,113-19,2019,855ed45f67d9a5f54ed5d681a17f8446137b2cebe4091c7813ccb757a6601303,included,,2019/Ordinance No. 0113-19 (1).txt,04dace3eab3e41693e46412096c3a321bff848011242583b8fd9d6332f74a55b,2019,user_verified_folder
2017/Ordinance No. 0169-17.txt,169-17,2017,c90a440812ba61b703eb9430be19aab5e3ae32635705b567326603f8886e849d,included,,2017/Ordinance No. 0169-17.txt,04ee798268a0c359d821788c5750e006e29de2039898b31e4181876aafee59d8,2017,user_verified_folder
"2024/Ordinance No. 0594-24 QRF Cainta, Rizal (1).txt",594-24,2024,ec2d17324088704fabd09d10c2f5f51a069502c0f6f4c63fa35fe33af174efc4,included,,"2024/Ordinance No. 0594-24 QRF Cainta, Rizal (1).txt",04f2f22da79f9ece547b20af45a3c5dae9084f06110e657b4cc64f738441273e,2024,user_verified_folder
2020/Ordinance No. 0254-20.txt,254-20,2020,a81f74fe821217afac0af5add67bf95eea80d3cd3b84304244ff366c41b41c71,included,,2020/Ordinance No. 0254-20.txt,0514cb9f7c5e07c361a01276fb6beebc5c457e3d17eb3dd9afd02fe5feb5de06,2020,user_verified_folder
2018/Ordinance No. 0612-18.txt,612-18,2018,3b31002d9c40ac35f95a9db95c7667927ba67299254dc5f0a8a635ae6538be3d,included,,2018/Ordinance No. 0612-18.txt,052dc9a2e37f56bd3d0d41ab4a01165cf2bf31a0dbefa96e24fdb4f93623f6e9,2018,user_verified_folder
2022/Ordinance No. 089-22.txt,89-22,2022,a2aaf119bd2931dea58abb533c92b94b7249baa984e58805753c8a7322523b8d,included,,2022/Ordinance No. 089-22.txt,05452ddadfa8b680d4d64b6ce266f9e3cad3de4b23c0621a82dafdc19f369b92,2022,user_verified_folder
2018/Ordinance No. 0407-18.txt,407-18,2018,fe5062e051bd0c6e1caaf4d83d0ae9a42d82726be7ffafc4b61acb84f9109f2d,included,,2018/Ordinance No. 0407-18.txt,054c85a6525a4019e34db62b0bcaa7fe31008e97f80ca26a907d16f92633e805,2018,user_verified_folder
2022/Ordinance No. 000988-22.txt,988-22,2022,57530b9dbd0a60e6c5340f56dc65575558bfdd4e48b072bab598c29c79f78854,included,,2022/Ordinance No. 000988-22.txt,056cbc9a15380919985a59aafe4352891b7e42d3079cc36b79d51743ce1e0b93,2022,user_verified_folder
2022/Ordinance No. 0988-22.txt,988-22,2022,57530b9dbd0a60e6c5340f56dc65575558bfdd4e48b072bab598c29c79f78854,duplicate_copy,,2022/Ordinance No. 000988-22.txt,056cbc9a15380919985a59aafe4352891b7e42d3079cc36b79d51743ce1e0b93,2022,user_verified_folder
"2024/Ordinance No. 0678-24 QRF Tagkawayan, Quezon (1).txt",678-24,2024,8482bcc37e7130e99b54b4a5a07e231a1bb4f31ba90bbd972905dea38d3f0604,included,,"2024/Ordinance No. 0678-24 QRF Tagkawayan, Quezon (1).txt",057653cfe8a2e0437fb876ad698b81c4d0b8db988e73cd380e7f9539f630ab80,2024,user_verified_folder
2016/Ordinance No. 001-16.txt,1-16,2016,c21e39055f62e8803640cb0e21d1cb68fe0835de2c7692bfc567e143ac9a8696,included,,2016/Ordinance No. 001-16.txt,0584a501c7f43466a4dbea8ce654c84cb5004ab9b733582bebc95ec243b9cb70,2016,user_verified_folder
"2024/Ordinance No. 0590-24 QRF Baco, Oriental Mindoro (1).txt",590-24,2024,9655f3ff72675953c95511b2cf121082ad67e1b676e6f1fdcd3562bfee67dbfb,included,,"2024/Ordinance No. 0590-24 QRF Baco, Oriental Mindoro (1).txt",058524bf4c47581feaef69f53210342a5a09ef9397b84dea64362dacc35bd023,2024,user_verified_folder
2022/Ordinance No. 095-22.txt,95-22,2022,c403f23bc809bf2a1b526e8ca3e9d0d2216cc25093542f63b00df497f1098f95,included,,2022/Ordinance No. 095-22.txt,05aae7fd366d92824b4abb5c7d46a51bbed5c53cbba7db6fc3d1995418c917fa,2022,user_verified_folder
2017/Ordinance No. 0203-17.txt,203-17,2017,361230dbdc94b7fb448f90d689fa061d2e504785db9a10828a3e60a04b2670d5,included,,2017/Ordinance No. 0203-17.txt,05dd3606a9d964c72f9a74bec33b8f76017d9445237046552278bbc8500ed6c4,2017,user_verified_folder
2017/Ordinance No. 0152-17.txt,152-17,2017,0e82004397f095c40682e970837e06b1100246fa1d72dfc32d1972a88fcf6e3d,included,,2017/Ordinance No. 0152-17.txt,05e37a38d4d25652afa658e041ac63b04673cbeedf5befc0ee7985759affe420,2017,user_verified_folder
2021/Ordinance No. 000819-21.txt,819-21,2021,ff600fc4ad6a8d554242ee789ad9fad1715dcd84fc0fcf6757ecb5adac14a1ca,included,,2021/Ordinance No. 000819-21.txt,062502abe2af5e0a27c7fc73b89084ed7662964408a0a8ee6cd3d8a05d005d4e,2021,user_verified_folder
2022/Ordinance No. 0854-22.txt,854-22,2022,af7f48612cec9d8289b054b6f6053807c6bc19b4f135568e2374fcac02d8ad74,included,,2022/Ordinance No. 0854-22.txt,069d0e41e183269dc1f129393d6a485e6c8e8a5b9ebe6b5e539b84fc87714975,2022,user_verified_folder
2021/Ordinance No. 0514-21.txt,514-21,2021,1fffc08e5048df6db028921a03bfccb9f97100949b77f6db28e94b08c1895150,included,,2021/Ordinance No. 0514-21.txt,06ec577514856e5c83e49ccc3c4149e1e73bda019ae241a68ebe0c794cb2bfb0,2021,user_verified_folder
2023/Ordinance No. 0296-23 (2).txt,296-23,2023,b31d09cb8c15c20aa98f2324689fa777988d6d74a9c484fc810b3d576f74a9e5,included,,2023/Ordinance No. 0296-23 (2).txt,06f4867b2b103957c2af8741ec5f4e66fd5aa6b28264ecd81a2f91f91603d717,2023,user_verified_folder
2023/Ordinance No. 0227-23 (2).txt,227-23,2023,5cd5d25ac1459063cb5b40e0557a952f24e2629d4fa2f456dcaa4415fe9e87a5,included,,2023/Ordinance No. 0227-23 (2).txt,07007ecf780381020e0d26fcb62493446b0958a8ad3d24f3f20688b6a8991f40,2023,user_verified_folder
2024/Ordinance No. 0445-24 -Charter of the City College of Davao (1).txt,445-24,2024,dabfbd3848858082eb66312261bc77e57440562a4d0d4643d9e6ffd4770d3be0,included,,2024/Ordinance No. 0445-24 -Charter of the City College of Davao (1).txt,072e077082e7363ac5de25f52f02a2bcf83966fc4f37b60aaf5ea7a8308c2090,2024,user_verified_folder
2024/Ordinance No. 0424-24 -CEE Annual Budget (1).txt,424-24,2024,d84730d1c4687bc29e878e3edec2b5ccfcf6f326bdf0894c503412b6858f8006,included,,2024/Ordinance No. 0424-24 -CEE Annual Budget (1).txt,074f0a7d8398e3e9db92513cb4547011e9d956f29ffcc95db6496a16dc9b8c44,2024,user_verified_folder
2024/Ordinance No. 0526-24 Deed od Donation Norma P. Exclamador (1).txt,526-24,2024,52c7ba39a9d915901198b42f68e58f9e61940b866b798d73ff9c5fc84daa2c8b,included,,2024/Ordinance No. 0526-24 Deed od Donation Norma P. Exclamador (1).txt,0798b4d03a2e7d4205a9a2553d0d068d98a780b768b5ccf19616728def7e9978,2024,user_verified_folder
"2024/Ordinance No. 0683-24 QRF Calamba, Laguna (1).txt",683-24,2024,e65d13a2127a6ab40c1a227aad90ef91970ac78fb3ec12f789d7693c3f7dbd24,included,,"2024/Ordinance No. 0683-24 QRF Calamba, Laguna (1).txt",07c003c850eecba8f8702003d31d298553c2433b292d46efcea5e3df60b86e7c,2024,user_verified_folder
"2024/Ordinance No. 0683-24 QRF Calamba, Laguna - Copy (1).txt",683-24,2024,e65d13a2127a6ab40c1a227aad90ef91970ac78fb3ec12f789d7693c3f7dbd24,duplicate_copy,,"2024/Ordinance No. 0683-24 QRF Calamba, Laguna (1).txt",07c003c850eecba8f8702003d31d298553c2433b292d46efcea5e3df60b86e7c,2024,user_verified_folder
2021/Ordinance No. 0470-21.txt,470-21,2021,3c026ff534097cbb7ab98ac9690c2c03982b3342980525ba2166cb6da5bb60e5,included,,2021/Ordinance No. 0470-21.txt,07c68381663b8f02e065bc19ceaf2c1fa0135c8d19c686853f65ddf2acc3ad49,2021,user_verified_folder
2018/Ordinance No. 0565-18.txt,565-18,2018,d2a9398af0a2c7c23239a78bd77646efd26d2949c787fc2f6c3ffa19181247fa,included,,2018/Ordinance No. 0565-18.txt,07e332b731d2551ba51f76c6817b7acdaa4d720cbb428e3b868f49d99670e67f,2018,user_verified_folder
2023/Ordinance No. 0143-23 -QRF Gingoog (2).txt,143-23,2023,51567e33f98c54fc28f21bfd8cfdc4a2b8abd13eaef41e375ebd9e5f786b8103,included,,2023/Ordinance No. 0143-23 -QRF Gingoog (2).txt,07f91dce323462a226075fbe5fab152c070b61267262cd8e9720b8d6a94d243c,2023,user_verified_folder
2019/Ordinance No. 058-19 (1).txt,58-19,2019,e1d4c2a51c98c82896f416ed50ccf7585c4c6c6ce322acf9d34f38245db856f8,included,,2019/Ordinance No. 058-19 (1).txt,0815f4cab8b82a50c74e81814d458eab94c969c47be713f339eaa075a6612985,2019,user_verified_folder
2019/Ordinance No. 0687-19 (1).txt,687-19,2019,95f01551648ff5d60ce316f81e4a4b582539873634668abbfc6ec23270db4b35,included,,2019/Ordinance No. 0687-19 (1).txt,081685c1fcedc0ae0aaee7ca6266ebf23cffdca8a9cc7cdc3bf75d7e8acf2b24,2019,user_verified_folder
2022/Ordinance No. 000871-22.txt,871-22,2022,e6f96221e426dd47314149654fa8c5881e8327f6369fff4c58b301dc10596105,included,,2022/Ordinance No. 000871-22.txt,084dbb1532f7fbc1e258ca7c4a4b00b4c048443545458e4d3b848d9fe5ef5871,2022,user_verified_folder
2017/Ordinance No. 0351-17.txt,351-17,2017,49d18e02fa3f9e0d4e200972f96e0c65399e1d5fefbc0fe9775bc9bb1899ea0f,included,,2017/Ordinance No. 0351-17.txt,085ac66175fc2c1bdfce9babfd9bac39e0ca7bd66d02b2593d6acf2ba4b52f33,2017,user_verified_folder
2024/Ordinance No. 0651-24 (1).txt,651-24,2024,5cbe1c7ddca273e03bf3031d78f95b572bf42d98cce0272fb455a546a48fc24e,included,,2024/Ordinance No. 0651-24 (1).txt,08671ad7e1a25da907a1d2fb66752e4864461074fb6db4a5be3a799fd7bc233a,2024,user_verified_folder
2023/Ordinance No. 0367-23 MOA Philippine Eagle Conservation  (2).txt,367-23,2023,404b4bfc63a052041889ad443450176d215dc82ab0325ad4bb910d1a820e4ab9,included,,2023/Ordinance No. 0367-23 MOA Philippine Eagle Conservation  (2).txt,0873fbf7843355ecd77b58f918a0a35804e18350afc0bef945fd73cc3bad3677,2023,user_verified_folder
2019/Ordinance No. 0777-19 (1).txt,777-19,2019,e9e8e430f295f1fc9cea9ad738248d6a566093c663fe94d285cedd5885f934dd,included,,2019/Ordinance No. 0777-19 (1).txt,089faac990aef2102d448d5f020ee3221f8a7b0bff15ce1b0c841a55269e9e15,2019,user_verified_folder
2022/Ordinance No. 000931-22.txt,931-22,2022,8e3ef77e1a3a3e07d709630e3a708721b563dad0f4a8211586273bfc095169cc,included,,2022/Ordinance No. 000931-22.txt,08b87257f7e7607193d27854a422609281d16b54b8c474e0de95d0f24aa281bc,2022,user_verified_folder
2022/Ordinance No. 0931-22.txt,931-22,2022,8e3ef77e1a3a3e07d709630e3a708721b563dad0f4a8211586273bfc095169cc,duplicate_copy,,2022/Ordinance No. 000931-22.txt,08b87257f7e7607193d27854a422609281d16b54b8c474e0de95d0f24aa281bc,2022,user_verified_folder
2023/Ordinance No. 0171-23 (2).txt,171-23,2023,90830fc51374018651752c1f719d1903eac0c484a1c179fcecc46ba74cbc1e7e,included,,2023/Ordinance No. 0171-23 (2).txt,08db4bc4970af73ad434956576a70cdc666b10b5e23193a85cbcf71535e044d9,2023,user_verified_folder
2023/Ordinance No. 0235-23 (2).txt,235-23,2023,291588aab1e0b0fa3c5f0d8b42f6e144256181c50e42ccdd8be5bbf203dead0e,included,,2023/Ordinance No. 0235-23 (2).txt,0906c1fa4cf4fe3079f1bb3ceca6d320e62da2c49ce87979e8caed06dfa7d256,2023,user_verified_folder
2018/Ordinance No. 0564-18.txt,564-18,2018,fb316821e807dbda298c8e216bb77a1e40c60145492c6ff94c02aa597a69f316,included,,2018/Ordinance No. 0564-18.txt,092ea30f2bade77041e0785b18f7e69b5152213a4880407d38a80517e41d44b7,2018,user_verified_folder
2017/Ordinance No. 0273-17.txt,273-17,2017,cb5f7017e3008e5511d605620575a82598bf19f8431b63ad86e586a06ddcbf2b,included,,2017/Ordinance No. 0273-17.txt,0945f5c917ed404621a148552ccdf51e3349f6efe91bf2f9883130c0d7a097de,2017,user_verified_folder
2023/Ordinance No. 0353-23 (2).txt,353-23,2023,14c86cb275b34cf96b38bc6d836f23d9c9b3f00bfc08d17d95950715ed45ac1c,included,,2023/Ordinance No. 0353-23 (2).txt,0988611a6f4685cb0879a004c388411899c95caaa45decb47c73062f9cab3fc7,2023,user_verified_folder
2024/Ordinance No. 0657-24001 (1).txt,ordinance no. 0657-24001 (1),2024,0baa0e962a7bdf02fd6f08c0604fd241a0d8ffcc28b0d576023904df1064b03b,included,,2024/Ordinance No. 0657-24001 (1).txt,09ac72e57745cbef2b2171fb9ca47002ed0dfb99d4c6026ee2e5d6770a7682bc,2024,user_verified_folder
2017/Ordinance No. 0376-17.txt,376-17,2017,db16830dae009f3b7a3ea9993f836da21858d59ba629d5841008bbc10a5f8020,duplicate_copy,,2018/Ordinance No. 0376-17.txt,09ace0523cc0e2cad1790b56db581185d4bba21311d2d8a294e925f19c2b1727,2018,human_year_override
2018/Ordinance No. 0376-17.txt,376-17,2018,db16830dae009f3b7a3ea9993f836da21858d59ba629d5841008bbc10a5f8020,included,,2018/Ordinance No. 0376-17.txt,09ace0523cc0e2cad1790b56db581185d4bba21311d2d8a294e925f19c2b1727,2018,human_year_override
2020/Ordinance No. 0206-20.txt,206-20,2020,00cf09bda7c7ee84b801f1574224e6cef20858c42fe6c7b55e65d534b0a15f4a,included,,2020/Ordinance No. 0206-20.txt,0a37631e82a7f9d5b32a59530e38087ebe75bb664bb94307ea19ad1bb47e6463,2020,user_verified_folder
2021/Ordinance No. 0650-21.txt,650-21,2021,133cf0d51f0506b0750cff94ea216622937ebe99c0e532e179030a9ee4682f03,included,,2021/Ordinance No. 0650-21.txt,0a4692f00fb8731a002e027efb42515f572678c95db18913f1ec840a0a55cfb1,2021,user_verified_folder
2022/Ordinance No. 000930-22.txt,930-22,2022,693ea7d255bc98ac2f6ca20c64bdbc9ae1466bceeeb370a3a670b39b51da9944,included,,2022/Ordinance No. 000930-22.txt,0a8609db3e84984ec98ddaa9b8489ecefef653c9b4c0eb5d5752bd1d6f0e501e,2022,user_verified_folder
2022/Ordinance No. 0930-22.txt,930-22,2022,693ea7d255bc98ac2f6ca20c64bdbc9ae1466bceeeb370a3a670b39b51da9944,duplicate_copy,,2022/Ordinance No. 000930-22.txt,0a8609db3e84984ec98ddaa9b8489ecefef653c9b4c0eb5d5752bd1d6f0e501e,2022,user_verified_folder
2019/Ordinance No. 0735-19 (1).txt,735-19,2019,f33a18bde5c4b4682b8741860771b44dd8687cef14b142081424b3aaf5fa572a,included,,2019/Ordinance No. 0735-19 (1).txt,0a9136a69fd65842aac23ce7ede84448351344c7f4718d7a5c703121391763e2,2019,user_verified_folder
2022/Ordinance No. 000876-22.txt,876-22,2022,92e4733fcd01f236466f248a79d2180df71fdde043c4aadcdc140202899e9c31,included,,2022/Ordinance No. 000876-22.txt,0a9c345a61160dd606aea06f1c8a727b8d3284a8ebfd87a34627aced16837270,2022,user_verified_folder
2022/Ordinance No. 0876-22.txt,876-22,2022,92e4733fcd01f236466f248a79d2180df71fdde043c4aadcdc140202899e9c31,duplicate_copy,,2022/Ordinance No. 000876-22.txt,0a9c345a61160dd606aea06f1c8a727b8d3284a8ebfd87a34627aced16837270,2022,user_verified_folder
2024/Ordinance No. 0586-24 (1).txt,586-24,2024,7d470f985e7f443f81596a04482d11bf742ef3444803cf1a78ffc648c0a1f3d4,included,,2024/Ordinance No. 0586-24 (1).txt,0aa5bba706ca04407b5e72f6665f35a40027d07ec7accec7af91a62abfaea7c5,2024,user_verified_folder
"2024/Ordinance No. 0410-24 -QRF, Davao del Norte (1).txt",410-24,2024,f5fa5333c3dcb598bdf533ed29ef32d7ecd072abdb7ff2920e43f0af37695296,included,,"2024/Ordinance No. 0410-24 -QRF, Davao del Norte (1).txt",0aa9121ff881b1da086189b111ac14095e5b75b797c4f6b78d6b0f560bb7c676,2024,user_verified_folder
2018/Ordinance No. 0674-18.txt,674-18,2018,49ec23d62cd035fe33d1ede3b1bbecc2b0f35ceef3f6e5e0a9b52a3f2998ca70,included,,2018/Ordinance No. 0674-18.txt,0ab4a2ff6e054b3c166e4eb0e8916e2ce1e002f154dc8ef88a3c8ede19d9356c,2018,user_verified_folder
2018/Ordinance No. 0602-18.txt,602-18,2018,950d0bcee4bfd3bbb561b6b223c3e9cd34d475daeb5c8d5a9f16c0dfbd13d83c,included,,2018/Ordinance No. 0602-18.txt,0abb9ea390acfd3c68b0b8f3dbbfd2ee69f9bd29623315de1807e78ae8a6f107,2018,user_verified_folder
2017/Ordinance No. 0188-17.txt,188-17,2017,4726b9715bba0bff3f6c930789704c3958cf57b2b90988633cad9ce57e45babb,included,,2017/Ordinance No. 0188-17.txt,0adb8b91833095d16fa4e091fa27582c4affe17f3fee69e2a80fae8bd7391c5a,2017,user_verified_folder
2024/Ordinance No. 0562-24 DOD 8990 Housing Deca Tigatto (1).txt,562-24,2024,698ccc1eff363543ca178b8d91bcfb94b2914f5d6002bcc526fd11d2b4a54f1b,included,,2024/Ordinance No. 0562-24 DOD 8990 Housing Deca Tigatto (1).txt,0af9dfec479a5a9b04dfa6c3974c576a7800ea7dd0ffaf29ae0c6dabbe20737b,2024,user_verified_folder
2024/Ordinance No. 0513-24 Addendum DOAS M. Bangcal (1).txt,513-24,2024,fb3a2a97decfbc1c375ac2157ae0175e1990159fbc8b33c83d2806b1d6e3e320,included,,2024/Ordinance No. 0513-24 Addendum DOAS M. Bangcal (1).txt,0b245965f98343c1e63c288b4b15c004a7382357a58a48ae58d21815ae585b73,2024,user_verified_folder
2019/Ordinance No. 0159-19 (1).txt,159-19,2019,e4bcabf8882e946eb9ecda54ec2f94902b017af91cf68a4503fa1fd33d2c2b05,included,,2019/Ordinance No. 0159-19 (1).txt,0b4d7c27c7410413c7b7e7c6c9c671fd3bfcd76665c49c665f8437a10bd4aae5,2019,user_verified_folder
2022/Ordinance No. 006-22.txt,6-22,2022,9e78784df5c1a60af1b20bb46efadff514c6c74e3c31955a723d3cd187471187,included,,2022/Ordinance No. 006-22.txt,0b5eb8f3ba2f729a48ac6134df0bfb8f1f1fdc81257ec973a52fd8826abe6223,2022,user_verified_folder
2022/Ordinance No. 028-22.txt,28-22,2022,fa4f5d61f01afb51997e24cfc6079417c4e2bea7490babcb68931ef1dc41010c,included,,2022/Ordinance No. 028-22.txt,0b6d6f4decc03c1850cfef5b3b3bae435ed8667f628b8510536a6cd397f42558,2022,user_verified_folder
2017/Ordinance No. 0312-17.txt,312-17,2017,dead3805b8c9e9e6afb2ede49267ea340cb481fc965a7af4ce756092e53624b3,included,,2017/Ordinance No. 0312-17.txt,0b7737d891235c0172be02bf416b172a37f955a22d5852ff499e38745fd19b42,2017,user_verified_folder
2024/Ordinance No. 0498-24 (1).txt,498-24,2024,99fea07e94e53ce8d8da537bfc61b96bb3cb280a0238007c784e3a0ae3566061,included,,2024/Ordinance No. 0498-24 (1).txt,0b7cc552b27511748573b13e8b25169885085766418c2a2d3d46c377e6de1f19,2024,user_verified_folder
2022/Ordinance No. 0939-22.txt,939-22,2022,ab479d4d0f27ae338e2b5cb70cf7612e794d82873b6fa4fe864073e29eeaf6f1,included,,2022/Ordinance No. 0939-22.txt,0bb34f1e626f33731d30ae4e7a243fddac214edae58b20697fc59b4bcd156050,2022,user_verified_folder
2017/Ordinance No. 0299-17.txt,299-17,2017,12d3b7b42d6fbcc703b35a638560f061f8e63d843945889ddb56056ca02b44db,included,,2017/Ordinance No. 0299-17.txt,0bfc3e8686ee564df899c1ea1cb567959e5b7960a83e8aebc270f8583f3117ce,2017,user_verified_folder
2018/Ordinance No. 0409-18.txt,409-18,2018,641e76c7fbbcb21616e76a6c2098e238ea09c1ee1899c77edf7918799455dc7e,included,,2018/Ordinance No. 0409-18.txt,0c03bd1ab9a1bd4ed7b972d230d2fcc8f693661f9d8e85063562c76d7c0bcf39,2018,user_verified_folder
2019/Ordinance No. 0162-19 (1).txt,162-19,2019,c0508f82cd6660e60fe846bff876539a28dd808163db42f39cbcbb29bb549247,included,,2019/Ordinance No. 0162-19 (1).txt,0c2cf4cba960ed0493421ce0a20195851a4dbc20e45390dd11b2dd7e91c99407,2019,user_verified_folder
2023/Ordinance No. 0152-23 -QRF Gandara (2).txt,152-23,2023,9bc74491bbd20cc0e13a0f031d0c8a488fd5296b07426dd7dc6465d1c9dc8721,included,,2023/Ordinance No. 0152-23 -QRF Gandara (2).txt,0c374c81f4758d11a644a68d697e001d1a3ee29363f672ea13c1859b9d3946fc,2023,user_verified_folder
2021/Ordinance No. 000814-21.txt,814-21,2021,df9bf2a2a77938e5c9abb83f788b187ed9a8f8884ac5b993e658d54499982b86,included,,2021/Ordinance No. 000814-21.txt,0c3badeb0398f8858a72920931f2633266d56e03fc08a37975eeb5b4cd5ce207,2021,user_verified_folder
2018/Ordinance No. 0444-18.txt,444-18,2018,ecbcfaf663d711a16001254b139ffee93ea67f26b0fbaa1b5e9f7116c514e88f,included,,2018/Ordinance No. 0444-18.txt,0c93aeb44abaa6f50ef0656a2b8bc15465955d2a213edcd23ac236a56e619295,2018,user_verified_folder
2022/Ordinance No. 0858-22.txt,858-22,2022,155acc1249a02f52e2c7bd3e25798a36c2c54064bc3d2623ba9593ea8d53542f,included,,2022/Ordinance No. 0858-22.txt,0ca4e0e0efecb2bca8051d328b4cfb9b2a497e6334fe4f3070b0c91332394ce0,2022,user_verified_folder
2024/Ordinance No. 0696-24 QRF Province of Quezon (1).txt,696-24,2024,9b23d89caa2f1e43b6d887d5b9cf2e2874c689311666ff036c78ad32296d631f,included,,2024/Ordinance No. 0696-24 QRF Province of Quezon (1).txt,0ca9983d03a582a545417113eff9dd8ada547bb115906a6c77b1c4544da75b9c,2024,user_verified_folder
2021/Ordinance No. 0506-21.txt,506-21,2021,fae83f0e35a3d02c4c6503e911140fb1b0a2c1fd43d9410553b91cecf438af0b,included,,2021/Ordinance No. 0506-21.txt,0cbd5e2783718d6d60b3991700b04a9566e85b8721e54a0a82f0b05aedb141e3,2021,user_verified_folder
2022/Ordinance No. 0872-22.txt,872-22,2022,67455aaddca8646867d6b48e373af1f46618f22f55a13dd506af44a496bba6a1,included,,2022/Ordinance No. 0872-22.txt,0cd30365a469dc1428a008f12160a60de4472f3c1d23eeef29aecb5a2dc0c768,2022,user_verified_folder
2016/Ordinance No. 0518-16.txt,518-16,2016,740d0fea2b2feb18c7e515896af6267d4ec43b17c29c9bdc9ae105d67a31914f,included,,2016/Ordinance No. 0518-16.txt,0cd4a659c824fcc534e94eecc89173d8a543e6a82216df2edcfce079fc1dd563,2016,user_verified_folder
2017/Ordinance No. 0180-17.txt,180-17,2017,e8749a82013c37022534262c307fc5959913ec3740808d6aec6f2d05b67abff0,included,,2017/Ordinance No. 0180-17.txt,0cf4c39f97132ad6b599dbae99f5878260b66c8ccb75c0bdec93b80ee678d718,2017,user_verified_folder
2018/Ordinance No. 0635-18.txt,635-18,2018,39d9ae9962b4857a20420d49542e948ac02e212f67551e24a2649ee467285228,included,,2018/Ordinance No. 0635-18.txt,0d0f71a38f8f5b1e174ba9509be445bdf5e74b1d86e8ef178d48ab58f9a92fc9,2018,user_verified_folder
2023/Ordinance No. 000141-23 (2).txt,141-23,2023,8a61f6bb3d65c735b7844fae738de2cd465f865275f1c9929e280ff0e6e68a1a,included,,2023/Ordinance No. 000141-23 (2).txt,0d2371502f5fe497954b5d2f3cc11fabd1919f54d61d6141149fcbc9f3feab7b,2023,user_verified_folder
2016/Ordinance No. 0497-16.txt,497-16,2016,5c6fb07052ff52372087d777c94509c50614390beb20e66dff6f8c2df5b90fed,included,,2016/Ordinance No. 0497-16.txt,0d9b77db6348cfed6f924ab24bd5cf9bf4b11c7af3fa95413367012a72e63b8e,2016,user_verified_folder
2022/Ordinance No. 000903-22.txt,903-22,2022,7550d710b2daa71cd46c70c90c28cac241b5aaa8857f334c5a976aca624f4921,included,,2022/Ordinance No. 000903-22.txt,0db4e3be86f6ac0513785cc41494d539b3941fbd9d11a83c76e852fbf25b0543,2022,user_verified_folder
2022/Ordinance No. 0903-22 (Amend CCD).txt,903-22,2022,7550d710b2daa71cd46c70c90c28cac241b5aaa8857f334c5a976aca624f4921,duplicate_copy,,2022/Ordinance No. 000903-22.txt,0db4e3be86f6ac0513785cc41494d539b3941fbd9d11a83c76e852fbf25b0543,2022,user_verified_folder
2021/Ordinance No. 000705-21.txt,705-21,2021,b400577ad93ebcb126535cd8810407c747885d9605ccf171ddac557e915a1455,included,,2021/Ordinance No. 000705-21.txt,0db7a7108007145f6230ee58fde986c15fdabc045e31cc2baf5a4cacc3cb8bcf,2021,user_verified_folder
2019/Ordinance No. 0167-19 (1).txt,167-19,2019,0f6888b9e9c9ecf5a09038a74dba1aea6754d8af186a6f32ed1b97a03af4f423,duplicate_copy,,2020/Ordinance No. 0167-19 (1).txt,0dcb819f6dbbcd38b75a7fe8ebfb7455eec907af77649bd1443be70d86e9d5a5,2020,human_year_override
2020/Ordinance No. 0167-19 (1).txt,167-19,2020,0f6888b9e9c9ecf5a09038a74dba1aea6754d8af186a6f32ed1b97a03af4f423,included,,2020/Ordinance No. 0167-19 (1).txt,0dcb819f6dbbcd38b75a7fe8ebfb7455eec907af77649bd1443be70d86e9d5a5,2020,human_year_override
2020/Ordinance No. 0216-20.txt,216-20,2020,a4b574839ebfda54272dba7a7a022b89ef23879084d81c5a2f476f4918e2a7be,included,,2020/Ordinance No. 0216-20.txt,0dfcfad1a9371f2f204bd1403d0efb72f661633946bc2a169d29a261c3106995,2020,user_verified_folder
2022/Ordinance No. 000954-22.txt,954-22,2022,e757bb6d195debf3403e758ce451b799860224edc5960ccc556b7de76a491c29,included,,2022/Ordinance No. 000954-22.txt,0e1c233a898f5c3fa49f25245ef0d8ed0c791e9850fc20a941f9f9df0c80824d,2022,user_verified_folder
2022/Ordinance No. 0954-22.txt,954-22,2022,e757bb6d195debf3403e758ce451b799860224edc5960ccc556b7de76a491c29,duplicate_copy,,2022/Ordinance No. 000954-22.txt,0e1c233a898f5c3fa49f25245ef0d8ed0c791e9850fc20a941f9f9df0c80824d,2022,user_verified_folder
2019/Ordinance No. 0691-19 (1).txt,691-19,2019,8cadc8cc9488389cca1c08b6dcdf27e68a8167c5ca3ae4be831288e1aaecf525,included,,2019/Ordinance No. 0691-19 (1).txt,0e21d45fb8468bdda00b6e6a75c13608e775f6a431c035758611efa1c76fcb32,2019,user_verified_folder
2022/Ordinance No. 085-22.txt,85-22,2022,813cb4b30e7523fa739f11658b04da2978f4c73e1c8e2c254516964489e24e86,included,,2022/Ordinance No. 085-22.txt,0e392775e4b475bec8b858278d9688010a760abd3a0f6d75e437b69b2f249a2f,2022,user_verified_folder
2019/Ordinance No. 077-19 (1).txt,77-19,2019,10035d9661321dd2f8a2bd4f1eb795fc73858ca71619a0071094fb3b7d1e62d7,included,,2019/Ordinance No. 077-19 (1).txt,0e3ae7fa1d4fe5113de02968d3b712970c45ff77649058800ce41c66cbe374c0,2019,user_verified_folder
2018/Ordinance No. 0388-18.txt,388-18,2018,d207f379c4befb06f54a09260498c6b94729a8d43bb246a79e33944d71dc19a4,included,,2018/Ordinance No. 0388-18.txt,0e4ad2c32ba19a4b702a105f029c247d5edef9863a9b8b97bc0184761a72ea4d,2018,user_verified_folder
2016/Ordinance No. 023-16.txt,23-16,2016,23dda0b46645da59c9022951e89e1d0b3c452cfb0044a23331587654c753d6c8,included,,2016/Ordinance No. 023-16.txt,0e58e53659fd894f7e72831ad0de2c30bc3ca2ff4eee3da5b688d05bd7787ec6,2016,user_verified_folder
2022/Ordinance No. 001-22.txt,1-22,2022,b6f547270118beb3cd90fb97cfd2fb062f0b7fe6dc0f5080a4f1b5c28e7c06f1,included,,2022/Ordinance No. 001-22.txt,0e7ae55222d168399cc57482c3c309bde78c359b00412207b2973ec04381cf39,2022,user_verified_folder
2018/Ordinance No. 0594-18.txt,594-18,2018,b9ecf1f53789f076488c812ab32ac7f7c683cb0788b1e70407fb5386c25da9c9,included,,2018/Ordinance No. 0594-18.txt,0ece507a1e08e0f602217934cdfc8c0c85fcde9a7895d818fee7b80fdfbe6beb,2018,user_verified_folder
2018/Ordinance No. 0630-18.txt,630-18,2018,e678b4ca856950caa5f566f83a7ba3dc12e312a935bf7b7ed8dc05ff57935ac8,included,,2018/Ordinance No. 0630-18.txt,0f095323e9026745214030f74dbea489ec914dc03a92f95cc587c34f9e4e562e,2018,user_verified_folder
2024/Ordinance No. 0712-24 MOA DepEd Dcplinado Program (1).txt,712-24,2024,a5cb8bcdd7400282f332a14f14b33086297364100343b1fd1efcbb850e36f51a,included,,2024/Ordinance No. 0712-24 MOA DepEd Dcplinado Program (1).txt,0f477caf7613cf30f186fcc2bd3173eed1bb4f87307ab49ae670c7441ab24904,2024,user_verified_folder
2021/Ordinance No. 0497-21.txt,497-21,2021,0515c831fdf106f87c3f3fda901084ea2a42591bccfd1128a15e44ec35b64da4,included,,2021/Ordinance No. 0497-21.txt,0f6b71e8a74743b2f13dccad30f8a3f3d6e9b74d0cd5b21da52c6627a4990cc3,2021,user_verified_folder
2021/Ordinance No. 000740-21.txt,740-21,2021,4f8c012304ad89f2d72337112e7c10062c53f841ea4d32257d2e1e64d7c0b474,included,,2021/Ordinance No. 000740-21.txt,0f941eb7967ec291128faa8ff184754fa06ea700a055ead95d709ab51d24d330,2021,user_verified_folder
2017/Ordinance No. 0329-17.txt,329-17,2017,a896fece5766e76c555be1ef3d3d17be7218014e5a8013872ff0751a59323c4b,duplicate_copy,,2018/Ordinance No. 0329-17.txt,0f9b05e801cc2d60506bc240b46e0f1ca2e0356e25456289a4e5d8512a1616f6,2018,human_year_override
2018/Ordinance No. 0329-17.txt,329-17,2018,a896fece5766e76c555be1ef3d3d17be7218014e5a8013872ff0751a59323c4b,included,,2018/Ordinance No. 0329-17.txt,0f9b05e801cc2d60506bc240b46e0f1ca2e0356e25456289a4e5d8512a1616f6,2018,human_year_override
2021/Ordinance No. 000831-21.txt,831-21,2021,0ee22ab486b54a9f7796a0e6ddb33fb0eb502294749af38ab0dd1dfe8dfd7163,included,,2021/Ordinance No. 000831-21.txt,0fa01346ab26179b06f718b552d77470ffbd746a29372134def2411100719809,2021,user_verified_folder
2021/Ordinance No. 0588-21.txt,588-21,2021,c464a4dfc08cb3205e1e1c4a630a39732cb0dbfcd917343c0f8cb4e7a9f00831,included,,2021/Ordinance No. 0588-21.txt,0fdf99ffb84a0a133f082a6b74220caa06413d70738c9b8a89619a1e68aa80c1,2021,user_verified_folder
2018/Ordinance No. 0640-18.txt,640-18,2018,0971f2ab0aae134681c732869f419471c06e2eb25e91d46fe7948223cf51cb3a,included,,2018/Ordinance No. 0640-18.txt,0fdfdd1962b22c7fc9fa784523c3589fffd1b2f5561c4b132f23ede2eb41e254,2018,user_verified_folder
2019/Ordinance No. 0710-19 (1).txt,710-19,2019,3c283096d15813d5beb4a3696a29dff84f74b730451bfed45a2836d0dfba6699,included,,2019/Ordinance No. 0710-19 (1).txt,0fe6c698221021f92cacd6c24b99f0adb1d59e851be99542fa7768c12a91b275,2019,user_verified_folder
2017/Ordinance No. 0153-17.txt,153-17,2017,26b50fe70f6638bc3f1c553ce2a1ccf647b898cfb5f0e595134416a163d94352,included,,2017/Ordinance No. 0153-17.txt,0ff43913fc6c0e27f73efaea94bde80bd16246201f31208f4407cfba4f594920,2017,user_verified_folder
2020/Ordinance No. 0332-20.txt,332-20,2020,ce0738f52162fad7881c93e5400fafffe574d77a5f58f668e5db23a86de900fc,included,,2020/Ordinance No. 0332-20.txt,100e92d81d17254c0bbb0caf3a56914505030e076c927c8044ef5d9cd447bbe1,2020,user_verified_folder
2017/Ordinance No. 0204-17.txt,204-17,2017,df64b20e68606da2b729f6044d5c4ac46cf41506722be420d99bb00e46cde548,included,,2017/Ordinance No. 0204-17.txt,101455ff932eb65201492d0c62561c449f30e3e79ea6d3d6e260f55bf8b90075,2017,user_verified_folder
2022/Ordinance No. 000933-22.txt,933-22,2022,8f975c4018194c5293af5931ed4ee7676670a6a2f3cad3d9a84d7f00af929854,included,,2022/Ordinance No. 000933-22.txt,10266c8cdc8d9d72086bcd4ed51d6f8211aeb732f01c0591359d00bbfd3ef8e9,2022,user_verified_folder
2022/Ordinance No. 0933-22.txt,933-22,2022,8f975c4018194c5293af5931ed4ee7676670a6a2f3cad3d9a84d7f00af929854,duplicate_copy,,2022/Ordinance No. 000933-22.txt,10266c8cdc8d9d72086bcd4ed51d6f8211aeb732f01c0591359d00bbfd3ef8e9,2022,user_verified_folder
2018/Ordinance No. 0642-18.txt,642-18,2018,b10c9a0657845ad09e733e2c96208950e6f24194d0a3a84ddca97f7988a92405,duplicate_copy,,2019/Ordinance No. 0642-18.txt,10448a63959b3701666392e25d34d189aa6e1fc6d907a4bb42f7c6ca4a1e8f5f,2019,human_year_override
2019/Ordinance No. 0642-18.txt,642-18,2019,b10c9a0657845ad09e733e2c96208950e6f24194d0a3a84ddca97f7988a92405,included,,2019/Ordinance No. 0642-18.txt,10448a63959b3701666392e25d34d189aa6e1fc6d907a4bb42f7c6ca4a1e8f5f,2019,human_year_override
2018/Ordinance No. 0432-18.txt,432-18,2018,457a3effa437682288a90c76750c13b1bf6ad39f74f232097270077dc3ebfa30,included,,2018/Ordinance No. 0432-18.txt,104ccc3fb44e18de27a8e428524b112fbe5042dc9629f4b6382459d1b18bca52,2018,user_verified_folder
2017/Ordinance No. 0157-17.txt,157-17,2017,eac07138bb9b7b80aa1e6a2b6dbd88f2be23855df14e0605d052d6183618f27c,included,,2017/Ordinance No. 0157-17.txt,1097fa482930ea9895837fb2b860e3aafe9fc036250578d85eaf753001c3d033,2017,user_verified_folder
2017/Ordinance No. 0286-17.txt,286-17,2017,74cb403f0a979358a47371c1a3437abdf05bfa4d84421aecbb27a51776c076de,included,,2017/Ordinance No. 0286-17.txt,10b36cdf2b413a187d278c6f9c2c7181f3c1cec278cddd46b5fc1424798f5c30,2017,user_verified_folder
2017/Ordinance No. 0306-17.txt,306-17,2017,2f1c2e0fbc816445ad1952d4b0bda636137fff0df70400ca7e061da278379290,included,,2017/Ordinance No. 0306-17.txt,10b8435a844f7906762cab0b85a9e2f044e202c2ae54c4a73e03e9241346d954,2017,user_verified_folder
2019/Ordinance No. 0790-19 (1).txt,790-19,2019,cf5927aef207f476181efecb227ddbf24b5b3e4c4611fa67be08a37b461c7c42,included,,2019/Ordinance No. 0790-19 (1).txt,10c09b8c0afe943b27a871e0563541696f4608c9e036fdd1bfb1dcf19928b819,2019,user_verified_folder
2022/Ordinance No. 079-22.txt,79-22,2022,d8e873ca155421e18bfbee7c954c797e16c904f7643917cb2f8d9318615d6622,included,,2022/Ordinance No. 079-22.txt,10e748b024f8df0fd5acb9603447e3a1e47485972566b0a7b656a74da2381539,2022,user_verified_folder
2020/Ordinance No. 0340-20.txt,340-20,2020,c41db403c639cc9bdbaf7c6a9ca0ec2ddeaa2a8379eba8458c65484e1bceb06f,included,,2020/Ordinance No. 0340-20.txt,10ee4f5983af5c9a15bb17a144815008f19912cc89a3c87c95bb669f972afa98,2020,user_verified_folder
2018/Ordinance No. 0479-18.txt,479-18,2018,0a71c2208560bec7ae14fb78cd618b65cbae48bc6776fe1a1ec4e5d8f5007c08,included,,2018/Ordinance No. 0479-18.txt,10f4c8403444d8946b7f29ee47335c0fb0cba483a86307c3a4e6b737c4e9b8d0,2018,user_verified_folder
2017/Ordinance No. 0348-17.txt,348-17,2017,9bf885fc7913b47d68b90f98df8c0779126398fe8a93322c653803177c3c7881,included,,2017/Ordinance No. 0348-17.txt,10fae7c8cd9ad2300d4ac85dcfac2a4e3e7165e906f03e53736c60114820d51a,2017,user_verified_folder
2017/Ordinance No. 0282-17.txt,282-17,2017,756a64a5ef51ccfc840fc70805bfa74732c7fa534bed8530fcb0fd393798ee54,included,,2017/Ordinance No. 0282-17.txt,110b0d884a3a3f4c1b9d2fcd58f30575dc482ff0303a62c56ec5485c675ed3f8,2017,user_verified_folder
2018/Ordinance No. 0472-18.txt,472-18,2018,30e4d1efad6ad020afe1901449862cd0f5ce3f49358220788b2a1008dbe4d162,included,,2018/Ordinance No. 0472-18.txt,110b4d1d8daa53e2d8fe49f970ffe86e8388709aad0399261a635daa33e2d9d1,2018,user_verified_folder
2017/Ordinance No. 0215-17.txt,215-17,2017,c3732df29e7241d084def197791eb1eb4638863f748ffff17f10944cb047ac12,included,,2017/Ordinance No. 0215-17.txt,111b3d30dd526d64ffc851296dfb5bdf6dacb51d35593f422fa11c46bc1be588,2017,user_verified_folder
2022/Ordinance No. 000011-22.txt,11-22,2022,77f2c89d8796c216dca5dcdf7181421cca4e4f8f30c40077b59a946c02fb245c,included,,2022/Ordinance No. 000011-22.txt,111c3981299e2b64a6c147adfddf80b7e4c53d3e5cae509c1af8f832dd6c5a98,2022,user_verified_folder
2016/Ordinance No. 056-16.txt,56-16,2016,5f9d4e3805435027bd36115078e7cdeebcce00f5664fb3e46f3c43de678e242c,included,,2016/Ordinance No. 056-16.txt,11543a73d3ab5646a307fe2b410be6814b44d0181de18158fcf3a1f53e638d20,2016,user_verified_folder
"2024/Ordinance No. 0412-24 -QRF, Kapalong (1).txt",412-24,2024,6ed481ea161319329d1158da82389fc175dc900be33d704dca4136663ccd5f8d,included,,"2024/Ordinance No. 0412-24 -QRF, Kapalong (1).txt",1159854a0857802af47cc9d4141de9004c23a3ddd082ce00671add90a0efa468,2024,user_verified_folder
"2023/Ordinance No. 0165-23 -Letter of Agreement, PRRI (2).txt",165-23,2023,f1773bdfd0d7e3dec543ea7086cd7b2ce4c86f9ebe5e007bc3e631629807bba1,included,,"2023/Ordinance No. 0165-23 -Letter of Agreement, PRRI (2).txt",117b745f6376e307b6560f76b565bb1a083b3a229411967619d9b600e72a2423,2023,user_verified_folder
2023/Ordinance No. 0207-23 (2).txt,207-23,2023,10f5a6b8867d66099cfd5f91a2450da5f95ec96ea58670992cbe1838752c8acb,included,,2023/Ordinance No. 0207-23 (2).txt,1182b3f422e3e92215a7dee02cca94320e799f45ef5674623e1b179803daf5c4,2023,user_verified_folder
2024/Ordinance No. 0528-24 (1).txt,528-24,2024,f7e6848b50626d0d1a1ac339daaacddb8c3d4ddf4c07e363167e0026d31baaf4,included,,2024/Ordinance No. 0528-24 (1).txt,11849eda1031f1eb5ab0b1c183ecf31f51b713b3b97ab2abc8dc163b6a921129,2024,user_verified_folder
2023/Ordinance No. 0183-23 (2).txt,183-23,2023,bdd4f0161aa65ec16ea8d323b1ad001bbf452a651989acd5bf47ed3ac2a1f059,included,,2023/Ordinance No. 0183-23 (2).txt,11c05137930164d77096e40bbd300e9b35977147a8dce66d22504da7ae1901d3,2023,user_verified_folder
2024/Ordinance No. 0622-24 MOA DOST-RO XI DFT (1).txt,622-24,2024,34e09a83aa436c6a4bc09455efbb66a683c6a8b698d4fbface278e45c1cfc30b,included,,2024/Ordinance No. 0622-24 MOA DOST-RO XI DFT (1).txt,11e00dae71b1a756014a5eb67ad865153490bdbba6b48114dd60b42203d910bf,2024,user_verified_folder
2019/Ordinance No. 001-19 (1).txt,1-19,2019,66eba65553e08751bf17bfc1cf37c5205d5912e4cf5a04c7e4ffe1c78efba532,included,,2019/Ordinance No. 001-19 (1).txt,11e1eeb0c7868d434b72bb65a8659258255a38e477b9a9cf00ea07e5b9409ab3,2019,user_verified_folder
2022/Ordinance No. 051-22.txt,51-22,2022,748964aeccb73d7686897e930ddc6d344714a6f0bb244e02b6a44f3a84aa897a,included,,2022/Ordinance No. 051-22.txt,11f7f6de5d6b89c75376f47fc631af1b7c650181bb8bbe0bb257f783d3efbe98,2022,user_verified_folder
2018/Ordinance No. 0629-18.txt,629-18,2018,68b123bd8a1a9b6c20ed139a1c3fbf18fd24a3d504b1dad888bb52e100a5d645,included,,2018/Ordinance No. 0629-18.txt,120a78089c5e94e0f81b07bdbf350048abcd87960491abdb5775fa1bd9b04a5c,2018,user_verified_folder
"2023/Ordinance No. 0350-23 DOU, DepEd Brgy. Sirib (2).txt",350-23,2023,fc31f67e0207034986e43ea7ffe1fc5c5c28d03bed00223686e5fbf71f77a324,included,,"2023/Ordinance No. 0350-23 DOU, DepEd Brgy. Sirib (2).txt",126bd16be81b50cba4e3c8e234eba7472a7881b27577aa1472069ad76367d286,2023,user_verified_folder
2019/Ordinance No. 0776-19 (1).txt,776-19,2019,b5fa5be13fa80d47f5f268c94aa990700f4a854d6efe07ce7d56045b16c8f068,included,,2019/Ordinance No. 0776-19 (1).txt,12981e0dafacadc5fa6c561559e18c0fd9fe2db0e93c208850a4b4089b75a18a,2019,user_verified_folder
"2024/Ordinance No. 0396-24 -MOA, S. Andaya (1).txt",396-24,2024,052fa4ae521268893a734a2c491c179eeeb42af5895a4bcee13cbad6e7e32ae6,included,,"2024/Ordinance No. 0396-24 -MOA, S. Andaya (1).txt",131632aff4a05c35097c67d2605c9eaf1fde42de7866d1160992e13adb259c45,2024,user_verified_folder
2023/Ordinance No. 0371-23 (2).txt,371-23,2023,0b5221d673cabcb193b5312677de74726725f5182c1ddb5545ac03abcaef09ef,included,,2023/Ordinance No. 0371-23 (2).txt,1340b04be5f6efbda96c6c100f24658d1b8bd2a5c77577c7aed957bfea9bf11c,2023,user_verified_folder
2025/Ordinance No. 0784-25.txt,784-25,2025,23e70b2700d1fdbc9f582959c315660f921794279ae2d5e3275f2a8a993ff6c0,included,,2025/Ordinance No. 0784-25.txt,135943bd664ed108d537a86e03598a36066526f85b3b91e60c86741223e87a33,2025,user_verified_folder
2022/Ordinance No. 0110-22.txt,110-22,2022,a67acb82e5ec6a328bbf4c958aeb7aa051ef26e03c5c77e64473fd42322fc008,included,,2022/Ordinance No. 0110-22.txt,13630ced27c7d3a6ab20aab3528f997d1b5c84b67fdd203ad210b9bd0b3086f4,2022,user_verified_folder
2021/Ordinance No. 0529-21.txt,529-21,2021,fc087fc6108865032f340689013bef4da233f7a77448b97925731f464ab8e729,included,,2021/Ordinance No. 0529-21.txt,137cc4ff28274b1016b524d85deed0dbf73ced6bf5adbfe1c15658d540ed5f3b,2021,user_verified_folder
2024/Ordinance No. 0612-24 QRF Province of Pampanga (1).txt,612-24,2024,38817b863bf612540ef873e30aaa6e9e978a9e4369abc850a0a6994ac64b3dea,included,,2024/Ordinance No. 0612-24 QRF Province of Pampanga (1).txt,138dea6081ae883e699d07c19b6a8c1aabd9ddb2a3522531ccc35fcf74f633cf,2024,user_verified_folder
2021/Ordinance No. 0531-21.txt,531-21,2021,feddcdbec04c561d162d751d7dc292f631932040fedd61ec7f98386dd6ac0948,included,,2021/Ordinance No. 0531-21.txt,13988df4fcc2c8fe8bf00e54d42263e7f3a3c1519ae98a38c63a09a8b8feae90,2021,user_verified_folder
2020/Ordinance No. 0330-20.txt,330-20,2020,8a58b6874d05d6f4ff7853bdd1f1ee3e190a0572ae4cc9bfceaa915c081ae4eb,included,,2020/Ordinance No. 0330-20.txt,13bbb971741b211ec5f0eb4fb20904a24f64809f7bafa8f05990b593f83cbaa9,2020,user_verified_folder
2022/Ordinance No. 000987-22.txt,987-22,2022,17bf4062230b8c074456f054e30a1a306de871cff0a32ec1fbb4374e1a61803b,included,,2022/Ordinance No. 000987-22.txt,13e541d4136654b4559a7bcdedbddaf38a8b7b8ac7f65e90fa8e8b31dcd8be43,2022,user_verified_folder
2022/Ordinance No. 0987-22.txt,987-22,2022,17bf4062230b8c074456f054e30a1a306de871cff0a32ec1fbb4374e1a61803b,duplicate_copy,,2022/Ordinance No. 000987-22.txt,13e541d4136654b4559a7bcdedbddaf38a8b7b8ac7f65e90fa8e8b31dcd8be43,2022,user_verified_folder
2017/Ordinance No. 0378-17.txt,378-17,2017,357ec3672e9f9f5aaf1bd6f3e12ecdca3943d0ee4720eb0a969472d84c52fa6e,included,,2017/Ordinance No. 0378-17.txt,140827f39c6554444afb89fc1f2a45913364fc20068da0b5a8cf3330c0291182,2017,user_verified_folder
2023/Ordinance No. 0346-23 (2).txt,346-23,2023,6e3fefb33f0644eef5827a1fd055a07c7714d75d6e08a2c69214896e145784bd,included,,2023/Ordinance No. 0346-23 (2).txt,1413325045f9cb7836be11fed833afa59a030ac7e40eca9696489e74a14004a9,2023,user_verified_folder
2019/Ordinance No. 0722-19 (1).txt,722-19,2019,7826b7b6b405b068ac803f139a28a0ea3326a511b5bd98a748830078061cb04e,included,,2019/Ordinance No. 0722-19 (1).txt,1433c495f75c3163f81ba8c11c2dc73d8f2774282349c42d0cfe585f97f1f6cf,2019,user_verified_folder
2023/Ordinance No. 0146-23 -QRF Claver (2).txt,146-23,2023,abff9b199fcb14caf79332f12517f63c36bdcc5209e562a3abe0c3ab6fa6fa7d,included,,2023/Ordinance No. 0146-23 -QRF Claver (2).txt,143c514a3712b6ab3bee4dfbe12e92a43b450450cbbcf2a9828d5fd9ab0c2eb4,2023,user_verified_folder
2021/Ordinance No. 0649-21.txt,649-21,2021,fb904fcbd32c69ae578f27ef8719f0101fe42bc634d520df28e759b9403b6cbd,included,,2021/Ordinance No. 0649-21.txt,1454028ca6e69434e720e7aaf2083a9dc5d79e2a524b381dfc3057a252b9d068,2021,user_verified_folder
2023/Ordinance No. 0313-23 (2).txt,313-23,2023,99dbbe7205d5c02fa6360107babbc929753055ea682593dd0ec92086583a392a,included,,2023/Ordinance No. 0313-23 (2).txt,147139bc206ab051d8b477f267613667acda06509b3a1478aa360b8226db08c0,2023,user_verified_folder
2024/Ordinance No. 0584-24 Renaming Lying-In Centers (1).txt,584-24,2024,bb6b33bc1f40b026bd8dafc1256c8654bc13e7be7649309567ac1c8f12b6d52a,included,,2024/Ordinance No. 0584-24 Renaming Lying-In Centers (1).txt,149725f2ac0ef6baee65144fe9b3949b3a46ed0330c77e03e9aa5c315eca91f9,2024,user_verified_folder
2023/Ordinance No. 0300-23 (2).txt,300-23,2023,d070177f49511a03bd7fbb6098b76a2315861269d5c679d061c0645fab67c6d0,included,,2023/Ordinance No. 0300-23 (2).txt,149c4ff7f60d143fa354042b40d7e17ba0473c265362481d68b34e092a92cf0b,2023,user_verified_folder
2018/Ordinance No. 0490-18.txt,490-18,2018,abf17384674382837aa1360f4f0b42d05e6d7e219a54bc89e7877e7da8a303ef,included,,2018/Ordinance No. 0490-18.txt,14bc758838feac656ed347526e04305f0b666e4a020573244a2b6f3b57a86e69,2018,user_verified_folder
2019/Ordinance No. 0742-19 (1).txt,742-19,2019,c1747ef0e97a3d3378161ed26c50aec4667ed974928f1f04a5a96c757397d404,included,,2019/Ordinance No. 0742-19 (1).txt,14bd5bedc2d9db2d7b16f65fdfd651b9bcc76dbd0f60e233ab9bf5ff21bc41c1,2019,user_verified_folder
2021/Ordinance No. 000806-21.txt,806-21,2021,aafecf33244ad8e818bbc96a59d9a2dae825e4d54aac5ada9f6e0e30df3bbce5,included,,2021/Ordinance No. 000806-21.txt,14da8fd140a5b0a440b16ad6f5896929a7b6073d6ecf4a2f6fdaecbbe42ebdcf,2021,user_verified_folder
2016/Ordinance No. 0504-16.txt,504-16,2016,0d876b50c6f95fccc39f04a955aaa599597377dd79b00b663163d3be8146e38c,included,,2016/Ordinance No. 0504-16.txt,14df879b892697736ab3365f63eb5385719cbbc5af8b1ad9587caa08b99c6fbd,2016,user_verified_folder
2019/Ordinance No. 0702-19 (1).txt,702-19,2019,d19f8b2d6eb029bb8f9182110e037b3a0f9339ee3ff6dcded261ed2da6f3af57,included,,2019/Ordinance No. 0702-19 (1).txt,150f7601dfb8b4ed72c5e5d76263090ab18f7e7d481878dc3406881ba7877d3f,2019,human_year_override
2017/Ordinance No. 0223-17.txt,223-17,2017,dbf04d09555ba1e8404ebb91d3be2b4e1bfaa8f528f0d22fc3aec5a3f2708684,included,,2017/Ordinance No. 0223-17.txt,153ee865c16a023b36a8cb7c411e52fab2d5dec5a18898ffec7e105239360e4a,2017,user_verified_folder
2025/Ordinance No. 018-25.txt,18-25,2025,cf3e571b0c9890c409056704b893974d080ad5bcbe74ad2298e71044c43e7a0d,included,,2025/Ordinance No. 018-25.txt,1544212d0dc70d47fd052de36214a1ba6d4a05842f024e978dafb60b06f358da,2025,user_verified_folder
2022/Ordinance No. 000914-22.txt,914-22,2022,1697bf20bf41a035f3eb58020e338524f851e2b95c6c7e079a9df8ca0a4c479e,included,,2022/Ordinance No. 000914-22.txt,1559464f3bf984fcfdec2b0b2055958c5e661ba157f5d9722f4c19caf58d7507,2022,user_verified_folder
2022/Ordinance No. 0914-22.txt,914-22,2022,1697bf20bf41a035f3eb58020e338524f851e2b95c6c7e079a9df8ca0a4c479e,duplicate_copy,,2022/Ordinance No. 000914-22.txt,1559464f3bf984fcfdec2b0b2055958c5e661ba157f5d9722f4c19caf58d7507,2022,user_verified_folder
"2024/Ordinance No. 0677-24 QRF Mulanay, Quezon (1).txt",677-24,2024,d7977066277100f346069ed9aa73e5fc01841f4f708874a6ac6268bac981f2d8,included,,"2024/Ordinance No. 0677-24 QRF Mulanay, Quezon (1).txt",156d7d64ed65657f542777387a2f894509a71616288a799ba9f4c8dd35616206,2024,user_verified_folder
2020/Ordinance No. 0262-20.txt,262-20,2020,ec6b26836bc433cef3152aff506ddb654cb4fa105a8de790d7dc6755c0af6713,included,,2020/Ordinance No. 0262-20.txt,156fc7a04a9c687d8d669ff718707b5a2ff4afb993db7af470168b8d973c60df,2020,user_verified_folder
2022/Ordinance No. 097-22.txt,97-22,2022,afb980f904024344eea0fa7cd21e434c82b54c80fda0f87b503d23350759cfad,included,,2022/Ordinance No. 097-22.txt,157b80d1bde4bd734ad8a2b39ed6ed970aa3ad5a2d8820dba5b5c4618de52204,2022,user_verified_folder
"2024/Ordinance No. 0671-24 QRF Ibaan, Batangas (1).txt",671-24,2024,839e51b63004f0c542df7a4043c639146e18b88d10efcd698e0bf5614b569caa,included,,"2024/Ordinance No. 0671-24 QRF Ibaan, Batangas (1).txt",159fc8c1f4c0d30e6267c32a2ae41771b587791279eb3ef3694c143515e0dacb,2024,user_verified_folder
2022/Ordinance No. 000951-22.txt,951-22,2022,182925bd506785161512c675af6f3c59b1f22bd5401ff897267e469d85eeca98,included,,2022/Ordinance No. 000951-22.txt,15a6c36c547d7abcca35cb72e11cccb56878e1b0263db87cb5b13eecf08bcdab,2022,user_verified_folder
2022/Ordinance No. 0951-22.txt,951-22,2022,182925bd506785161512c675af6f3c59b1f22bd5401ff897267e469d85eeca98,duplicate_copy,,2022/Ordinance No. 000951-22.txt,15a6c36c547d7abcca35cb72e11cccb56878e1b0263db87cb5b13eecf08bcdab,2022,user_verified_folder
2017/Ordinance No. 0272-17.txt,272-17,2017,274fae0cd5afdcafe063fd364190d3331c3bcb6b07e910705916235f85ef8a4e,included,,2017/Ordinance No. 0272-17.txt,15c6f698f5281c1507e3ee16a146917998d3a275bea8f2d146926dd2d85bc035,2017,user_verified_folder
2018/Ordinance No. 0611-18.txt,611-18,2018,f79805e18cf3c066faf99a8f33f9775b49b33d64f9399cf83b0a95fa2b029100,included,,2018/Ordinance No. 0611-18.txt,15d9ea6796e79124c0d75238a2cbd7e96d650fd6e341b6808f2f89b134382bc7,2018,user_verified_folder
2018/Ordinance No. 0427-18.txt,427-18,2018,6d6b4c84153b0ef40184b624a0063915a45124fa9bd399371717b4c8e51b18cb,included,,2018/Ordinance No. 0427-18.txt,15e8742e856cef0e18813e2ff91857dbe27f6c063c81e51188d1936975ffecb1,2018,user_verified_folder
2017/Ordinance No. 0296-17.txt,296-17,2017,0a9eb33d00684cf864cb2adc29985fc7b7828bc1145a10d60527767b9085a103,included,,2017/Ordinance No. 0296-17.txt,160cd68b7457bc7245aaabaf25046490c71cf05e2ab500066c60bc0a291f8701,2017,user_verified_folder
2022/Ordinance No. 094-22.txt,94-22,2022,172014954cfea76b447d101b472cf36969d332e73cac55859503f2013a4fd853,included,,2022/Ordinance No. 094-22.txt,163db9d1750c8c179971cecb8f695a0eb94fecca29457e0b918e9e9468e31d30,2022,user_verified_folder
2017/Ordinance No. 0305-17.txt,305-17,2017,296a110eb3b6c9dcc4ab99c48656747a3f04d5656e2f2095f6852d45a5157b9f,included,,2017/Ordinance No. 0305-17.txt,16535d8391413e7448152ac5e979303dc9af7c74b58d668861b158009e201d68,2017,user_verified_folder
2022/Ordinance No. 0896-22.txt,896-22,2022,4c870d7a5d93b710e6680f4ed3b629d5ecae99078b8a79d37a7fea84ee27d61e,included,,2022/Ordinance No. 0896-22.txt,165a74730997c29d1e5caf7992e581af52a60ab1b64ae51b4dbd14b9ea741bdd,2022,user_verified_folder
2016/Ordinance No. 0485-16.txt,485-16,2016,ad054779d474b59ccbd7e04611743c64053db8ffddf3873406524f4b1b837d0e,included,,2016/Ordinance No. 0485-16.txt,1683c5940061eada6d9606512806ec3f2c79aa11d541b483c93945656acaa9c5,2016,user_verified_folder
2017/Ordinance No. 0162-17.txt,162-17,2017,18bc8a457c3e3fd9fa8b8898d0cbc3f6a95fce55cc2f2f4bfce266e7490e99b2,included,,2017/Ordinance No. 0162-17.txt,16a13de5fe7cdee973e8d3aa7f8c3077ee100435bda6a24f7abd54e55782bb39,2017,user_verified_folder
2024/Ordinance No. 0507-24 Addendum DOAS A. Tohoy (1).txt,507-24,2024,b4978f71f26321edf07b2485e6a5db621b8e74db28525fcec17bb0da3565d44b,included,,2024/Ordinance No. 0507-24 Addendum DOAS A. Tohoy (1).txt,16b0237457a5c8fa61064e2f3fc65122fb1b120636be81464ac73c220100179b,2024,user_verified_folder
2019/Ordinance No. 0784-19 (1).txt,784-19,2019,62e65eaab7ac5defa57dcf8454f131d5c0873306b3a39e97447ffb435f3c0a1c,included,,2019/Ordinance No. 0784-19 (1).txt,16c1c52ab423472129e7fa2896d2f76a1c259f6f9ede4f0075ab22781b201b68,2019,user_verified_folder
2017/Ordinance No. 0213-17.txt,213-17,2017,746fa50be6927a25c442e515c3d26568c71d69c8055fb77a23cc08b4486a1ae0,included,,2017/Ordinance No. 0213-17.txt,1717c453d7e2d076bf10db3692d9bfb72e6fc0dc0b913d88893b6c8ac1d4ab79,2017,user_verified_folder
2019/Ordinance No. 0155-19 (1).txt,155-19,2019,1f6340a9e2194acc7bc0272d71cbed429163e86716cd5852b903b051be349a3f,included,,2019/Ordinance No. 0155-19 (1).txt,171b3ac6ae8fb6b8ba6519e48872caa5151f40c6934dbeb9f126782026c4a542,2019,user_verified_folder
2016/Ordinance No. 062-16.txt,62-16,2016,df3ed848a210d9782e422198ea95b864be344dd26eae0768651b364d55ea11ce,included,,2016/Ordinance No. 062-16.txt,17540d02c3dd321b0c459e3d56e38ca1c06cca35d93cd93f6239a018eff40f92,2016,user_verified_folder
2023/Ordinance No. 0254-23 (2).txt,254-23,2023,6041795f11b2e4667e1435b9da112e8d9178c8b68dd56753fe5a9f97608f0356,included,,2023/Ordinance No. 0254-23 (2).txt,17a39618294d2a506e19a66f9ea11ca9dbcefcc7cfec86556a26d4f5bda9cf3d,2023,user_verified_folder
2024/Ordinance No. 0493-24_MERGE WITH DOS (1).txt,493-24,2024,b63ec5adb341a1a61f41da262a94f4f3f34d0986c427dd1d036760a59ca2fd6d,included,,2024/Ordinance No. 0493-24_MERGE WITH DOS (1).txt,17b2764773061e034cb345112b290072c1df30004d5dfc081ad961fb7371561c,2024,user_verified_folder
2019/Ordinance No. 040-19 (1).txt,40-19,2019,da67987c6abd4762733c42187bbd73bc078dfc47c81cb45399fd74dd040fc1b7,included,,2019/Ordinance No. 040-19 (1).txt,17e6eccced4332baff9496f64f5e738314dbccb449b80ab931c2b7afb4f17430,2019,user_verified_folder
2021/Ordinance No. 000781-21.txt,781-21,2021,61fcbd96afb2e88cd6c03bd03f92ec2cc4abd7b69a236e97bb3711eac1806687,included,,2021/Ordinance No. 000781-21.txt,17eb3efc313346db06eb7c26a55163fc5b8f2eb953d6108286f4df0160d23f91,2021,user_verified_folder
2018/Ordinance No. 0422-18.txt,422-18,2018,8eb2eb0a393100e6ec246fd3de5d5b523db6640f47cbb0a7d2b28be0e506be6b,included,,2018/Ordinance No. 0422-18.txt,17fdea32a009268c49c3bdbb980e49d4f706e8c2b5a90d0156fb345dbc148ddc,2018,user_verified_folder
2019/Ordinance No. 000832-21.txt,832-21,2019,08255db9e83089f62101235ef09ad1e1ab404d58eb908301fbcf5b8cffd70743,included,,2019/Ordinance No. 000832-21.txt,18216e5644b663eb4391f6a6d7162808494aa85f4ffc9cc758855019b01ee92e,2019,human_year_override
2021/Ordinance No. 000832-21.txt,832-21,2021,08255db9e83089f62101235ef09ad1e1ab404d58eb908301fbcf5b8cffd70743,duplicate_copy,,2019/Ordinance No. 000832-21.txt,18216e5644b663eb4391f6a6d7162808494aa85f4ffc9cc758855019b01ee92e,2019,human_year_override
2021/Ordinance No. 000840-21.txt,840-21,2021,6a811bcdbc9d5b360a2bf95114da3c26d5beb65bed94bff89beb2446944e350b,included,,2021/Ordinance No. 000840-21.txt,18644bbc94f2aa5e97ab7467db036d4bd8b0a9040e3214523f4ce1a6340cc791,2021,user_verified_folder
2016/Ordinance No. 016-16.txt,16-16,2016,9d613e83bf2997cb718fe08b13f7d843cada6b248bab7743ccd133c03845f194,included,,2016/Ordinance No. 016-16.txt,18b6f830ae7d0708c7563b4f78cc9d9418b67ca425d1612cc257add53a9929e4,2016,user_verified_folder
2024/Ordinance No. 0617-24 CSWDO Functional Chart (1).txt,617-24,2024,a4bc87298663b266253e6306052a333f2431ffd81074e0df0f9492a21cc86255,included,,2024/Ordinance No. 0617-24 CSWDO Functional Chart (1).txt,18c04ba0b3aaa5c321c6e139ded5b16c81ff4f0a7b9e0f07eb998239288aba56,2024,user_verified_folder
2017/Ordinance No. 0174-17.txt,174-17,2017,e9bb6e014d9386979bbd09ca4764dbd48eb5c3facdb6d27299053dea71ec0987,included,,2017/Ordinance No. 0174-17.txt,18cb3e8d9d7ddddcbaa3f7ce7d2d56a244128618fb05c0d4d19a1dda95cf495d,2017,user_verified_folder
2022/Ordinance No. 000007-22.txt,7-22,2022,3f7675f6ad96753556c76a94f2939e7c00c70c5bbb2882f3dd5ea666231d0c07,included,,2022/Ordinance No. 000007-22.txt,18cce7ad2f375297b761d8f7cc05108c49427c824c6a887d5d8d550e3d019abb,2022,user_verified_folder
2022/Ordinance No. 0869-22.txt,869-22,2022,04edd7b749d618d7997e2a0231ea4663dfaab247d8b95a14c6a9d546c2f0e516,included,,2022/Ordinance No. 0869-22.txt,18fc042141a4a05af5022fe50db6455ecf9fda34b37a1f244fb736928ac9187a,2022,user_verified_folder
2022/Ordinance No. 056-22.txt,56-22,2022,ea45b2137b43dc79f49178b819082d16f7ea8cac04cdf1cd2e36d443ac16a573,included,,2022/Ordinance No. 056-22.txt,19250baa4cb1f13802927cf8427f0142fe06b2eb8c95a4b93b6d5f2ab8f3661e,2022,user_verified_folder
2019/Ordinance No. 0108-19 (1).txt,108-19,2019,70ca278cfd3f73d9264391d1b3197f6b92b0300337099c98000a0f89e6c5fcb2,included,,2019/Ordinance No. 0108-19 (1).txt,194b549e426c923084ac227d76bc08590260af55464f304fc7890bca7474336a,2019,user_verified_folder
"2024/Ordinance No. 0589-24 QRF San Mateo, Rizal (1).txt",589-24,2024,3fe299d6cdceb316b993daad499a83a62d16040619b488ae390df5431b82305c,included,,"2024/Ordinance No. 0589-24 QRF San Mateo, Rizal (1).txt",1958b95b94e168d638c773ce447d282b2b04be684c24efb8f7e9083de286d18c,2024,user_verified_folder
2022/Ordinance No. 000940-22.txt,940-22,2022,d6411cdc713cd4941c37067697458e5a82efca2cb4546dfb011ac656b064ad08,included,,2022/Ordinance No. 000940-22.txt,196034cb42a19c03f2474d63304094aa867cf053d0c1a99c39a70ebb0b0e87f3,2022,user_verified_folder
2017/Ordinance No. 0363-17.txt,363-17,2017,7833393eef5fc5bdcd675ec5ea9b5da411915f9deb1402cca1a5f849eb30ed39,included,,2017/Ordinance No. 0363-17.txt,1985ca78295b274f0ed0b4a729db912560d6737b0b63a3424615453319ef5e22,2017,user_verified_folder
2023/Ordinance No. 0177-23 (2).txt,177-23,2023,d118f710750992e5180d8ff619a352a1cfb323955a9f1b801143ae44f05ad581,excluded,no usable text after deterministic extraction,2023/Ordinance No. 0177-23 (2).txt,198c2c660b666602ad491ca390337b1a7958c936840ad7d3e3fe42d22ff15b5f,2023,user_verified_folder
2016/Ordinance No. 0121-16.txt,121-16,2016,e406f5cd879ceb388dae297dbef33be9e46294a73146b3593feb3542f39f4423,included,,2016/Ordinance No. 0121-16.txt,1993a790481e2a3e0b2c5beeddb1def050b1eba4919ca3eb5bb0f359a95e64e2,2016,user_verified_folder
2019/Ordinance No. 0727-19 (1).txt,727-19,2019,46935d199046c9986bc3466e6d635d8fd303e2859369aa23a0b58b4539a4e541,included,,2019/Ordinance No. 0727-19 (1).txt,199482f0c971e4d031275fadcc71b244a037f577de40c477f1ad62379fedec49,2019,user_verified_folder
2022/Ordinance No. 072-22.txt,72-22,2022,a69ccaa521df267ca19d5f9c7899d2c26d504eec6815bd25ffcdb78e844f705a,included,,2022/Ordinance No. 072-22.txt,19a09378f5d3197a27b36fa48947ba6f1a2185821d878213cb138f4efc710213,2022,user_verified_folder
2022/Ordinance No. 023-22.txt,23-22,2022,d3efe419dc9013ec2cecf5e2f93db1f14d664f935dde9b3d0f9ac45ffd9c08b9,included,,2022/Ordinance No. 023-22.txt,19e9e28862974be1dc2e40bb0351baacc8576d8eab36d22faf79edc89a86d85b,2022,user_verified_folder
2018/Ordinance No. 0436-18.txt,436-18,2018,de1b609154a349ac1097f63dcb95bcf4cbdc91e4d1600bd458f279f3c0572434,included,,2018/Ordinance No. 0436-18.txt,19ebc44a8bbe6fcb2e4c23b21362ff6acfb69c5cd7096ecea7d212a666919b33,2018,user_verified_folder
2024/Ordinance No. 0552-24 Dabawenyo Dcplinado (1).txt,552-24,2024,8f699481974e596d73712cab9df4e1ba7bccb5e008bd97c7de4598d7627293fe,included,,2024/Ordinance No. 0552-24 Dabawenyo Dcplinado (1).txt,1a0b464f1cbe823d31bc4ba2bc31cfda5fcb3007ed0c578c3df0bf0740817deb,2024,user_verified_folder
2024/Ordinance No. 0439-24 -QRF 15 LGUs (1).txt,439-24,2024,d9aeb51cae373530f1cf70549c2a5fb9c3d344e55e65ff2b77216638e139b8aa,included,,2024/Ordinance No. 0439-24 -QRF 15 LGUs (1).txt,1a15075eeadfb5112d30f8e3b52fcd330ed760fe9d96680fb1c69acafdaa3099,2024,user_verified_folder
2021/Ordinance No. 0637-21.txt,637-21,2021,ab149f258e81c3bb2e36df22cc6d0cd7ca82836249223bf8c1f54a082a674671,included,,2021/Ordinance No. 0637-21.txt,1a471ab86083864d13a6ca45e49e0f6fbb8fc30d0008df795e3d3c63aa6ebde1,2021,user_verified_folder
2023/Ordinance No. 0189-23 (2).txt,189-23,2023,94a078338a965e23ee76c25494eb3db6ebf5c3d57a7a061a1bdcb0ed2a03df24,included,,2023/Ordinance No. 0189-23 (2).txt,1ad4d4ea5c0d742d7380427d152225ece090c986cedce18965c07779c72a6e3c,2023,user_verified_folder
2020/Ordinance No. 0230-20.txt,230-20,2020,a059bfc5920463ea385a07a45418a87cccd1949feb58a8d288d114347038ecc2,included,,2020/Ordinance No. 0230-20.txt,1ade3ee5ab8d0d4aad85cc49b95476502311fcc28127ef611687568e4885fe5f,2020,user_verified_folder
2023/Ordinance No. 0153-23 -ToP DOH-CHD (2).txt,153-23,2023,f12c2d9afd0b010905ea98967d4f64f5b78be6d235709db9546366c2cff3f253,included,,2023/Ordinance No. 0153-23 -ToP DOH-CHD (2).txt,1b8cb2afb5b03d9e0c230bb6405e3442231dd2dcb0ffb31bb64acb26a0f104f5,2023,user_verified_folder
2018/Ordinance No. 0643-18.txt,643-18,2018,661de92098af8dcfd557ef2c0c6f17f6c008aa2d38319b312d28aa207796c6c0,duplicate_copy,,2019/Ordinance No. 0643-18.txt,1bace4aff1d5deb548fac71c1a99e24ffd5acb8b5a3deff1f92842630c5b4e85,2019,human_year_override
2019/Ordinance No. 0643-18.txt,643-18,2019,661de92098af8dcfd557ef2c0c6f17f6c008aa2d38319b312d28aa207796c6c0,included,,2019/Ordinance No. 0643-18.txt,1bace4aff1d5deb548fac71c1a99e24ffd5acb8b5a3deff1f92842630c5b4e85,2019,human_year_override
2018/Ordinance No. 0412-18.txt,412-18,2018,2f4a198fe64019d8599f740aa0111506ec3fa0b69f7c2889af45bf7050bfb557,included,,2018/Ordinance No. 0412-18.txt,1baed71406fb3fbfab703ed93fc83a9361d51c320c1c9c7c22c12daaa07dc47a,2018,user_verified_folder
2019/Ordinance No. 004-19 (1).txt,4-19,2019,d5dcf45394c440668d2948af5725244ec28026ebcc21acfcd14603ffeb4953d0,included,,2019/Ordinance No. 004-19 (1).txt,1bbfda0950a19b135dd88e8dd559f75ba525c7d8d4091996a534d583ee9c92fb,2019,user_verified_folder
2024/Ordinance No. 0709-24 Restructuring HRMO (1).txt,709-24,2024,94aa0718f716dbc42703d25493396929266089b2896834e8f5922b1c1df45bf7,included,,2024/Ordinance No. 0709-24 Restructuring HRMO (1).txt,1c3adca542ff66fb834637bb683a8730d85554e520861da3059dc8cfb4c35f8c,2024,user_verified_folder
2016/Ordinance No. 0116-16.txt,116-16,2016,5ad4f4b4f12b393881a751f0ac9b13e263bb27a3d027e84cdc98e9ca701bcaa1,included,,2016/Ordinance No. 0116-16.txt,1c3edd74990f2a1a3012f2a5d1c6238876061dc904574bbdf77d6687d13cdd02,2016,user_verified_folder
2022/Ordinance No. 0135-22.txt,135-22,2022,79c8dfa5179d10c862a51e4bc75348fb211d72dc90097791f518cd003808b2c6,included,,2022/Ordinance No. 0135-22.txt,1c4b95ccb097869c831c70ea337bd83e4cf7b297c00e41c1f82ab7abb2367773,2022,user_verified_folder
2024/Ordinance No. 0702-24 (1).txt,702-24,2024,2358b1afb6649852c22ef6e488febe6c048e3cef0603f310c51b7cd9f5afdcdc,included,,2024/Ordinance No. 0702-24 (1).txt,1c85d7e126a100e80e8e2584a478562e68541bdb2c609afd641a95467634652f,2024,user_verified_folder
2019/Ordinance No. 0129-19 (1).txt,129-19,2019,5e0fca7dcac176ed71d61be4e666689cc4452550d0a909fe2419eab59896c928,duplicate_copy,,2020/Ordinance No. 0129-19 (1).txt,1cba4cfa26d139e777986c0de4e195bff482dcd78dc7b82f62e3e8bf5f8a6833,2020,human_year_override
2020/Ordinance No. 0129-19 (1).txt,129-19,2020,5e0fca7dcac176ed71d61be4e666689cc4452550d0a909fe2419eab59896c928,included,,2020/Ordinance No. 0129-19 (1).txt,1cba4cfa26d139e777986c0de4e195bff482dcd78dc7b82f62e3e8bf5f8a6833,2020,human_year_override
2024/Ordinance No. 0389-24 -MOA Advanced Infinit (1).txt,389-24,2024,96fad8f1a2828b133eea80faaa1bd7e213a0bd9777f10ee7c2b035e594cc45d1,included,,2024/Ordinance No. 0389-24 -MOA Advanced Infinit (1).txt,1cccf7d8a8dad35ecb02313ec62380963b0311afacb1dd9c3c7b4c8de0ce5acd,2024,user_verified_folder
2023/Ordinance No. 0148-23 -QRF Brooke_s Point (2).txt,148-23,2023,c87f2704c970d563b6a8eabf55ac75830186fe55e91e83cc8ab269fd410fa79f,included,,2023/Ordinance No. 0148-23 -QRF Brooke_s Point (2).txt,1cd304009562e51fbdc26a88b7457497729aba6702f204f7b6e62faf50804345,2023,user_verified_folder
2025/Ordinance No. 0739-25.txt,739-25,2025,599028f708397a01798c38012a68b250df6338a00c07bdd11896d50dfeffa455,included,,2025/Ordinance No. 0739-25.txt,1ce19b524a5d15af412c3cf90c2c78b9e5203521b247ef7e0e9a8e0e8071c9d0,2025,user_verified_folder
2019/Ordinance No. 000766-21.txt,766-21,2019,49ab767ee20b14ba5f24b9bb2e85c27a550f315df79872d953ccf3e12eacaeac,included,,2019/Ordinance No. 000766-21.txt,1d1512f4d6dda02accd902a3a671131c0ecfa02093a38c03e6a16a30368a7661,2019,human_year_override
2021/Ordinance No. 000766-21.txt,766-21,2021,49ab767ee20b14ba5f24b9bb2e85c27a550f315df79872d953ccf3e12eacaeac,duplicate_copy,,2019/Ordinance No. 000766-21.txt,1d1512f4d6dda02accd902a3a671131c0ecfa02093a38c03e6a16a30368a7661,2019,human_year_override
2018/Ordinance No. 0428-18.txt,428-18,2018,47578ffc58372fd9bfdf8537765cf39d4a872b10d7ce6e775d971d64ae2ea794,included,,2018/Ordinance No. 0428-18.txt,1d412d7827a1d8152907e50e7e5f5c87927d0ecc2e4913a721379492e9e6aebe,2018,user_verified_folder
"2024/Ordinance No. 0656-24 MOA Therma South, Inc. (1).txt",656-24,2024,087e44bc81bda3d8f69e6b926c6b86bb95cbb309568dc900deb84a13c344e928,included,,"2024/Ordinance No. 0656-24 MOA Therma South, Inc. (1).txt",1d9ea3074b1cebfc3a9196a8aa29b59432995ddfd523cdaa9c14304a8f685faa,2024,user_verified_folder
2020/Ordinance No. 0298-20.txt,298-20,2020,c7acb8506ba49a91c0bac4dcd10cbc063c5d972797b67c496a63d2f28f01033f,included,,2020/Ordinance No. 0298-20.txt,1df9931f579116602bf096039c660998d2153ea6cf710fb90911cbe488b5978c,2020,user_verified_folder
2025/Ordinance No. 0789-25 (7-14-25).txt,789-25,2025,bab2a5a961248e1099f3c1fda8449611362b4f3aca820bfd89f53103c11dea14,included,,2025/Ordinance No. 0789-25 (7-14-25).txt,1dfb2de798b72c487c6ca072b19daf1395cd1139c89f4b5ac17235c065141acf,2025,user_verified_folder
2019/Ordinance No. 052-19 (1).txt,52-19,2019,cfc593fc3f9333df3e24c3d8e3c34f3cddddddd77e96268d514401a0e499e6d9,included,,2019/Ordinance No. 052-19 (1).txt,1dfe60e8f4a6a4814d6798a757c92ff506266d328c5bbeda1bd76ec679da04fa,2019,user_verified_folder
2016/Ordinance No. 0137-16.txt,137-16,2016,a2de18f4926c444312760dfd7bd1cabad16f0a6ec54a91a3d158f69d86aef877,duplicate_copy,,2017/Ordinance No. 0137-16.txt,1e01daa52cdb1492f34a9ecf472970efcbe0e09e3c9e97a8af6092abdb8859a9,2017,human_year_override
2017/Ordinance No. 0137-16.txt,137-16,2017,a2de18f4926c444312760dfd7bd1cabad16f0a6ec54a91a3d158f69d86aef877,included,,2017/Ordinance No. 0137-16.txt,1e01daa52cdb1492f34a9ecf472970efcbe0e09e3c9e97a8af6092abdb8859a9,2017,human_year_override
2019/Ordinance No. 092-19 (1).txt,92-19,2019,ddd937cdf17f64926dff385ef7d695c5476ef3eb5ab6ff99de7673583bebf2c4,included,,2019/Ordinance No. 092-19 (1).txt,1e02fe4a85281d78d1e2122c8c0a03d3577e3de3b4718bfd5bdefc7c3a4c727a,2019,user_verified_folder
"2024/Ordinance No. 0437-24 -MOA, San Pedro College (1).txt",437-24,2024,736250432ce08d468f400ed9edb7ee94ab61736d1621c2d7a60c89fb801af7a3,included,,"2024/Ordinance No. 0437-24 -MOA, San Pedro College (1).txt",1e05d26552a3a210da97955aa22c8c794544abb4df572604e3620b4d28df1992,2024,user_verified_folder
2016/Ordinance No. 027-16.txt,27-16,2016,50fba7af5cd1061ad5bf33d70c4189809652275d70f2f22046104752b8b1f3ba,included,,2016/Ordinance No. 027-16.txt,1e415a3041d34faf8625786caccebf4dd41373fa4951ff816f8cd8e1e68b0c5b,2016,user_verified_folder
2019/Ordinance No. 0761-19 (1).txt,761-19,2019,2f08e6795267f97194b6e5879eaa6aaf47930e1b70a14666515a16d335fcfa65,included,,2019/Ordinance No. 0761-19 (1).txt,1e454f8221395d2e649ea52516620c62f3077d06947f3a9e28c9f7e0c55d7e26,2019,user_verified_folder
2022/Ordinance No. 024-22.txt,24-22,2022,0140448b37831b8e81ac6d4bc8c48c5651c4936eba4ef31c9ad7116059cf6865,included,,2022/Ordinance No. 024-22.txt,1e569f565ceea248d6d19334a0fbeac5e82009c45d0868c91e90d4f54ae2d873,2022,user_verified_folder
2021/Ordinance No. 0617-21.txt,617-21,2021,3f5676e49357b3ba1b1f3c8033069fd68e3010b7410e8ee1300b90edd2978f10,included,,2021/Ordinance No. 0617-21.txt,1ea9ff82f4e158a0ecc7955615c4ce7f3a75c1b3ab4488ac1eb5749cece22318,2021,user_verified_folder
2023/Ordinance No. 0270-23 Speed Limits (2).txt,270-23,2023,291753dccf80a3a42159e0a437a6534577590443e386378036146bb2b734794d,included,,2023/Ordinance No. 0270-23 Speed Limits (2).txt,1ed4144bc50b3e8bb411c53a32868e5acebf89136cf6a403b8aa8b14e3ac99a5,2023,user_verified_folder
2020/Ordinance No. 0265-20.txt,265-20,2020,995d9b5693a723a3f1e810108c9fc7d7b249e4c00403ba4cd04cfef7956a9aa4,included,,2020/Ordinance No. 0265-20.txt,1ef3900a6cce61dce160fb2cf1f2ca10c4d14b56457d670969b7c440546b6068,2020,user_verified_folder
2020/Ordinance No. 0176-20.txt,176-20,2020,08622713c7d68eddd63817f725b2d11fbdc23a27b7ad21884765ca951504ef29,included,,2020/Ordinance No. 0176-20.txt,1f1766782cf54a4bb91e88a599af969cfe4965ec888715fdcd79f371a3e59b83,2020,user_verified_folder
2022/Ordinance No. 0959-22.txt,959-22,2022,7b470fba6e065ad7b3e87722a9b77e715739523e72dc16fda6c5496eb92983f3,included,,2022/Ordinance No. 0959-22.txt,1f2010c483d5e783cd8ff83bd939321775a1ba90320d814ea3772435d3df6230,2022,user_verified_folder
2023/Ordinance No. 0198-23 (2).txt,198-23,2023,7a404638e40fef5dae9d0887739d679f773555530967bdde4956e801df13729a,included,,2023/Ordinance No. 0198-23 (2).txt,1f7113383b834519a2a03198d5cced5d854261d1c460f6c79e48f07c34eb6b41,2023,user_verified_folder
2022/Ordinance No. 020-22.txt,20-22,2022,b0737a192946d41202e9cf15fea8ca57ae314c07fa0bf7e92e646f92e50b7d08,included,,2022/Ordinance No. 020-22.txt,1f783ea3a3b04c10926330637e8b41214062f263200efd1fbf7137df222ae5e4,2022,user_verified_folder
"2024/Ordinance No. 0703-24 MOA, Tagum Doctors College (1).txt",703-24,2024,7dce180164573b6d44fef36fcba55e435a907d21b47c2daed8fce739e7008c60,included,,"2024/Ordinance No. 0703-24 MOA, Tagum Doctors College (1).txt",1f7c6452b8b8f757f750af63aaf6bd002163bf087b7547ed6dd3e3249cab9877,2024,user_verified_folder
2024/Ordinance No. 0723-24 (1).txt,723-24,2024,5456cbe53653fbbb79193c40731d817860ceb10a622a59939282a269b5ab82e1,included,,2024/Ordinance No. 0723-24 (1).txt,1f81a3ae079f6b331568112e9d1df20b56bb2bed8d1e9c9b9d2a774bd89b5f7d,2024,user_verified_folder
2017/Ordinance No. 0177-14.txt,177-14,2017,2f535ffc86e2bbb554c9ad31f0795c4ddd4bfdc4f7622fb848c9d1f179c9fa63,excluded,outside 2016-2025 after human date correction,2017/Ordinance No. 0177-14.txt,1fa35e31d75da1bfe7ed68fce4006be2eb23d5f585cc8d4c84635a9746c813f0,2014,human_year_override
2017/Ordinance No. 0151-17.txt,151-17,2017,dbd3f70157d581d145dfa9740afba2cd36244433f8874c9e8d7d24f219ba8d1f,included,,2017/Ordinance No. 0151-17.txt,1fc37b8c259759356692da90302c96d56daa7ba43fd0e44d073918254522b5b0,2017,user_verified_folder
2019/Ordinance No. 0105-19 (1).txt,105-19,2019,0824430d8fe9bc07cb0a3afb01e7480ef2605cb0c488be46e58b6d6f8cef0c93,excluded,outside 2016-2025 after human date correction,2019/Ordinance No. 0105-19 (1).txt,1fcba4dbe8ee1af5d73eeeae069f39d62b13445c6ff86edc64c9b428d68c75be,2029,human_year_override
2022/Ordinance No. 0997-22.txt,997-22,2022,bdfd70d5380ab86a755b21b592cb96895ca16237911d026dc6641be55545cee3,included,,2022/Ordinance No. 0997-22.txt,1fd3872033d4333cf7b71f2ef338dc7b99301a6ab0b56a2cbeb3dd1d91e375d6,2022,user_verified_folder
2020/Ordinance No. 0324-20.txt,324-20,2020,277ba027ecfb7f23c31b74471613ab9e71e16db1f27339bc5c71299bb1fac9d6,included,,2020/Ordinance No. 0324-20.txt,1fd4bf3d19daeeaef3e270ae149c285dda383e9d89b3806576ecf7881a3f295b,2020,user_verified_folder
2022/Ordinance No. 0870-22.txt,870-22,2022,72ad79ddc5ad4ad73a287e17e4ed6e2a5838791eae394016312fb9db91082133,included,,2022/Ordinance No. 0870-22.txt,1fdeae0a1e5ec74b3bb1bdce9fb19dd8f0804180edd96b89294b97520cda262d,2022,user_verified_folder
"2023/Ordinance No. 0164-23 -MOA, DRRM Enhancement (2).txt",164-23,2023,b159e3627ef53ff7b7ecbf71a9186574b3da596b721c3935748c5844d57df184,included,,"2023/Ordinance No. 0164-23 -MOA, DRRM Enhancement (2).txt",2000b0c1da09f9d66bc1f09ccb4dac5d54af2c323609724c92c77c445e19446b,2023,user_verified_folder
2023/Ordinance No. 0209-23 (2).txt,209-23,2023,c111f7ab87b20071f1d1fd5e582917db8b3494afd10bad2804b10ab7cac15c34,included,,2023/Ordinance No. 0209-23 (2).txt,20045a292d964545344049457b55e832d083abf326d83b364a8788bf457ba6f9,2023,user_verified_folder
2018/Ordinance No. 0399-18.txt,399-18,2018,1e00e9e7b1707c9daaca67bb94325fd0585eb81501f9426b4d679908179541f7,included,,2018/Ordinance No. 0399-18.txt,201daf3c30d1c616b9bcc8311d6928276b5f651bac62f6450c9635bc5dff58d8,2018,user_verified_folder
2021/Ordinance No. 000823-21.txt,823-21,2021,789af2de7d97481f1897451852361fb4cb28d05c6dd3d1c5125fc2c4df67e88f,included,,2021/Ordinance No. 000823-21.txt,202ac3618947a5faa59391bba1ece9ea7fc3bf54606c666f8a77b4f25e076985,2021,user_verified_folder
2017/Ordinance No. 0269-17.txt,269-17,2017,fa0ff9d96e747dcd15247ff1c4fa9c35c1b77996aa571926605066ca9f5bb3bb,included,,2017/Ordinance No. 0269-17.txt,20c8e0682d933d578d4aa96493a05375a6e350a24292c93055c76b9cb8d6a38e,2017,user_verified_folder
2016/Ordinance No. 003-16.txt,3-16,2016,823b44c26e042bc78ce91b42ed7556450c0332dec9bf77cabf688dba7e8afcd0,included,,2016/Ordinance No. 003-16.txt,20cbea3bb7d0e12c20edc1c6f4e9ca03563ed8d921f192f8ccbf9ed458c31b60,2016,user_verified_folder
2018/Ordinance No. 0396-18.txt,396-18,2018,3eb4e66420e6dc3e14714280d65974613627ee8c111a630364b623647c9463ad,included,,2018/Ordinance No. 0396-18.txt,20f5b3cb59659fb882ad7ac95b8f844f5b4e76537a6a8c45d7f6998597204ae5,2018,user_verified_folder
2021/Ordinance No. 000755-21.txt,755-21,2021,b82b2891da10b4d8dde4282f6a8369c7639d5883e71684172b06c55b1ee43734,included,,2021/Ordinance No. 000755-21.txt,212b122c16394bcfcf6f202efd0c228612610757c05132264b27cef9393d2586,2021,user_verified_folder
2019/Ordinance No. 029-19 (1).txt,29-19,2019,029426de94652370aade62478bdd1f07ffa24da33bdf516dbb3b1321dd11fed7,included,,2019/Ordinance No. 029-19 (1).txt,21619551ed2380367a9ef8bf862c9f2590ba4ae29c17c4daf228c2e8f12d44fd,2019,user_verified_folder
2016/Ordinance No. 0477-16.txt,477-16,2016,7c2c6e55594c2bc50b16b2547e1c683c8b13d995c135d702a308f7da73a53677,included,,2016/Ordinance No. 0477-16.txt,21987591dc449b0ec998d5588d8ad9e78e1323c48aaa0f7afb6c4d4ff6ca963c,2016,user_verified_folder
2016/Ordinance No. 0521-16.txt,521-16,2016,e29361892d83557a715271535dc4e434b663c90223e031dabdd37da6c7bb9c95,included,,2016/Ordinance No. 0521-16.txt,21d6f7ca38b09af10aea4c89f6755898473acc91033906e20a73e10b469c4a26,2016,user_verified_folder
2021/Ordinance No. 000815-21.txt,815-21,2021,c8bd0af394e01ea9935ac6d7f0bba45b3f8d3d91738bad56bd9e195d337a8b64,included,,2021/Ordinance No. 000815-21.txt,220343ec8281b07e217620a51f7a00e2714d297e374fe95da7741f7a1bba6216,2021,user_verified_folder
2022/Ordinance No. 019-22 Amendment Agri and Biosystem Eng_g.txt,19-22,2022,9847df70c07caab141d9b603044393bc7e963ebfee08e11de621ecfce95a5d52,included,,2022/Ordinance No. 019-22 Amendment Agri and Biosystem Eng_g.txt,221e81cf0983884cc387d0b4087bdab453ab455c93f2edb88b29809867c55d7c,2022,user_verified_folder
2022/Ordinance No. 003-22.txt,3-22,2022,c66d77739d6d16ad93adab06c6dcb6ea2f6c81b3548a10b9104099c8969860fe,included,,2022/Ordinance No. 003-22.txt,22204af08843846d6449d05b98ee02299beeb3dc6afaabeb2a30d39036f06f95,2022,user_verified_folder
2018/Ordinance No. 0595-18.txt,595-18,2018,206d00b1cddd2ceb6fcaa542ae4d5c4d6f2324da317395fc96b11a7fa2bceb30,included,,2018/Ordinance No. 0595-18.txt,22536a3bc1f6c452d97fa9f3505b1702896c7937c58fbbccfc2fa1157ade71f0,2018,user_verified_folder
2017/Ordinance No. 0176-17.txt,176-17,2017,d84fcaf09f8af2d7f87905b8b0130fc409a46ad3aacd11f983ed94bce6787d81,included,,2017/Ordinance No. 0176-17.txt,225eaf1d487704ab95c84a960d495a4e43990c4b5736819ed889b1629be6d03a,2017,user_verified_folder
2023/Ordinance No. 000337-23 (2).txt,337-23,2023,aa70124a85986f0bab652995ae578862ee3ae00632f8e594a51f24decba0e555,included,,2023/Ordinance No. 000337-23 (2).txt,2273b145e375d1be05db4232e5d4bf6b0941d241173b95bba571df3f2f577a5e,2023,user_verified_folder
2016/Ordinance No. 0492-16.txt,492-16,2016,fecf9b1a6c7754745f69a66eac73b577e0f787ba95ea0ade8191f0ac1721af6b,included,,2016/Ordinance No. 0492-16.txt,2279b575eecc138ad6c02a533619a7387389ed2a1676760f383fe18b4c505903,2016,user_verified_folder
2024/Ordinance No. 0655-24 (1).txt,655-24,2024,ff48a0851779234aaf66407ce741800ecfb52550e0c425515c032ee966fc158c,included,,2024/Ordinance No. 0655-24 (1).txt,228cd2da1965f020ccbbd9fca169f8877c41cc4a5e4a87a945faac51fd3c9ca4,2024,user_verified_folder
"2024/Ordinance No. 0394-24 -MOA, P. Ali (1).txt",394-24,2024,070ef754d705c9a69314e9e9be686cc1672acb0fc088340c59ff22a466b6e9fc,included,,"2024/Ordinance No. 0394-24 -MOA, P. Ali (1).txt",228e0534cb596df70d18af8914c67d0c4f3f5b2389ec386219349ae51fd2c9c6,2024,user_verified_folder
2020/Ordinance No. 0286-20.txt,286-20,2020,6a62863a352af4b6053897667fc5a26cce65184e513d212af01600993aefae18,included,,2020/Ordinance No. 0286-20.txt,228f61c85d416837f3e6508cbb97c195e544ef39def7437f2e0da92465f65020,2020,user_verified_folder
2016/Ordinance No. 018-16.txt,18-16,2016,3886616727430442644a3de7c723706e324b2addcab3faade3c813e8230aa537,included,,2016/Ordinance No. 018-16.txt,22ac068f1e0e251b2f0d79fa67975dc53b78c0211cb6aeb1525d065d79005777,2016,user_verified_folder
2016/Ordinance No. 040-16.txt,40-16,2016,a858aaaf9c8dd3607a4812fedacae6e321c70bafbb8df30088132f74770caa50,duplicate_copy,,2017/Ordinance No. 040-16.txt,22ccc92713b7ac87ac8a34e39de5b9e48a34f4600d040dc287e0d9141385a41a,2017,human_year_override
2017/Ordinance No. 040-16.txt,40-16,2017,a858aaaf9c8dd3607a4812fedacae6e321c70bafbb8df30088132f74770caa50,included,,2017/Ordinance No. 040-16.txt,22ccc92713b7ac87ac8a34e39de5b9e48a34f4600d040dc287e0d9141385a41a,2017,human_year_override
2016/Ordinance No. 0130-16.txt,130-16,2016,721a9812419688b9154e6d92eaf90d5f690897634fefea8245b7d4e2ed37150f,included,,2016/Ordinance No. 0130-16.txt,22df45c3b9c8e1e4a7c3d75cfe54706be48496d5a38a53309115aa166d40740e,2016,user_verified_folder
2023/Ordinance No. 0200-23 (2).txt,200-23,2023,4b89e79b93c9cf9540f134f0596824436eb988de41c0c2b052ba44d5305c72ac,included,,2023/Ordinance No. 0200-23 (2).txt,22ec860a14694cdc078dbc2b53ba37be090fa711427214ce34e04e817100626b,2023,user_verified_folder
2022/Ordinance No. 000013-22.txt,13-22,2022,3ff559c6b4539e03f8f8ad0cf1d1e4da961de4223a1c095f3af86c7bd6f86865,included,,2022/Ordinance No. 000013-22.txt,23222a82ecf50cd26a131ca211d19580723cd5920b8632c5922de114614084f6,2022,user_verified_folder
2019/Ordinance No. 0117-19 (1).txt,117-19,2019,fb35915e2dae69424b862a0563aa48ec5d6b6472a051dacbb669f3ce1345870e,included,,2019/Ordinance No. 0117-19 (1).txt,23320763b601b7cf935e791610371b4d129087a926825d7ccacc17162e3af1fe,2019,user_verified_folder
2021/Ordinance No. 000670-21.txt,670-21,2021,012e2bf9b9e92f227ab8ccafd303ea7e4b21e08cdbd82338d161aa33943017f0,included,,2021/Ordinance No. 000670-21.txt,2367383dec60fc078d01992cc23d3d2e368efe9ddb590a91456515655656266c,2021,user_verified_folder
2019/Ordinance No. 035-19 (1).txt,35-19,2019,3ccc0e99a3f150e354ea9f0062248a915e5af3aaa758cda63abd9fb2d3380e9d,included,,2019/Ordinance No. 035-19 (1).txt,2367983f9ae80bceb5b127f3cb2caf9f487e2524a3839587a4b762237a9f33df,2019,user_verified_folder
2019/Ordinance No. 095-19 (1).txt,95-19,2019,27b4f9d55251ab8e8476279d216b45ddf24f04f40f5ff8592046aa3ce1cdc6e7,included,,2019/Ordinance No. 095-19 (1).txt,23d526aeb856554f3d6f143c3d2f6d8ee6f939594a18850565b523c9023dc080,2019,user_verified_folder
2022/Ordinance No. 030-22.txt,30-22,2022,f4910314fa24da5236cc59472c26d6efefcd61644952d52a32fa98999f6ee189,included,,2022/Ordinance No. 030-22.txt,23d72b3ad264c094e6581b559838603a0248b9b6e458d002eca33982267361c2,2022,user_verified_folder
2024/Ordinance No. 0570-24 DOD 8990 Housing (1).txt,570-24,2024,df8c76f4d051369d9343753c7cfa6bba48086fac5fb82366db060073ecf5789c,included,,2024/Ordinance No. 0570-24 DOD 8990 Housing (1).txt,24003d309d4084b22aed1676f576b6982a4fabf7d8d14a38b819ec695671fc26,2024,user_verified_folder
2017/Ordinance No. 0326-17.txt,326-17,2017,7bff3b967ed3518049572bd898a6c5225467a48bceb4e1771e7d6bee0b6e8f82,duplicate_copy,,2018/Ordinance No. 0326-17.txt,24111b6716206bb8e36f6e6e67d373580ce94e057e65a2dbb611de5b5cde674e,2018,human_year_override
2018/Ordinance No. 0326-17.txt,326-17,2018,7bff3b967ed3518049572bd898a6c5225467a48bceb4e1771e7d6bee0b6e8f82,included,,2018/Ordinance No. 0326-17.txt,24111b6716206bb8e36f6e6e67d373580ce94e057e65a2dbb611de5b5cde674e,2018,human_year_override
2019/Ordinance No. 0174-19 (1).txt,174-19,2019,44443fb6cf8ed6f5f674742682dfa7269af85f7de9d30183f89dadca188788f6,duplicate_copy,,2021/Ordinance No. 0174-19 (1).txt,243f449116286eeca434dfb49ce57278dc1c40c4e938b9006f5f46466ac528b7,2021,human_year_override
2021/Ordinance No. 0174-19 (1).txt,174-19,2021,44443fb6cf8ed6f5f674742682dfa7269af85f7de9d30183f89dadca188788f6,included,,2021/Ordinance No. 0174-19 (1).txt,243f449116286eeca434dfb49ce57278dc1c40c4e938b9006f5f46466ac528b7,2021,human_year_override
2017/Ordinance No. 0232-17.txt,232-17,2017,b56ba4f012e0a07ff75d883605b34c20803522ecea39f07a858eb2e383dfcc5c,included,,2017/Ordinance No. 0232-17.txt,2462415180878d5f4da4f9980337035d4669e2382857b5fc10de1b5f2f51c311,2017,user_verified_folder
2024/Ordinance No. 0603-24 QRF Manila City (1).txt,603-24,2024,5b59ea925d53087afb2864f4d72fedf9a4b4cada434e67d5589cdb8014d16e9e,included,,2024/Ordinance No. 0603-24 QRF Manila City (1).txt,2473cca9faf32d159f089eb9cf39e58c0c8817d765dca55d4290dbe877f5de93,2024,user_verified_folder
2024/Ordinance No. 0693-24 QRF Province of Eastern Samar (1).txt,693-24,2024,ac298392d4afc6944eb3d783d53c201538f7551ebb9833b46ab60eee1fe884f7,included,,2024/Ordinance No. 0693-24 QRF Province of Eastern Samar (1).txt,24b36902efc63c5a7c0e736bf15d5a0f7d9bb1bcdf1632e027b3412190f20611,2024,user_verified_folder
2017/Ordinance No. 0145-17.txt,145-17,2017,93beef448715a30c7889de863f736541c3b32631d942752d88bb9354d9332d19,included,,2017/Ordinance No. 0145-17.txt,24c2e4e2a3a8013928eff7fdebf8bdc2152b4ae8878c005b0622a68754484618,2017,user_verified_folder
2022/Ordinance No. 026-22.txt,26-22,2022,87ae8556251b66d4aa864b94d9849f8de06a2b6fd7f9adcf5f4c1b94e6d47c03,included,,2022/Ordinance No. 026-22.txt,251ee466f98c94dfc4fb4a0d791a111f90611fa25e74507c3edf3f6ebc76f379,2022,user_verified_folder
2024/Ordinance No. 0642-24 MOU DOH-CHD (1).txt,642-24,2024,e65eb43333982479a44f53c036ef3a1bf1bf9b7566463579bae91eb4d76c75a6,included,,2024/Ordinance No. 0642-24 MOU DOH-CHD (1).txt,2539d126fd5f886bfb3430d6c79c5c362018c2a7f6402fee85609c5675146e54,2024,user_verified_folder
2020/Ordinance No. 0219-20.txt,219-20,2020,b6665208a42151510d0f4637bdc59a67036a40191cca238bf355804e66e34894,included,,2020/Ordinance No. 0219-20.txt,25586762c0aa09abc58097510d6d292dd3d3b49ba226b8013fbb2f694861473b,2020,user_verified_folder
2020/Ordinance No. 0187-20.txt,187-20,2020,04b92f291b7c28bdb1cf6de0fe9ec81826221544a83247e56c1665febe58e476,included,,2020/Ordinance No. 0187-20.txt,2577ccaa7f60c8b05371a8e16c65d7f7561b5fe6cbc181d0a17652733ab9d9d6,2020,user_verified_folder
2019/Ordinance No. 0740-19 (1).txt,740-19,2019,5878cef4e49b7058b876d25213b16c22c4d7f475baa65cfc9ed4bbc5c68eec59,included,,2019/Ordinance No. 0740-19 (1).txt,25868a9343921ec238cd9ecf03d605b25943685dfe311f8deb40fab98dccbf24,2019,user_verified_folder
2022/Ordinance No. 067-22.txt,67-22,2022,cdeb44b678c911de013c7af28aa711c41f30fcc1f06edd652257e1cf36d68f46,included,,2022/Ordinance No. 067-22.txt,258767d0a140272ffd1e825786bc8701278dbef40a5cb4c01a56d849b594bf4c,2022,user_verified_folder
2022/Ordinance No. 084-22.txt,84-22,2022,d05de6d14844603dad9fddf3ef06b03e9f56fbc1ec4c806d9d2a7e8704398bf6,included,,2022/Ordinance No. 084-22.txt,25bd0d9a78c90c4298eaaceff4495f9308387e98af15fcfa813430f5885d9e3d,2022,user_verified_folder
"2024/Ordinance No. 0591-24 QRF Macabebe, Pampanga (1).txt",591-24,2024,ea7b5611d3d2510dae6741aaadb629a7e51e68e45854258091d701b3e448778d,included,,"2024/Ordinance No. 0591-24 QRF Macabebe, Pampanga (1).txt",25f4015d1e419b3ae97d9bda2059378f089f67c1b13cbe6e2d12cb16debb3541,2024,user_verified_folder
2016/Ordinance No. 0495-16.txt,495-16,2016,3f6614922c09cf981b2aff9785c229ecc8629c96d86edea353c44a4854f2b6c3,included,,2016/Ordinance No. 0495-16.txt,261fd73733bafd57aa77077d9f6e6ff34949be137b2f34d8d6d8c91e8ec69dc3,2016,user_verified_folder
2016/Ordinance No. 025-16.txt,25-16,2016,ca4a9024f7751902506943a81113844abc04ed717d044edf9bcd66af62ec6d86,included,,2016/Ordinance No. 025-16.txt,26323bf3df16793972891a897ef01e1d3132f3204e5bd19bae1595086431c37c,2016,user_verified_folder
2022/Ordinance No. 000041-22.txt,41-22,2022,ce5f6a7173b6c6d5b0f2133131cba37f2d9f9ac12adb6460ad423447aceec60f,included,,2022/Ordinance No. 000041-22.txt,268a63a4069eac582db5e517e800605ca2bd9d78fc60faff1d2e3e357ccd89df,2022,user_verified_folder
2024/Ordinance No. 0621-24 Deed of Donation Juanita Taculin (1).txt,621-24,2024,c66019c1befe8629277e8229da7bb7f6017de7ee5bba1fae60ed1f0eb6baa5bc,included,,2024/Ordinance No. 0621-24 Deed of Donation Juanita Taculin (1).txt,26a0874b20d18abc464dd41722368e55595004bf04b09165f092504e1e86d0af,2024,user_verified_folder
2020/Ordinance No. 0209-20.txt,209-20,2020,65de046e4e52f8338d9ce290391de19efc08f4c95c0894346b97dd6d949e6bf2,included,,2020/Ordinance No. 0209-20.txt,26dec305571354ed454dc30175f00d9d94c5a2f8ac644cd3fd4a0b4c52477938,2020,user_verified_folder
2016/Ordinance No. 0479-16.txt,479-16,2016,a1941f75808005718ca224672a1ed8c980ad0cc55ad5c71a02e9ee5a39731b57,included,,2016/Ordinance No. 0479-16.txt,26e96be9e618db193b8c008671dbadebbe8f7834f8a8a626703a8de78b8c7bb7,2016,user_verified_folder
2022/Ordinance No. 0860-22.txt,860-22,2022,e4dbd6b03d20f9aee914538f42ae63c9eb36000c48860b286c725c2647fb111e,included,,2022/Ordinance No. 0860-22.txt,26ee4f42962a78302e6f90d7f57f6274aa01925d69f8ed2ad4a4b78cd5356a19,2022,user_verified_folder
2021/Ordinance No. 000693-21.txt,693-21,2021,f50bcf239d2ceae4fea9a428c8ad1f4d740c09010b8d54e47b04b0c4e62f9040,included,,2021/Ordinance No. 000693-21.txt,26f903a4905349c59b0a8520fc38c319bba6162c482204c6ec4373a324157b4e,2021,user_verified_folder
2016/Ordinance No. 041-16.txt,41-16,2016,013c6f450bceb93403f963af761212f538af9655712cdbdc90d9f17de79db888,included,,2016/Ordinance No. 041-16.txt,26fd2ee321c162613c7d5b47e57b1f1c9c254fe584cecd8d206cc6c05cf79f70,2016,user_verified_folder
2024/Ordinance No. 0503-24 Deed of Donation Fast Logistics Corp. (1).txt,503-24,2024,f75a1c1f1c411ba4c0e872464ee18234553e6ed3dd396fcb0ba68153890123e1,included,,2024/Ordinance No. 0503-24 Deed of Donation Fast Logistics Corp. (1).txt,270423a86bebf7daa64fa2c12d8b8b0c79f908bdf790f6b435dd0559977fbfcb,2024,user_verified_folder
2020/Ordinance No. 0291-20.txt,291-20,2020,1ba6217523ae452f0ceeada886bc0d43bcd8ad937c532f737325b1a095bdecfc,included,,2020/Ordinance No. 0291-20.txt,272bdfa6f42475f69bfea23d0f53ba5c47b05c8a7bda75b25cc951625daa074e,2020,user_verified_folder
2019/Ordinance No. 000757-21.txt,757-21,2019,be8947f2a2b1cedac08bbd922728156a4bad6e00ed788289f1e0f258158c8b2d,included,,2019/Ordinance No. 000757-21.txt,276303b8a4ca387a6507876d589ff670cc51be279baebd8e15c928d92a70652e,2019,human_year_override
2021/Ordinance No. 000757-21.txt,757-21,2021,be8947f2a2b1cedac08bbd922728156a4bad6e00ed788289f1e0f258158c8b2d,duplicate_copy,,2019/Ordinance No. 000757-21.txt,276303b8a4ca387a6507876d589ff670cc51be279baebd8e15c928d92a70652e,2019,human_year_override
2019/Ordinance No. 056-19 (1).txt,56-19,2019,11a731e2d6c02822b19fc73517886e33cb66fb6b329338ac53c8dc98d4b62638,included,,2019/Ordinance No. 056-19 (1).txt,2774a3de61138d110e4385004b98e7ad0fc80634e171accba5f2e06d90353ffb,2019,user_verified_folder
2019/Ordinance No. 0128-19 (1).txt,128-19,2019,22b5ed8211f54ff2407ae53b2a000f7f752fc918d3c1d3c02beafdc033fc50d7,included,,2019/Ordinance No. 0128-19 (1).txt,279f33f0007e46b76f5d3bd9dbde8246887873978eb71ea8d11a84232f493e07,2019,user_verified_folder
2019/Ordinance No. 0765-19 (1).txt,765-19,2019,0c8a918ddc46de97c63593323b0992e4d2c3822e6cd4b1a1918ef310577bc686,included,,2019/Ordinance No. 0765-19 (1).txt,27f6bde9723ad8706c76296a2e4bc41287f6f90fac1634367b8c25ff818fd0f5,2019,user_verified_folder
2021/Ordinance No. 0654-21.txt,654-21,2021,a7a7a1e3fca07f64daa7c324a7332a83da2f78a01687700f3a04ff3bd218a07f,included,,2021/Ordinance No. 0654-21.txt,28021b25ef8c1a18294b1c1f2a8021d31736195cb27a8df6d1f898040e70eb45,2021,user_verified_folder
2018/Ordinance No. 0487-18.txt,487-18,2018,91782cd69f9c72329396a0062e564b4c0753b8a853688b971ae88acc52b74e4a,included,,2018/Ordinance No. 0487-18.txt,28063ce4f7285c69fec9e731724dd9d858c1be1743442b311609e334c017f8fd,2018,user_verified_folder
"2024/Ordinance No. 0475-24 MOA, Xavier University (1).txt",475-24,2024,48eaff56d7e0931e4a0d8871a7774163b39905224e38983e030f5401fc3e7f85,included,,"2024/Ordinance No. 0475-24 MOA, Xavier University (1).txt",28194c12a238a96fb8e5543b8fa7a3ae5ab9ee99e7a3cb701a29b5e13f9b5fe9,2024,user_verified_folder
2017/Ordinance No. 0260-17.txt,260-17,2017,675bd3d4259b7ab087f3b77ce460113c4e9c8a2b3b0000ca67e9f9e22320bf2d,included,,2017/Ordinance No. 0260-17.txt,281e8cd5aa02c0d36f6648bfd0cef11a8c09ade3a590403f335701e7e677de19,2017,user_verified_folder
2018/Ordinance No. 0514-18.txt,514-18,2018,8899b27e1368ac7035631cfe82f1ceaa0cb2291140dae7147ddaf08a230da64f,included,,2018/Ordinance No. 0514-18.txt,282ab2223978b77c9f5005c54bfb76e5f418bbb96585e9fde39329b22fac731e,2018,user_verified_folder
2016/Ordinance No. 0128-16.txt,128-16,2016,8fd0b8fa07811a4972c914ca0d2fb8e913418f92b40cd5aab29ed7b99fab90aa,included,,2016/Ordinance No. 0128-16.txt,28ae441a03dcdd536848da6a8bd3ce209fec4443e7717453e489c88cf728bbc8,2016,user_verified_folder
2018/Ordinance No. 0566-18.txt,566-18,2018,33903024edf82fb77d82aebbe165014240f60ffdb90d3b13c0682a0dce6377b3,included,,2018/Ordinance No. 0566-18.txt,28e4cb598b29aa6aeb6713d4b823afcd8ddda7ee2a80fa84199b76a45e9654bb,2018,user_verified_folder
2019/Ordinance No. 0123-19 (1).txt,123-19,2019,be1aaf580bbf71bc9aeaafe1f69f7a1b8ca975cee1ac9367ba834eb83435d48e,duplicate_copy,,2020/Ordinance No. 0123-19 (1).txt,291a33c3f6869541c4ff920d65a167541bd3fa3399f8d67d7b62b6e791494eac,2020,human_year_override
2020/Ordinance No. 0123-19 (1).txt,123-19,2020,be1aaf580bbf71bc9aeaafe1f69f7a1b8ca975cee1ac9367ba834eb83435d48e,included,,2020/Ordinance No. 0123-19 (1).txt,291a33c3f6869541c4ff920d65a167541bd3fa3399f8d67d7b62b6e791494eac,2020,human_year_override
2017/Ordinance No. 0156-17.txt,156-17,2017,6d8d0c173548fb3fbdc56f1adf2ceabde86edd9a918ecd67adc0d6eca01295d7,included,,2017/Ordinance No. 0156-17.txt,291c7e22330e245ed71021b0f5822778db4eaae7d7bbdfa16b71a22f8a03f80a,2017,user_verified_folder
2020/Ordinance No. 0229-20.txt,229-20,2020,550c71cee4747747cded540b2e2ae83b31d278c24ba1c96de1d95ef507fcacb8,included,,2020/Ordinance No. 0229-20.txt,2929b4eba3b6cee3499e3d5032241f898e0a9643019db39ec53f4e96044e2e78,2020,user_verified_folder
"2024/Ordinance No. 0668-24 QRF Lian, Batangas (1).txt",668-24,2024,b34ce1286772bf57442d72f10eb34f7c563c1ae9440dad34d4a6d953db47b0cd,included,,"2024/Ordinance No. 0668-24 QRF Lian, Batangas (1).txt",297ffc4a527d4294d8674da37be3153f1be5f4d4e88d6aa6e93e01aaf2a25fa2,2024,user_verified_folder
"2024/Ordinance No. 0422-24 -QRF, Loreto (1).txt",422-24,2024,d67f7f584e9ca57b7b0b1764b2d1ab69cd99bf75b86967049d9587c0cc9e14f1,included,,"2024/Ordinance No. 0422-24 -QRF, Loreto (1).txt",299c33fba7f967dece444a21245421f2f70773379c91d44e9513f43ee1ad1342,2024,user_verified_folder
"2024/Ordinance No. 0421-24 -QRF, Veruela (1).txt",421-24,2024,89cd60899cd6ad1286e093787af24a023f4bf8bcc7192f85f8d3f88f48b5ee5d,included,,"2024/Ordinance No. 0421-24 -QRF, Veruela (1).txt",29ab0f6ac0066de37fdd2f6ef0b7de6da0ad4df0d4773f00d416aa0eb01f90da,2024,user_verified_folder
2021/Ordinance No. 0620-21.txt,620-21,2021,1e61995331af93489381ac534140ee0372273b9812e0bcaf33a0aa2dd1a37b22,included,,2021/Ordinance No. 0620-21.txt,29b189342cf65c637d6f20a1eac36c18e50d135a4e171786d1de985d5235fe1c,2021,user_verified_folder
2025/Ordinance No. 0779-25.txt,779-25,2025,eafd4df386cb3b1e3dbd0b6cc49865bbaf8bdba2be805c279d981dd637cbdf3e,included,,2025/Ordinance No. 0779-25.txt,29b74d6a0beed5b7703643b39ec7b749aa174c81f6e1674ee3c569ee835259e3,2025,user_verified_folder
2021/Ordinance No. 0615-21.txt,615-21,2021,82bf9d7a2cafb2b8bfcc5c7f49f630d3fe275d3dc651ff963f9876fe6e4480fa,included,,2021/Ordinance No. 0615-21.txt,29b8c40cb5772f13107cf01fd3b9ffde00e4c6fa51de5c8a6e12249822c89e7d,2021,user_verified_folder
2018/Ordinance No. 0509-18.txt,509-18,2018,40fa73924457aa73843a0e6d7cee84431f5237e1488128ae39cb01f1ff917c83,included,,2018/Ordinance No. 0509-18.txt,29e2f1105716ab81462f1d1c24b8c7b4391b6e3f53120f222f58189c6315630e,2018,user_verified_folder
2019/Ordinance No. 0772-19 (1).txt,772-19,2019,bb2fddf06620fa0ca4eed91576307f191b9c698f8104614c1132cec8a0831e9b,included,,2019/Ordinance No. 0772-19 (1).txt,2a1de9ad494ee33988eb2cfb61afb25062f8b2b78d56eea6237b00023c63896a,2019,user_verified_folder
2023/Ordinance No. 0203-23 (2).txt,203-23,2023,f4034d800b79e87515b0e9bcdea813cd9b6ca1cc2c258eeaf27810298614689c,included,,2023/Ordinance No. 0203-23 (2).txt,2a47cd758c971e89211ae0bf737dd766430523a578e242ec6ca2300893744436,2023,user_verified_folder
2016/Ordinance No. 0517-16.txt,517-16,2016,af42fd5b28dfbdc2f6730f34d19ae72b2476dc28fa9388e9d6a3cc0adab084e9,included,,2016/Ordinance No. 0517-16.txt,2a4964f303d4c6bad33357ce3f341a1caabfabb915a96ab2f62000895b1f704f,2016,user_verified_folder
2019/Ordinance No. 045-19 (1).txt,45-19,2019,b9d87ed1c664515035494e0adff052929101eaa04cae7488c2b9f5cef15f85e5,included,,2019/Ordinance No. 045-19 (1).txt,2a549efd3e93989d0fb14be7c222ccea1449047e33c3f252ea23801d4e3ddcea,2019,user_verified_folder
2021/Ordinance No. 0582-21.txt,582-21,2021,952d9dc0653ce0f4fa2258db96e78a327ebcc5b26dc85818d295bec1dab7c091,included,,2021/Ordinance No. 0582-21.txt,2a6364e4a769df7f886f950fe46ba30133c54274825e45d22e4380f903f5534e,2021,user_verified_folder
2016/Ordinance No. 0478-16.txt,478-16,2016,80ae9da678f0cef35375dcb826eec1419b8f02b473803534f86f2d9ac01d495d,included,,2016/Ordinance No. 0478-16.txt,2a65f072cf6d5fa664d003bd16b1cba17281afde5ce66ecb226def8f41bfbd57,2016,user_verified_folder
2018/Ordinance No. 0574-18.txt,574-18,2018,0f01f49d296930037d1e885ba7e5088cca3bcedccc9e2d2fa65fbbce8573f31b,included,,2018/Ordinance No. 0574-18.txt,2a689cfa7b1b99cde57ac916dccaf68c0a44bc971ac87f410f884c14a1b51952,2018,user_verified_folder
2018/Ordinance No. 0584-18.txt,584-18,2018,91bb4591592c57435cc541e43d14e75f8fa504912089e4c8a1cc8f6981eb810a,included,,2018/Ordinance No. 0584-18.txt,2a694eb4764419099de7f5728dc113506d1b61af8cacb44499cd608ac6813134,2018,user_verified_folder
2022/Ordinance No. 075-22.txt,75-22,2022,b97222b44d8386d1b460b1505648e52a03d9ff53620ea07a4b4eaf679b8bba64,included,,2022/Ordinance No. 075-22.txt,2a972f8a708a64e1c052c4bc984f515b3b33fde9a7ae76a0501870f08e7f4c80,2022,user_verified_folder
2024/Ordinance No. 0718-24 Amend Integrated Zoning Ordinance (1).txt,718-24,2024,e873c53c1f28f921ccb9d263a020dfe261f4edceb849c71286fdc6eda717a891,included,,2024/Ordinance No. 0718-24 Amend Integrated Zoning Ordinance (1).txt,2aec1e9ef50e9495cc6e412db6a58c99b18f6e87a00fec7a4a37eb2af4e0de17,2024,user_verified_folder
2021/Ordinance No. 0528-21.txt,528-21,2021,d0270fdd8ad4dd9159a9dbe2ffad197a00450a4a8b62aba79682eed51fe74cab,included,,2021/Ordinance No. 0528-21.txt,2afd9b483e63859d1d952cb6a24a90b221d3940848000c0cbbdcff654d2fc3b8,2021,user_verified_folder
2019/Ordinance No. 003-19 (1).txt,3-19,2019,44b12f24db97d578b6f4ed5c7371db50037fb53547c8c74ab55e9e8540dc966c,included,,2019/Ordinance No. 003-19 (1).txt,2b2c38b5a49b0c5c0f25b5228d4511729287b830cd4cdeec1225b4f9394fe67f,2019,user_verified_folder
2022/Ordinance No. 0119-22 Deed of Usufruct DCWD .txt,119-22,2022,7680f39b54a7bedfb58e11c6cd00fd54e1b50452752da3ee1a188900388b870b,included,,2022/Ordinance No. 0119-22 Deed of Usufruct DCWD .txt,2b2da9f7cbdf3201345d788cc55f42854c34577ee09d15dfc896757008f7ced0,2022,user_verified_folder
2017/Ordinance No. 0251-17.txt,251-17,2017,f4404a6c4711903b25487a18945b0d74a9745626b4ad102de0aaf9ad70f2a608,included,,2017/Ordinance No. 0251-17.txt,2b351de31b8a5e2155fced9d6270a94ddc88b884a78381966197ee7c3e48f4d6,2017,user_verified_folder
2018/Ordinance No. 0617-18.txt,617-18,2018,c4671d0fc1147900269c0beca0e754b20e6d894d9f1f9c20505a50c169b58427,included,,2018/Ordinance No. 0617-18.txt,2b4925acd609410aed0159b627d74e2a2882cc873051338c41131c31fc0ce201,2018,user_verified_folder
2019/Ordinance No. 078-19 (1).txt,78-19,2019,fa9f9f8c7d449dbb5864198c77574c7adee0cb372595c1065754917b7824ab8e,included,,2019/Ordinance No. 078-19 (1).txt,2b7ecaefd20773ffbefc263aa83e2fdfd88a46759af1d51213ef4c7730a0adda,2019,user_verified_folder
2023/Ordinance No. 0361-23 (2).txt,361-23,2023,ccfbce783c67997207d9497f424fc33bee65e0beeaad9f89b14e1529f2d1c6ef,included,,2023/Ordinance No. 0361-23 (2).txt,2baa12e399c0ce18a3a47bc606a71260e4a3a7a5faf960662b79c1f523baf158,2023,user_verified_folder
2017/Ordinance No. 0172-17.txt,172-17,2017,8ae440921a9b25e981b71d2d57806da348ae331fface85ad1c8f3e0603f4f874,included,,2017/Ordinance No. 0172-17.txt,2bb817b6e2fde3d169a9c918cf0e77fa35002a76256279ae3169824bc155c5ec,2017,user_verified_folder
2021/Ordinance No. 000797-21.txt,797-21,2021,28ee5879fa5b96967d70842e8e54ba8e23fe14ff89b2b5c09b07fac92425f724,included,,2021/Ordinance No. 000797-21.txt,2bc92e6d9fc84e60740eddc6675976cbd1a540741fb0d3b9b7cc0f1bc3a9e721,2021,user_verified_folder
2022/Ordinance No. 000853-22.txt,853-22,2022,775f6246c2d582517570d1a0cd76ffe5c600f4cec0241a84b857b01bdfc896a1,included,,2022/Ordinance No. 000853-22.txt,2c14a9b0a39efce9cf6d04e3ebdc75dd100eccb1f0b138b2123fc52752bc0bb4,2022,user_verified_folder
2022/Ordinance No. 0853-22.txt,853-22,2022,775f6246c2d582517570d1a0cd76ffe5c600f4cec0241a84b857b01bdfc896a1,duplicate_copy,,2022/Ordinance No. 000853-22.txt,2c14a9b0a39efce9cf6d04e3ebdc75dd100eccb1f0b138b2123fc52752bc0bb4,2022,user_verified_folder
2016/Ordinance No. 0134-16.txt,134-16,2016,bf9c9460f04f252db6e8ab97e6d134cadf882c8327db0993d40d46f47ae36aea,duplicate_copy,,2017/Ordinance No. 0134-16.txt,2c7ebc099274587068d37fa9883a4cd6197b57ecfd49702d77496e71b17431f9,2017,human_year_override
2017/Ordinance No. 0134-16.txt,134-16,2017,bf9c9460f04f252db6e8ab97e6d134cadf882c8327db0993d40d46f47ae36aea,included,,2017/Ordinance No. 0134-16.txt,2c7ebc099274587068d37fa9883a4cd6197b57ecfd49702d77496e71b17431f9,2017,human_year_override
2017/Ordinance No. 0201-17.txt,201-17,2017,67ff18fcc16befe86490db0eff0bb4f29d7ac4e72e33d0da7c4551631ecb1343,included,,2017/Ordinance No. 0201-17.txt,2ce3f1bd871d303ebdfa2885dede2b9aa8bf03858f117067e18835f5fdec427b,2017,user_verified_folder
2024/Ordinance No. 0556-24 (1).txt,556-24,2024,1a637703d080c6a84e3895489bff3295f15ec74881f4bc594dcc1f0e2a443ce2,excluded,no usable text after deterministic extraction,2024/Ordinance No. 0556-24 (1).txt,2cea20a54fc23dde5c2b6a0d6c68caf74340a0b478c8a9fe74c9662a08254f8b,2024,user_verified_folder
2018/Ordinance No. 0473-18.txt,473-18,2018,2deaa272205a534549bbabaefae40e2d11fb2baf82120b5c5c30da416331c1de,included,,2018/Ordinance No. 0473-18.txt,2cecfdb913c01e54399b5caaa298b7d4de894d525b9c8d4a225e16e1718afc31,2018,user_verified_folder
2018/Ordinance No. 0524-18.txt,524-18,2018,c7fbadd672af1e82ad5547f9743171bdc8e521ef547047099b7939c5dbea1dec,included,,2018/Ordinance No. 0524-18.txt,2d0e9ee1c18d9290e47c92a51a4796a544baa7914b005a8bfa986a1b617200d3,2018,user_verified_folder
2016/Ordinance No. 048-16.txt,48-16,2016,e170bc04121eceea33670780123fc62272e3ac68fa47ce08c832f1599131d70f,included,,2016/Ordinance No. 048-16.txt,2d2775c627e0e04744be07c4b01ded67602f88d4210639d636043ff61e413eb5,2016,user_verified_folder
2020/Ordinance No. 0199-20.txt,199-20,2020,63433ee2cc6bd06d13fa8443b66a87a6a229c8fe8ad3e10efa539a0b169e4a69,included,,2020/Ordinance No. 0199-20.txt,2d4c2eda445e7089994e8e94e04dc15a0cd1ff7af06b8c1b7487ccbb9107064b,2020,user_verified_folder
2017/Ordinance No. 0218-17.txt,218-17,2017,65add24d1e106c5e8dd22e77bb15076e400d788dda1d0b4d714c1c5ee2877f45,included,,2017/Ordinance No. 0218-17.txt,2d6fba570ddd09a617a6c382fdef63d46ae33ad9a0da7546827edd561e9df492,2017,user_verified_folder
2019/Ordinance No. 073-19 (1).txt,73-19,2019,4eefab2e6b0366ef82b0195dc279db7494b791606bf4da830a6cb551da16dd91,included,,2019/Ordinance No. 073-19 (1).txt,2d75d3295a6e5839dbde9c221c73b145d368a4b657aed6e622e8e147096dc13e,2019,user_verified_folder
"2024/Ordinance No. 0400-24 -MOA, L. Maxino (1).txt",400-24,2024,7b87a665a609c65bead6abf3abfbedc4d5b472547e06bfc6b45753c0070d1eb8,included,,"2024/Ordinance No. 0400-24 -MOA, L. Maxino (1).txt",2d9c05491d33e7ab8eb6e14c3ec280f07f8b7ac65c03c10e43ea310b06bdee4c,2024,user_verified_folder
2022/Ordinance No. 000939-22.txt,939-22,2022,7c84685c181b6cad49c7fc1d41d9fda9f87b006db8308cd037b539aa92a51fee,included,,2022/Ordinance No. 000939-22.txt,2da8c897982aba00bdcd9ef39557e7df5388ac0f885df0f59a520403502d4bb7,2022,user_verified_folder
2017/Ordinance No. 0239-17.txt,239-17,2017,eac14617d23e5d4facfafb2bec82dce1efdf88564695be2cea5d460d2746fd56,included,,2017/Ordinance No. 0239-17.txt,2dc2522d7838f84eb619fc624a80244db22992db3cd6bbeb4778c71ae28baa0e,2017,user_verified_folder
2017/Ordinance No. 0190-17.txt,190-17,2017,7b1c739afafe62925a163e4a79c6b4f97effd742f61946603e84de5e27bb8c94,included,,2017/Ordinance No. 0190-17.txt,2e07e96ffe8b6d976c6d1ccad2cedc4f1cc5b230155467682fcce93ea1d4e256,2017,user_verified_folder
2023/Ordinance No. 0231-23 (2).txt,231-23,2023,5419bd1e9617d6e8d9c0796dda9403132cf362673e11d7bf311c175271d2ed64,included,,2023/Ordinance No. 0231-23 (2).txt,2e2addea5b0d2f5d3315a003d09d36e4ca0fb371837c10a78a39bffcf1d26e48,2023,user_verified_folder
"2024/Ordinance No. 0479-24 MOA, DOH-CHD April Anne M. Ladera (1).txt",479-24,2024,069ce71b968cf87f083362572d6a40e4e864ed3d0f3b36085844c82985a9714f,included,,"2024/Ordinance No. 0479-24 MOA, DOH-CHD April Anne M. Ladera (1).txt",2e4022f63e3a4e5c2f769cb41d1695dec3b362698876d8e9ecbbac3a388e4f0a,2024,user_verified_folder
2020/Ordinance No. 0302-20.txt,302-20,2020,1c7ea2406e6911ab547a1d89b1cfc1e50d65027e70fb1d29e41b997814474c1b,included,,2020/Ordinance No. 0302-20.txt,2e44fc183f2368b4cef9c67c655da1b2298b77b4daa0e6bf21c77bdc0afd7fdd,2020,user_verified_folder
2019/Ordinance No. 025-19 (1).txt,25-19,2019,aa26661c89dc7286d43c1a2e59485a60d7e71dd00ae8b6ca7cf93d5928a4f622,included,,2019/Ordinance No. 025-19 (1).txt,2e59c66fd27c1dc5ce639e63cce03f0b7e314e633d59814f0ae0da6d89c94c55,2019,user_verified_folder
2022/Ordinance No. 0915-22.txt,915-22,2022,35a84b45ea2ff04832ff4ce88a007cb70f87ab1b5ab9bb3cc8565e384844f572,included,,2022/Ordinance No. 0915-22.txt,2e673537d3f66e52444d156d541b2bda12804d526564488d2ebece1a69145f00,2022,user_verified_folder
2022/Ordinance No. 000928-22.txt,928-22,2022,d4c5e39cb95ba76c51fdcf7bd2d027a458d7e58917c4f38b23e7dbdf9a2e960b,included,,2022/Ordinance No. 000928-22.txt,2e72b0fa9eb6a41b0eb4849de256f76269ddbccbe6bb7c16fb216910eb80ec99,2022,user_verified_folder
2021/Ordinance No. 0488-21.txt,488-21,2021,ab102c28adc64281ba9dfc5645db14f4d8d63115f75ef36d83bd65accb6363cb,included,,2021/Ordinance No. 0488-21.txt,2eab678099e975ff1589441eeab14650057a4a06c81b1765ab5df23a414367ba,2021,user_verified_folder
2023/Ordinance No. 0228-23 (2).txt,228-23,2023,cc9e824053c6e74509014ae28aad317be20c732f5640596a74501c98328668e2,included,,2023/Ordinance No. 0228-23 (2).txt,2eb7e916dffac19e5b5b4303448d2581a7149ee8f932535c31be6bba2ec15792,2023,user_verified_folder
2016/Ordinance No. 072-16.txt,72-16,2016,d5e55c6ae5d490c182d31ae4dcaceb6ec4e1f437361db85df820b89bba42fdc8,included,,2016/Ordinance No. 072-16.txt,2eec18582c927c35ee8311f71117a035bc17197097743bda685518c3a8b867bb,2016,user_verified_folder
2018/Ordinance No. 0401-18.txt,401-18,2018,6ff38396977b8cc2c3a608c081f86b73409e0fc87231aefd375095dc75eeb1b0,included,,2018/Ordinance No. 0401-18.txt,2effcb6ec86d7921571e6d37a8b76913db18ec916d0c9c93b3088483365ddedd,2018,user_verified_folder
2020/Ordinance No. 0220-20.txt,220-20,2020,2b7f0097a256e6c186cd7db2e91b642e53505b20d91a22b4c2b7d95385d552c1,included,,2020/Ordinance No. 0220-20.txt,2f09c232d7b344e1136603a3eea547f20c70bba34f8c7c16086bb18206fcd5a1,2020,user_verified_folder
2016/Ordinance No. 0483-16.txt,483-16,2016,f3d9bcf59d4733d2791a7a560507ee80a27af1c7f62916a767b33b5740e14099,included,,2016/Ordinance No. 0483-16.txt,2f0e04c8343e820bce766b84551677cc67195523f30f1bd38e9e41d2b8cbd618,2016,user_verified_folder
2020/Ordinance No. 0318-20.txt,318-20,2020,4b975ea2904d2ded00312a7ff606b06b99fa042f9861deb5ba27903b6e35e4b5,included,,2020/Ordinance No. 0318-20.txt,2f506f251bca660ecdeb3b56ced59888868d38bca43c80623bb41fb85d4a9807,2020,user_verified_folder
2020/Ordinance No. 0338-20.txt,338-20,2020,b9a9201ff2fdcb5c562c1b5eed1b9a54db55a79ce7351a1aba14478231531c56,included,,2020/Ordinance No. 0338-20.txt,2f5be1a11b695e079df07def8015f15acff83f16c74052e0c700d7fd12c56e12,2020,user_verified_folder
"2024/Ordinance No. 0415-24 -QRF, Carmen (1).txt",415-24,2024,f595b119242e68d2ed78ac438fbd4ba5df0001504ed9db27c4cf96f75d4a6141,included,,"2024/Ordinance No. 0415-24 -QRF, Carmen (1).txt",2f5e383f85d7924e43f64d4c6835fcacb8f4e15846ed238dec0c32454fe91dac,2024,user_verified_folder
"2023/Ordinance No. 0158-23 -Renewal Lease, OMARCO (2).txt",158-23,2023,e98278cce11a3f033bbf50ccccc8b866546302d8f66a720483699f295fc4a591,included,,"2023/Ordinance No. 0158-23 -Renewal Lease, OMARCO (2).txt",2f6e2f0c3cd2d834474a7b67aef71dfab1b506f24a6cbea4f6ba82d30a03e49f,2023,user_verified_folder
2016/Ordinance No. 074-16.txt,74-16,2016,9d3c1ff0025ff3339e361aa96cf15738f64346d31e2cfeebb67bcca10a7f4ce6,included,,2016/Ordinance No. 074-16.txt,2f974cf13948cc80deecdd3840ef92d43d5bf744fef6575ff8de4c8e6322eb7c,2016,user_verified_folder
2020/Ordinance No. 0311-20.txt,311-20,2020,646250052d833402ac0f8e8e390124580890c08f9108dfbb8e89f185396d3903,included,,2020/Ordinance No. 0311-20.txt,2fbee7345469f93185c50b7e0dbf2de9ae6c45de4360a5747e1c6dbe017754ed,2020,user_verified_folder
2024/Ordinance No. 0565-24 DOD 8990 Housing Deca Ph8A Tacunan (1).txt,565-24,2024,7a1f52d9886377439a0554ea5075b8f558ddd65d85d53f75e877b683078fc9a3,included,,2024/Ordinance No. 0565-24 DOD 8990 Housing Deca Ph8A Tacunan (1).txt,2fc4b1392d6363855912a1e6b0e433fa8e015f2e750c16b09d8ca45f58f791fd,2024,user_verified_folder
2016/Ordinance No. 0131-16.txt,131-16,2016,9c3b2406d92f1afc07b47fc5cd500b808b5536b5d90dba99b64d7b00438fedb0,included,,2016/Ordinance No. 0131-16.txt,2fc7540c6413b0f39d682be1e964b4fc9b3533dd2fa36e2d7992f03cf97938b1,2016,user_verified_folder
2017/Ordinance No. 0317-17.txt,317-17,2017,63dc789e2f87183a0eff2b88bab074ede32e815107ccb22057d5f201d558ee8f,included,,2017/Ordinance No. 0317-17.txt,2fe945c54132f10d9b8a5fbbb8c1102f86a8aef878732cdafe08aed81929b16c,2017,user_verified_folder
2020/Ordinance No. 0181-20.txt,181-20,2020,407f53c8955b3ff953a11e7be2673e2a761e5bb7c11ef3a80d186a76906ee396,included,,2020/Ordinance No. 0181-20.txt,30610827bf57069720fb36287ea6fb93fdc768a657a71b6c313a055891ae6da3,2020,user_verified_folder
2017/Ordinance No. 0243-17.txt,243-17,2017,0fe5d863784153b1e4938fb4cd14cc78c5ffcd445f30723e43157236e8b0e008,included,,2017/Ordinance No. 0243-17.txt,3072cf771386113896f77aee1cb74d8d7bb92c9843596961d43d17fa9e755a2a,2017,user_verified_folder
2017/Ordinance No. 0196-17.txt,196-17,2017,b0a25e3e0318ca322e4bca139c53ebf8d1cb97e2c2f784394b91f7bf0bee2bfc,included,,2017/Ordinance No. 0196-17.txt,307bf4737010ccaef6c2fd8ac1a29a3a7996fe1d36c37d350e5f61669a852457,2017,user_verified_folder
2019/Ordinance No. 043-19 (1).txt,43-19,2019,c53325cfea65752ecf464c1bf4dd605ec2abcb27fcbfb003307050ebcb842b7e,included,,2019/Ordinance No. 043-19 (1).txt,309561d15f876402a8297345f7daac9f63753f569cb25637ec1ff3ffbb8f0e15,2019,user_verified_folder
2020/Ordinance No. 0279-20.txt,279-20,2020,3a04f19320130bdf49d0048494bfe090dd0edae735b69470d06295a8d53c9bb9,included,,2020/Ordinance No. 0279-20.txt,30d31d9ba10c2a2e74fb6e69be403f4f7cf1f705afee9d8d2db74a96cc7e8ddb,2020,user_verified_folder
2022/Ordinance No. 0943-22.txt,943-22,2022,3a1833c991aa5f45b462c459ea7dd40e199bc07cdd21325061704e750cd1797a,included,,2022/Ordinance No. 0943-22.txt,30f58c9d2294c2f04adbe891d6c62d3d57648e757fd6941fc0a27aff9dda463b,2022,user_verified_folder
2020/Ordinance No. 0226-20.txt,226-20,2020,df7370c9b9a48bce48397ec6fc0ab1750cdcd0b5bba055b11e8b3ad6169c7df0,included,,2020/Ordinance No. 0226-20.txt,312619da265528dd386de5a46180795e2430e75ca5f121e79acf1fb2aab848e2,2020,user_verified_folder
2024/Ordinance No. 0538-24 (1).txt,538-24,2024,f0f6e408d39588da16894df8b87ce70824cba25bf7f1dea03647da8ee52f1103,included,,2024/Ordinance No. 0538-24 (1).txt,31276cc3fdc7d4ff3548556629ac27e4b00f96d89930ad731c77f32359e6e3f8,2024,user_verified_folder
2021/Ordinance No. 000808-21.txt,808-21,2021,200b5fa3635e9d41082826db8f804cf153d2b16f3d7efd8af394db8544ff6caf,duplicate_copy,,2022/Ordinance No. 000808-21.txt,314a2686f7cc3043e357de1f5265b2fea0077dee901d8e7497cfa943249e5f4e,2022,human_year_override
2022/Ordinance No. 000808-21.txt,808-21,2022,200b5fa3635e9d41082826db8f804cf153d2b16f3d7efd8af394db8544ff6caf,included,,2022/Ordinance No. 000808-21.txt,314a2686f7cc3043e357de1f5265b2fea0077dee901d8e7497cfa943249e5f4e,2022,human_year_override
2021/Ordinance No. 000700-21.txt,700-21,2021,cf21c55e67905152964752c4c767d1fd6d5ca52de8c6d281addc8d78483aff92,included,,2021/Ordinance No. 000700-21.txt,315c072bc7f0824afcc52a5059423765e38a5e1f2df86a87c1afb17ee8508a01,2021,user_verified_folder
2018/Ordinance No. 0534-18.txt,534-18,2018,e6ae956690e32dfbe51e1758ea2e225728d66305bd6d768ad57e47886d4f47bc,included,,2018/Ordinance No. 0534-18.txt,31749a3786d1848a509ec7bdc04ad230d9cbe89908ca714a5ecb3fb3899819b8,2018,user_verified_folder
2020/Ordinance No. 0335-20.txt,335-20,2020,0054781c9e9ab21d431de908318b7dc58306bcc0d0349cefe49a18c7d8b6dd5b,included,,2020/Ordinance No. 0335-20.txt,3175304a4e24664c8723fee2551e0e02e5c76b301af8b1a5254e295ea4ab7e86,2020,user_verified_folder
2021/Ordinance No. 0641-21.txt,641-21,2021,8cbd6c4587bd442d4d34f3b8aa721db5eefb921d80004f0b401a1a2c301a4457,included,,2021/Ordinance No. 0641-21.txt,3185a011f956ca8a3f8e26d7acc0157c7f003c2a3f3ab1e435db248cf81eeaec,2021,user_verified_folder
2019/Ordinance No. 0723-19 (1).txt,723-19,2019,9ee42dccd7580c263b48480dddf981e68c13a2911471825d5000a4e5dba94682,included,,2019/Ordinance No. 0723-19 (1).txt,31cecb774a1269140a0e3e6f8481d6b08eb7d72c5991a4b334700e8a9448c7dd,2019,user_verified_folder
2023/Ordinance No. 0356-23 -CDP 2023-2028 (2).txt,356-23,2023,18fa4b3dac18e65afdf0d1a3d641d7a20cfa03e817fe3d9136e64038b9b2596b,included,,2023/Ordinance No. 0356-23 -CDP 2023-2028 (2).txt,31d56e298edefe860cb5339150623ef31405f8b7cb9837287d614ad5d594711e,2023,user_verified_folder
2018/Ordinance No. 0486-18.txt,486-18,2018,314f660b340eb6b29791457c072c0c132d73fede2fc89107c64d5e2a15b1c40c,included,,2018/Ordinance No. 0486-18.txt,31e88022511a19c6ff5244e07161a6487c7c016e750d5af2ba8be4f0201c0dfa,2018,user_verified_folder
2016/Ordinance No. 0119-16.txt,119-16,2016,4721d824ec6839580ef76b4fa411a7c645d63cefd6c00870220272719c7a4eb9,included,,2016/Ordinance No. 0119-16.txt,321fc5563a031d1f162742a37ed11487508c43fd096b6a1945e60c86a90189e7,2016,user_verified_folder
2022/Ordinance No. 052-22.txt,52-22,2022,0e4dac11cafd4b43c2da19a11d4f70fd1486a580413b750d208f99bc96314c1f,included,,2022/Ordinance No. 052-22.txt,3228c0398667f1d88391925015d8909cfc90a96253df68c623d7aa0729a78cc0,2022,user_verified_folder
2023/Ordinance No. 0205-23 (2).txt,205-23,2023,00f8c25481769eef74ff24830e372119ea91ab8c80ffa2e03d6937ae82597602,included,,2023/Ordinance No. 0205-23 (2).txt,323c0325ca593466ac44641e9709e27a4cabe1bacfa0ccbd84d2cf83e425f094,2023,user_verified_folder
2021/Ordinance No. 0610-21.txt,610-21,2021,4bea5fc14473bab86e3afa2ca1dee453123c1cb846b4c8f8393b7a7cddd6504d,included,,2021/Ordinance No. 0610-21.txt,3251d04500a91407aa6fa53bb0df12ca73301d6f3fea2a3b3d5245495b3195c4,2021,user_verified_folder
2024/Ordinance No. 0390-24 (1).txt,390-24,2024,6960c3b1f6482f273c412dd494ea7dec8c2b0124345225fa1a53ddb164424684,included,,2024/Ordinance No. 0390-24 (1).txt,327d1b696a9146b358e5830041778a911c22a74e5785d7871ceb02db20a68b62,2024,user_verified_folder
2023/Ordinance No. 0348-23 (2).txt,348-23,2023,f4ba576ff205a9d22c4778b7e2eccf27f30fa7d7f0ab2f6f5ecd3995d894ba6b,included,,2023/Ordinance No. 0348-23 (2).txt,329c4b7ef8cc1380b2963bb618e7a677ae67a5f9f31658c0688b48bc2fb1e161,2023,user_verified_folder
2018/Ordinance No. 0656-18.txt,656-18,2018,8b6e3f9228b63aa7448a96fb4a413142a6b22535987c9802fc2aa18863d16992,included,,2018/Ordinance No. 0656-18.txt,32ccf4e92596d820f71dd2863392b98b86cd1049aa0cbdba714defc6fd3811be,2018,user_verified_folder
2022/Ordinance No. 017-22.txt,17-22,2022,a98b7f0823628b72ccc51c21168229d0a3585b6f589d2d0e11bbab06b748f39d,included,,2022/Ordinance No. 017-22.txt,32e7c438adbf6445749bf0c220c0a9929d5b020bd6d4dde5198c44f3dabf8d7e,2022,user_verified_folder
2023/Ordinance No. 000285-23 (2).txt,285-23,2023,135c3a721fd6321d659607c7cf9eae711eba2e4993aa3c53f8facd3ab70e96a1,included,,2023/Ordinance No. 000285-23 (2).txt,335558bfcb98cd39d68b483b9f275927d4165c0d0c1de71e704be14d5bfd9967,2023,user_verified_folder
2018/Ordinance No. 0410-18.txt,410-18,2018,ee837914e4d97de8ff2478c2b3a1f4df845bf0c02e42c85579fd9f93895c7cf7,included,,2018/Ordinance No. 0410-18.txt,33578041738307bd2064c7b02f519d72e6061976bfb0cef42409199d15f34c59,2018,user_verified_folder
2022/Ordinance No. 000008-22.txt,8-22,2022,cb47bc9c6a3eeeca438c554c109de3940bc8d9e0871623716a28b437b41b0e37,included,,2022/Ordinance No. 000008-22.txt,3359c55034dfe292ccd5f8c77443e340bdd2c104547a9ca51ddf1ef1e1466fe6,2022,user_verified_folder
2021/Ordinance No. 0544-21.txt,544-21,2021,e55ef3f4e131c020babf5353b2d5fa4252e00aec024db7350752dedc6a65b32f,included,,2021/Ordinance No. 0544-21.txt,338501542b89c493ed944bf3031ac2f076c56a8ab33e333456d7777de7b68d75,2021,user_verified_folder
2020/Ordinance No. 0251-20.txt,251-20,2020,a78890e7d3c1df8e99d66a3aa7cb2b08625366704c55b448dd68e228ced1a858,included,,2020/Ordinance No. 0251-20.txt,33981aaff7661e5d48317f4a75acccbbd4490884cd9811b8359bf89e12e980a1,2020,user_verified_folder
2016/Ordinance No. 055-16.txt,55-16,2016,8ac9c9ca90d09ed10f406862af6203497416b75cbe7ad9d2c446cafb0a47ab19,included,,2016/Ordinance No. 055-16.txt,33accc095997e778e449eae6f69184d693bbfee8a4aeb8bf4a61edbfaf24b5a0,2016,user_verified_folder
2024/Ordinance No. 0733-24 SCA Bachelor Express (1).txt,733-24,2024,4b90fab5e73c31a6dfc0a8ee39f642893e7d60eb0bc08492f05e62826abcc895,included,,2024/Ordinance No. 0733-24 SCA Bachelor Express (1).txt,33c22658db5fa9e921bab1d1767194aaed566343ee2ef49bc6860c330d87f6ea,2024,user_verified_folder
2016/Ordinance No. 0135-16.txt,135-16,2016,8add283e037734ed460483f6d240d9a1337e12bdb9d3b6a1ee9a0f79455e3a17,duplicate_copy,,2017/Ordinance No. 0135-16.txt,33d8c9b94b77d00a80ee1136f50aa5be8726d47a41688a8a3027c933ac62b259,2017,human_year_override
2017/Ordinance No. 0135-16.txt,135-16,2017,8add283e037734ed460483f6d240d9a1337e12bdb9d3b6a1ee9a0f79455e3a17,included,,2017/Ordinance No. 0135-16.txt,33d8c9b94b77d00a80ee1136f50aa5be8726d47a41688a8a3027c933ac62b259,2017,human_year_override
2017/Ordinance No. 0362-17.txt,362-17,2017,e7db7b6a995e2ea1b576cd90ad3e8906085aafcc9c5954b62c5b6a00e395014e,included,,2017/Ordinance No. 0362-17.txt,33f4bb423f3a8d72f14f6e91ac1484c5b15859406cdbdf1a428da3ab7a701395,2017,user_verified_folder
2019/Ordinance No. 0683-19 (1).txt,683-19,2019,c4bb0cf2f293e3dae5a5a1514afdb6501be459ab761236c69bc37333b1ce0877,included,,2019/Ordinance No. 0683-19 (1).txt,34230c5cf48631c6964506bcb47364f1082f1146cea3ae90e669ed7dedd6fe9a,2019,user_verified_folder
2018/Ordinance No. 0561-18.txt,561-18,2018,d0e474ca3ca057e7c316a9b7b44258882978500a2f130506271dd001045cb89b,included,,2018/Ordinance No. 0561-18.txt,344e782795734ea66b9ccbb9951ab33d89ffdde8db2894ba2d999e126cd3212c,2018,user_verified_folder
2017/Ordinance No. 0214-17.txt,214-17,2017,13909642f0fd470c64de0644059b67ef5d990531eaf3c90c4143a9e9a4749c62,included,,2017/Ordinance No. 0214-17.txt,345153f9adeea5c3aebb66ef901f2d3be7e8485fb3a866456a5c68772a519240,2017,user_verified_folder
2017/Ordinance No. 0195-17.txt,195-17,2017,2bcd6a6073e6b17a3533c0cabe58b4cb0622bfbd28cf92d00597b0e0c291b70b,included,,2017/Ordinance No. 0195-17.txt,346a8a5acd2578afb7052227cf2e9c3a49d96f2830a0c169d7f70b908d7d80f7,2017,user_verified_folder
2020/Ordinance No. 0185-20.txt,185-20,2020,ad79ab9a3f23bd97e9b5fabaf650dc84f4022c63c6a46d34e2dfd8df0cceea88,included,,2020/Ordinance No. 0185-20.txt,348801348885660c61994d1a320a47e79712c20e8a4ed94670f6838a1f2a1b49,2020,user_verified_folder
2016/Ordinance No. 035-16.txt,35-16,2016,d79bdfa88cf8c5ec8b68c44884f84a2bf7fc34b5489d07875dfe6252089ca45d,included,,2016/Ordinance No. 035-16.txt,34ce0d05f282590d7e25f4d35d437efb2e3900bf79c3f79220163478727d5f8e,2016,user_verified_folder
2023/Ordinance No. 0225-23 (2).txt,225-23,2023,a48a02f59abbbd244d126010cdee831fa439241027878de435e5ba9e1288f120,included,,2023/Ordinance No. 0225-23 (2).txt,34df034128852e0e2435c43cc212e41fc0249677a3d57289fbddee29c12f20a8,2023,user_verified_folder
2016/Ordinance No. 069-16.txt,69-16,2016,0769c4829950946627c2d517e99db13b60bfb873d94c98240fd38bff27ffada2,included,,2016/Ordinance No. 069-16.txt,34ea849f4c60611cdc76f5b374330891911d0e76196d05cf94e2abd1a130279c,2016,user_verified_folder
2018/Ordinance No. 0392-18.txt,392-18,2018,c8ef880225ccb38d5705201871b1980e2ec982af6b3e4cc00b12733ed4e787f1,included,,2018/Ordinance No. 0392-18.txt,35658bd93ccba4e421c1dc10a8f33d183f52c32d357185d6b09d3f8117e7cab6,2018,user_verified_folder
2023/Ordinance No. 0295-23 (2).txt,295-23,2023,8fdcadde7dffcc247aa3e4dc6cc59992447a604b1f2cb62b94aeb0cd4240df4e,included,,2023/Ordinance No. 0295-23 (2).txt,356cc169b248ebf3d96aa0cf6ca6128463b569b8565587406714a3267d59c66e,2023,user_verified_folder
2019/Ordinance No. 0759-19 (1).txt,759-19,2019,1933d53e3c7236a0bc0f8085ada91149414130cc2ae41e98e27ec4000e19bef4,included,,2019/Ordinance No. 0759-19 (1).txt,358131f14d7a30f9c50033855e5aaaa49f101e581a3fe95d8f3f50dcda779591,2019,user_verified_folder
2017/Ordinance No. 0207-17.txt,207-17,2017,e4047f2f7b4b649c3f3ad980c79fd18b2cfdce1f7f1dc27c28a114890feaba1d,included,,2017/Ordinance No. 0207-17.txt,35e9cf152782a1d950af239d92d106114ca2a131a249736a03dfac0abcf2811a,2017,user_verified_folder
2019/Ordinance No. 013-19 (1).txt,13-19,2019,355cb7d7c0dd00612129bbfa32cfc11e1a197c48ab865d5a4046f1733fbafa7c,included,,2019/Ordinance No. 013-19 (1).txt,35fe9ca0d600ab7fdfcea3e5666c3e8afbdedb32ee5d5d6f08f105bba76cd494,2019,user_verified_folder
2022/Ordinance No. 000039-22.txt,39-22,2022,211d6d8d940c351962005c36b66033792d1bd6e5f6b3cc00f68b6e8162930b3a,included,,2022/Ordinance No. 000039-22.txt,367767486a9259f36e2e136ed0fbb71b785a4aa707de97a4d934baf8050b3641,2022,user_verified_folder
2022/Ordinance No. 042-22.txt,42-22,2022,30fd6be17c9d93c50b57dfabca108f1a4cfd483779c629a00c64003f8d00b4a7,included,,2022/Ordinance No. 042-22.txt,3687c66225e9688b088a77136616de4b13cf9187334cf7290c0d2db1cebb147d,2022,user_verified_folder
2022/Ordinance No. 035-22.txt,35-22,2022,8175d9e78046660c45ffadb04338feb20c045664b7e7fc044e7dbee5cd91abeb,included,,2022/Ordinance No. 035-22.txt,36ace39447518e520ac147fb6920ad81f31d3f3fba60661843b950e06ba97027,2022,user_verified_folder
2019/Ordinance No. 0756-19 (1).txt,756-19,2019,2d63e2bf1fdfa94d555874291265299fd28efdced1bfbb725dab5ffce12d9a4a,included,,2019/Ordinance No. 0756-19 (1).txt,36ba9838662b89e6db1d9af2697d9fd03c4523f3e44e5e9889eea33310782914,2019,user_verified_folder
2022/Ordinance No. 0948-22.txt,948-22,2022,bb9acc43c863fd1b76d7dcf13b84ffd9b7792a0842325ce46af6b70c51215c0f,included,,2022/Ordinance No. 0948-22.txt,36be2cdd63bce88b02f07e98f42a5f2d6ef6cd1e56c5bda65357a38115f514fe,2022,user_verified_folder
2019/Ordinance No. 0695-19 (1).txt,695-19,2019,2f2b8d151817a63ee6fefc8ec447c72639ef2d2f243e5f143263bb4a4a9f3e62,included,,2019/Ordinance No. 0695-19 (1).txt,36cac905611dea0c261c273942e7e764171b74eb598d9c6bd49a95b14463ba14,2019,user_verified_folder
2024/Ordinance No. 0529-24 (1).txt,529-24,2024,12a91618b78e18667303189e46289cbf378411a34d8a86eecd2adc88bd088429,included,,2024/Ordinance No. 0529-24 (1).txt,36cd0a7ae410b5ea29f8b11b0ddd28e9135a8e32610fc2c6cbc6429032e26022,2024,user_verified_folder
2017/Ordinance No. 0216-17.txt,216-17,2017,284b01919559770188377b81fb39d3d7613d24ac52ff5fef1a1f32aa4d832904,included,,2017/Ordinance No. 0216-17.txt,36d903d497d7bc727277b70054a5f03b30821589520f5541f6a2aaeed401a070,2017,user_verified_folder
2023/Ordinance No. 0201-23 (2).txt,201-23,2023,50f43dad7e954b28d24c7270f0692a31f49077f31495bc2983356bf663e75e08,included,,2023/Ordinance No. 0201-23 (2).txt,37018b5cb21db482a1a6ae74696e879f3cf23201847ce8a2479d166186644fa5,2023,user_verified_folder
2016/Ordinance No. 0118-16.txt,118-16,2016,a906ad3016c35f7aa10008e9d49f4d9ad2d4ca4a6d7fbac038c7caeeacbc0595,included,,2016/Ordinance No. 0118-16.txt,37065dc872a7e5ab475cd4cb69b93e4aef19f19a3ab56cbadbf560081e4a9457,2016,user_verified_folder
2016/Ordinance No. 010-16.txt,10-16,2016,25ab1723b4b6d35e300f9821c8d80a366261ff2c942c499731c70e8d5d2e03bd,included,,2016/Ordinance No. 010-16.txt,370f6cb8364f722e23635cb8cb3cd6eae7f65472d89ebbddbd68fd7818e1f318,2016,user_verified_folder
2022/Ordinance No. 015-22.txt,15-22,2022,e29db8a0a4dfc1e1a2ca3304584c0ac0d9b96a765bfe97fcc542d6e78b372240,included,,2022/Ordinance No. 015-22.txt,3718ad1109c5d7bdfae311cfdba4a38f8fb4d648531bf1e37bf2f8273d8d6d9f,2022,user_verified_folder
2018/Ordinance No. 0426-18.txt,426-18,2018,88d9c122802d08f94a6c7f45d0313f5b1827ea203844e91d312910245a6d6d57,included,,2018/Ordinance No. 0426-18.txt,371c700ff47550ba2d10553da9dfd5161931330d13d59f48f0df5de85146ca2d,2018,user_verified_folder
"2024/Ordinance No. 0685-24 QRF San Pedro, Laguna - Copy.txt",685-24,2024,584b40993748773a12f3ded2a9ab18dcf108337b39fe8b714ad816d0a5754a50,included,,"2024/Ordinance No. 0685-24 QRF San Pedro, Laguna - Copy.txt",372900834fe9089417e3db3f95aec51878a7670c36bd6f899f616dd189cfff69,2024,user_verified_folder
"2024/Ordinance No. 0685-24 QRF San Pedro, Laguna.txt",685-24,2024,584b40993748773a12f3ded2a9ab18dcf108337b39fe8b714ad816d0a5754a50,duplicate_copy,,"2024/Ordinance No. 0685-24 QRF San Pedro, Laguna - Copy.txt",372900834fe9089417e3db3f95aec51878a7670c36bd6f899f616dd189cfff69,2024,user_verified_folder
2019/Ordinance No. 0750-19 (1).txt,750-19,2019,2ead6a5ce25a522709d8ddb422be72ab759251d4263f7a2d3f9954c8fe8cb73a,included,,2019/Ordinance No. 0750-19 (1).txt,3745a09db83ae50b592f7242a04f57e206c5e7ee2a7eca1247f5317f2f16d615,2019,user_verified_folder
2021/Ordinance No. 000745-21.txt,745-21,2021,8c43b0474270e73e6dc5746b55b779c1f85cba5c7147db5d0ebc0c10cb611ba7,included,,2021/Ordinance No. 000745-21.txt,375b865dd3aff31dbb9aca160a1b71640b7951a61b79814634754658a696286d,2021,user_verified_folder
"2024/Ordinance No. 0550-24 MOA BFAR, et al. (1).txt",550-24,2024,deaf6c81c4bfae4968769b4f5edd8d86295d006608621102fac25bd2b9853ddf,included,,"2024/Ordinance No. 0550-24 MOA BFAR, et al. (1).txt",375ff394476f62aa1305a93b99f9d0594d3777f76f3ae6eb04f7a87f6b67a65c,2024,user_verified_folder
2018/Ordinance No. 0508-18.txt,508-18,2018,a2430c98d77ba9653eb8364de75f91b6b059a24ff41b836bf33a2b0919d3a9d3,included,,2018/Ordinance No. 0508-18.txt,377268ac1f43705486aca32034ccbab13464ccd685d5559a194fb404f21285ce,2018,user_verified_folder
2020/Ordinance No. 0327-20.txt,327-20,2020,fbb1601c28fbfa49356df819f42bb6cbe18decb3a8f2679edffe216ad6c3ee37,included,,2020/Ordinance No. 0327-20.txt,3784ee7f5841babaed408c91b003148e497b03d7530f462fc50bf1813ff74631,2020,user_verified_folder
2016/Ordinance No. 028-16.txt,28-16,2016,37597f5a45216cb0adc1f456be920868dc9455d14de957f9dce31fc88fba68bf,included,,2016/Ordinance No. 028-16.txt,3797054f3f0d48a939f67dc9b01bd0af3e34fa8e80aecafbe08b4d94b96899e1,2016,user_verified_folder
2025/Ordinance No. 0735-25.txt,735-25,2025,dcf3c4df2c4363c3d27407b467e7ea16a327cfeeeaccbb12561c1fafab473c04,included,,2025/Ordinance No. 0735-25.txt,37cff8f3cb70a05a95560412408e2a494ecc4dc27d6f7b6f24eae2575bc1f503,2025,user_verified_folder
2016/Ordinance No. 0107-16.txt,107-16,2016,2636f5fda8a69fd543f1747e63ba8a5bd8bc42f9e400383bf4ff968b8c569d1b,included,,2016/Ordinance No. 0107-16.txt,37dde01f53986ad03d717b857ae78283551996d65fb98f0e6f99895797de6524,2016,user_verified_folder
2018/Ordinance No. 0654-18.txt,654-18,2018,9f553d3810cdde08030458932f7edb4285ac3273d6e1a94f7c4443fe9679f129,included,,2018/Ordinance No. 0654-18.txt,37fb387b141e965393c12f8b2c36c5dd527add743618b556dc6da6e483a9d532,2018,user_verified_folder
2019/Ordinance No. 015-19 (1).txt,15-19,2019,4c5854193a3603b980e78fffb70cadea87c679eb886752165774d715308c2e52,included,,2019/Ordinance No. 015-19 (1).txt,37fc110be483351a3ed55652341929f70f7057a44f27e031f144120227b842fe,2019,user_verified_folder
2021/Ordinance No. 0635-21.txt,635-21,2021,e69943e95e911c4fa5641c4ed2a87db0c324ad5a097eace8c3a3430de3d8adcd,included,,2021/Ordinance No. 0635-21.txt,38044be0ebad74c87fd290e49a23a0f6b81ee806db85d2d0ae56f9706603335d,2021,user_verified_folder
2020/Ordinance No. 0312-20.txt,312-20,2020,b491d3f7bedb2a28285c8e024dc59a1baa6e3d5b4892dbbe6cd54d1ce0f56c7c,included,,2020/Ordinance No. 0312-20.txt,383aeae102e25b455501d8b20e298344dea3c3818908ed59922dc57437400a2e,2020,user_verified_folder
2024/Ordinance No. 0581-24 Request of Lourdes Angeles (1).txt,581-24,2024,060dae2674c77ad522f32a3c864f5bb365288cf6ad8c52352b21ced95e937698,included,,2024/Ordinance No. 0581-24 Request of Lourdes Angeles (1).txt,383b3619919ad5f4782a2683b0f5c0049521a5330a06b654d18120a4c90017c5,2024,user_verified_folder
2021/Ordinance No. 0575-21.txt,575-21,2021,730ce53ead440397f550cffbfdf02b57e3c02d2399b86568b1648d53eaea0d3d,included,,2021/Ordinance No. 0575-21.txt,38573ffb7508486ffd76aa0138ff69c57ecc7e7f829944dfcdfb29dd15bf32c9,2021,user_verified_folder
2024/Ordinance No. 0459-24 -Deed of Donation Heirs of Imam Sahidan Camamara Sudagar (1).txt,459-24,2024,e78a55ce2e6680e1f0bfd253a1f51dc11017a8c06cfa1a217631618edfd89815,included,,2024/Ordinance No. 0459-24 -Deed of Donation Heirs of Imam Sahidan Camamara Sudagar (1).txt,38b430d0e5b772d03ed99334e70ace978e6a5aef2757302e877f8a4d43c4ff99,2024,user_verified_folder
"2024/Ordinance No. 0474-24 MOA, DSWD-SLP (1).txt",474-24,2024,57a7b55fe88b97b0e432c8b8b7dd91f28b405820887cc316854607305e041174,included,,"2024/Ordinance No. 0474-24 MOA, DSWD-SLP (1).txt",38bf9b9b60a0e8e3f43fbdaaf3c3913a6d29dc29c179073d96c36d706adc4506,2024,user_verified_folder
2020/Ordinance No. 0242-20.txt,242-20,2020,8ec81491e4ff8d8c289a755503a3b13ca18427ff5f5e709ea89e2926a1303365,included,,2020/Ordinance No. 0242-20.txt,38c53803f4ed79cad7f1f27894b1d8cdf3a3f1c5d7c80fd2dc41058ef517c1b1,2020,user_verified_folder
2021/Ordinance No. 000710-21.txt,710-21,2021,72174660cccda6b0b42d8cffe27c3d61a700ff73f07ecb57436322b21e631ee5,included,,2021/Ordinance No. 000710-21.txt,3927d7cc5132f97661057326afe0d7e808308c2db764ee8664079377e7028f93,2021,user_verified_folder
2019/Ordinance No. 0136-19 (1).txt,136-19,2019,9dcafae3638db010443b9f58e661867f888c37f5944dfabeb5495e41d01d0009,included,,2019/Ordinance No. 0136-19 (1).txt,399cc3ca90034c0dfd4ba9514e88217974840ccb123202838a135c0040705622,2019,user_verified_folder
2018/Ordinance No. 0631-18.txt,631-18,2018,6df7a38be4d277ace176963417e363dcc03ed4eb58a3d3f738e6f7c91e4f7ee7,duplicate_copy,,2019/Ordinance No. 0631-18.txt,39b92627ba991e2467c0f46a178f1febfde0c4196ad10d0d51aa00fe52c7d082,2019,human_year_override
2019/Ordinance No. 0631-18.txt,631-18,2019,6df7a38be4d277ace176963417e363dcc03ed4eb58a3d3f738e6f7c91e4f7ee7,included,,2019/Ordinance No. 0631-18.txt,39b92627ba991e2467c0f46a178f1febfde0c4196ad10d0d51aa00fe52c7d082,2019,human_year_override
2020/Ordinance No. 0296-20.txt,296-20,2020,8286f8bceb2ee39d8d9e9ac2ab399702d3c9781353d94305ebfdbd09182d3e4b,included,,2020/Ordinance No. 0296-20.txt,39d0817fa51bd9a5687710b370010024facc5de7fb8ae4f4884f9cf90cdd1ae9,2020,user_verified_folder
2023/Ordinance No. 0261-23 (2).txt,261-23,2023,e1de7fe2331b2ce516d40d8881d3a2d1216998918aafebb2fcbb8c70edabd487,included,,2023/Ordinance No. 0261-23 (2).txt,39d32f031ddbbc514bf790bf417a8a433a028b865ce02fc21524d061ebccf8d2,2023,user_verified_folder
2018/Ordinance No. 0627-18.txt,627-18,2018,aad5918259aa7095429f22055b6edf248a5337cdfc6270fe8610036564fa5dc9,included,,2018/Ordinance No. 0627-18.txt,39de2074d169986d036e1fb515717b562ef71c04f5c15fa8bcb495b25a5c0cb2,2018,user_verified_folder
2018/Ordinance No. 0664-18.txt,664-18,2018,b1c663b602c5b7c5138b05ca01d21b6a189212af261291e8231069cf0e9f3025,included,,2018/Ordinance No. 0664-18.txt,39f85e6239fbf24ab062d75619740dc033e5028259811233a277779dc4fae041,2018,user_verified_folder
2019/Ordinance No. 0130-19 (1).txt,130-19,2019,428ba0a3ce22e480c7ab9235f636e5cde7f1d23217427dbcf42e9ea1d574f8b3,duplicate_copy,,2020/Ordinance No. 0130-19 (1).txt,39f8eb1af1ffe5357f716a0d917d9ce3ca872528ec860b2cf3a9cffe054347a5,2020,human_year_override
2020/Ordinance No. 0130-19 (1).txt,130-19,2020,428ba0a3ce22e480c7ab9235f636e5cde7f1d23217427dbcf42e9ea1d574f8b3,included,,2020/Ordinance No. 0130-19 (1).txt,39f8eb1af1ffe5357f716a0d917d9ce3ca872528ec860b2cf3a9cffe054347a5,2020,human_year_override
2020/Ordinance No. 0305-20.txt,305-20,2020,87b059be2a9e799d7c2ed5251626a2ba5ee96b52408c7d991c4b6e4921c90e67,included,,2020/Ordinance No. 0305-20.txt,3a20d22414e63ebaa8d80b59eb8dd7439d94f05bfd7e83558565a3f6c35c0607,2020,user_verified_folder
2020/Ordinance No. 0208-20.txt,208-20,2020,140d48903d0026915468909fd2c28793b21853a7cf792d97b1c97ddfebd03d6d,included,,2020/Ordinance No. 0208-20.txt,3a2877326fad1520d0ac2b7cde5d008437886bc622de3c4b231eac27397efee4,2020,user_verified_folder
2022/Ordinance No. 000029-22.txt,29-22,2022,f590762419629b2863164b992f672b72462de6c5a4dad614af0c51f58c6b1da1,included,,2022/Ordinance No. 000029-22.txt,3a2d48b1427dc0c6f5d59b7ddc8baf3f826d924354d3edaf132a10105933ed7d,2022,user_verified_folder
2022/Ordinance No. 0113-22.txt,113-22,2022,a088171eb3af2f18e37fe0fb8459ef49f59e10db1c3c5f15adb0e6fddcdd9d23,included,,2022/Ordinance No. 0113-22.txt,3a5d55c71d81f9e2ee90db51b38105cd51a6bdccb2292c705071a742cefe560d,2022,user_verified_folder
2024/Ordinance No. 0532-24 (1).txt,532-24,2024,78afbeb299b5e58579879f5bf77db2406fab7e9b04c06bdd83f184bf10da401b,included,,2024/Ordinance No. 0532-24 (1).txt,3a61bd68caaebd1e07b29f08d7cf248dafa795a55e695ac36cb3c4422a5185f5,2024,user_verified_folder
2024/Ordinance No. 0464-24 Mt. Apo as Geopark (1).txt,464-24,2024,c75415a79e8c477da525ea62027e8bb0016a9c84324daf8bd445f51b6fb6662e,included,,2024/Ordinance No. 0464-24 Mt. Apo as Geopark (1).txt,3a910c3bdbfe66bf6697e0e4035fe1e77b6e86f7f8450e9b8ddba3469c2923fd,2024,user_verified_folder
2024/Ordinance No. 0652-24 (1).txt,652-24,2024,d2e60c6aa0750390712bd3cea1a8e464b9988c887d3e13ccc23b056fa1e49764,included,,2024/Ordinance No. 0652-24 (1).txt,3a9a67a35997672a253d0c8f03a3c8df1e7ccb94164055419ef217e458616656,2024,user_verified_folder
2024/Ordinance No. 0628-24 Amending Section 317 of Revenue Code (1).txt,628-24,2024,af27fd058098fb8b06ffdff2cb194436427017b4e1452f85d12c353b323fe9a9,included,,2024/Ordinance No. 0628-24 Amending Section 317 of Revenue Code (1).txt,3af5e03731422affa5a96fe281fc4075ce7d1cb9bec5ff1023e12a3f01f9bd8f,2024,user_verified_folder
2019/Ordinance No. 039-19 (1).txt,39-19,2019,91c8bcf1ff5ae9925807862c75c4ae8485a554308494816afee0dd1dc877dc79,included,,2019/Ordinance No. 039-19 (1).txt,3b097e3d17337023418513b5ab158fad148d3583e6b8d1906cd51b82510fd749,2019,user_verified_folder
2024/Ordinance No. 0387-24 -Incentive Code (1).txt,387-24,2024,d3c65e458944b1390bd8cdaaa3abee79fdab329d33dbf22afa2fbd172012c829,included,,2024/Ordinance No. 0387-24 -Incentive Code (1).txt,3b3856bd0cef9158f1a54f3e0153ca13e4a39022c6dc854bc7d53296b53ec331,2024,user_verified_folder
2019/Ordinance No. 0795-19 (1).txt,795-19,2019,0786349d7009ea9b1a65753aa3fec206fb74cd99111d7415efef5fb49ebd4ba1,included,,2019/Ordinance No. 0795-19 (1).txt,3b58709fe095ca21c29889192ef6cac59efbd47ddfa316f15b8dae9a6b3281fc,2019,user_verified_folder
2023/Ordinance No. 0328-23 (2).txt,328-23,2023,427470b6cd09dbb9dd7fa713eb94aec517ed0ded955fb0f0a06ff867ef8ca33d,included,,2023/Ordinance No. 0328-23 (2).txt,3b718627f8b7bcb56ff4d6c9dde5e51d4a1e187fbb596e0bb18aa14a2b05ce51,2023,user_verified_folder
2020/Ordinance No. 0315-20.txt,315-20,2020,5f642dec3d57d2ef652341faf559d58cf6b2211b8768a330bfed4b98169ed183,included,,2020/Ordinance No. 0315-20.txt,3b7e6e56dc6582844f0e49392055356e167af237604bdaf9819c0604732d9167,2020,user_verified_folder
2019/Ordinance No. 0718-19 (1).txt,718-19,2019,a0932bdd954acee2a2780e8a3791ce21d35ce643b10f066f11f38e5d48678a7e,included,,2019/Ordinance No. 0718-19 (1).txt,3b88811ee6ede07de4a56a7700992e4d3865b3cf0a8a6a6baceb92b1a143bc7e,2019,user_verified_folder
2022/Ordinance No. 021-22.txt,21-22,2022,c49f28271a09df8d558771dd76f42165c5994cc3da6cfacb1ba9fe14faa496e1,included,,2022/Ordinance No. 021-22.txt,3b91ba4f0d5e81c142acba86e0957033d677df1fe0a7ed25805a5b1b3aad5f33,2022,user_verified_folder
2019/Ordinance No. 0170-19 (1).txt,170-19,2019,544c21c3447ba08bd06863b5f268ca29920710503b024bbe4512ba2175a890c0,included,,2019/Ordinance No. 0170-19 (1).txt,3bc31bb28f4e43508ea9ece1421d267d1af0509b8435f331529d43a3f2c989e5,2019,user_verified_folder
2021/Ordinance No. 0665-21.txt,665-21,2021,ecb7c1c3762839dc30c93c610dfd9f559a733781dba02f7f45c2e781954da9a0,included,,2021/Ordinance No. 0665-21.txt,3bce919b03eff18312483a7992da28e04c721d527c659c9cea4fc7957c02320a,2021,user_verified_folder
2024/Ordinance No. 0539-24 Amending Maritime Coordinating Council (1).txt,539-24,2024,b9720433ddc8f6ad8107d81d9516402fb16e9d413c3c713a03b1ad2515593bf2,included,,2024/Ordinance No. 0539-24 Amending Maritime Coordinating Council (1).txt,3bfab4b56764d06aa7188fa2a56ddf585f0579575ca47df94fd8f72c6244e7e1,2024,user_verified_folder
2022/Ordinance No. 058-22.txt,58-22,2022,ac868beb08062e30ac28ba5c475fdda8ae81a524d820e4d9b837c72ea318344f,included,,2022/Ordinance No. 058-22.txt,3c0fcd8d9733b86f972fa2dfb615761d0ba8b4bdc8cb6cad277132b832d68774,2022,user_verified_folder
2018/Ordinance No. 0626-18.txt,626-18,2018,f8abd1dfbeff7cff7fb3241efdce7719e4c6aa03e3fd186b0b53d729693496e9,included,,2018/Ordinance No. 0626-18.txt,3c231ceecada4942db34307093449e1fac8d7d9da26b02485f0449dc4dbcc793,2018,user_verified_folder
2018/Ordinance No. 0439-18.txt,439-18,2018,e3ab334a0f298dfbdd07f0f99c7d8cd55070bcc16789c264c407a75483ed0365,included,,2018/Ordinance No. 0439-18.txt,3c40330b4102e2981bde8a4783c3f02299e6afb2d089617816fe995272671e22,2018,user_verified_folder
2018/Ordinance No. 0597-18.txt,597-18,2018,3e0706d19b50d98e5b3bf76b8ca8b9836b1746b435e11a33f10e44a097545b75,included,,2018/Ordinance No. 0597-18.txt,3c660a3e058515d9aedd503ba679fef7b662010c99da00d4c6b8f99bcb6e4ef2,2018,user_verified_folder
2020/Ordinance No. 0238-20.txt,238-20,2020,168d2b5d754d8847cf8e98b1a9bd8916b4156c223ffe3630dc29c77b0558e49b,excluded,outside 2016-2025 after human date correction,2020/Ordinance No. 0238-20.txt,3c775f8a5e5e8b5508e8e851562e5c38146ea726c9f6587af7c459f075b632e1,1991,human_year_override
2022/Ordinance No. 080-22.txt,80-22,2022,e43329596d62565eedd562e9853808ef552b0e8536dfc6fba0bc3c699643d2ef,included,,2022/Ordinance No. 080-22.txt,3c79eff2eeda1a8f5f95318500e76a022b5b3ed06e028bab705757cf1be8e3eb,2022,user_verified_folder
2016/Ordinance No. 036-16.txt,36-16,2016,df852b62b896d2a24e8af8979a9a04b4e5b58a7ac6d6efa85853109715fb2675,included,,2016/Ordinance No. 036-16.txt,3ca13c8f786d13ebbd4af28f34171b900975dbdb32a8cf4b3027bed8d03869f0,2016,user_verified_folder
2024/Ordinance No. 0585-24 Amending Position Titles in CGD (1).txt,585-24,2024,01ce92f07037903569eb1254e56c5e14ddcdaae21eeac9a261d581f2de6b3511,included,,2024/Ordinance No. 0585-24 Amending Position Titles in CGD (1).txt,3cc70fff9d613e79d6ee8ce2947696ed5409d841e0d4621b7cd29820f4d86b2f,2024,user_verified_folder
2023/Ordinance No. 0251-23 (2).txt,251-23,2023,68c4ef164ed4d73f2727a948cd97fd2c525c414bfdb8a00399592dac9cd03bda,included,,2023/Ordinance No. 0251-23 (2).txt,3cef58d2a49279d2e708144913e8350fb2ebf3d3df4a401ac456be40f7dfd648,2023,user_verified_folder
2016/Ordinance No. 0488-16.txt,488-16,2016,01174b49ae81ee47c696a6333dbd9c2b957a173accb3afc7176bd5222991b0dd,included,,2016/Ordinance No. 0488-16.txt,3cf061bf8557b369ae5035808696d73f23dee3e4fc9f4fc50119eeeebda25b81,2016,user_verified_folder
2018/Ordinance No. 0450-18.txt,450-18,2018,d3922a9120116b84708463baf789af8c41775418eb53c193c1500d092300e2da,included,,2018/Ordinance No. 0450-18.txt,3d0976986d0506b23569b93946c8c5a21d25fa892ff0f598739ccb2df44ae20a,2018,user_verified_folder
2018/Ordinance No. 0449-18.txt,449-18,2018,cdd29e7f3bf9b58c62b55768e8299da2eb8d845e8ea1a84ab8e868031be9c094,included,,2018/Ordinance No. 0449-18.txt,3d181a23669572d2fb85766404ea7a2203b66914041808e3e00ec34ec7717514,2018,user_verified_folder
2017/Ordinance No. 0265-17.txt,265-17,2017,9ab4a1c2ed916a0f040dfdcc94755d6420cfa91dc96246ecb8027bf56a112fea,included,,2017/Ordinance No. 0265-17.txt,3d21f4bbd48509084b8ca0a4edaeb188e4cc139ab01584ca40880de970554f2f,2017,user_verified_folder
2020/Ordinance No. 0247-20.txt,247-20,2020,2c003a6af8921073c50605addd070bb3b250b5360e5d6d6223f6ca88988c5854,included,,2020/Ordinance No. 0247-20.txt,3d449d3b7b63f740b7c2a761c18e04330585eb1a5290a04fcfd19d7636a30386,2020,user_verified_folder
2017/Ordinance No. 0197-17.txt,197-17,2017,d4906016dbe09d4f92431a4f635d69e325f0e3c54bb813e9e754b0959cd36991,included,,2017/Ordinance No. 0197-17.txt,3d4a7ab7302704bb59f8931c2e5cb188764bb98fb8bb2be03fc40041984583de,2017,user_verified_folder
2017/Ordinance No. 0379-17.txt,379-17,2017,23d0bdcd12ecdadf015c65a08e65e6a40a7e025c80345fcbfce6e7d7fca885d7,included,,2017/Ordinance No. 0379-17.txt,3d901bbbdb5fa5345f336bd42151a6b8539f1ecce9935fcd11e42f6781ac214c,2017,user_verified_folder
2017/Ordinance No. 0246-17.txt,246-17,2017,388aa691f5372d99c10660ab048fc11a7015fbed79a951eb6a0d18aece15af41,included,,2017/Ordinance No. 0246-17.txt,3dbcf2eb26877ce8b8571e3ce2b44ec19db7d35915e39b9d7cd79719108c23c5,2017,user_verified_folder
2017/Ordinance No. 0178-17.txt,178-17,2017,07516d250c611376d0f3315a9ec3a0d42fb3bef67876b382dc4b7116cef69b9b,included,,2017/Ordinance No. 0178-17.txt,3de9fe66cbf0f905f94deb7671e9937a394bffa5b3b5471860ebf5e3ed2e2d13,2017,user_verified_folder
2024/Ordinance No. 0588-24 (1).txt,588-24,2024,6480e85923a3938817049b71db8e581c289143eaae0ee3bb3fbae93eac782bba,included,,2024/Ordinance No. 0588-24 (1).txt,3df23900e2a497032776eacf5d258e3b6f6fbd972746d3906bf2c3cbf9f0cca1,2024,user_verified_folder
"2024/Ordinance No. 0417-24 -QRF, Lupon (1).txt",417-24,2024,b9b8bee9c06bbe695037a6353e78ec4cb91e43538c5e5eaaff9ef7f70690d6d6,included,,"2024/Ordinance No. 0417-24 -QRF, Lupon (1).txt",3df2f1115ab0593378ee3e993d918d777043f7de2843b3a8171948b8872de21b,2024,user_verified_folder
2018/Ordinance No. 0507-18.txt,507-18,2018,7e82ccb7c8e7d644575649c0b2839d33e61f1dc71ff2a7b0eabc025b12143ee5,included,,2018/Ordinance No. 0507-18.txt,3e29039b153497754c631112d81b35dbe6ed85cb5717276439bb4d7b52ab82fa,2018,user_verified_folder
2019/Ordinance No. 011-19 (1).txt,11-19,2019,7714edb62c68fc297ea0f4abd06f4ba99d1b4a28888b42764d88bf35b05ee18d,included,,2019/Ordinance No. 011-19 (1).txt,3e3391dd11c63f8aae5f19d7fe79afccd599208b1a5b5acf5fcff286fb131649,2019,user_verified_folder
2022/Ordinance No. 0975-22.txt,975-22,2022,f5d5bc3f1a598bdc7a38859c838f1420e1ef61183a63a7f7cef83262b7b0f885,included,,2022/Ordinance No. 0975-22.txt,3e35c4b070e011878d4bd1db93fe4dafccee8d8934bde590b4da76190126a128,2022,user_verified_folder
2020/Ordinance No. 0234-20.txt,234-20,2020,dbeda6309a36d9420f364b69314c513bd72553c81c4df3fa65060ca8ccdcfe52,included,,2020/Ordinance No. 0234-20.txt,3e675c2d6d02b57a935ea4ad789055c79a6bef7be9ed43c92c56dc43d5cf4452,2020,user_verified_folder
2016/Ordinance No. 086-16.txt,86-16,2016,00eaadc86d8309dcc19674d0cfc6e0607e082f5229fd51e916df6ed2eb46590a,included,,2016/Ordinance No. 086-16.txt,3e6e2f8aeeec7f64a2d26df0c576da8c61d0843664fe66578ecae350cded68e5,2016,user_verified_folder
2018/Ordinance No. 0568-18.txt,568-18,2018,a3bf72c213a6b2dd9aec20e7b84569da17d9b7e3f27aec1dfc2387376be473e1,included,,2018/Ordinance No. 0568-18.txt,3e7753e2b2e9c3780a76f57029b0e58e23b5155db7a52d958b621028abf168bb,2018,user_verified_folder
2016/Ordinance No. 057-16.txt,57-16,2016,00c7517f9879b2fdf8b440759d3b83cc99fc055e13eab42381eaeaa625b988c5,included,,2016/Ordinance No. 057-16.txt,3ec69d955c761ac7d9e159507a628854e01a92cd39145426394f1711a9e46d14,2016,user_verified_folder
2024/Ordinance No. 0461-24 (1).txt,461-24,2024,86ff7ea1b76824d43a44be64df8a6ca347ed752cdb2afaee58c8175239d779f7,included,,2024/Ordinance No. 0461-24 (1).txt,3ed518232619ed4bebc3c548f7d9be5d220b0e3b557aefb7cd1bb43bc586fafa,2024,user_verified_folder
2023/Ordinance No. 0299-23 (2).txt,299-23,2023,017183f762130c7e18560b53c4a6789777833d6ce76651defd4032eafc768cc6,included,,2023/Ordinance No. 0299-23 (2).txt,3ed86279f1e940e086eb40721026da2e24c17becda708f09f122e62eacd0d469,2023,user_verified_folder
2024/Ordinance No. 0469-24 Deed of Sale Maria Lani Adaptar-Roque (1).txt,469-24,2024,522322550755dae5b548f6eddbfd3877aa63989f32eeed0731fc27e10e72d14c,included,,2024/Ordinance No. 0469-24 Deed of Sale Maria Lani Adaptar-Roque (1).txt,3edadf05b1ec2ca09da2a6625edf4492fe1e1fae3868febcaddefe09bf1e3cca,2024,user_verified_folder
2017/Ordinance No. 0166-17.txt,166-17,2017,5cb943f25a7b3b31a95cedef53a8f6f07ee884547b9303ff13fbf88e626e42de,included,,2017/Ordinance No. 0166-17.txt,3ee878ce329833aaa68b498f51d94c3074f2d0aff4738401e8b4dd7a44bc0071,2017,user_verified_folder
"2024/Ordinance No. 0687-24 QRF Tanauan, Batangas (1).txt",687-24,2024,e921227df6a68e6d9370d08d8ad84a53525c31a4309db970a0e58ffbfa426617,included,,"2024/Ordinance No. 0687-24 QRF Tanauan, Batangas (1).txt",3f1d5cfe5a0ffc23f0f3513d333d010ec3752f7f6eef8bed0811794c5f9122b2,2024,user_verified_folder
"2024/Ordinance No. 0687-24 QRF Tanauan, Batangas - Copy (1).txt",687-24,2024,e921227df6a68e6d9370d08d8ad84a53525c31a4309db970a0e58ffbfa426617,duplicate_copy,,"2024/Ordinance No. 0687-24 QRF Tanauan, Batangas (1).txt",3f1d5cfe5a0ffc23f0f3513d333d010ec3752f7f6eef8bed0811794c5f9122b2,2024,user_verified_folder
2016/Ordinance No. 0110-16.txt,110-16,2016,6a6d8ef00ae3da4da653284d274f32c0caebe523236da8cb8de671bc64d3d0ff,included,,2016/Ordinance No. 0110-16.txt,3f3b4063dff3e520679eff3cb5d0b3144b6c8d4eab48246458a1363070d17789,2016,user_verified_folder
2019/Ordinance No. 0798-19 (1).txt,798-19,2019,1af7fa5be2cb5433419f75ab1ac9d75d7b3730bba16e68a05b633f99424dd623,included,,2019/Ordinance No. 0798-19 (1).txt,3f3e5223d55d7bd628c7d4bad550f58eb3080511a868987222d4e5f86f8a9c8b,2019,user_verified_folder
2024/Ordinance No. 0700-24 Granting Insular Oil Corp. (1).txt,700-24,2024,f9cf4088fba0b3c0ee3444a2202291f7e4e34c8bc0948305e45bdedbdd897bdb,excluded,outside 2016-2025 after human date correction,2024/Ordinance No. 0700-24 Granting Insular Oil Corp. (1).txt,3f597637cd3020db53f4ba3be8c356576ec97ada2dce8949bb659f158a9a00bc,1991,human_year_override
2023/Ordinance No. 0384-23 (2).txt,384-23,2023,cb2cb60e2e18d2b326c70deb47ae115942fc1c9c54b9df9ba9efc21a74defeaa,included,,2023/Ordinance No. 0384-23 (2).txt,3f98eb0d6146c0eefdfc58bbf6f83f7fac793d4cdc41db3cdae026142471d263,2023,user_verified_folder
2016/Ordinance No. 0511-16.txt,511-16,2016,a5e3bf896054e735be0723e09e855871ed8dc0d9cfc8639b69b2b91d0fe150e8,included,,2016/Ordinance No. 0511-16.txt,3f9b31a1c79abce56dc17216a542dc9fca05362923202114170ef9b426f2a508,2016,user_verified_folder
2024/Ordinance No. 0548-24 Water-Break Time (1).txt,548-24,2024,66b798820dc9951dbd8dd41d7a4316a24ac29bacb32a17750d4e7e91961418d1,included,,2024/Ordinance No. 0548-24 Water-Break Time (1).txt,3fb098ab8338042c638d93a86fdf60e2cfac3e5a37227ab1510354ada798b00d,2024,user_verified_folder
2018/Ordinance No. 0498-18.txt,498-18,2018,3ad881f1d05baa4508639411f94ddb23ce218432eb4bd205787e65ce3232112b,included,,2018/Ordinance No. 0498-18.txt,3fc1175fe2bfb8c89f35e7fd3011154ed2e27a0dd51d0931d276d4abe53ed8a7,2018,user_verified_folder
2019/Ordinance No. 042-19 (1).txt,42-19,2019,52814c2d9252ed8ebe13554e2c506604a6448aedb6d19c84e7a3f6b141349b49,included,,2019/Ordinance No. 042-19 (1).txt,3fef40c0d0ba9214922cd3e72a7ed97d48c5c6891713804eb3a746b9d28c8dc7,2019,user_verified_folder
2020/Ordinance No. 0236-20.txt,236-20,2020,157fd6a142d393e55e5ab22995669756b661b5c2c3dd7992a7f5d8b737d6aa1d,excluded,outside 2016-2025 after human date correction,2020/Ordinance No. 0236-20.txt,4003ceeec7053dabd9c307439a7e9b58560d48c39286273861abbabc80227093,1991,human_year_override
2016/Ordinance No. 0510-16.txt,510-16,2016,9b96b5b492ed4b63126ab956c37ad070525d3f881785981d57c6cd505d4036b4,included,,2016/Ordinance No. 0510-16.txt,40a214208fbee3e705670533fb68c57457a62ff77713c3800fea9431f618a081,2016,user_verified_folder
2016/Ordinance No. 009-16.txt,9-16,2016,44454788513fe39d7af58b1890c002dc2657bb83f5a12621b400ceb66464e55d,included,,2016/Ordinance No. 009-16.txt,40bd1edb1e931fa06e4f7f1511fcc65c3da580a96278ca29c2adf2d2b91cc212,2016,user_verified_folder
2018/Ordinance No. 0478-18.txt,478-18,2018,2fa895fd1408771adb24e01d672726e007fb52336aa8d2646000c3d196a1339e,included,,2018/Ordinance No. 0478-18.txt,40d48066e9e7f1b2ac071e7c88f8a2513c6ef4c06378b2c0be0d82fe8de3eaa8,2018,user_verified_folder
2023/Ordinance No. 0284-23 (2).txt,284-23,2023,59f9709324ea7080364b61606ce6cf54ab939daaf0c9e2d1b6efcae76f5fbb3d,included,,2023/Ordinance No. 0284-23 (2).txt,40f2f7cdb4f1d006ea808b308099cbe3e1d07ec94dbd37b584a092f405be1fb2,2023,user_verified_folder
2018/Ordinance No. 0546-18.txt,546-18,2018,c93a122761d9e9cf4aca5b99ffa76ee2229945d4bc0407f6a80a559e9cb76cc7,included,,2018/Ordinance No. 0546-18.txt,40f4393f06e22ad3f6b0622fe9d3cfc97cf7792bd6414622e506982df3f4c107,2018,user_verified_folder
2017/Ordinance No. 0146-17.txt,146-17,2017,39f82abe17adf700062146f44e4f258ed2306469b2877e25afd772fee8f94094,included,,2017/Ordinance No. 0146-17.txt,41521fc4649116946515ebc516b76b6355a485c4712a3e8a4f529079fd409507,2017,user_verified_folder
2021/Ordinance No. 000687-21.txt,687-21,2021,f25ee303d35a4f4185d4c5fb493356a5e04681da5df6af669e38ae2d631578cd,included,,2021/Ordinance No. 000687-21.txt,417434553411461291cb865cfe4eef699e10471ecf0f313e088bece7826b74e9,2021,user_verified_folder
2021/Ordinance No. 0490-21.txt,490-21,2021,d4968a112a1dbf8dcf918c8835fab2b10ee3759f54b4ec6cd91886467ee2b354,included,,2021/Ordinance No. 0490-21.txt,41b1ac352f3ebf6be7d93366b04b2558de96d5d4b10a74ecc5e29cf5fe77985f,2021,user_verified_folder
2021/Ordinance No. 000719-21.txt,719-21,2021,e06df48ec89dd9022d2d939de78f242de93de47cf9a2ed0eb8ecd5610f735e41,included,,2021/Ordinance No. 000719-21.txt,41e82a72ec729de381bc7adc06dca9ea685e5ab1915b51450ea104822befa678,2021,user_verified_folder
2025/Ordinance No. 0776-25.txt,776-25,2025,99c97b15c23dc8f6f82e748c1a1c5d17dca5ea527b9ed8dc3b7096c2c48bb21c,included,,2025/Ordinance No. 0776-25.txt,41f766738a94b5b866e5584dcad9b50fc5f8482b30e3a13266298c7bf9feebde,2025,user_verified_folder
2019/Ordinance No. 0111-19 (1).txt,111-19,2019,687b78f35769c8968856215123657db56a8938063e76d2557b4df41bbbbe529b,included,,2019/Ordinance No. 0111-19 (1).txt,420746308474ec51bcedf6f6a52d56154069075c4773ff6438b249d4435222fb,2019,user_verified_folder
2020/Ordinance No. 0210-20.txt,210-20,2020,ad6b91a2c7143a5ae4c8b09faff71ad109f310ec645eb7265a116007226e6be0,included,,2020/Ordinance No. 0210-20.txt,421ef0f4e993dd69eb2c41820c957241d4f21751925f8e7eb693b60bf32a4e1b,2020,user_verified_folder
2016/Ordinance No. 026-16.txt,26-16,2016,cd779a6fb642dadb09e697db6762162a2fea56b03e6bf865b772974160b4ac47,included,,2016/Ordinance No. 026-16.txt,4249db49d9d119797bb38f7c5c827028d292c3ba5d3a18eff3217c62c449983b,2016,user_verified_folder
2023/Ordinance No. 0169-23 (2).txt,169-23,2023,af92502988db141af39a2ce70cd10378b41c8bae9f121731374e8c572c058f8a,included,,2023/Ordinance No. 0169-23 (2).txt,424de85e896f9d3582df23503d35fca938411a3f424021d16482427e45b8f63d,2023,user_verified_folder
2021/Ordinance No. 000694-21.txt,694-21,2021,6fafbc001d37d68fbbed4adba876f394f56cfd01d0fde4f738f8344c96be2eec,included,,2021/Ordinance No. 000694-21.txt,4272b504c5f601f5b278e5494ab31a5392c30357e71845af385b21ee722a9e03,2021,user_verified_folder
2021/Ordinance No. 0498-21.txt,498-21,2021,6569a1fea09fa5b6bb521ccf26544e79425e78ed8efc355e5e89ac533d83eeb9,included,,2021/Ordinance No. 0498-21.txt,4279d81a59dead161d44e1fb19420fa47377f37478dd0181bb6672c9d982ffe7,2021,user_verified_folder
2018/Ordinance No. 0645-18.txt,645-18,2018,291a8ccb254cabd3941d863f7e646a032b23d0a4646f1b5c5fd73ecc7ac19484,duplicate_copy,,2019/Ordinance No. 0645-18.txt,42953b989d200de43f9b6f832c80ad65e98091fe81e254e1719b651db9582ad9,2019,human_year_override
2019/Ordinance No. 0645-18.txt,645-18,2019,291a8ccb254cabd3941d863f7e646a032b23d0a4646f1b5c5fd73ecc7ac19484,included,,2019/Ordinance No. 0645-18.txt,42953b989d200de43f9b6f832c80ad65e98091fe81e254e1719b651db9582ad9,2019,human_year_override
2017/Ordinance No. 0199-17.txt,199-17,2017,e91fca3ea5835d20e91a6322c3a7a226fd3084bd6973b9c50e4a76f01782819a,included,,2017/Ordinance No. 0199-17.txt,42983b1c8bc070e1ce1aaab5871d6395d93bd622cc997e03492c14df783393e6,2017,user_verified_folder
2021/Ordinance No. 0592-21.txt,592-21,2021,bd7b7ccc120f47509890cbf616d3f140b260f820439a8b55f7fed3c46a4f2490,included,,2021/Ordinance No. 0592-21.txt,42c76067e61a467719e8b17cf968a8d43fc11ffb0029004b9e7aefecb9cffb40,2021,user_verified_folder
2016/Ordinance No. 099-16.txt,99-16,2016,6c9aa94827b122e7f7e2c0b96aebb8348fbc3644aafb6471ab0f911e4427e3b7,included,,2016/Ordinance No. 099-16.txt,437edd1613e5fe7b4ab710f2e7f374137b80f56bff927f7008f96fa24d8794f7,2016,user_verified_folder
2021/Ordinance No. 0636-24 Relief on Surcharge and Interest (1).txt,636-24,2021,b568df888b5726a8abcec41f16596df954abb30ed6ec5ea7e9a7ab41931f0b78,included,,2021/Ordinance No. 0636-24 Relief on Surcharge and Interest (1).txt,43b233f704d03e378cd9487653235b7a1bdca1a46ab3f86b67043e89321b02ec,2021,human_year_override
2024/Ordinance No. 0636-24 Relief on Surcharge and Interest (1).txt,636-24,2024,b568df888b5726a8abcec41f16596df954abb30ed6ec5ea7e9a7ab41931f0b78,duplicate_copy,,2021/Ordinance No. 0636-24 Relief on Surcharge and Interest (1).txt,43b233f704d03e378cd9487653235b7a1bdca1a46ab3f86b67043e89321b02ec,2021,human_year_override
2018/Ordinance No. 0606-18.txt,606-18,2018,21ecf3a7c1cee70cd035fd1c2a9305ccc487ad7105416d89472b170da4151104,included,,2018/Ordinance No. 0606-18.txt,43bd70bf3b2699cfbed080f8291b83504fb8be2c301cde342d4072d6b02a3783,2018,user_verified_folder
2021/Ordinance No. 0577-21.txt,577-21,2021,7f50715b81e5c62c280cfc28e0be638295b21e2fa1f84715b2261e70541db450,included,,2021/Ordinance No. 0577-21.txt,43ead59847dc01643c35e4ca7cfca5a81197b65c8722a218649a6c1f8971fee2,2021,user_verified_folder
2023/Ordinance No. 0362-23 (2).txt,362-23,2023,0b12b1ca99af5798e23c7775c1a0fba094cac2a1f237ce915cea052a5cec7cc2,duplicate_copy,,2024/Ordinance No. 0362-23 (2).txt,44007a65242199e512919a94037e729fc09b14aefdeefdce001dadd435acc79c,2024,human_year_override
2024/Ordinance No. 0362-23 (2).txt,362-23,2024,0b12b1ca99af5798e23c7775c1a0fba094cac2a1f237ce915cea052a5cec7cc2,included,,2024/Ordinance No. 0362-23 (2).txt,44007a65242199e512919a94037e729fc09b14aefdeefdce001dadd435acc79c,2024,human_year_override
2022/Ordinance No. 0978-22.txt,978-22,2022,22fc7fb17738cd35c2d7bcc1b056aa876ac5756536ce830caa5d878cb354e20c,included,,2022/Ordinance No. 0978-22.txt,448f52b07f3c9fda0773ada3ea575da96c93d2dec5f84ae5db9728c316caa2ef,2022,user_verified_folder
2021/Ordinance No. 000681-21.txt,681-21,2021,705b7ec148ae35debf27c498f10ef34a5371de4f34189a458dc6bddec3d6b1d3,included,,2021/Ordinance No. 000681-21.txt,44907725ecac3e6580832894ef8eba4d1711396e278acfaaf174a562dcc365e3,2021,user_verified_folder
2023/Ordinance No. 0316-23 Lifting Wear Face Mask (2).txt,316-23,2023,cdec5865cd5b06e7f9638cc6a0704948a6d49f222bdb32a89f110127f4da5d3a,included,,2023/Ordinance No. 0316-23 Lifting Wear Face Mask (2).txt,44a5fb18958de07bbdaa6ac78077a822f7814a3a8035435c6ed9330bb93fbea2,2023,user_verified_folder
2022/Ordinance No. 018-22  Amendment PSSO creation.txt,18-22,2022,5ee52a881fbc09ec495a5a3d73a12a43b8a09761b700d7787eede5c4bd15f742,included,,2022/Ordinance No. 018-22  Amendment PSSO creation.txt,44cf8df1ae632bff48e95d2e15ce0e9b0610a72dafbe525ac3bc93fa1842ef50,2022,user_verified_folder
2020/Ordinance No. 0313-20.txt,313-20,2020,9130c206a04ab786554156cb37bf8aa5e200ae4382ddb68266621621d81dbb2e,included,,2020/Ordinance No. 0313-20.txt,44d1723c9c2d83cd5b9206d7d15d9f83f6ee9a2697219bd9731de3f0d87f9495,2020,user_verified_folder
2024/Ordinance No. 0582-24 Request for Consent and Authority (1).txt,582-24,2024,5c784c35c607c519c6a4284237f0d71986e36e209e13baacbdf7d108e1cfd548,included,,2024/Ordinance No. 0582-24 Request for Consent and Authority (1).txt,44f63bf69ae1f3531eccf62ad97a53883ebe84becd95779dd4827dc4bed810d2,2024,user_verified_folder
2023/Ordinance No. 0192-23 (2).txt,192-23,2023,debc88a000f36ab2deb635d2187e603d4bf48b0290bf81c3928eda9ca08dc44f,duplicate_copy,,2025/Ordinance No. 0192-23 (2).txt,4548771f8d0d5b4289e2d9adc6c40e8855fc5275296d94fb912cca3f6028e056,2025,human_year_override
2025/Ordinance No. 0192-23 (2).txt,192-23,2025,debc88a000f36ab2deb635d2187e603d4bf48b0290bf81c3928eda9ca08dc44f,included,,2025/Ordinance No. 0192-23 (2).txt,4548771f8d0d5b4289e2d9adc6c40e8855fc5275296d94fb912cca3f6028e056,2025,human_year_override
2023/Ordinance No. 0216-23 BFP Purchase Motor Vehicle (2).txt,216-23,2023,2505fb071c052cab0b3d3b6ab0dd09060e4bfd0ff38de31f90b1e9c14ff2b3dd,included,,2023/Ordinance No. 0216-23 BFP Purchase Motor Vehicle (2).txt,455de56142bcc45d7abb964b69273cc35513f6cf3835e3341dd6b3d566ee9e9c,2023,user_verified_folder
2022/Ordinance No. 000859-22.txt,859-22,2022,4708d52047ec0cfb797bd5dd5522c814199b12f1667401f66f6b58b1d0f423de,included,,2022/Ordinance No. 000859-22.txt,456e06b3d53c65bbbe4b9266a724bf753abdf7fbc9be93fd0292c46474f9286c,2022,user_verified_folder
2022/Ordinance No. 0859-22.txt,859-22,2022,4708d52047ec0cfb797bd5dd5522c814199b12f1667401f66f6b58b1d0f423de,duplicate_copy,,2022/Ordinance No. 000859-22.txt,456e06b3d53c65bbbe4b9266a724bf753abdf7fbc9be93fd0292c46474f9286c,2022,user_verified_folder
2023/Ordinance No. 0370-23 (2).txt,370-23,2023,5dcaed1dc6aa69d3999c829e3c85a723ddf540ffe8ba65083264300f5580897b,included,,2023/Ordinance No. 0370-23 (2).txt,45ae56bb74ec03ea6880e7de5b6323820b54ed0cfcc03ed784806ec2568e225f,2023,user_verified_folder
2019/Ordinance No. 0133-19 (1).txt,133-19,2019,d2cfc4bc54f97ed55bdf90768b6dd524e35cb342e63951ecf7c285796fd28fde,duplicate_copy,,2020/Ordinance No. 0133-19 (1).txt,45c99e83fdfd76d66d1758fbaecc048741bfbccfb17b329a00c01eb4456fb4e6,2020,human_year_override
2020/Ordinance No. 0133-19 (1).txt,133-19,2020,d2cfc4bc54f97ed55bdf90768b6dd524e35cb342e63951ecf7c285796fd28fde,included,,2020/Ordinance No. 0133-19 (1).txt,45c99e83fdfd76d66d1758fbaecc048741bfbccfb17b329a00c01eb4456fb4e6,2020,human_year_override
2016/Ordinance No. 0493-16.txt,493-16,2016,bc6253e1600ea460b32e15005871e51659159f7d7d488754d4e0a529f4ccba2b,included,,2016/Ordinance No. 0493-16.txt,45dc96411ad454283773bb4a09b90a724f918a9f689adacdddb6d3f8e04790cb,2016,user_verified_folder
2023/Ordinance No. 0382-23 (2).txt,382-23,2023,04e7ea347f76b3fbc0f35500b99d2cf1e5e2524d8330734f1e0c4cc2480a13ae,duplicate_copy,,2024/Ordinance No. 0382-23 (2).txt,4608b1d0e9535c6da688184d684169cd4088dae2328343360da71731ddf121e5,2024,human_year_override
2024/Ordinance No. 0382-23 (2).txt,382-23,2024,04e7ea347f76b3fbc0f35500b99d2cf1e5e2524d8330734f1e0c4cc2480a13ae,included,,2024/Ordinance No. 0382-23 (2).txt,4608b1d0e9535c6da688184d684169cd4088dae2328343360da71731ddf121e5,2024,human_year_override
2023/Ordinance No. 0241-23 (2).txt,241-23,2023,115c58b3b496a4c82fde0f53def0bd54dc069f405d9ef3e3bfeabca9b4ebd550,included,,2023/Ordinance No. 0241-23 (2).txt,4625db6a6bcfaed5d2bf2089a799aa340a2ee5379b37ef0b59a9076f81205d92,2023,user_verified_folder
2024/Ordinance No. 0711-24 Approve ABKA and ADORE (1).txt,711-24,2024,a96c21b136047cc222b574394afa00a5af2eeee20d5dfa93589cd58e80298336,included,,2024/Ordinance No. 0711-24 Approve ABKA and ADORE (1).txt,46396c01652b5753f725aee44067748370c38db3ad12600df36d69a7a1ecc60b,2024,user_verified_folder
2018/Ordinance No. 0398-18.txt,398-18,2018,4ba4f59328c91e447a9e1524083349f63bc9cf52f1eed8996e63bafc5c10b3db,included,,2018/Ordinance No. 0398-18.txt,464c8d59b3cb163311c50005e7182a408629e37e4ca17e3c936ff6e366493912,2018,user_verified_folder
"2023/Ordinance No. 0163-23 -MOA, DOH 5M Sub-Allotment (2).txt",163-23,2023,cb007a0d46fc212ad71b89e15eabf3b4a666c519af145441c1d0f2a3c2696af3,included,,"2023/Ordinance No. 0163-23 -MOA, DOH 5M Sub-Allotment (2).txt",4662c94adcf1014009607c35a10c802f71df82aec3ad00008ee24562ca7dbfde,2023,user_verified_folder
2022/Ordinance No. 064-22.txt,64-22,2022,4902b993d81f85cea39bf17be8d34e304e1ba69026e2524d9bcd4a3523999ecf,included,,2022/Ordinance No. 064-22.txt,466c3ca15624aea99c5a713a10c54c15cdc5c318ec8edaabb078e04f2d9b821e,2022,user_verified_folder
2019/Ordinance No. 050-19 (1).txt,50-19,2019,21338cee45f7e3312b7537ddf9e2316e575a6b932677b3ebd5b4f620dd213fee,included,,2019/Ordinance No. 050-19 (1).txt,46842dd5a987c26d3586c02ad463dca6493fbbb885347bbd7857c09d807710e0,2019,user_verified_folder
2017/Ordinance No. 0192-17.txt,192-17,2017,991cab6f4ceaef22c544b3a2a59a6396572bcef6ef403400c5471eb51baa22be,included,,2017/Ordinance No. 0192-17.txt,46a76aafae310a9a1ace82d5dfb10fe7bac37765859c3e7f5f18bde180b147cb,2017,user_verified_folder
2022/Ordinance No. 093-22.txt,93-22,2022,1a8256fb06f455ba57753ff7a3c593c324ade30adb1a31974523a7d120025c7b,included,,2022/Ordinance No. 093-22.txt,46b39d58857526806d768dbbe43560fa6c5932a536429faba152bbded553134f,2022,user_verified_folder
2017/Ordinance No. 0233-17.txt,233-17,2017,bf3711be184e5eccf5fd414beeb38c1afabe314dc1b59b7e1e3d1d70b8ecc2ae,included,,2017/Ordinance No. 0233-17.txt,46b912ed13f812cf62a387e97e50890eb334d16b870a6e6df178690e834c2f77,2017,user_verified_folder
2018/Ordinance No. 0540-18.txt,540-18,2018,61cd1336c41941d8a4ba63dbe89a2e301e612ce25b461247112ddbc920ec2fdd,included,,2018/Ordinance No. 0540-18.txt,46d37b6d17ce8e80630847d48b5cc9a9a670b9c6410a0f642b848b6ab83a0452,2018,user_verified_folder
2022/Ordinance No. 0116-22.txt,116-22,2022,a115998d77340eae7c0fc6d32030d8bceafdfec8168e422d0ab68a1745571cfe,included,,2022/Ordinance No. 0116-22.txt,46eaa9243943b933729b8e0cb87ec56f9fbb3fcee169bfdd3d3485536d53d702,2022,user_verified_folder
2016/Ordinance No. 0508-16.txt,508-16,2016,40e84eabc8dbcc13cd7f305012bc014aa24eef663a4614714d78003427d397ec,included,,2016/Ordinance No. 0508-16.txt,46f7a8335e63669fccc311c1c0e393aa40ab2183967a08af739af62968aee07a,2016,user_verified_folder
2024/Ordinance No. 0408-24 -QRF Welfare Goods (1).txt,408-24,2024,6429f19811f91ee54b147a3ed217665cc4051aa524c63a404798c79eb00c0f28,included,,2024/Ordinance No. 0408-24 -QRF Welfare Goods (1).txt,47187a960b691e6986a3b67e5bc99cace2469e166affa239dea3a1ceeb4c934e,2024,user_verified_folder
2020/Ordinance No. 0276-20.txt,276-20,2020,cd55032de345dd27839fda68c1877f085513996b32ebb296478390a8f787c037,included,,2020/Ordinance No. 0276-20.txt,4730d200d55853a3a29eaa657c752cd43cb9ae2b8f7dfe95f75fed0d268c238a,2020,user_verified_folder
"2024/Ordinance No. 0686-24 QRF Dagupan, Pangasinan (1).txt",686-24,2024,3c00fb6d2691b2a448ee8161a1151c94920f367e572edd01d3120755e06a370f,included,,"2024/Ordinance No. 0686-24 QRF Dagupan, Pangasinan (1).txt",476743992d544d00385cb657a4650ce05f358b5577dbbf3bcfa6745752df54c9,2024,user_verified_folder
"2024/Ordinance No. 0686-24 QRF Dagupan, Pangasinan - Copy (1).txt",686-24,2024,3c00fb6d2691b2a448ee8161a1151c94920f367e572edd01d3120755e06a370f,duplicate_copy,,"2024/Ordinance No. 0686-24 QRF Dagupan, Pangasinan (1).txt",476743992d544d00385cb657a4650ce05f358b5577dbbf3bcfa6745752df54c9,2024,user_verified_folder
2023/Ordinance No. 0339-23 (2).txt,339-23,2023,b2c1061099dbaaa2bd92a0887cb1754f0c61a89f09f044fe787e33a2516d28b4,included,,2023/Ordinance No. 0339-23 (2).txt,476a6ba53b03984437148c48b38b473eb317651741b1affb2828a5e521551bca,2023,user_verified_folder
2019/Ordinance No. 0746-19 (1).txt,746-19,2019,f3231f976d5abf106e4341f533dbcd10a323509478bd585b7526718ebd82a87a,included,,2019/Ordinance No. 0746-19 (1).txt,477936c459a99188a26f640f5c4a4cdb2fa39d5f0643732d609706d48a10ba59,2019,user_verified_folder
2017/Ordinance No. 0139-17.txt,139-17,2017,446820d8557d014c1b0b5a7eb5aef5f069208efd1c0de5e7917077add612e642,included,,2017/Ordinance No. 0139-17.txt,47895a7c159f92f208a45727f232ec533f00751bc2067fb23a1cb597886cebdf,2017,user_verified_folder
2020/Ordinance No. 0196-20.txt,196-20,2020,284c8ea1dd952fa7c47bdee42c0b946d94286a75bb606f73a034dd2294240428,included,,2020/Ordinance No. 0196-20.txt,47a0ace5a10bbd9d7bed1b565a4b0376c7fdf3c70108ba981821f80a1f4c4a19,2020,user_verified_folder
2019/Ordinance No. 009-19 (1).txt,9-19,2019,3a6e200c359457726dbcdd0abc55da2ac130509a30b25cefac08de43d78ba48c,included,,2019/Ordinance No. 009-19 (1).txt,47baab001e0f342f020fae4f85f4c13a35630d3a800307db4055762ed644756d,2019,user_verified_folder
2024/Ordinance No. 0653-24 MOA SPMC BUCAS (1).txt,653-24,2024,ffa825defa6e86a54efe2607e9ab933f2b69e340e8352b271105cac8930143fb,included,,2024/Ordinance No. 0653-24 MOA SPMC BUCAS (1).txt,47d121f5210da7b8bb225edaa4ea164b425134845e83d079883fc600771068c9,2024,user_verified_folder
2016/Ordinance No. 0129-16.txt,129-16,2016,402a2dca64eaf9f2eea6f4132c2d3c633e64d104bb43ae091bc9f64ef8dc7be4,included,,2016/Ordinance No. 0129-16.txt,486ec29b3c75e5a6f818b27286acc20781b00a2d3e69de6953632ab9d368b66b,2016,user_verified_folder
2016/Ordinance No. 0501-16.txt,501-16,2016,e4ec7a8e6022b3621ba83baf8fd5c9e9ec90326876ab488835abb5ff1ef5efee,included,,2016/Ordinance No. 0501-16.txt,486ef6621fdf30b3cc7e8c545e52b8a943f6801bd2234e9c963c32682a239282,2016,user_verified_folder
2023/Ordinance No. 0377-23 (2).txt,377-23,2023,6bb9ee40afd330cef5fcd7d4c734a9ebae2a520d4ecfb1ec2e9f7112e63109f2,included,,2023/Ordinance No. 0377-23 (2).txt,489843583512a7d1b46cdc627b162aa48ae8a6a54bd19bb79c3a4cf53649a9e1,2023,user_verified_folder
2024/Ordinance No. 0386-24 -MOU Feeding (1).txt,386-24,2024,1b96919110a5c605cb78c3af000001316ffa497de28d3e4f56831af926f99e63,included,,2024/Ordinance No. 0386-24 -MOU Feeding (1).txt,48b22322a56064ab4f7597ffd26d3e3bb847fa66609ec1470a98defc208c9153,2024,user_verified_folder
2017/Ordinance No. 0335-17.txt,335-17,2017,5b0a2f74116525b107b2395f3cd335cc9eb68f0f9c7e06d70104e1d43fdda1d0,included,,2017/Ordinance No. 0335-17.txt,48c7964e51794e8224e14cb409913f8a98f1dddd78da255a2a4df990ea1bdd5e,2017,user_verified_folder
2023/Ordinance No. 0290-23 DCHO (2).txt,290-23,2023,300f5b7b8a215e817500ddcab35802503d98ee6b9f2d580fae6f8b0d5b7dfa87,included,,2023/Ordinance No. 0290-23 DCHO (2).txt,48e110a6c3718cfa5714df2d8ec7bb1cf50505d3761c284ea29385496f13dbe9,2023,user_verified_folder
2017/Ordinance No. 0374-17.txt,374-17,2017,ef2c0ee6d0cabdb7f12873df98012e729a121699c678b905216c962bb7114e7e,included,,2017/Ordinance No. 0374-17.txt,492ea665e21a0d832fad316e9fbcfea9bbcf11d8b8f816190bc73aaf8ecb91b3,2017,user_verified_folder
2017/Ordinance No. 0245-17.txt,245-17,2017,47c0a4f26b3a5c64c4e0229806c562e900eada29f941780e6d093f8062deb32f,included,,2017/Ordinance No. 0245-17.txt,49370c029ca841ba6abcf8746acbc920bb3404422af4e70e461734e247553c31,2017,user_verified_folder
2018/Ordinance No. 0518-18.txt,518-18,2018,4ab0972440efc75057be28c6b2c80a76ae8629cafaf2c84162d7e5710b925f52,included,,2018/Ordinance No. 0518-18.txt,496866a74b329f2e13230dfd598351e7fe2cc4a124b3fe57c7acb8cddb061e06,2018,user_verified_folder
2022/Ordinance No. 0108-22.txt,108-22,2022,afa3ec9f27c4983ac864b78fff45453b40941c20b3c3f6caeb85dd2d99d655e0,included,,2022/Ordinance No. 0108-22.txt,4975329844aabe7e4a35b9dfa4c05f9d87f613ac9cbcea657994cbc6078cbaf6,2022,user_verified_folder
2023/Ordinance No. 0232-23 (2).txt,232-23,2023,b05f23f44840e26916985d167bcd32cc674a9295c946455958751e56a5ee811b,included,,2023/Ordinance No. 0232-23 (2).txt,49a0f601038b31c2228ed7b7bcaf208a69c5327cf6b91583e1e369438805712b,2023,user_verified_folder
2020/Ordinance No. 0180-20.txt,180-20,2020,732b7b38513d6fc8bb324f455747e3acdd30d6a527d24d2699e8b29813023ad3,included,,2020/Ordinance No. 0180-20.txt,49e4a927fd6911641d1ab49fcb595b2b12118fff296900bd96d42dc617a1f851,2020,user_verified_folder
2020/Ordinance No. 0268-20.txt,268-20,2020,6edb50e6bf061fb8f96b555f6cfe0561db39c1af2d9abebf4429d4f20f0c554c,included,,2020/Ordinance No. 0268-20.txt,4a0e10594ec43ad5b165638f9acb354d7c8c1fda31e9323fec8265f6c5ab4c5d,2020,user_verified_folder
2016/Ordinance No. 0127-16.txt,127-16,2016,040825a21d4db4b741982aa744acffa3f4932f3421acfb6ffc2a41a4905ce63e,included,,2016/Ordinance No. 0127-16.txt,4a281cb57944fc5e1edf559af17dc3ca0620fd8b317f37cfa225a973eb2fdae8,2016,user_verified_folder
2019/Ordinance No. 066-19 (1).txt,66-19,2019,97a309cbe1268776d3e1c769b5f863abfc393791a10f44cf295c3438d0396a54,included,,2019/Ordinance No. 066-19 (1).txt,4a66b3266c055d299ed5e3ceb7d826004a55976172d15b90d65c338ff3558960,2019,user_verified_folder
2022/Ordinance No. 083-22.txt,83-22,2022,496d0cd08a763c9fc6c422fd0c86f8fece5426643df6621e4957f13a0e7d7343,included,,2022/Ordinance No. 083-22.txt,4a6e00237b63aaf1b4b48e3d7c822b57c28deb6617a17e0d6ba3c6b8bb22e72b,2022,user_verified_folder
2018/Ordinance No. 0666-18.txt,666-18,2018,46af6bbe357faba9336a91f8b92c265532301f891e0d0fbce2f9cd99891c19dd,included,,2018/Ordinance No. 0666-18.txt,4aec8ae696f3fb16dd17258e73abb45e22c149790004ef7348341593f6776edc,2018,user_verified_folder
2017/Ordinance No. 0278-17.txt,278-17,2017,d965be3726ef09b74fc568541e26fd34b4929d608710857108f6b0e3bb7a5685,included,,2017/Ordinance No. 0278-17.txt,4af8398b04cb7b137b0f3b5a44d6f574c9d8c284b9b09d806a4eda1bd0cc1710,2017,user_verified_folder
2016/Ordinance No. 005-16.txt,5-16,2016,ff5a17cb566a764fe8c9a464b547f2d98bb3deef66d348bdb6d63eb49111f934,included,,2016/Ordinance No. 005-16.txt,4b030c02c7b69d6a4d6407d6e60044e8f12bd984795a319f0b744bf435705f33,2016,user_verified_folder
2024/Ordinance No. 0626-24 MOA DOH-CHD HEA (1).txt,626-24,2024,b4ce5a72e39dfa53833a5b41c8a0e907a67c7eddf264009cee620bc1a52c7f5a,included,,2024/Ordinance No. 0626-24 MOA DOH-CHD HEA (1).txt,4b1865d46e18e25f2f1a351f7331372deed9496be0b65acbe35699b517e56a31,2024,user_verified_folder
2017/Ordinance No. 0159-17.txt,159-17,2017,59a7fd45f5267e5cb04d91cedd3c60adc2c1033ffdd6bd56c8988a44ff50afdc,included,,2017/Ordinance No. 0159-17.txt,4b81950fcbaa425c739bcc9bdbfa25a4673267c65be2bdb55c2d07f5a0456351,2017,user_verified_folder
2022/Ordinance No. 000881-22.txt,881-22,2022,9c948cd20a207d4927fdf03321decbafcf17390b332b65c46ad00e2d2e8635df,included,,2022/Ordinance No. 000881-22.txt,4ba6ba64a9a7c2da893f92aa3bd5112e25aa9bad4452f307e85b60a74aea2aed,2022,user_verified_folder
2022/Ordinance No. 0881-22.txt,881-22,2022,9c948cd20a207d4927fdf03321decbafcf17390b332b65c46ad00e2d2e8635df,duplicate_copy,,2022/Ordinance No. 000881-22.txt,4ba6ba64a9a7c2da893f92aa3bd5112e25aa9bad4452f307e85b60a74aea2aed,2022,user_verified_folder
2016/Ordinance No. 0105-16.txt,105-16,2016,ec4edb9610774fc228050981b76d53756591bd88308aab42fd3695d11291d45a,included,,2016/Ordinance No. 0105-16.txt,4bdddec5af65d25cbe0100b55741c7eb242870c4b391a9f7a5ecc68a54e6aebc,2016,user_verified_folder
2016/Ordinance No. 019-16.txt,19-16,2016,1b5d2c95ffcaf76d689acbfac6b3f83c4c703df164538a248eb60c6cbd2712b8,included,,2016/Ordinance No. 019-16.txt,4be3687709b3c18619210ad4b6fbab95bcb67cdf3b5357462d8dd5b87931b39f,2016,user_verified_folder
2019/Ordinance No. 0678-19 (1).txt,678-19,2019,c405cf5298674425b11c802989b216652cd9f0201caa8668d43b8e2118160bb8,included,,2019/Ordinance No. 0678-19 (1).txt,4be6be618591381cb90c2865c3c7f003346dcec352e0d5e69b381e0d6d0ec8da,2019,human_year_override
2024/Ordinance No. 0506-24 Addendum DOAS with Extrajudicial Settlement M. Baradi (1).txt,506-24,2024,0baab68a75e8732db2f369ddf6ae8722de75579bd423f8cc929827b23d65bfa9,included,,2024/Ordinance No. 0506-24 Addendum DOAS with Extrajudicial Settlement M. Baradi (1).txt,4be919bff810f706207c92715458adde4f3cd929d4638169e543e8ec82f04e40,2024,user_verified_folder
2018/Ordinance No. 0556-18.txt,556-18,2018,501c8984368e3281255a290a06c997d4d6e21d392cb4e77656ea5ce3958c72b7,included,,2018/Ordinance No. 0556-18.txt,4bf8a360d68011a5c7b46d67f2fdc33b61731f33fc58a95755bcb70297f1e98d,2018,user_verified_folder
2024/Ordinance No. 0489-24 Comprehensive Liquor Code of DC (1).txt,489-24,2024,9e0e51094e966a3181cc373eacc6a350be393e2f4196bf7fa151d9e360a8484e,included,,2024/Ordinance No. 0489-24 Comprehensive Liquor Code of DC (1).txt,4c215909a724548468f232c5ec436fa229b24354b111010fccf7a00ddb55fb30,2024,user_verified_folder
2021/Ordinance No. 0551-21.txt,551-21,2021,c124a6d1cf0e924825306c056f117c9547f27966f874fbf51ff4fb47ad370504,included,,2021/Ordinance No. 0551-21.txt,4c3574df7b281a994d707913757ac9417a0928ede6faf688e488b97ec4dad241,2021,user_verified_folder
2025/Ordinance No. 0778-25.txt,778-25,2025,550180f0d26aa08f971ee86b758a99ce28d04b6903f900fce9777650a645fddf,included,,2025/Ordinance No. 0778-25.txt,4c43236b98f1c14da7da021e89f8dc71d3e95cc91cff39010c5e4a2eaa527389,2025,user_verified_folder
2024/Ordinance No. 0543-24 (1).txt,543-24,2024,1ced3f1914d75e4a37c08706e91d5d64626e3c0645be6903ce96c3920026e58b,included,,2024/Ordinance No. 0543-24 (1).txt,4c4f47f519fb996f4f4e6c298a39c1b3016d47761ce5e0a393c1cc517c140922,2024,user_verified_folder
2021/Ordinance No. 000718-21.txt,718-21,2021,aed5fa301d6a684568a5ae1b7e29e7592a976c046fbf4afd55201c1c65124fda,included,,2021/Ordinance No. 000718-21.txt,4c52e0617436f2c99cddaaf5183a03e5b66d3fda8455a06eb8463128df78c797,2021,user_verified_folder
2019/Ordinance No. 000780-21.txt,780-21,2019,337311436068b1ca89c4990372246b66093fea3b060c7fa85e57df0eae6639b0,included,,2019/Ordinance No. 000780-21.txt,4c624562cc4d90ac7a76c9521fc9d38cca76fae640adc5f3f9380ecc19675fee,2019,human_year_override
2021/Ordinance No. 000780-21.txt,780-21,2021,337311436068b1ca89c4990372246b66093fea3b060c7fa85e57df0eae6639b0,duplicate_copy,,2019/Ordinance No. 000780-21.txt,4c624562cc4d90ac7a76c9521fc9d38cca76fae640adc5f3f9380ecc19675fee,2019,human_year_override
2019/Ordinance No. 0724-19 (1).txt,724-19,2019,674de64567ede20b5896af15aa5a80292d9be5f81616a2514ab16e77110a1407,included,,2019/Ordinance No. 0724-19 (1).txt,4c653bd5f7016e85e3af935d17f318170e02b65ca712e561cd62a45cc84d4880,2019,user_verified_folder
"2024/Ordinance No. 0665-24 QRF San Fernando, Masbate (1).txt",665-24,2024,dc9000620da185aabd99f8a95a4287f3325a0198cdf69d9b814a64825eed48bd,included,,"2024/Ordinance No. 0665-24 QRF San Fernando, Masbate (1).txt",4c9a066d3bd4ada935c9c9864c424c76726b477cb388b037555343e08515c0f1,2024,user_verified_folder
2019/Ordinance No. 051-19 (1).txt,51-19,2019,d5ac48c8483f51f38930eb076711879ccb57c4e299662184064d5cf01739db3a,included,,2019/Ordinance No. 051-19 (1).txt,4cb86330ad3635320d3469c8ffa4bc0b00c874e2dbf8e1ba75526c8e5f77dca8,2019,user_verified_folder
2019/Ordinance No. 0158-19 (1).txt,158-19,2019,5265747abd0ab8e032f620cecc5d4f32eb162b4dcc3b1df332eeaf9646532ce1,included,,2019/Ordinance No. 0158-19 (1).txt,4ccce115909c4c36a97c5510374148bb9f17a602417b949506f535048693edf3,2019,user_verified_folder
2021/Ordinance No. 000723-21.txt,723-21,2021,8697758d493b151ee785d7f8808448c63dbfb59ce38d9e36c6c3318c27b00606,included,,2021/Ordinance No. 000723-21.txt,4cd1c8df0e2082b753b93b87240d62424dc87499a21917155f93978eb8a3a9ab,2021,user_verified_folder
2018/Ordinance No. 0458-18.txt,458-18,2018,e1e137a3072166496a1b8bc5e3045030b895c17c54283f73343d4d5d3bf8d5e9,included,,2018/Ordinance No. 0458-18.txt,4d84a13acb4877c58e0fc56a50cf38685ca8932431215c589cf6b7d58e9a1ff5,2018,user_verified_folder
2017/Ordinance No. 0261-17.txt,261-17,2017,fc934662a5b3a93af0abccbc9d4768f7f7633eb22b451d6a685a1e1e2fc73ba9,included,,2017/Ordinance No. 0261-17.txt,4d955134c54c6252159017dea3a884cc78fda44c1268ac87cec20b3680448ea0,2017,user_verified_folder
2021/Ordinance No. 0475-21.txt,475-21,2021,1dcee48c14c84b8ccadb458ce6bb61f6c1b624dfddda11f1df187502c17006ce,duplicate_copy,,2023/Ordinance No. 0475-21.txt,4d99da9c289404c00c79359773edd45d01ab267360f75b73f42c4ff64e105dbe,2023,human_year_override
2023/Ordinance No. 0475-21.txt,475-21,2023,1dcee48c14c84b8ccadb458ce6bb61f6c1b624dfddda11f1df187502c17006ce,included,,2023/Ordinance No. 0475-21.txt,4d99da9c289404c00c79359773edd45d01ab267360f75b73f42c4ff64e105dbe,2023,human_year_override
2025/Ordinance No. 0742-25.txt,742-25,2025,e737fd1ba711d7d5f818a74f506cdb40781e19d30946519e326aaa98d17173fd,included,,2025/Ordinance No. 0742-25.txt,4db73d8e4b09707687f14def9b0441e669b88102ad49413b468f6e5d709a279d,2025,user_verified_folder
2017/Ordinance No. 0314-17.txt,314-17,2017,3f47150932bc53d8017bde2fe21bd33435497519e9f9a2e259cd6fe18c8f17ac,included,,2017/Ordinance No. 0314-17.txt,4dde431ad25056fca23a04c24f95880ed91f23a6e576aa10e5a0cf5e93b7b755,2017,user_verified_folder
2023/Ordinance No. 0193-23 Amendment Peace 911 (2).txt,193-23,2023,3b15c11e0133a3c8aabe7c4fc802ca340c5eaf96f523646971a4046635087039,included,,2023/Ordinance No. 0193-23 Amendment Peace 911 (2).txt,4e267aba574b6fbed78a6eb2560ce154ef27669503f47c2dc4a3d7414dc55d0c,2023,user_verified_folder
2024/Ordinance No. 0463-24 -DOD Luciana Dela Calzada (1).txt,463-24,2024,45080c178b96d05fd1163ce899ea1e1c9660d52eeef7a49a7aca1ce5cf5f71f8,included,,2024/Ordinance No. 0463-24 -DOD Luciana Dela Calzada (1).txt,4e51f2ac2c4a4a048ba7b12082b09bd6c63e7985a37a4dd7ec6a22463f3f59af,2024,user_verified_folder
2019/Ordinance No. 0758-19 (1).txt,758-19,2019,b0c122b330b8bda416f5ccc1f15c040b1220c2a1f4b99dda8fdef0888d2dc9bb,included,,2019/Ordinance No. 0758-19 (1).txt,4e63161cae19ed4f9513ec3a89e71979064bad41625cd39da1a3a3dc69632dc0,2019,user_verified_folder
2024/Ordinance No. 0650-24 (1).txt,650-24,2024,062d9719af8b53cf92aafff66868b67f0e8442f6d49399a0d47f8a44cc2238fa,included,,2024/Ordinance No. 0650-24 (1).txt,4eafd564f1bf9cad9062ae9c654dff8663fc9c55fa6e3b84a02efe9223da218e,2024,user_verified_folder
2018/Ordinance No. 0394-18.txt,394-18,2018,3f8cdcf01cfc0d75e3e2e9311e01dd75a08d479e630351804c1e95e24b6a8d11,included,,2018/Ordinance No. 0394-18.txt,4eb93553d476623ac33dbb52866c41030f5b9946e26940dbd12199f424f07492,2018,user_verified_folder
2019/Ordinance No. 002-19 (1).txt,2-19,2019,e1524cdbc308043cffe6d9682aafe8945c3dd799f04c6d7d310d1186fa3b0ca1,included,,2019/Ordinance No. 002-19 (1).txt,4ee6f9ba18cfc03dab28c4024d855f6a2c75f3f3df384f2d093e34080a88002f,2019,user_verified_folder
2022/Ordinance No. 000896-22.txt,896-22,2022,7d03ab9bf7c35490cf073468093d468dec7ce33bdce3c59009a4b2072f45c696,included,,2022/Ordinance No. 000896-22.txt,4ee8779d32682abb9025ef0ddef443705d0e32759ad7218b3f9d50859a6f0f3f,2022,user_verified_folder
2022/Ordinance No. 000882-22.txt,882-22,2022,15312bfd68654c8ab718c1de34cf9984b6ead532344ee76bcf88ac57afa87b93,included,,2022/Ordinance No. 000882-22.txt,4f059172816a1ca8b7b9177107f96d3f30f13e10251097c85da5a33889f9dc96,2022,user_verified_folder
2021/Ordinance No. 000762-21.txt,762-21,2021,b688a2aaf3a6a837e403096df43defbd7ae087776a2426bf6a88825551e2d0f5,included,,2021/Ordinance No. 000762-21.txt,4f2537dd6061b76a259c97e0514562356fb9422e9360a73884f51abb137a4d19,2021,user_verified_folder
2021/Ordinance No. 0511-21.txt,511-21,2021,d612670310189ddeb27818cc8722b295c91d9820e9c6b7523cb6559a58e8a6ba,included,,2021/Ordinance No. 0511-21.txt,4f2753ffb486645b4426dfb2ef5c9b6f596f5b7bc019aff5682e18ada1e80409,2021,user_verified_folder
2023/Ordinance No. 0219-23 (2).txt,219-23,2023,15978a0ce7c2a941711e78a222beea807807ac808de0dd55d7fe6777c6ae2fcd,included,,2023/Ordinance No. 0219-23 (2).txt,4f30ff5030daff2bb89f47887e946568cb60d74fdd4906eb312c42999a982a0e,2023,user_verified_folder
2024/Ordinance No. 0578-24 (1).txt,578-24,2024,1bd49740c3b0f71204533dd8095c74aa037d0df4dec023f7866cc38d51738230,included,,2024/Ordinance No. 0578-24 (1).txt,4f3346dc5f85302fd4972168d76f23cc3daffebf910559b18d92ab5aa149bb4d,2024,user_verified_folder
2021/Ordinance No. 000798-21.txt,798-21,2021,3e3d63378fd0d3eb21330ffef37862989743179b281d08e742e94d8231ac4543,included,,2021/Ordinance No. 000798-21.txt,4f768ea6fde9d229ef1d8bc4bd302927e49b678d7ce544f19f4b32fcfc3dcab8,2021,user_verified_folder
2018/Ordinance No. 0658-18.txt,658-18,2018,307190ce2e70b062b457e2885a311fcdfdb1ae09f7bed8596fb7f39d772d370f,duplicate_copy,,2019/Ordinance No. 0658-18.txt,4fb0dd0a54bfcf880eb95fc7f2b9c0371fcc59338d4a16001885574eff98db9d,2019,human_year_override
2019/Ordinance No. 0658-18.txt,658-18,2019,307190ce2e70b062b457e2885a311fcdfdb1ae09f7bed8596fb7f39d772d370f,included,,2019/Ordinance No. 0658-18.txt,4fb0dd0a54bfcf880eb95fc7f2b9c0371fcc59338d4a16001885574eff98db9d,2019,human_year_override
2019/Ordinance No. 0739-19 (1).txt,739-19,2019,061c2e527cc9b3b7c0cc81562196a0db700fba983d3a9e48fcdea8a43c8236df,included,,2019/Ordinance No. 0739-19 (1).txt,4fb39400f1821cd67397df84d02ef3e818cbce7e16d101dcfffc401ff1d5f767,2019,user_verified_folder
2017/Ordinance No. 0381-17.txt,381-17,2017,79e1525e5276dd7d04a24892d33eb5bccb774ae4fd84f0c64473a5bb2f8aea83,included,,2017/Ordinance No. 0381-17.txt,4fd910a70efdae04f790694f848f9be41c2c94a3d7bac8879417dc40bf151138,2017,user_verified_folder
2021/Ordinance No. 000768-21.txt,768-21,2021,4ff52357a57714307d5577423a0e5551d3cd834ca642702011a22b37f9cd2c0d,included,,2021/Ordinance No. 000768-21.txt,4ff914d5079e706213a57ace50764d364688c1a1334fa37f737f4c52a5c821f4,2021,user_verified_folder
2016/Ordinance No. 0486-16.txt,486-16,2016,5832a30a371da7662eb29fb9f15233ecd08b3cd84c187733c02e74bead988752,included,,2016/Ordinance No. 0486-16.txt,5048e206d178b50b28626524a4e359523eb7c16c7cc980f13fb7d24bc44634ee,2016,user_verified_folder
2018/Ordinance No. 0605-18.txt,605-18,2018,9df1595dd843eb187900329c9e965cbef1cacd1af1cf440fcfc84c2a8b14b887,included,,2018/Ordinance No. 0605-18.txt,504cc783acb9de18e603e16c3e7cfb05ecb4826c258053f9005d6d1e1a93915c,2018,user_verified_folder
2018/Ordinance No. 0650-18.txt,650-18,2018,8b822d38f0e7495f525111ae65d47a1a8a0d6d620ad20a1b966ac17f8ec420ed,included,,2018/Ordinance No. 0650-18.txt,50742aac0775684335b93c4d305f80b515b26cc2420f0348e16353cdf2f5baeb,2018,user_verified_folder
2023/Ordinance No. 0142-23 -QRF Ozamiz (2).txt,142-23,2023,054d8970012985340fcb52181181a393600d50da4d82bd333955eef84cfc0c44,included,,2023/Ordinance No. 0142-23 -QRF Ozamiz (2).txt,50b4c849bd03d4fc52e629fe28e9b81a5f1261068341f6af6e98942025ee9bc5,2023,user_verified_folder
2017/Ordinance No. 0140-17.txt,140-17,2017,d4cae3a7826bff6ffff2dd3fabeb6a6c80b617ccb23c0100dd68377d08524170,included,,2017/Ordinance No. 0140-17.txt,50bc0ea6660d3c1c52221a8e8db94937ad072a9e98cce1174c7d1f4a2792088f,2017,user_verified_folder
2022/Ordinance No. 01006-22.txt,1006-22,2022,e35ae9d36be94cd7d7a97daddd570d5f827faa1c4bcc4a2d3904dc9c6dff96ab,included,,2022/Ordinance No. 01006-22.txt,50c48bce929c72ad7f48ef695d92d391e42e467b168fccc30a5ce69a3e554f79,2022,user_verified_folder
2023/Ordinance No. 0352-23 (2).txt,352-23,2023,ac327c85a81b0aab1c2c1c06da1cba776f0edc47822aceeec63be03aa119fe1a,included,,2023/Ordinance No. 0352-23 (2).txt,50d5bc9c47caf0fbfa35a44410aa6554e1dfbf0b8cc70b34720e68c2555ea862,2023,user_verified_folder
2020/Ordinance No. 0317-20.txt,317-20,2020,9c3e5b7b1be2201419b60957502cefaed492d6db2adf87de3d37a66b5c654184,included,,2020/Ordinance No. 0317-20.txt,50d6b6114d4fa4039d436ae458a544ae6cf045f5bbfe2b90e16136d2df755ac6,2020,user_verified_folder
2022/Ordinance No. 000036-22.txt,36-22,2022,c08d16ae203967463f6946bb37b1699a05f42270cf884e889b9e7a4858536964,included,,2022/Ordinance No. 000036-22.txt,50e74de67ade475c13be600ddcd03c548bb5a2bf7498513141937b1c9e1124ce,2022,user_verified_folder
2016/Ordinance No. 0509-16.txt,509-16,2016,71be8b736df2c893019732be986e6ded7c45208e9a28f48ec48f2b1a5d5bf0dc,included,,2016/Ordinance No. 0509-16.txt,50e77debec7d5ac41295c3fab0257dcce86eb0ae53e1af707bd822934a2fddc5,2016,user_verified_folder
2016/Ordinance No. 066-16.txt,66-16,2016,564865728e8bf461615c001a49afbbf027f5590fc1a3260a1507208b3e392926,included,,2016/Ordinance No. 066-16.txt,50eebea81463f6e9bf12fd1e6971d72823eadcc68aeaa9afc5d4f443c7e9b034,2016,user_verified_folder
2021/Ordinance No. 000756-21.txt,756-21,2021,9b1e06c4fc2636cf229cdf1c803d45888180f7d94883c58ccf9cec53865db3f4,included,,2021/Ordinance No. 000756-21.txt,5167f0900ac733996dbe02c8e2a9c9ddca41f202ddb95fdb69d27c9debbb8f81,2021,user_verified_folder
2023/Ordinance No. 0297-23 (2).txt,297-23,2023,ec398191e7ce1e12d03571d7d4e53b3b7132e9f2d9c7349e3d01476ebd2074fd,included,,2023/Ordinance No. 0297-23 (2).txt,518c432ad604f5ad34ffb2af831fe759a5f5db54f94d75a08d740fe30f04c40e,2023,user_verified_folder
2024/Ordinance No. 0542-24 (1).txt,542-24,2024,3e9930fb93247361a5425395e2f0477179ccdee8aa0826d2a98e32de74daa033,included,,2024/Ordinance No. 0542-24 (1).txt,51bc2f9139e2a3401da0503c6651f99ec3125f60e6fd35ff8b4106d5f52b6c3a,2024,user_verified_folder
2016/Ordinance No. 0500-16.txt,500-16,2016,884d260e021a6782de20053d0098f958cc5895dd1d5a3ed716bab051ca221a2e,included,,2016/Ordinance No. 0500-16.txt,51cf6a1a244f9b02fcf51028e4a67abd4dba21338bdba957fb4eb69fb7bd256e,2016,user_verified_folder
2019/Ordinance No. 0705-19 (1).txt,705-19,2019,eeb9ed379f50ebc1a739b5ef8298f1eec28c867eca8e401c80e4376711f43df5,included,,2019/Ordinance No. 0705-19 (1).txt,51d4f4c2983584d2620a8d66210e99a61cdfbcc51e62b7ca273fef707f9fd002,2019,user_verified_folder
2019/Ordinance No. 055-19 (1).txt,55-19,2019,34b7d6d599f84c8799d414127d8816a193de242efd618feb09df582e51c3bcd3,included,,2019/Ordinance No. 055-19 (1).txt,524396359b1d9cf58c7bd351d157142e7b50414c6b0793b6c93df8ea25e112a7,2019,user_verified_folder
2018/Ordinance No. 0544-18.txt,544-18,2018,0e5e5502b9efa7d67b0e4aa30f593a990b02c4ae00e40addc7ab9bbab21a4a7b,included,,2018/Ordinance No. 0544-18.txt,526b6799b2bbf5fafd7c19af4402495a7d9d8dc942d7e03f4312b928fce9b344,2018,user_verified_folder
2021/Ordinance No. 0639-21.txt,639-21,2021,9fa57a9dc20358e8d168d80777a098a727c81f73607247cca0bc3069ccc3f1da,included,,2021/Ordinance No. 0639-21.txt,528ad09cdb94068e4a27e8606c2d35a9ee8bceadc1a24b328cc1719519812dee,2021,user_verified_folder
2019/Ordinance No. 0166-19 (1).txt,166-19,2019,fefcf926bfefbe29f0094b0ad8bacb7d4ac1aaa119272c61417ca931d265d59d,included,,2019/Ordinance No. 0166-19 (1).txt,52adba39ef6641cf344c0fb5d0db0ef5cea576d42c06d7ba126a7fef12865f87,2019,user_verified_folder
2023/Ordinance No. 000152-23 (2).txt,152-23,2023,0e2cd36f055657c12ec17244f22da3bf9613d76f4c6b66b053e6c5b39077b2db,included,,2023/Ordinance No. 000152-23 (2).txt,52b94c275e95f9ec435ad66a7e140bee6aee49a14703b274e13a8122878a239c,2023,user_verified_folder
2018/Ordinance No. 0603-18.txt,603-18,2018,e34b4aa6b884ea08405e35c4d6bc5acd9694574781eef4afd25f38eb587e371c,included,,2018/Ordinance No. 0603-18.txt,530ef83a1f669ad9072f77242432de78f5b7bb6809eff9f38f81c18165d64366,2018,user_verified_folder
2021/Ordinance No. 000725-21.txt,725-21,2021,6c3972b581938bcde4969b08999a5b8906a4b17da2446567049c3205294d781d,included,,2021/Ordinance No. 000725-21.txt,5326d432af0068f3735315bb77ab6049e8334e93a21fe1f568af399844ed6cf7,2021,user_verified_folder
2021/Ordinance No. 0590-21.txt,590-21,2021,af52b00a98adb5f40b0cd15a75c2db1c934126517548c7a9eac88dd4cd516013,included,,2021/Ordinance No. 0590-21.txt,532b8bdd87c1c54408531e34007d9bae00c3dfa2464dba48ac316e977a7333d9,2021,user_verified_folder
2020/Ordinance No. 0326-20.txt,326-20,2020,9bc421709f31d7d5bc56c13bdb4770e2d69c9a8216a463a7ea82659c1f499f39,included,,2020/Ordinance No. 0326-20.txt,5334000dda3e80746989d10e44245e2c3d05313242a28fd87838460719b478d9,2020,user_verified_folder
2021/Ordinance No. 0741-21.txt,741-21,2021,ebe9c71b63211fbba360d1ec675bc1f69434336e416261937a6892459e569597,included,,2021/Ordinance No. 0741-21.txt,5350aefc17e412ffe11aff951070b61a2c26f14bc48cef4d5f37a15774608428,2021,user_verified_folder
2016/Ordinance No. 0123-16.txt,123-16,2016,f42b62d95ad07873cfac84ff24f6b39095a92e46a8dd0a7f05b8c82f1a20c842,included,,2016/Ordinance No. 0123-16.txt,5362cde174f08079c321a57800f833020a5cb8109533edf1410949525b864476,2016,user_verified_folder
2021/Ordinance No. 0660-21.txt,660-21,2021,c394567170f3a53552ff7e11c1ee875ddad4788937466e8cdf9ff15106aea5c3,included,,2021/Ordinance No. 0660-21.txt,53755ca20d92702b5360cd23b08830a0dfba60db8554a6e0df8c8f65bec2597d,2021,user_verified_folder
2024/Ordinance No. 0632-24 Amend Ord.433-20 CCD (1).txt,632-24,2024,7430d3be45de5221c88d33a19462023fcbc48066f3bba62e590fd3e34d2ed447,included,,2024/Ordinance No. 0632-24 Amend Ord.433-20 CCD (1).txt,537a730cf97c660a74433d9ecc85998a0bf3de6a30b84266bb93502bfb7254a3,2024,user_verified_folder
2021/Ordinance No. 0587-21.txt,587-21,2021,fae6057aaa1ddbe428127f8c1266fbe1959ea4e3258bb1d70b7ed6600735f5bc,included,,2021/Ordinance No. 0587-21.txt,53871c1392af0073b889a37301366f318dc551232c9c6fb0aa93dad9b312129e,2021,user_verified_folder
2024/Ordinance No. 0525-24 MOA Comm. on Population and Development (1).txt,525-24,2024,52e90d8f6dc5c9ebdb423f94e20c31894a2135d98ff2e7b62c06ae24af59a5ce,included,,2024/Ordinance No. 0525-24 MOA Comm. on Population and Development (1).txt,538a4add81d348155bb715b2cc0e7bf61daef3c1cf8309ca64b1569e33841511,2024,user_verified_folder
2017/Ordinance No. 0313-17.txt,313-17,2017,f7d3e8607d430c6835ed8519d6a9db4d48a0454e357b70b07420c60a0b52865c,included,,2017/Ordinance No. 0313-17.txt,538b21746156b9ed266c4bd258f078831c2f021d3494303d22a78e44fe506099,2017,user_verified_folder
2018/Ordinance No. 0448-18.txt,448-18,2018,c1ee0b0431efb3cba7b27824e683b31a8c6c461f5b8613eed44dc8e4c7befba2,included,,2018/Ordinance No. 0448-18.txt,53a2eac9fc3dad75f1a55216c7b9628efd1f50f1f3758fc02a6c96d11e7c3436,2018,user_verified_folder
2018/Ordinance No. 0475-18.txt,475-18,2018,b5223b1dea0150f31be29d41d2f7d85cedd0422fa03727eb3cca0e2522f71ea4,included,,2018/Ordinance No. 0475-18.txt,53ca18f379a522bfeab58ff4c96ea1e26a288665da67c6ba507c574d48076073,2018,user_verified_folder
2025/Ordinance No. 0782-25.txt,782-25,2025,fcebdaeacf0d0eb75c1a02a1bd59f7eecd8b3317d40c4b9e33071c48a98e116e,included,,2025/Ordinance No. 0782-25.txt,53d0c1147f6d644aa0ffb6df6a474cf30d0414ab4d3c6e1067d9ad705e5d9a6c,2025,user_verified_folder
2019/Ordinance No. 0112-19 (1).txt,112-19,2019,706170946ca8f401bdba55c7656e6f32b473c19e7d05327c5073662c5723cbd9,included,,2019/Ordinance No. 0112-19 (1).txt,53d7eaf7ce164a9c5a6fa61a4cd4b5a412ba7f6577463a671129f913f1018ea6,2019,user_verified_folder
2016/Ordinance No. 0117-16.txt,117-16,2016,7d51afb9a667b88b2523e83708b27f19aac4f907f8e172a98a82a169ce22d3e8,included,,2016/Ordinance No. 0117-16.txt,53e2e761a8b37dbbe6b3dc27c362015f055beea70617d1fb2dfca263c818fd6b,2016,user_verified_folder
2017/Ordinance No. 0160-17.txt,160-17,2017,8ed2be20a8ec001903bb0a46d7a2ba86627e7921ad42b76ed0f7795fbd6218c2,included,,2017/Ordinance No. 0160-17.txt,5427a6c82f8a1b4d8161a86be781fb99e1d3dfb83bdfcefd7d0038b05b8ff99f,2017,user_verified_folder
2016/Ordinance No. 0120-16.txt,120-16,2016,e0bee782d81ab2bca7d8502d9453774939e82f0ab43fb72b496158b910d02b4f,included,,2016/Ordinance No. 0120-16.txt,5453137f16e322acb1e40abd0077172d3f39b4e3a9df9771555a4167d1ec11a8,2016,user_verified_folder
2022/Ordinance No. 0928-22.txt,928-22,2022,868f925e6b1c9e65ce320d4251dd49f858016ddbe749b4873499c08d36710b8f,included,,2022/Ordinance No. 0928-22.txt,5492d8571e44228f7dce029d90e18d3894dfa1bd9410afeeec6210f4c01f6d5a,2022,user_verified_folder
2019/Ordinance No. 0144-19 (1).txt,144-19,2019,17c2022a54280d9048d6bbaca7718e25014559e9eadec39ce366aea274f10cd1,included,,2019/Ordinance No. 0144-19 (1).txt,54b9f6a168b4efa1b845b5204fa9f1845513a112d544067c9a16090bdb88a6c6,2019,user_verified_folder
2018/Ordinance No. 0506-18.txt,506-18,2018,455a90abe879c0fbc4662cf2f29d5d54024c72cee9844da5675008c88cc16c90,included,,2018/Ordinance No. 0506-18.txt,54ca76af5e89e1a60f8840e5b39f56f7b7bff04b4aedc3767cda95ad52ee5942,2018,user_verified_folder
2024/Ordinance No. 0446-24 (1).txt,446-24,2024,41295e983af1913a62759b6057c3a251a90cfdc0600018663f77812fbd71d794,included,,2024/Ordinance No. 0446-24 (1).txt,54cc5b13fab3962c59fd444de174fab615a1c0f56d6ed653faff3719471b6980,2024,user_verified_folder
2017/Ordinance No. 0294-17.txt,294-17,2017,1a05e171dcd22f812b06c993c839b09dea44c1fc426960fb75a18b5370dd926d,included,,2017/Ordinance No. 0294-17.txt,54d0e7f4496e4877b1c624d6d748863a38a455715351d8310f01cc3a43eee645,2017,user_verified_folder
2021/Ordinance No. 000715-21.txt,715-21,2021,2af673580d37687a5cc6a2e0c2d1860ff651afc4ab5083ed9a72ad6306be560b,included,,2021/Ordinance No. 000715-21.txt,54dc6a1a01b6d5facfa5d12140b1c3f13880fb4f251e54c004591416e909c940,2021,user_verified_folder
2022/Ordinance No. 000929-22.txt,929-22,2022,b5dbb4bdca4a6fc2a9fc5ed450ed3f4e2f2480ca6bf91e6b4f13ed0db16a619b,included,,2022/Ordinance No. 000929-22.txt,54ed3f9e96dbde36b03f4d1b76c7c7298638e8806ce8336a1bbe2f857545c243,2022,user_verified_folder
2022/Ordinance No. 0929-22.txt,929-22,2022,b5dbb4bdca4a6fc2a9fc5ed450ed3f4e2f2480ca6bf91e6b4f13ed0db16a619b,duplicate_copy,,2022/Ordinance No. 000929-22.txt,54ed3f9e96dbde36b03f4d1b76c7c7298638e8806ce8336a1bbe2f857545c243,2022,user_verified_folder
2024/Ordinance No. 0484-24 (1).txt,484-24,2024,8d4e2b5c6f99ec73d7caa14138823e5a7856b3709c3a72a5bb4d14ff9243c416,included,,2024/Ordinance No. 0484-24 (1).txt,54f693dbe49ef3f73d7252db14e49ebcf2654a3ac03f5b227547bb21f8ef0c41,2024,user_verified_folder
2022/Ordinance No. 034-22.txt,34-22,2022,ee7338117a1fb8861bf1e3b10c9019dbd011f8ddf88084cccaa58c067e1362ae,included,,2022/Ordinance No. 034-22.txt,5535c8363c01326793e0048a9830bf669da0e28954ac6fd6991199af05721326,2022,user_verified_folder
2021/Ordinance No. 0611-21.txt,611-21,2021,b2c8fef32441098faf17f4d0d1fc8f087a32d74ea237e007a74f888426fc7669,included,,2021/Ordinance No. 0611-21.txt,554ad4825459118c536f216e47606843928b756c0f4501ae07b744082bcba4db,2021,user_verified_folder
2021/Ordinance No. 0505-21.txt,505-21,2021,65f48b14f56c495af209e8936c0e17344df66aac4219730b5e7ab1d50a0ee69a,included,,2021/Ordinance No. 0505-21.txt,5553de2fd814a778715225c04bd4a2dc2fb1bab0b8ca8b22273e71218b656858,2021,user_verified_folder
2018/Ordinance No. 0600-18.txt,600-18,2018,cdec1328a82f37431ac4124c73561c79fbaff75d834303e7c91ab3e0362246e3,included,,2018/Ordinance No. 0600-18.txt,55629b1fdca91dfefe6ff4a64ff64c01895135cc7b749b47346707a9efd11762,2018,user_verified_folder
2017/Ordinance No. 0183-17.txt,183-17,2017,477dc1378e2179a85f358ca75e5042dcdbc1f349c434a092b0a3812ee2eade4f,included,,2017/Ordinance No. 0183-17.txt,5565f7387453d74c6ce2d2ec4f3b8a9137c282c06d0b92e14bde2fb640146e38,2017,user_verified_folder
2025/Ordinance No. 0767-25.txt,767-25,2025,2b63e59ce41c58844ad3d961b4c6865990290e3f2505ff4100e2fb0e9aa3ba39,included,,2025/Ordinance No. 0767-25.txt,55682f8412eba24fbcf61a4d8f34053c2f142a1ab0fc245d01dd656c20aaf16b,2025,user_verified_folder
2017/Ordinance No. 0349-17.txt,349-17,2017,f3d61dc39be6ab878b60cba0db6a83731dbd4f38eca0c9f085a3b9f5faa951f7,included,,2017/Ordinance No. 0349-17.txt,557d2a89bbb1eacd7c1f93df0cf5a157650788a056091843e0ca3ca0c2fe2df1,2017,user_verified_folder
2023/Ordinance No. 0349-23 Amendment CPDO (2).txt,349-23,2023,4760a07e77a7a7d4391bce0b276a3df26f6d1a3ef1ed771c07764735e129d9e7,included,,2023/Ordinance No. 0349-23 Amendment CPDO (2).txt,558179e2dee7d50f6ee74365ecdda78869ac7f7544358144dcbe36f81fc82415,2023,user_verified_folder
2017/Ordinance No. 0262-17.txt,262-17,2017,98ce29d76ab04f7c57434ebb688b468e3a1e1ae65885d0b83b00cddc0a253eb3,duplicate_copy,,2018/Ordinance No. 0262-17.txt,56137ff150f63bb1059f2ddc8c38816679d105d643c0121031153b87d4af6f63,2018,human_year_override
2018/Ordinance No. 0262-17.txt,262-17,2018,98ce29d76ab04f7c57434ebb688b468e3a1e1ae65885d0b83b00cddc0a253eb3,included,,2018/Ordinance No. 0262-17.txt,56137ff150f63bb1059f2ddc8c38816679d105d643c0121031153b87d4af6f63,2018,human_year_override
2018/Ordinance No. 0382-18.txt,382-18,2018,9f61c7e0f4c47dbdf814dc6665d2dddf33c4daf4613975851f2f106e412ae0f9,included,,2018/Ordinance No. 0382-18.txt,56354bdf8786021048a6f294337e7fc10e8592dc2d435a02de71ec464f71ce71,2018,user_verified_folder
2022/Ordinance No. 000030-22.txt,30-22,2022,a83ed915a71a851e79332e7973c131dc5ec7a655bb05df64db35c594b8c7fafb,included,,2022/Ordinance No. 000030-22.txt,568daf91f136ddb92508b0a4873fc529bd0b62b47b247fc5dada1870359de505,2022,user_verified_folder
2019/Ordinance No. 097-19 (1).txt,97-19,2019,e58ba63050949f3397ca831dbd6f632c374d3b41732bcbd0604477cbd7b67029,included,,2019/Ordinance No. 097-19 (1).txt,56a69c0a494087201636e359be9dae7290a333f778e95e195ce7c5070529eba5,2019,user_verified_folder
2017/Ordinance No. 0141-17.txt,141-17,2017,cfb397688800c218d433ae2df5fb5239e3e8e11142f729620c75690d7d355990,included,,2017/Ordinance No. 0141-17.txt,56e23c311fd9b58f90e0f8bdc02a1196a263feaf2268414cf7cc295d44acaa74,2017,user_verified_folder
"2024/Ordinance No. 0398-24 -MOA, R. Dagocdocan (1).txt",398-24,2024,31be388190cb2d7b253b291b5fda554f6f4e4cbedc8f775ff7def14d28673beb,included,,"2024/Ordinance No. 0398-24 -MOA, R. Dagocdocan (1).txt",56e307f9d47499c52075ea623c78214a43ff58bdc7db42d4942a9a323e116ea4,2024,user_verified_folder
2016/Ordinance No. 049-16.txt,49-16,2016,cf56ed19ee1aa97b2dbfd846305145fc8542c41a05acd0d3fbcd5637a02d9e58,included,,2016/Ordinance No. 049-16.txt,5711b11dc5e02271b62c00618d3d8d74f9ee5acfc1c35383d86240824607236c,2016,user_verified_folder
2022/Ordinance No. 0955-22.txt,955-22,2022,1ff7d62dd5fd5bd4907a8a7fe700fce231d30f1353822624d4fd050fb56af647,included,,2022/Ordinance No. 0955-22.txt,5713741a218cf0974026323d24f12e6b2cd8290f7ec049a0ad8b24b2c2ba17ff,2022,user_verified_folder
2017/Ordinance No. 0309-17.txt,309-17,2017,6fae1c551be669c7700d1cc4a9ed7c71c7ef2a3806992b084d3c98dfc475188a,included,,2017/Ordinance No. 0309-17.txt,5721f0570bbe737d392e4427be35892ab2c84d7fbd9e89dff6388f8785b46690,2017,user_verified_folder
2023/Ordinance No. 0276-23 (2).txt,276-23,2023,ce4385e04251920130e1f90cb69f3fd38bcadaafb4178de28f008fd3cf83a17a,included,,2023/Ordinance No. 0276-23 (2).txt,5737364f2156684a9dca7fe22d3d96dc554d60ceaa9c216082117d1df6c1bdad,2023,user_verified_folder
2016/Ordinance No. 015-16.txt,15-16,2016,876a335345392a4111c9e807753716cf5ec4551047dbcc3adf0ef3617993d88c,included,,2016/Ordinance No. 015-16.txt,573e0453f74060c6edfbad4b37860f94018c03b4fe3984cd65e737eaebd69b4a,2016,user_verified_folder
2018/Ordinance No. 0527-18.txt,527-18,2018,a4c3b56255d489a522e4003775dd95b80f5ebb903d050bd63417cb1d094f719d,included,,2018/Ordinance No. 0527-18.txt,575afefa8d2d54a0e6536a7a1c2da725aaf4fd07143664767830442b075057a5,2018,user_verified_folder
2022/Ordinance No. 01001-22.txt,1001-22,2022,ad9b24c009b05e00636c4a360fd84fa2714dec5d1d82c46828a0bb41d06f7030,included,,2022/Ordinance No. 01001-22.txt,577216639864ff356856ea3909d9d7706869ffd51f4568f67173703cfa586fdd,2022,user_verified_folder
2017/Ordinance No. 0307-17.txt,307-17,2017,f1b74b998459acaa1daa4882c12aa0bc4c6154e29066b1d65cc5f1bb24f3906f,included,,2017/Ordinance No. 0307-17.txt,577e99977436e70791144f14d558cf530d673e10e1e5b8d800111e6507bfc750,2017,user_verified_folder
2017/Ordinance No. 0324-17.txt,324-17,2017,400737a439cc2a183fc82727bd688c8380b74107dadcbf5b92f7f4b7b977a049,included,,2017/Ordinance No. 0324-17.txt,57bce9480c324a9d2a5caf8d1606bf14c3a4e807a1abc4001f5ad53dcecea132,2017,user_verified_folder
2016/Ordinance No. 039-16.txt,39-16,2016,5eb9943a7168028eaa386ee922ac843b649a93980aa80d0b53199a9d91b19d1f,included,,2016/Ordinance No. 039-16.txt,57de5329985001d910425ae7a4408dc1eb4b7c82eebadd57041ae475d7625b95,2016,user_verified_folder
2021/Ordinance No. 000752-21.txt,752-21,2021,1b1a3ef9fe4591610c74eaf97f8b0c0b490fd8b180ab87d5f937f78c427c8979,included,,2021/Ordinance No. 000752-21.txt,57f1b68303abedcf7ece1d45577ccecd2d309604ee1584f4762515a57e0be6ba,2021,user_verified_folder
2019/Ordinance No. 0124-19 (1).txt,124-19,2019,d2614a5266b95ddfef9caa5a3b0c0551fea6c59ec3d578ac2b875d4e0b34a930,duplicate_copy,,2020/Ordinance No. 0124-19 (1).txt,57fcf16375d70edddb42a2c508f64f0c19b0e7ece63a4f8ed01b90f9ac3a9c35,2020,human_year_override
2020/Ordinance No. 0124-19 (1).txt,124-19,2020,d2614a5266b95ddfef9caa5a3b0c0551fea6c59ec3d578ac2b875d4e0b34a930,included,,2020/Ordinance No. 0124-19 (1).txt,57fcf16375d70edddb42a2c508f64f0c19b0e7ece63a4f8ed01b90f9ac3a9c35,2020,human_year_override
2017/Ordinance No. 0283-17.txt,283-17,2017,abb18bc313d8453287b163619925c9060b6b23bbee37c2300057f376abc1877d,included,,2017/Ordinance No. 0283-17.txt,58188f81fa60160aa48cf10be04a9e44dae862b104f4e70fdb657f66289e6f4f,2017,user_verified_folder
2025/Ordinance No. 0791-25.txt,791-25,2025,10fd98b2a87c0a8ca2baa039b210ec143081f4e58639c4bbc3aacd3cd17212d5,included,,2025/Ordinance No. 0791-25.txt,5826489af80dac55c384c3b0a721db030576cad183d36219d37a24ddd5046491,2025,user_verified_folder
2020/Ordinance No. 0222-20.txt,222-20,2020,065e49afedc90ef8d64bb102cdf80532c856c7ec67d20987cfc39dfc0cf81491,included,,2020/Ordinance No. 0222-20.txt,583e759d0a0c05ef65771024a9a45315839b398bb72f3cf9548dec0202afc89b,2020,user_verified_folder
2024/Ordinance No. 0646-24 (1).txt,646-24,2024,ee5d535b31ccb18add887176096e5e2999b7828af055aa8e34f3e0e72889dc85,included,,2024/Ordinance No. 0646-24 (1).txt,584cd305e081e9e01c29b782b119658c26849b3208fd955691a5f4e510639670,2024,user_verified_folder
2019/Ordinance No. 076-19 (1).txt,76-19,2019,45851317b07e33a6c070e6716f64916c1555187d0d43327d782296f23e29775d,included,,2019/Ordinance No. 076-19 (1).txt,5863200efe4bc7c408c050c3f246fe02285e6fc54acfd6b0f650e553aa09bdbe,2019,user_verified_folder
2021/Ordinance No. 0622-21.txt,622-21,2021,fbf29d6f7ea61977db6dfe42b9077d0bf7f45995c8cc190af6397717b76b6520,included,,2021/Ordinance No. 0622-21.txt,5864a91c0efe321aef8ba547fb1e86a262bda01018cd2476f2d4f944ce177291,2021,user_verified_folder
2019/Ordinance No. 0794-19 (1).txt,794-19,2019,08583becf05edaa702423db98f6705d9f3734c19d150f437b4b63180f2443ba3,included,,2019/Ordinance No. 0794-19 (1).txt,586d4994c71face4f842d5cf63ac2731ef077d28c2fb92b40b1a2693e399644e,2019,user_verified_folder
2024/Ordinance No. 0698-24 SB2 (1).txt,698-24,2024,15e7feb45dc486ba5b16114e7bdbab9d41df24623209cd2ee7af54b142112d49,included,,2024/Ordinance No. 0698-24 SB2 (1).txt,58793ccdf5c6ab960ce342444a607e39eeb50179b25e547f6f217eb27b602de6,2024,user_verified_folder
2018/Ordinance No. 0510-18.txt,510-18,2018,eb987d5676ec892a8a20efdaccd7bd19924dff3785bae495c572627bab1958f0,included,,2018/Ordinance No. 0510-18.txt,58797f5b1f3d5423e5030179b6dabfffcb2525db72f23f9ad40b0f1726dbd16b,2018,user_verified_folder
2019/Ordinance No. 0103-19 (1).txt,103-19,2019,052c38e4d0b4a960b13584d8f3d03892dc422fb23de99fde8f3e79aef2d71d55,duplicate_copy,,2020/Ordinance No. 0103-19 (1).txt,588c26ed56f72aa4af806581d6a0f9cb0a46d630003228757ea67babcde05873,2020,human_year_override
2020/Ordinance No. 0103-19 (1).txt,103-19,2020,052c38e4d0b4a960b13584d8f3d03892dc422fb23de99fde8f3e79aef2d71d55,included,,2020/Ordinance No. 0103-19 (1).txt,588c26ed56f72aa4af806581d6a0f9cb0a46d630003228757ea67babcde05873,2020,human_year_override
2019/Ordinance No. 0147-19 (1).txt,147-19,2019,513bab6e270569b79ba5fc29bee030c15b75f45ef6da1126e48c84d4dfcb8c0c,included,,2019/Ordinance No. 0147-19 (1).txt,5896a5df8069de451b2079554d6295ef764aad20c6b71ee691663b5b7ab712e2,2019,user_verified_folder
2023/Ordinance No. 0368-23 (2).txt,368-23,2023,270f1f654e4261807fbc137f246a0f6128feaaa1e090982dc786cd7aed9dd04a,included,,2023/Ordinance No. 0368-23 (2).txt,58a30420b0aa8092e1b7189c4005d34132a513de203e9d1b1cd0263d26296a0a,2023,user_verified_folder
2018/Ordinance No. 0638-18.txt,638-18,2018,c91e0b50bac9c613537805cc9237ca5ff62da2e86a357b91f7f9159ea9b3e709,included,,2018/Ordinance No. 0638-18.txt,58ab1c58fc0e98973e3e1f73e9b5e707b20613ea040647042462d7e369f802ee,2018,user_verified_folder
2016/Ordinance No. 0487-16.txt,487-16,2016,db403772533c52baf961f197964b9968590e835d92165d10459260ce320e0ed6,included,,2016/Ordinance No. 0487-16.txt,58b12a5628c735c525bf84394d701db283c721764fa322706536b43f600db34d,2016,user_verified_folder
2021/Ordinance No. 0591-21.txt,591-21,2021,4c40bbb2d329c7bb54821b673591d3f1c17b3ad12802a658624af71285e203c8,included,,2021/Ordinance No. 0591-21.txt,58b51abd8924d4e03fa11e894f3be8a9641705d169f8ba9f03d05ed82b122285,2021,user_verified_folder
2021/Ordinance No. 0534-21.txt,534-21,2021,4bc31843fba3b92922f7583aacb2b5cc069dda66ad359423f63f84f4f6a6e2a2,included,,2021/Ordinance No. 0534-21.txt,58cd6a2eadc8a8af8caf31093be1a1351f24d4819932118d83b64522c70c0598,2021,user_verified_folder
2020/Ordinance No. 0284-20.txt,284-20,2020,8151626978a914c5e2eed2ee86f922d6e2adad80b82ec65effa00891e0849d1d,included,,2020/Ordinance No. 0284-20.txt,58da48db15b07831a0fc2f921548f525a78dec924030f961cc1331ab42ce8454,2020,user_verified_folder
2020/Ordinance No. 0189-20.txt,189-20,2020,d54ca8b4ef7c1fc7dd73d69242a5d84917d677821755ebaedfc30208189bef52,included,,2020/Ordinance No. 0189-20.txt,58f34bc3efbc4816974b597c2c51cce7bbc62f1ea5702438ed12d128c30a20b8,2020,user_verified_folder
2021/Ordinance No. 000689-19.txt,689-19,2021,9ca7366cd1475add6775233eb5cb210348fac408e7b161f824e26266ef771734,included,,2021/Ordinance No. 000689-19.txt,59c075442a133c387d78ab785ba389e5df6416382a5efc1eecbbf4e9dfd86025,2021,user_verified_folder
2021/Ordinance No. 0643-21.txt,643-21,2021,67ba9726394e5f206c8766dfe08bc67f7e980557a6c4001ca0a524297ba37028,included,,2021/Ordinance No. 0643-21.txt,59c38c786de131480ee0c986f4aa38c1d07eac24278f88c1d658bd506cb6fb12,2021,user_verified_folder
2023/Ordinance No. 0273-23 (2).txt,273-23,2023,39c9466e4a9da67bd5851311e286a6596f9b5235743937f84a07d5343ba586be,included,,2023/Ordinance No. 0273-23 (2).txt,59d87891a71dfe09f4c64553056b29e78b09f201fd4c911a354bc6eb8b975adc,2023,user_verified_folder
2017/Ordinance No. 0288-17.txt,288-17,2017,f8fd6fd5abf8a6e3f41748aad4e6e0cbffb73247f71b5b49a94f9249f2867322,included,,2017/Ordinance No. 0288-17.txt,5a03af06afc2039a151e33b3f3cc80c8683ebe16d6558a1fcbde932e1cbfe22e,2017,user_verified_folder
2017/Ordinance No. 0212-17.txt,212-17,2017,6c78da0be1cae83915f11e70504f7f6e380a026dfde14c31351ab2a0fd4c4ea1,included,,2017/Ordinance No. 0212-17.txt,5a2571f6c190e10ed3facd28bf72c6669353103528f4088ffb542a1bbfc4cc30,2017,user_verified_folder
2024/Ordinance No. 0568-24 DOD 8990 Housing Deca Catalunan Grande (1).txt,568-24,2024,45540c724cc762ad74a8aad56cad197c9bc0136d677404b68fe494b197b905e9,included,,2024/Ordinance No. 0568-24 DOD 8990 Housing Deca Catalunan Grande (1).txt,5a36a27a371c9aa9cd7c23013aeaffb1ba1a41c5526b665ec0b850b390f5c06a,2024,user_verified_folder
2022/Ordinance No. 000917-22.txt,917-22,2022,ac1c4c3d0a62fc90b61743ba4e69f691ccd093f1d4e5587c0d66059b50a9c854,included,,2022/Ordinance No. 000917-22.txt,5a36b783ffd4bd361f5814f8d8b69bd1f9dfa66de2ad4894ce4de8cfc019323e,2022,user_verified_folder
2022/Ordinance No. 0917-22.txt,917-22,2022,ac1c4c3d0a62fc90b61743ba4e69f691ccd093f1d4e5587c0d66059b50a9c854,duplicate_copy,,2022/Ordinance No. 000917-22.txt,5a36b783ffd4bd361f5814f8d8b69bd1f9dfa66de2ad4894ce4de8cfc019323e,2022,user_verified_folder
2024/Ordinance No. 0605-24 QRF Valenzuela City (1).txt,605-24,2024,fa658bd40319e64305f8d3b1217c988dae191071f6647317b658ab09efb2c3b1,included,,2024/Ordinance No. 0605-24 QRF Valenzuela City (1).txt,5a3b8b85bb126ab1bd71aca49f61506fab2e3edafef43f32810a672e8c5988cc,2024,user_verified_folder
2022/Ordinance No. 0995-22.txt,995-22,2022,3be55fac573928e797d7baf2e392fb7e558caab4de48d030b15b8b490c4149e6,included,,2022/Ordinance No. 0995-22.txt,5a6f62daccc737b56fff0de4f9f52cc9c210251cad97aa16e8d65e9f053e43da,2022,user_verified_folder
2016/Ordinance No. 030-16.txt,30-16,2016,dfa46789b98a6a85c7e8a69827cc7119fb9c967ff4daab79c21029fc70ae2f62,included,,2016/Ordinance No. 030-16.txt,5a7992aecb5ab07e9ba8f3248bbe6bda3e92286fcf268a6c165c8fe4df229357,2016,user_verified_folder
2022/Ordinance No. 090-22.txt,90-22,2022,f75d9d619ccb054daf6dd026352281f8df36b086727136f0bf36371cde76e994,included,,2022/Ordinance No. 090-22.txt,5aabc93509aea1145ce9f7ba9c85f94ad4aefba01026638559fee02b36700e55,2022,user_verified_folder
2023/Ordinance No. 0287-23 (2).txt,287-23,2023,989d53c0b567c8e5d2e0426d4ec72bdd2ebad1e12b3f470fd3c4bc4ad9f85672,included,,2023/Ordinance No. 0287-23 (2).txt,5ac1016167abb7fb0533d45e894542d31bcd0bc172a9a6c2f5310a40347894bc,2023,user_verified_folder
2022/Ordinance No. 078-22.txt,78-22,2022,aa39c56cf6195b59a0ac98d786cbe82522b9259b6a61f4047fefc79c3e23b2ee,included,,2022/Ordinance No. 078-22.txt,5b4ede948f07dbecf3b120636a37d0be01ba58a7d23a2425548006b643a107b8,2022,user_verified_folder
2017/Ordinance No. 0147-17.txt,147-17,2017,ae14268787cf87192fda05eef5620e741eae1acce7f3af8b26ff9b391a700b21,included,,2017/Ordinance No. 0147-17.txt,5b80d8181d5959a77327d3b8037c5f29805ef236158f6665dbd1696f403d0738,2017,user_verified_folder
2018/Ordinance No. 0545-18.txt,545-18,2018,a118d610a780faf4cd6a02e49547f46555cd235d4e2756841dcb430aafa745a4,included,,2018/Ordinance No. 0545-18.txt,5b9074dd9028fdad8e6813b2f0f6cb664785788a60fc6629bb25c2704cd78bc4,2018,user_verified_folder
2020/Ordinance No. 0288-20.txt,288-20,2020,b1b73b6437f5ad475478d5fad2c3534eb1f3a3e816a7a0aeeee9743c73c4f9de,included,,2020/Ordinance No. 0288-20.txt,5ba78f9fdd2683f4b1ea72512196a5145a2c2137a6dbe8729c1a33e11a839299,2020,user_verified_folder
2021/Ordinance No. 000793-21.txt,793-21,2021,681ef183b945908ccd6def04b32c441d4d58cf896a53dc8a062ea6b2f5affbf0,included,,2021/Ordinance No. 000793-21.txt,5baa0de223bc3070ab8fd3c1895fca550086aa5ed2233a2644be75f45c981d49,2021,user_verified_folder
2016/Ordinance No. 0112-16.txt,112-16,2016,f7a529d81addc6f08e5e398dfa1b39c245b28796a0d9891444c6a4e979cf6e7a,included,,2016/Ordinance No. 0112-16.txt,5bb181aca31ea6e4b46d0aaaab21a64b3fb38beb3bf8e8dc6e391140d4e712c7,2016,user_verified_folder
2018/Ordinance No. 0469-18.txt,469-18,2018,c03ac0cf6110f181703d54f0bcfe66b650df9d8a82d42f973a1c528e6a637bc5,included,,2018/Ordinance No. 0469-18.txt,5bd05bb81c8e72335157fc29a4e4b31050f6f7029ec9546e9d02437772098514,2018,user_verified_folder
2022/Ordinance No. 000883-22.txt,883-22,2022,a4cf0166be16d2080e786dcf1299ec12f7ade753599adf02bddbba59bf513151,included,,2022/Ordinance No. 000883-22.txt,5bdb9253372faf855618551af8f6b52a9e2d69cd30b3586416dfe4a83ec6474e,2022,user_verified_folder
2022/Ordinance No. 0883-22.txt,883-22,2022,a4cf0166be16d2080e786dcf1299ec12f7ade753599adf02bddbba59bf513151,duplicate_copy,,2022/Ordinance No. 000883-22.txt,5bdb9253372faf855618551af8f6b52a9e2d69cd30b3586416dfe4a83ec6474e,2022,user_verified_folder
2021/Ordinance No. 000699-21.txt,699-21,2021,2560d3f669201422fca20adc53b7ab19e56010660c141d9ddeb9b2302ceb422e,included,,2021/Ordinance No. 000699-21.txt,5be38e311e24ae6333e86758e22986b4a1cf1984c77ca58cd2dc82181ab59d32,2021,user_verified_folder
2022/Ordinance No. 0993-22.txt,993-22,2022,bbe111e1f89d54a95b4138b3b0ad720b5cca6400a606ae41144bbebb106cbd86,included,,2022/Ordinance No. 0993-22.txt,5c0630c26151eb300a75c73331493f035e0a55ec66f1727ef4a30b8e0d12e6bd,2022,user_verified_folder
2019/Ordinance No. 0780-19 (1).txt,780-19,2019,8d067659053943f76c716602d8cc089f7cd4b6d0b712855604236a44c9219701,included,,2019/Ordinance No. 0780-19 (1).txt,5c16f77c5e82087f4e6950d287ce6bca50974bfa1d66b7cdee7d07f48b47045c,2019,user_verified_folder
2021/Ordinance No. 000729-21.txt,729-21,2021,ee21bdeb7b4242f71a3856dff4372f8dcc611ac07f39706c6132a5f135808568,included,,2021/Ordinance No. 000729-21.txt,5c1b9af54fedc6842e61b600551467c967184d192533b52ea3068d3c7a4aaf61,2021,user_verified_folder
2018/Ordinance No. 0468-18.txt,468-18,2018,4c56c9a3b48b94fdf724ed658aff7bd92c78c3841b8be0de602a5a6e1f60a344,included,,2018/Ordinance No. 0468-18.txt,5c3136920f15bf69ed4f25cfaa3d838ace9b579e07cdd6554b3b003ee0776322,2018,user_verified_folder
2016/Ordinance No. 0101-16.txt,101-16,2016,c1371b44c5dd13b98552d6168b29404ac5d0acfa899214d4c5866b6579745693,included,,2016/Ordinance No. 0101-16.txt,5c9577f903c49af17a01e105fcde5320ebfbd6adfeffc2cce75a5a09103d497e,2016,user_verified_folder
2018/Ordinance No. 0405-18.txt,405-18,2018,20a4254dd1db3be45852821c81a5c5b50327eca208a06d1bf0cac76d929bf100,included,,2018/Ordinance No. 0405-18.txt,5cc57f1c174a8ed7cfe78a995e86653f793caeecabb67f81a4e62dcb39603a48,2018,user_verified_folder
2016/Ordinance No. 004-16.txt,4-16,2016,d03a000038d57448e1ccc81e7eddc4afc3b0fe8ab77889e80a753126a98e110f,included,,2016/Ordinance No. 004-16.txt,5cd75f13ec26c93b868b76c7827128ba83e92cb024eb30ec3f78f7a2cc4fb440,2016,user_verified_folder
2020/Ordinance No. 0334-20.txt,334-20,2020,66526c29d584cf3a034759856bd59d4056b02a651336aed591ed78e296b9a37b,included,,2020/Ordinance No. 0334-20.txt,5d0f6f4ba39d8e493bb1832556c2cf46a1e5e3280419dfda51f53798b09634d6,2020,user_verified_folder
2022/Ordinance No. 0911-22.txt,911-22,2022,d4b315335d8fc5e1f7a575a96d661e639b50be7eee51535f15002cd7c8f6b1d2,included,,2022/Ordinance No. 0911-22.txt,5d10c7c45a2aabed37baa538442912597807e1024ef337887ed35b6479d6a7db,2022,user_verified_folder
2025/Ordinance No. 0785-25.txt,785-25,2025,63b0d1f97aafc459496c115b1ca1662e051df86b211865c26b669b8df390568e,included,,2025/Ordinance No. 0785-25.txt,5d19c9b9e7e9a421bb13042c102a74170a4138580ba2ff722c6e1f7e2e57d36b,2025,user_verified_folder
2022/Ordinance No. 01007-22.txt,1007-22,2022,780bde451b6d0dcc1c31123067795fd8628dbbe04a096af80f1e21e61558f8b6,included,,2022/Ordinance No. 01007-22.txt,5d492e953738fc49552d7588bc93b56b051afab1a32b2c263e94fdd36df867f1,2022,user_verified_folder
2019/Ordinance No. 0749-19 (1).txt,749-19,2019,7ce40c249b64efbbc9b34b0d30422f59fcf4e3f25ad072c343290d4a5695a07f,included,,2019/Ordinance No. 0749-19 (1).txt,5d51c63615ca0e469d3a46dc533d5d478b30197ac607796bf550197d54431de5,2019,user_verified_folder
2022/Ordinance No. 000894-22.txt,894-22,2022,bad30477d7936abbd482dd5726b9e41e4228e2f06c666ea45cbec5ba3e19c17c,included,,2022/Ordinance No. 000894-22.txt,5d64f746ce31af60e2079b067e7ba31d7ce3f487163e6dc5bc293b7dee12ebc5,2022,user_verified_folder
2022/Ordinance No. 0894-22.txt,894-22,2022,bad30477d7936abbd482dd5726b9e41e4228e2f06c666ea45cbec5ba3e19c17c,duplicate_copy,,2022/Ordinance No. 000894-22.txt,5d64f746ce31af60e2079b067e7ba31d7ce3f487163e6dc5bc293b7dee12ebc5,2022,user_verified_folder
2017/Ordinance No. 0263-17.txt,263-17,2017,a813b60015340aedc5d5901245908182911f6e846a7b31692058b15f931d08ac,included,,2017/Ordinance No. 0263-17.txt,5d66cb560825527f11ad50a0fb73d6be2c655a82808c44a837b45f0a3aeb792c,2017,user_verified_folder
2017/Ordinance No. 0276-17.txt,276-17,2017,54993673659fdcdad7b577a36ff19384723fbea33ad269f6e69e833b0a30acdb,included,,2017/Ordinance No. 0276-17.txt,5d6bafbb30ccefc46525e5feefe93e443dbc0d832e8cca92ba58c48cbe09ba50,2017,user_verified_folder
2021/Ordinance No. 0556-21.txt,556-21,2021,fbe90c3dfe57c3b75a4cdddec54f446f7c9b18aa8ec6ab27c6923a821cadcab8,included,,2021/Ordinance No. 0556-21.txt,5d6e731f6ee42360983e3b175578958910eb4aa853b05ba77ab966d79635b711,2021,user_verified_folder
2023/Ordinance No. 0321-23 (2).txt,321-23,2023,a3165cc7cd504ff808c129096ed11f7f5834942d603d0f92da9bdf759548114c,included,,2023/Ordinance No. 0321-23 (2).txt,5d8677b54dff55e50c86d6d0ec9077c36d5261e0b858b465b6f761696fb3d056,2023,user_verified_folder
2021/Ordinance No. 0501-21.txt,501-21,2021,774b0410e97d67f376e1c3f4507363108795fae9f2e4293d8c9073cb884dfd62,included,,2021/Ordinance No. 0501-21.txt,5d8d5825202fb2fa47ea13682f93fb9db216a1d245a7471d1c876fbc8a107934,2021,user_verified_folder
2021/Ordinance No. 0474-21.txt,474-21,2021,afc0f9a2af8f8469edd97899958d5e53a074eaa9ed3e32168d63aef64ed1ac82,included,,2021/Ordinance No. 0474-21.txt,5e297b22bdf55bd15ca6eb8fe2aaa345d96a652f72d874b462afed350576c94a,2021,user_verified_folder
2019/Ordinance No. 062-19 (1).txt,62-19,2019,e3e3906a33a0085d46e325eed92ac31801919c3105ca8a427830308860c06d53,included,,2019/Ordinance No. 062-19 (1).txt,5e3675c04022e809e36c49badd4407e22345cbff91bf3079f4a223a0bef5ee09,2019,user_verified_folder
2020/Ordinance No. 0195-20.txt,195-20,2020,28bb82712fc177a0e4830020c6bb4cdf21447783f66a334c65343fc955d6c16c,included,,2020/Ordinance No. 0195-20.txt,5e57df088090ef4185463eec5843376906f4698ede18eccb0200698a4437f54f,2020,user_verified_folder
2022/Ordinance No. 010-22.txt,10-22,2022,bf3f4d0cfa054f803f5b9c39378478516d6f5852886db97dd0922a0f73bc0b53,included,,2022/Ordinance No. 010-22.txt,5e7159196f3d25abadfecce50fd87f8563469cb7339f743093372fe0869d8b11,2022,user_verified_folder
2020/Ordinance No. 0278-20.txt,278-20,2020,756bbb5cc832704cd3262ad3bd5feedf22284de5519cc4d02ab5a229bf224d9b,included,,2020/Ordinance No. 0278-20.txt,5e7a572fa05aa7308f5b23d4c62565cda9470737faaa4701d876542ae14fb95a,2020,user_verified_folder
2023/Ordinance No. 0385-23 (2).txt,385-23,2023,caaffd127d62383205264cb38b2471ace2e45c67debfaee670950282474f4db4,included,,2023/Ordinance No. 0385-23 (2).txt,5eaa40b5c6abe3ee9108c482bc7230a3aa5463cb1e192e1a287f61918f0977b4,2023,user_verified_folder
2023/Ordinance No. 0283-23 (2).txt,283-23,2023,8510d501079c2af742a512c07d8761b20f0af6425a9090a7390bff49b5e38bb6,included,,2023/Ordinance No. 0283-23 (2).txt,5eb4abea83affc871ce80acf7385bdc4085892ef47e1968ec146ea63aae3e88c,2023,user_verified_folder
2019/Ordinance No. 018-19 (1).txt,18-19,2019,78261a6903d9f5b515118bba62e947300ca8907e5fcd088fc8d2d95a3e8281b9,included,,2019/Ordinance No. 018-19 (1).txt,5f3b00f47a3120b1f866435dadbb7e99e96a04bc2671be235da99f17578558f3,2019,user_verified_folder
2021/Ordinance No. 0524-21.txt,524-21,2021,6339fbeb060e29eef312925bfb6c34b82365686f6d062374b9800ec7f0f6cc34,included,,2021/Ordinance No. 0524-21.txt,5f8b6c513cb6ed206f747425eedc511c1608177f7812aa51b54bcb661e618d19,2021,user_verified_folder
2021/Ordinance No. 0576-21.txt,576-21,2021,8090fb16e6e34265fedd8d3dfb727e79a8bb6732c0bafb100a0786f237e223be,included,,2021/Ordinance No. 0576-21.txt,5f8da3613783b138b31cbb5d9de7ff789d212cc2736e7f041b579908bc6dd9d4,2021,user_verified_folder
2016/Ordinance No. 0476-16.txt,476-16,2016,15d05c30cb0782549c097f17515f83d5c5c35693eee8c47e55c915e5a4de29e0,included,,2016/Ordinance No. 0476-16.txt,5fb115f2bbb373bc30df7400be6f3efeb162bf9dfb055bba3eb2b9df6956035f,2016,user_verified_folder
2022/Ordinance No. 099-22.txt,99-22,2022,bd732fce5d096259ae32c5d68a429cfca691672e4e49f6ba2dfa1ed82d5b1e3b,included,,2022/Ordinance No. 099-22.txt,5fb50d79f89c77302d08d85ce52e2410e1ddccab3964ab6b8bc627423d32508f,2022,user_verified_folder
2018/Ordinance No. 0411-18.txt,411-18,2018,1537f29ed9f8609882b3955ad1aef870ac6ba98fcebbf013e1815a08e9d08c59,included,,2018/Ordinance No. 0411-18.txt,5fe64e6518c65b9ac37298e02ff12155be9c3a69ba60c2271b02fcce6e3f51d3,2018,user_verified_folder
2018/Ordinance No. 0493-18.txt,493-18,2018,848c689df6431ac99c7e3002971755f470702040f2ce48bd8d8fd89acbb2e253,included,,2018/Ordinance No. 0493-18.txt,6042bd78a68010ceb453e0d961bf1680c8ac568b0d11f0e53bb8423cc634298a,2018,user_verified_folder
2018/Ordinance No. 0465-18.txt,465-18,2018,e6c411286ef3bdc87a9343119af976b5f43e55d5055a0cd003890d13e3e42c52,included,,2018/Ordinance No. 0465-18.txt,6074f1ea0cbebe266aaed794f9f77e78827f069bcd9d9defe8e0fe4b76d8c904,2018,user_verified_folder
2021/Ordinance No. 000800-21.txt,800-21,2021,618b7a7860d3211ab897be93f8f6b7e91129801d900902363ebc3a8092fafef9,included,,2021/Ordinance No. 000800-21.txt,6079142b1620295853f3d6d63c6f0714ea61d0b4f2f621be11dde2fcc3334816,2021,user_verified_folder
2022/Ordinance No. 0121-22.txt,121-22,2022,afc802c1ea602604cfef75a1c4ec73bd57a73e63e7bb4f04565275cfb205275d,included,,2022/Ordinance No. 0121-22.txt,6091a6e7605752adafb79cc13a705a38fb0e810bec2cf1eac74d3c45ff9b3a08,2022,user_verified_folder
"2024/Ordinance No. 0416-24 -QRF, Dujali (1).txt",416-24,2024,147b16036571ca3597a9402d4e9e92f6125f781a3edf97fda553b3b33edf82d1,included,,"2024/Ordinance No. 0416-24 -QRF, Dujali (1).txt",60997b30c9ceb074e15131f64b64f5ddd2c28a1e6c3504501d5ed804ed1a3afe,2024,user_verified_folder
2016/Ordinance No. 0507-16.txt,507-16,2016,9ec8d6b8864741c7275792f440465aef5ab489fda48ec6e561274e3b4a3fb08d,included,,2016/Ordinance No. 0507-16.txt,60a751fea4b2dca18a394197f4d052ae0d77d61c3c80a2abd268a10b16ea9a42,2016,user_verified_folder
2018/Ordinance No. 0571-18.txt,571-18,2018,5ccd0da42e635e223993ad1f135cca2f1abb21dedd190a02552dccd2ed59919b,included,,2018/Ordinance No. 0571-18.txt,60b478cc24f3762b395e10242a1ce18a7237384505302c19011e7a1c6106e0d9,2018,user_verified_folder
2023/Ordinance No. 0280-23 Malagos Slaughterhouse (2).txt,280-23,2023,52e9842c725435d5162157f904190965d41bec20973537b8d574d99b781427a7,included,,2023/Ordinance No. 0280-23 Malagos Slaughterhouse (2).txt,60b8ff1f258db62942ea4e8f2f371bd81f8a1350c642eb91dfa73d36271de184,2023,user_verified_folder
2019/Ordinance No. 0100-19 (1).txt,100-19,2019,1e471d6fb35114e27441bb91d612530312fabff922905e530c118ea980415399,duplicate_copy,,2020/Ordinance No. 0100-19 (1).txt,60d61e09e97fd54f1ff4e0e838adab67496f37592bf311a713fe9f86c600f859,2020,human_year_override
2020/Ordinance No. 0100-19 (1).txt,100-19,2020,1e471d6fb35114e27441bb91d612530312fabff922905e530c118ea980415399,included,,2020/Ordinance No. 0100-19 (1).txt,60d61e09e97fd54f1ff4e0e838adab67496f37592bf311a713fe9f86c600f859,2020,human_year_override
2025/Ordinance No. 0835-25 (unsigned).txt,835-25,2025,cd170539d37a6d82e598729d32a6e1d3d900ace0503f51258c697ca94717f090,included,,2025/Ordinance No. 0835-25 (unsigned).txt,610c9e9c5d0f7260aa53e27c6009a3976ba41670e46f2bfb2bb57d8053524612,2025,user_verified_folder
2019/Ordinance No. 0696-19 (1).txt,696-19,2019,6c11bf4b49fd433d35ec3b599da95e9ecba1b55affc93995494782c0ba199e19,included,,2019/Ordinance No. 0696-19 (1).txt,6110469ec0c7dfa0930f9ae5e25b072db2b3c5b55ab3ac68042c6fa952a40d46,2019,user_verified_folder
2020/Ordinance No. 0274-20.txt,274-20,2020,143134180a32ffbf9393b1211263556ab3d41e1953db1dc182149fafb5c8950b,included,,2020/Ordinance No. 0274-20.txt,611bf58371a869203e599549edb9de4b4b69d0d2f52a34abb8114030cd2a931d,2020,user_verified_folder
2021/Ordinance No. 000669-21.txt,669-21,2021,9bc49ef5481f95d0edeff5c23934e4f0760d4d689fbe599450cdefba7aada074,included,,2021/Ordinance No. 000669-21.txt,612e31519b6f8c38524a26a398575e36c0d7b0a9286304ab466d26183baaed4a,2021,user_verified_folder
2023/Ordinance No. 0262-23 (2).txt,262-23,2023,262ccf30f01c668a00560da13057dff1fedba5e7cdec18fc1b43f751656bb1d1,included,,2023/Ordinance No. 0262-23 (2).txt,615bccd7b9bcc98d9f988a0ade3b00a9022b4884d26d569a985321f50f02a145,2023,user_verified_folder
2018/Ordinance No. 0425-18.txt,425-18,2018,c7c35dfc474de153033fe95726cdb9cf5385261441238d446a1a872539a77d8c,included,,2018/Ordinance No. 0425-18.txt,617e89972e85130cbbd8edfd7a74b69be276ea9cbc9184a5508eb4c5612a2cc2,2018,user_verified_folder
2019/Ordinance No. 0704-19 (1).txt,704-19,2019,47b61331abfc62d96b0f0ba63f963ebc75a2bc57e408cf820fb2a2fa3ce9e1ba,included,,2019/Ordinance No. 0704-19 (1).txt,61e7008ca602e0d6382758918c2d6bd3d8286a9a008d19a75a6d955e5899f26f,2019,user_verified_folder
2023/Ordinance No. 0271-23 (2).txt,271-23,2023,52221f9a7eefe0b6f383c3972395d72eb632aa48b6eb433d6844e18844cd15e5,included,,2023/Ordinance No. 0271-23 (2).txt,61fdb1a9d0a0cf7c9efe0153bc1c7ae66ff2f2c09afa59b0f52e445b1527cf79,2023,user_verified_folder
2023/Ordinance No. 0253-23 (2).txt,253-23,2023,b5d65850fe27dc67f2a96f1305f53af7317ff436ee2d03997193c09a3d24b1dc,included,,2023/Ordinance No. 0253-23 (2).txt,62237817895e5895a4f0f4cc22555572d5ed728b2336c51945349c544d133705,2023,user_verified_folder
2022/Ordinance No. 0999-22.txt,999-22,2022,c7bdb55f3edc516f99d18aa612c0df6863ad95753bc6bdbb459ee12c7314cb97,included,,2022/Ordinance No. 0999-22.txt,6228f3213891336fe638013f55213e8bf0624a24e269e27f3f10abd158d3c55a,2022,user_verified_folder
2018/Ordinance No. 0575-18.txt,575-18,2018,28a4a8b70691b605e0b6b1aea74f38495a8de552ad5557c1e0a2f936ba501c4a,included,,2018/Ordinance No. 0575-18.txt,622fc6dbf6e1e56590c4e55092ce69cab39daca6b8082ef02ae56bce5b81985a,2018,user_verified_folder
2023/Ordinance No. 0210-23 (2).txt,210-23,2023,c9959674b3425dd2b41e3eaa723e82b64cf3298719d0b2328ca2c00177eeff5c,included,,2023/Ordinance No. 0210-23 (2).txt,6243b07653df9687786af076e5caa1afa934cabf7b4b261c119704d72ac68223,2023,user_verified_folder
2017/Ordinance No. 0277-17.txt,277-17,2017,566c80b63d2612e0cae0017bca1e6455f94472e6a9a23008551b549d141209f1,included,,2017/Ordinance No. 0277-17.txt,625740d697e09a5a9174141b17ee739fb402cecf09c2653c7c063148623744fc,2017,user_verified_folder
2021/Ordinance No. 0638-21.txt,638-21,2021,365e9e29156f2d933699b719613f1366615193cdb102b239e17d9fc78a2045ae,included,,2021/Ordinance No. 0638-21.txt,626aadecabe49855ee3d8e208bd99c51a294f8e684d98367aa62d52cb7dda5ad,2021,user_verified_folder
2021/Ordinance No. 000675-21.txt,675-21,2021,a381b96b335cca5da13332d09859cd9ba9bc69d77c3f8b0254c75c29b36ebca5,included,,2021/Ordinance No. 000675-21.txt,628231b3280879971c69e11f545b7e6d2ec4daf42aef19abb1b263f539d52e26,2021,user_verified_folder
2020/Ordinance No. 0329-20.txt,329-20,2020,ce6546424824c5efd2afb32b02c92c9d8f2b18e3120459041421f6e588d80bc4,included,,2020/Ordinance No. 0329-20.txt,62c437d5754badd7be7bcaa5e55fccf018d6899e55d4ea66221af49a7c96bc13,2020,user_verified_folder
2017/Ordinance No. 0289-17.txt,289-17,2017,82cc69a0dbc615363f9f9ecdd155d5cb89431b508b6bbcda221faa0bc0d7664d,included,,2017/Ordinance No. 0289-17.txt,62c5665c47996149a5b2da2119712b948818ad99b826b94aabcc79f191d63e4c,2017,user_verified_folder
2022/Ordinance No. 000114-22.txt,114-22,2022,18bc282ae1fc8fed128b70d177523c61b63a37eeb5ec795b7f582f4d6b99a1f4,included,,2022/Ordinance No. 000114-22.txt,62eef65f5121c6e4c308329d3e9ee422bccb90ac1b8707fa43b9a30b2454ff5b,2022,user_verified_folder
2022/Ordinance No. 0114-22.txt,114-22,2022,18bc282ae1fc8fed128b70d177523c61b63a37eeb5ec795b7f582f4d6b99a1f4,duplicate_copy,,2022/Ordinance No. 000114-22.txt,62eef65f5121c6e4c308329d3e9ee422bccb90ac1b8707fa43b9a30b2454ff5b,2022,user_verified_folder
2022/Ordinance No. 0875-22.txt,875-22,2022,5af72221b4f2c1e4fd34e37e0534bb2109e79a030cd1b3cc3ce8926c15f9b14b,included,,2022/Ordinance No. 0875-22.txt,630c1d1a729671144bcbe81b8b1551d86bf3035548bda1061f5155c028cb0f98,2022,user_verified_folder
2017/Ordinance No. 0142-17.txt,142-17,2017,6fbc896d68cbf135cc7cd8a3c544ef6e7a9e849945fb2e1a44efacc5bb9935c3,included,,2017/Ordinance No. 0142-17.txt,631b24b9dcbc8bfbe2747809cf16109fc15aa93168b76e1340d7979a15556c8e,2017,user_verified_folder
2021/Ordinance No. 0492-21.txt,492-21,2021,f07d164c6f1f4a6692d0d418d2f927766b3884760bef0d04849810a6e9cf3166,excluded,outside 2016-2025 after human date correction,2021/Ordinance No. 0492-21.txt,6333a7a529927872eb65af8c5fe7e1999d71dd9bebf82ad4ac1fb709ff858fd3,1991,human_year_override
2022/Ordinance No. 082-22.txt,82-22,2022,5e68589c0e0725112002557b914609381ab17d9aa241480f0ecffc2d3f2b385b,included,,2022/Ordinance No. 082-22.txt,6348f5e262a88a21eec35e725e9d02c373762468bc1c2bb5a9de428a351266d0,2022,user_verified_folder
2018/Ordinance No. 0613-18.txt,613-18,2018,632cfd14dc03cabddc087c8bd665e40dba43305214374cd9886776516df950d3,included,,2018/Ordinance No. 0613-18.txt,637eaf6ddb03f536310685a42a1f9f70f224aa020520ac88c342a6deb9481a96,2018,user_verified_folder
2022/Ordinance No. 000892-22.txt,892-22,2022,507318f36a0ad63a6c1b3657f76a314baaa66499f5f0a5a5d0636f5f65e93aed,included,,2022/Ordinance No. 000892-22.txt,6382ab3e847a3097f2b7aca204eda1bc55911184452c585da9e3ece262d7ed6c,2022,user_verified_folder
2022/Ordinance No. 0892-22.txt,892-22,2022,507318f36a0ad63a6c1b3657f76a314baaa66499f5f0a5a5d0636f5f65e93aed,duplicate_copy,,2022/Ordinance No. 000892-22.txt,6382ab3e847a3097f2b7aca204eda1bc55911184452c585da9e3ece262d7ed6c,2022,user_verified_folder
2023/Ordinance No. 0282-23 (2).txt,282-23,2023,b79d7490c386ea246697830f532af732249cfe12259508fd7c5bfbc644a63da7,included,,2023/Ordinance No. 0282-23 (2).txt,638ea4a4ddbe5858e162298aa571c686221dc9bf8c2807c4221609cf6011f94b,2023,user_verified_folder
"2024/Ordinance No. 0609-24 QRF Meycauayan, Bulacan (1).txt",609-24,2024,43572b9984af6b77e00a21bb7ce15b2f74f7e57488059a97767a03ca2f86c850,included,,"2024/Ordinance No. 0609-24 QRF Meycauayan, Bulacan (1).txt",63b29e617da339fc3b20ddce474a04814c797e0d63d74ba383f6e407c39252f4,2024,user_verified_folder
2021/Ordinance No. 000677-21.txt,677-21,2021,f94efb63a8a85a74fa630a8532a44e4bc3dcf88a307916bd1df29c8792f92c0f,included,,2021/Ordinance No. 000677-21.txt,63d1b735fddadf8012a18da585494c7d027c372933526513ae7b63e94cbad961,2021,user_verified_folder
"2024/Ordinance No. 0598-24 QRF Plaridel, Bulacan (1).txt",598-24,2024,fd6df3128db01a7dce48acdc3a2a64a24da46a1a9c87c8a51843f1341cfd7a84,included,,"2024/Ordinance No. 0598-24 QRF Plaridel, Bulacan (1).txt",63dc4c6ad219b266976254a2805764a7351362e585994a27e1bae22768488796,2024,user_verified_folder
2023/Ordinance No. 0150-23 -QRF Gigaquit (2).txt,150-23,2023,726b97b40fccf1c5e14d02556bd1074bd56d18244d75a71e507cc0539dc49a8d,included,,2023/Ordinance No. 0150-23 -QRF Gigaquit (2).txt,63e79a5ee23c5a2da3879e650dffe981bb61942b9bb65a41cc25d3afc60b1ca1,2023,user_verified_folder
2021/Ordinance No. 000799-21.txt,799-21,2021,b9746190bfa8bcb639b031c1268912f1a11ff16803701e22cabb7d7ceee72adc,included,,2021/Ordinance No. 000799-21.txt,64058dcbfc41aef73a14e6e70275f21f65a2f9c12baf8c2ea7c3b5fa1ddf87c0,2021,user_verified_folder
2021/Ordinance No. 000690-21.txt,690-21,2021,c73e83bf1acdae234fd0596fb33a3fde5c7bd2c45b672b1722480f184fff0fc8,included,,2021/Ordinance No. 000690-21.txt,64311b667e09b1ed2afd09a92c011cfef5c521045edb5d130c79d47b93ff5ff1,2021,user_verified_folder
"2024/Ordinance No. 0674-24 QRF Magpet, Cotabato (1).txt",674-24,2024,ae2957b865ebf16c92557d794d25b5609a5cd3b1b99db2ac39cfabf389e9631e,included,,"2024/Ordinance No. 0674-24 QRF Magpet, Cotabato (1).txt",64814fa25263308a2bff1abc21acbc282c7d2f6b3faafffdd3408156834a3406,2024,user_verified_folder
2024/Ordinance No. 0427-24 (1).txt,427-24,2024,ff891619d7fa0dd94a05bf1cc1017df908aeaa36ae128ccee50759f430d2d985,included,,2024/Ordinance No. 0427-24 (1).txt,64a3c0eed2089e78fb9a1b7b666855776b07db9200cc8b925dad74895d12adfc,2024,user_verified_folder
2018/Ordinance No. 0659-18.txt,659-18,2018,bcfa889f5d7cfba2584f04b9f10939954ede8a28a42c2eaaefc83b1e049f4b32,included,,2018/Ordinance No. 0659-18.txt,64baa4a7b749812fddcd6ad7a15201599fb1f6f3501560c615fed5e7bd818865,2018,user_verified_folder
2017/Ordinance No. 0343-17.txt,343-17,2017,4597fc65b6a9807d1fa11a6a86e5acceb220e67f14f2d64c20fb2af085c38442,included,,2017/Ordinance No. 0343-17.txt,64bf2a2e8c8e2d9685b957342e15ce24376c46c837560af3c2e214b36e30c166,2017,user_verified_folder
2019/Ordinance No. 024-19 (1).txt,24-19,2019,3828ea3f9fe5c75cfcadee6131a8a3a5d19079b349831ab7b393dfc6b45c6bf6,included,,2019/Ordinance No. 024-19 (1).txt,64d6a35791d4836e2c6e67e53cccd35597c458f9afe135db4ab773ed864ecc55,2019,user_verified_folder
2020/Ordinance No. 0253-20.txt,253-20,2020,1638829cd1334cc6fe2d9cbae0eee0254b9269eaa1483b39ce65ed6ba58f099f,included,,2020/Ordinance No. 0253-20.txt,64f23c6a03c910ed6e608e73abe59d2866968e609a226f2a383470725b59c6be,2020,user_verified_folder
2022/Ordinance No. 007-22.txt,7-22,2022,2c621375a2ed4f54a4aa88d34c82367c01968ab783d52cb4bfc19b586af68408,included,,2022/Ordinance No. 007-22.txt,65553cfb27147c9010e80bd5889962cb379312c2fc9783579f3005dccf41aecf,2022,user_verified_folder
2022/Ordinance No. 000952-22.txt,952-22,2022,c3bd5d76f255c4d1648763cfa8d95ea0f5a8d8531959e7fcb2899e00fcbaa0ce,included,,2022/Ordinance No. 000952-22.txt,6582e093382dfdc8a27c5894e5a1c59f6d5dd5661fbf01116b5ff4fe17766d38,2022,user_verified_folder
2017/Ordinance No. 0330-17.txt,330-17,2017,025e9ff48391d62d110dd6e130505dd30bf295b8b75bb36a5b3633714546f60a,included,,2017/Ordinance No. 0330-17.txt,6599e6cf47f5c6f97090a7b8385289d4e3dcc11e63dfd7b3efa1fce9b4905c21,2017,user_verified_folder
2022/Ordinance No. 0127-22 (Annual Budget 2023).txt,127-22,2022,1a879596d868f7b3fa98120e130182c4cbe99d637d7a1518f716be8359771657,included,,2022/Ordinance No. 0127-22 (Annual Budget 2023).txt,65a041306ac15eae8c46f32b9c717b43ea0843e7beded42a9712de73440ed76e,2022,user_verified_folder
2021/Ordinance No. 0633-21.txt,633-21,2021,caed4a6ddecebfe34116c688a2e2f73043c45a1da37d4c0528bf329f75800b8d,included,,2021/Ordinance No. 0633-21.txt,65c180216a2f5a57ca24406be32747ded4748a2d3273791103464eec4f18fa74,2021,user_verified_folder
2019/Ordinance No. 0760-19 (1).txt,760-19,2019,d143b70f576ac0103a26118a9d40f00319e5fdec07c053bd01359e299724b41e,included,,2019/Ordinance No. 0760-19 (1).txt,65d24a4bc591153540ceb6968316cab31afda909feadc7c047b47221a254a698,2019,user_verified_folder
2019/Ordinance No. 008-19 (1).txt,8-19,2019,0b87ecc8f9faa8c5f170c065ee50bce358f32db1e3ad7d8de7bb82b7426180f5,included,,2019/Ordinance No. 008-19 (1).txt,65d750357a1e25f046268ac6c4683f0b152e693749966d4892243c3508fe4692,2019,user_verified_folder
2024/Ordinance No. 0690-24 QRF Province of Batangas (1).txt,690-24,2024,4830a9d24235d799957bfc01be48d14393c370ec86c74068a27f08dc9fe4ab92,included,,2024/Ordinance No. 0690-24 QRF Province of Batangas (1).txt,65e61e32d0bf619bf34783cdd0bbc5d1bd2cac513c96a902a391c2793cf138ea,2024,user_verified_folder
2024/Ordinance No. 0690-24 QRF Province of Batangas - Copy (1).txt,690-24,2024,4830a9d24235d799957bfc01be48d14393c370ec86c74068a27f08dc9fe4ab92,duplicate_copy,,2024/Ordinance No. 0690-24 QRF Province of Batangas (1).txt,65e61e32d0bf619bf34783cdd0bbc5d1bd2cac513c96a902a391c2793cf138ea,2024,user_verified_folder
2023/Ordinance No. 0343-23 (2).txt,343-23,2023,5198afde949e8b3d8b525dd411090d9c167895d45a2cc6385f0fa96bddaabb4f,included,,2023/Ordinance No. 0343-23 (2).txt,65f3a166cb66deb70a097096b3d56bc3121f889370a2ec3a285f3c8b69920d1f,2023,user_verified_folder
2016/Ordinance No. 017-16.txt,17-16,2016,e53754d59639edd4e96777a0d68b55ca44f12bca2b61533f9a5784a5e850fdac,included,,2016/Ordinance No. 017-16.txt,662370ec8aef5a5fb6820c1c2a1cfa4bedcabcdc4492b59f564e9045c94412d1,2016,user_verified_folder
2017/Ordinance No. 0205-17.txt,205-17,2017,f66894411efd6539de88ed24d815c6cefaba73b0ae6073c9ea23fbc1260b1c83,included,,2017/Ordinance No. 0205-17.txt,664293c5dcd94bec178ea26d2b1f8a4021e0665fe3635c538f307c929317457d,2017,user_verified_folder
2023/Ordinance No. 0248-23 (2).txt,248-23,2023,cb9ecb4596ab1de360596430b6da19968e62497c0826ee96eb02f2653dac7ea2,included,,2023/Ordinance No. 0248-23 (2).txt,66a45e83a3c38f29476f2f76ef1d0242c7761dffdc90cde70e71ac165cb0aa01,2023,user_verified_folder
2019/Ordinance No. 0175-19 (1).txt,175-19,2019,48a1414dd0e5c0eab1e8b3c44204e260e40a2093e8961cc2cdf4bb0da45ff57f,included,,2019/Ordinance No. 0175-19 (1).txt,66d263bdd03aac94f49ba70199e35b0c16703ae96446ee88f65aa0265f2f00ce,2019,user_verified_folder
2018/Ordinance No. 0550-18.txt,550-18,2018,ba19449adaf6f290f56aa50ac6c41715edc0cd8b2583ee26ab6c36434ab14bb2,included,,2018/Ordinance No. 0550-18.txt,66f45646e73de67dc80f59fb87b9edd286810bd1320ae3b5638fcd792729a018,2018,user_verified_folder
2016/Ordinance No. 080-16.txt,80-16,2016,a7cb81b2437b520b930e9d009c2ed6897b005d3befa35f1e87aba585eee56446,included,,2016/Ordinance No. 080-16.txt,66f9a2e4afd3393f7b38921c726eb029b0e3581e2f3919c11a85f949ff2d569d,2016,user_verified_folder
2022/Ordinance No. 0998-22.txt,998-22,2022,852037591467d7ff2de74fcfcd8557457e8cde8c20dac1f3c6ac9b90c0eee82b,included,,2022/Ordinance No. 0998-22.txt,6718b7521053b02216aae81de9b27dfac005b20990b54debfc1715909c4a87b1,2022,user_verified_folder
2019/Ordinance No. 091-19 (1).txt,91-19,2019,fb58f7e2b60deaef5c5f8d604fe65b29839a6ff5823c5d5439735edeee7a8900,included,,2019/Ordinance No. 091-19 (1).txt,673b170b41adc0cc73f4dc73503a1ae7986f95e4d5bf410e4324fdfbb67d4757,2019,user_verified_folder
2024/Ordinance No. 0611-24 QRF Province of Rizal (1).txt,611-24,2024,71052b121a4a544874ee81b0ff3ad2d6a7c7bc7867a4654f11454af7f97f8e62,included,,2024/Ordinance No. 0611-24 QRF Province of Rizal (1).txt,673f685306c3708ce8af8223e3b7ca0f2d0d75b1b56260bd81c69d04b3cebf72,2024,user_verified_folder
2023/Ordinance No. 0325-23 (2).txt,325-23,2023,b07cd94e225614842a088935e7cdc42cf2c27b3756d610db31ed2c595bd59504,included,,2023/Ordinance No. 0325-23 (2).txt,6776dcd31ccf91a3fbdc428368423171051d2f24d8e2427cb834f50385674020,2023,user_verified_folder
2019/Ordinance No. 0782-19 (1).txt,782-19,2019,a171193fbdf224d4bdd1bcb725d0cbe6156de20b2bab386329b480643dc4995f,included,,2019/Ordinance No. 0782-19 (1).txt,677decc9a7b7acda5d8eefc5bbee0bb82c878b26bb618621ed3c9b1209fa272c,2019,user_verified_folder
2018/Ordinance No. 0583-18.txt,583-18,2018,0e3c43df90d9ba33a87045ffb7c995211bc5c5d12ba6aafd1e29684936af545d,included,,2018/Ordinance No. 0583-18.txt,679313370bf160750820844698871b1537b10504548549d338732d09d81bc4d4,2018,user_verified_folder
2021/Ordinance No. 000707-21.txt,707-21,2021,a198161093c85726092b07e3762aee140a7e00a3eae2530dd9ee175acefb44cd,included,,2021/Ordinance No. 000707-21.txt,67c280f5aa5ea69e6e87b61c09e982c3675dadc4dfd72c50bf73042a7f3a5470,2021,user_verified_folder
2022/Ordinance No. 0874-22.txt,874-22,2022,7f625daefd688a0542ec930c9d4b9365c8a3f4250f0155eb7fbd57bf400165b4,included,,2022/Ordinance No. 0874-22.txt,67cf5c762481f09686e4437c9c5aed931cfed00b9524468d3150f36c5bda5078,2022,user_verified_folder
2021/Ordinance No. 0604-21.txt,604-21,2021,b4f7475e2de2bddb198e98871bdf7820b0c36711457c9978d382c458886ac55d,included,,2021/Ordinance No. 0604-21.txt,67e5580d9631d3d84d1caca38a4ca32c81c402bf412397c0662c925ad27b7f43,2021,user_verified_folder
2019/Ordinance No. 0707-19 (1).txt,707-19,2019,c3f8eaa3a8385e8ad94a6a164dc456aa5c78353d150ea98a1ac4cc6717bfde71,included,,2019/Ordinance No. 0707-19 (1).txt,6807e1ddb8392cc5f60e7bcacb72da4cb37c88020ada0ea1c8f2d66c48dfa39f,2019,user_verified_folder
2023/Ordinance No. 0278-23 (2).txt,278-23,2023,c17ed9f48aae38f59bdd6940c536619413dabf5a06c7b632fa9f7495884a2bb5,included,,2023/Ordinance No. 0278-23 (2).txt,680eb1cbd2e9dc5369e5f9bb60f39f2260ba010a270702b527327779a1f4c0fc,2023,user_verified_folder
2024/Ordinance No. 0571-24 MOA UM Work Immersion Partneship (1).txt,571-24,2024,6936c8ce74e59ea7802c27e651b13dc3ddc1ea8f00bd45cea11d46d1d8580215,included,,2024/Ordinance No. 0571-24 MOA UM Work Immersion Partneship (1).txt,6816092875418fe74ca7cdf873577c6b5949eebae0a4625f6b87f175097d3664,2024,user_verified_folder
2022/Ordinance No. 002-22.txt,2-22,2022,44d068ff629ad842012970ee7bd82b924844747bb7a3d9536a66f5dc135982eb,included,,2022/Ordinance No. 002-22.txt,68295d3e896852e6cf015e5fa12e2bcb5878a449a8808321c5ac61ea30470fd5,2022,user_verified_folder
2017/Ordinance No. 0266-17.txt,266-17,2017,d2f22d6c5341bc8aaa1dfcf9e1d4b813c68cba3fc4289633c5a791d0f651992e,included,,2017/Ordinance No. 0266-17.txt,68561da4e27d85b170a84c23bfb6afadc8b7ccc7db94c9ceb5d738ce83340dc7,2017,user_verified_folder
2021/Ordinance No. 0478-21.txt,478-21,2021,e15814adc5c1badc0e7f6139332f87bf3a8111c237fbaf978e54b003c9ee5b20,included,,2021/Ordinance No. 0478-21.txt,6865043a171e0a6aaa025a8d01950228e2141cccad634e0f3c91dfa42ba6721c,2021,user_verified_folder
2022/Ordinance No. 071-22.txt,71-22,2022,955c8ad4e6e06335d175aecbe6ef9398acd8fa7e3c78bbb6b798e8a6be468387,included,,2022/Ordinance No. 071-22.txt,688246770f9ff50c190a0ec9f42102074ffc7ffecdbae689d23fee262796e043,2022,user_verified_folder
2017/Ordinance No. 0256-17.txt,256-17,2017,747596177ccfdffcb32e70f0f84cfb3c7297c4529cef85e30f88e7443949e383,included,,2017/Ordinance No. 0256-17.txt,6895b567071569daf229336b0ace937cc2ef54c5d7351269c279c7187dcbedb3,2017,user_verified_folder
2024/Ordinance No. 0633-24 Rates and Charges in Agdao Market (1).txt,633-24,2024,b8567e6d034969bdcd4c36cd93b2ac2861f4bdaa6bc84c0d68fd96bef2452d3b,included,,2024/Ordinance No. 0633-24 Rates and Charges in Agdao Market (1).txt,689859eeedb83be9f27e8125357fc7653f600e94656185655ced31c982e26194,2024,user_verified_folder
2022/Ordinance No. 000006-22.txt,6-22,2022,2b0478c483c11036563ef76209ee31f30c0fb3f104931c3dc593c0856db8a1b5,included,,2022/Ordinance No. 000006-22.txt,68b377c0dc391b9c09c79c47c6fc6d4f1994250529757f953eaa622e6cb2508b,2022,user_verified_folder
2021/Ordinance No. 000770-21.txt,770-21,2021,54298b8e2dd1a0da6a2d37a55ca5a7557684e6afebea4ad575e3efef9cb85292,included,,2021/Ordinance No. 000770-21.txt,68b455692f1d70687e91c9a0aa09e24706eb24c33ced9e2496c5759c1d7baf40,2021,user_verified_folder
2023/Ordinance No. 0277-23 (2).txt,277-23,2023,c9c40e29a37a9dd01451a8bf610a583c5fe43edb4a7a7401c95b4b7d675abb69,included,,2023/Ordinance No. 0277-23 (2).txt,68c015de789fe51fd1f84a72a1d124b1d248689c6f0a7810b13c2634c9f00103,2023,user_verified_folder
2023/Ordinance No. 0245-23 (2).txt,245-23,2023,f2d9756751d615fb35d235257640045f6f64dc4e1d4ae163edebf320ca628187,included,,2023/Ordinance No. 0245-23 (2).txt,68e18d3584fe326b1d02f44f0d18f68bd02cb76f34535c089f1508077f63669b,2023,user_verified_folder
2018/Ordinance No. 0497-18.txt,497-18,2018,9e96c70ae8f50d9af82651f30926798f8f8a6115bb04f246f14239555bb07b0e,included,,2018/Ordinance No. 0497-18.txt,68fc8505a501fdf8e5790c755ed5551ea6101d2dab2cd4530dff6a19dd9a6b04,2018,user_verified_folder
2023/Ordinance No. 0166-23 (2).txt,166-23,2023,ae187a55a6af8e4456d41852815fa49e925feb647e623533cf3dc643999facbf,included,,2023/Ordinance No. 0166-23 (2).txt,693325f59b346d92febf55f9ec766fdd5d992175e826f9d333c0d7c4d81bf225,2023,user_verified_folder
2017/Ordinance No. 0258-17.txt,258-17,2017,7f49fa82cdd66d4f2593ef868f60d7805d9fdda30a97eacbd86040f2bc530078,included,,2017/Ordinance No. 0258-17.txt,69527b035e2888f191594265f60ea0f5b23b6cd5f3b1eadaf6d25df5dfae8973,2017,user_verified_folder
"2023/Ordinance No. 0157-23 -Usufruct, Sto.Niño Nat_l High School Mintal (2).txt",157-23,2023,49d8fb7971b07cdfed5d29f4ae6553d5c201a3459df7f8604189630b2854e1b5,included,,"2023/Ordinance No. 0157-23 -Usufruct, Sto.Niño Nat_l High School Mintal (2).txt",695535b3f8475546fd623dd28bb3c8dc0a722dbf47a5902eb09a8a3863a01827,2023,user_verified_folder
2019/Ordinance No. 0173-19 (1).txt,173-19,2019,fb00a01b04ef1a5a4ec0a79cbae80e5b6d8a30e8e4f1a4104818aa16f47b8b8f,included,,2019/Ordinance No. 0173-19 (1).txt,697a92366df3d494598fec43dc7d4d6002fd1fb949c1712154a5bf59f288a395,2019,user_verified_folder
2016/Ordinance No. 064-16.txt,64-16,2016,bbb0b78f3d4c9c3915a2e8d437ca07d2d716eaf8434ec0c73879029881d54af2,included,,2016/Ordinance No. 064-16.txt,699efd10b19cdc4a5635f86ee5f35aa77f2b8203ed744feb6f0a4d77ce4b2dfc,2016,user_verified_folder
2022/Ordinance No. 000857-22.txt,857-22,2022,c79a03c854e8befa089e394bcd0a7fcaab81d2404b3d6746eade353b18ad9596,included,,2022/Ordinance No. 000857-22.txt,69b3863516a9a0921c13940028be550140d3337d4cd0b7bfdb330eaf4efb636d,2022,user_verified_folder
2022/Ordinance No. 0857-22.txt,857-22,2022,c79a03c854e8befa089e394bcd0a7fcaab81d2404b3d6746eade353b18ad9596,duplicate_copy,,2022/Ordinance No. 000857-22.txt,69b3863516a9a0921c13940028be550140d3337d4cd0b7bfdb330eaf4efb636d,2022,user_verified_folder
2019/Ordinance No. 0708-19 (1).txt,708-19,2019,4c4d55a379df0baacf8d8ba2b67c8edd7d12c9edb68088a364aa53a8275a0393,included,,2019/Ordinance No. 0708-19 (1).txt,69cd4b4795c1f2932f0ada8372d54a9442f6b18535e4316c179d44bd71458cd3,2019,user_verified_folder
2021/Ordinance No. 0513-21.txt,513-21,2021,eb8d850a1060720e1c08abadc5edaee23fac79eb7f2cfb1bf9a44ef7d4828885,included,,2021/Ordinance No. 0513-21.txt,6a033e4cf2ad72a56e32961a5f6dc7532dd5bd019b3f6362014f28e612de68ca,2021,user_verified_folder
2018/Ordinance No. 0383-18.txt,383-18,2018,0b3e151d625637702dcd3c77af56d5be0ee1e78b109ad5e6a8a40e86496b9b4f,included,,2018/Ordinance No. 0383-18.txt,6a08ff64bdba51750265048ceb52adb57a7304f8c2bf58e47bcdd13a70e4293d,2018,user_verified_folder
2022/Ordinance No. 0128-22.txt,128-22,2022,792e97057b9c8104079a9edd5e0e7bc1d3c436786e15b2619167980eb6d9a48c,included,,2022/Ordinance No. 0128-22.txt,6a43e06e4f7478413a75378561d18557660e469efcc1efc8868f59df8e7ed9b7,2022,user_verified_folder
2019/Ordinance No. 0116-19 (1).txt,116-19,2019,ef3084187f4c1a01f334b77679c49fd75b9864b951827510828f02b727ccb39b,included,,2019/Ordinance No. 0116-19 (1).txt,6a5edcdd97b69931f26cfdc73b61e8687cf618afa61a0f5a28828b3b94c2eae8,2019,user_verified_folder
2024/Ordinance No. 0645-24 (1).txt,645-24,2024,4277e415dc78a0112a99b6f993d3193e372be5ab76f71dda033653d3f2e2ce07,included,,2024/Ordinance No. 0645-24 (1).txt,6a91e82af23d179798a7a131d1ecfdac40b81ce333a55fe4e0140247d372f11d,2024,user_verified_folder
2019/Ordinance No. 0711-19 (1).txt,711-19,2019,3ea461204e12f412791cc1aa1fbdea4fe1dbecc386d12c604916c0b6a4030bbe,included,,2019/Ordinance No. 0711-19 (1).txt,6a9fae2fe0ab6d7c2e7782f2948752f201d5e670d8c152091494eafe0ab76607,2019,user_verified_folder
2019/Ordinance No. 012-19 (1).txt,12-19,2019,7c6c527140f8e7eb5e5340e6a415e33db42b67fc6b21340871f334a18dab27ba,included,,2019/Ordinance No. 012-19 (1).txt,6abdf35633d275fee0388672b1bd1f6fbbe8ae48cbe80be4d987dd20f079be95,2019,user_verified_folder
2019/Ordinance No. 032-19 (1).txt,32-19,2019,2fb54168b0ee95c22ff2761f12245c44ba065478c9c1c5b744af094a3f504b67,included,,2019/Ordinance No. 032-19 (1).txt,6ae27f383c5d3fd51200605b7d27aa6f3295314df411d594740ecb79eb8aa0c9,2019,user_verified_folder
2017/Ordinance No. 0325-17.txt,325-17,2017,28ef6e5f3278b6780cb2d1bd8883f6da58791a57df0e07cedfa683658bdfe294,included,,2017/Ordinance No. 0325-17.txt,6ae3eed3b0445f5abf58c7a71a7fca1c843763574703e3c862e06df739caf5f8,2017,user_verified_folder
2018/Ordinance No. 0528-18.txt,528-18,2018,c6be94b24e7ed9d1a5149132a10b38114ed8de6e5ddcf0d620682a8f8d488375,included,,2018/Ordinance No. 0528-18.txt,6ae771fcb166de3f6598f7ee0fddcd9c44222d15115ed6b0ef97788cdd75a1b4,2018,user_verified_folder
"2024/Ordinance No. 0426-24 -MOA, St. John Paul II College (1).txt",426-24,2024,2227ebc9c71ab8e794a513942dc01dd56276792b795991b2b1444134495a17d0,included,,"2024/Ordinance No. 0426-24 -MOA, St. John Paul II College (1).txt",6b07bc85835e2761e08e85d97f2de04329aac49f56651ac2fb4e9dc4f106cb2d,2024,user_verified_folder
2018/Ordinance No. 0500-18.txt,500-18,2018,401383d9dcb29f2340ef9e6e048848cf196a2cd84430c9bb13a6b951057c127c,included,,2018/Ordinance No. 0500-18.txt,6b1e122afbd4626276d2ff90ae5d7075a8f83f4680e248dc25062ce65787b6bb,2018,user_verified_folder
2019/Ordinance No. 057-19 (1).txt,57-19,2019,02f18eaec4bd46d24d2b4f8e1a18047392bccf909f5a1b085894fc221aba51f0,included,,2019/Ordinance No. 057-19 (1).txt,6b28ad7af4819cf52a10876e79b1af95f80c9100caa8d0aab0af8be7ff9f6160,2019,user_verified_folder
2022/Ordinance No. 046-22.txt,46-22,2022,8e03d4e633de2d5e94e498fd47f3132d1e304c4b1849ab96ce93e09005a3cca3,included,,2022/Ordinance No. 046-22.txt,6b414fe9e0ecb8aa164d2abab2f28fd0cee666435b6acea8f629cfd4fac11fda,2022,user_verified_folder
2023/Ordinance No. 0322-23 (2).txt,322-23,2023,757f0f6861d121d368f74a169b296be18e8ea8df992f14b8650c03b38161c6a6,included,,2023/Ordinance No. 0322-23 (2).txt,6b6ae03df9bca48e7fb2188483e53fc9d176cf5b58905d1041ee9b39814814ed,2023,user_verified_folder
2016/Ordinance No. 098-16.txt,98-16,2016,fa57a73b14e844ec36f6817b6022af408cfef9bb1483f2c5022b9a0e0cb1555b,included,,2016/Ordinance No. 098-16.txt,6b9864c2328c2b7bc36301ceef1cafaf2be3d398bc0491b3a7fc489a9db04769,2016,user_verified_folder
2022/Ordinance No. 000910-22.txt,910-22,2022,18e915d3bc56d12bd5d0754b2c3cb5192fe61ce68d84a1c48fa47c036afc69db,included,,2022/Ordinance No. 000910-22.txt,6baba0ee58426c01b6843d8d2cabf104089b6c2d6cdc90f68ff8a0f433fde8d7,2022,user_verified_folder
2022/Ordinance No. 0910-22.txt,910-22,2022,18e915d3bc56d12bd5d0754b2c3cb5192fe61ce68d84a1c48fa47c036afc69db,duplicate_copy,,2022/Ordinance No. 000910-22.txt,6baba0ee58426c01b6843d8d2cabf104089b6c2d6cdc90f68ff8a0f433fde8d7,2022,user_verified_folder
2024/Ordinance No. 0472-24 Revised Anti-Smoking Ordinance (1).txt,472-24,2024,b470424cc98b3f2195904ec7b0ff3170981e464ea6c60ddcba8c90b0d106154c,included,,2024/Ordinance No. 0472-24 Revised Anti-Smoking Ordinance (1).txt,6bf1e546a0bf27ae0b6b337ba02adce35f41f7d5090d4d24fe1165a4a33dbbce,2024,user_verified_folder
2021/Ordinance No. 000691-21.txt,691-21,2021,41445678302ebc84205376f8766ba6682a486b405c48111c76313a9e0ddeae28,included,,2021/Ordinance No. 000691-21.txt,6c0a7fd814b2d2367575ddb080a0c92ce4e9681e978db265eac0a07e551deb16,2021,user_verified_folder
2018/Ordinance No. 0651-18.txt,651-18,2018,1731a97f18bb5eb4fefa7ed3de714e3c1de283c69c81369a86f1323556cd0be5,included,,2018/Ordinance No. 0651-18.txt,6c31bd865096e3be4869ba20171ac8cd5d8fda87041ccc6cce54a6a4dda7a3de,2018,user_verified_folder
2023/Ordinance No. 0179-23 (2).txt,179-23,2023,6006a41a7bec75b0df3c9222624e3fc679fa5b3e352afd43e9c35bf2e4083c6d,included,,2023/Ordinance No. 0179-23 (2).txt,6c6ce244eb3704ed6c97eba81529631926476da5243c5ba15fe97d5aadf39a40,2023,user_verified_folder
2023/Ordinance No. 0360-23 (2).txt,360-23,2023,ddcee09283da50001ae2abbb236ab51a4bbbd303478b736129162ed387c3ec57,included,,2023/Ordinance No. 0360-23 (2).txt,6c89c1270fd64647943f67ee238030baffff20973604ffba99076eb98aca7142,2023,user_verified_folder
2017/Ordinance No. 0171-17.txt,171-17,2017,263d69038479376a85153c916c88da73cb5ea0d2826966b88514031e3c52475a,included,,2017/Ordinance No. 0171-17.txt,6c94e8f12a485af1464d6d4f73964ae1102931062fd747e8e95fc0a2e07a937c,2017,user_verified_folder
2018/Ordinance No. 0593-18.txt,593-18,2018,3860de0602a6a8872ec5aaf717b33fd4771e01541402eef8b574f5e57e935cb6,included,,2018/Ordinance No. 0593-18.txt,6cabb0060f76c131a638608cd82d773f3a47b8a50aceadb931966f553dff125d,2018,user_verified_folder
"2024/Ordinance No. 0449-24 -Deed of Donation, Fil-Chinese, DIAA (1).txt",449-24,2024,2c690273fbb269e7d886f5bb576c499351cca022eb396b1c758ebbacdce16182,included,,"2024/Ordinance No. 0449-24 -Deed of Donation, Fil-Chinese, DIAA (1).txt",6cc6241f0ec8c0e0010bfd0336fdc9b546a8c53bd405a4723c871e04a92fbccd,2024,user_verified_folder
2020/Ordinance No. 0224-20.txt,224-20,2020,e91169500845b4f58fd98ea6cdc0d91116124bcb5d8e80f5c75636e347569b2f,included,,2020/Ordinance No. 0224-20.txt,6cc8521bd20623b8b468c17ae6a6b8d743ece2092649bd6358cba2a13ed51ff3,2020,user_verified_folder
2018/Ordinance No. 0653-18.txt,653-18,2018,dc4c9935573d34e592315a403734f3c8aa0df4519f19c61b3938a60134023c49,duplicate_copy,,2019/Ordinance No. 0653-18.txt,6cff8dbfc8dad435f74c7a4779c1802d4f32a1b66fb0345ebf0d7fc081f5b31e,2019,human_year_override
2019/Ordinance No. 0653-18.txt,653-18,2019,dc4c9935573d34e592315a403734f3c8aa0df4519f19c61b3938a60134023c49,included,,2019/Ordinance No. 0653-18.txt,6cff8dbfc8dad435f74c7a4779c1802d4f32a1b66fb0345ebf0d7fc081f5b31e,2019,human_year_override
2016/Ordinance No. 0109-16.txt,109-16,2016,a836df03316b68a2b2c4a8b0376c6b6913f962849dff6f7596b519ecd8a9f98c,included,,2016/Ordinance No. 0109-16.txt,6d6c2a0e3421f5884fdd7c6b43bd590c6c445ac692b287a22577359f0903095e,2016,user_verified_folder
2023/Ordinance No. 0269-23 (2).txt,269-23,2023,22bd60d56a3dd7a334ce58caaed1eb37a1b60018e520e1fde39769fafc198757,included,,2023/Ordinance No. 0269-23 (2).txt,6d7d1216fc6b2a95536519b805b4d04379173ead3504c0e0d630238e2aa209e3,2023,user_verified_folder
2019/Ordinance No. 021-19 (1).txt,21-19,2019,868e219c09f9a2e74480d9a987c96c182abfc094615279b29be398a96aec0a21,included,,2019/Ordinance No. 021-19 (1).txt,6d882186b5baac505123465fcd0207b4675b46b9bacd7c5b79cb4bfc42a27b2a,2019,user_verified_folder
2018/Ordinance No. 0502-18.txt,502-18,2018,20bac060b008c899d560b225f2c93bb7682a35ac6dbf65468a3d0c5b59fa496b,included,,2018/Ordinance No. 0502-18.txt,6d96b2246c4b142e6a656478bee6a3d2c64bc2c8bf1c7873753039319e832b99,2018,user_verified_folder
2019/Ordinance No. 0716-19 (1).txt,716-19,2019,2b5c165268c8e361d2390873b6ec88d0395a31b7b9702f88d55843ffa5f69b93,included,,2019/Ordinance No. 0716-19 (1).txt,6da4e34ada601de5cedd312040173bd4bc654f35d68f3b46f694da89e9b66022,2019,user_verified_folder
2023/Ordinance No. 0223-23 MOA Phil. Mental Health (2).txt,223-23,2023,b10b4afdfdf4b11489a461de60e8b8df0f0466c7e8bc82e9f729b14105341600,included,,2023/Ordinance No. 0223-23 MOA Phil. Mental Health (2).txt,6dc5ac1aee2a9614caa33f779aee8ef2f180b1d94fe7b688ff0dd041bd571ed4,2023,user_verified_folder
2021/Ordinance No. 000807-21.txt,807-21,2021,b30d02e78d0c4def6f074d4588a10f63a3013913a3cbdfc42e8bedafc514265f,included,,2021/Ordinance No. 000807-21.txt,6dfcb4416383841308179aaedfb48ee34a66afe4cf0c8e5e02c9d43d3ef33bcb,2021,user_verified_folder
2019/Ordinance No. 0165-19 (1).txt,165-19,2019,7b10e242d687b0437e70d57a64e8c5b1e8be330df265e1fa457368cafef9826b,included,,2019/Ordinance No. 0165-19 (1).txt,6e0be7f5c203ff32b3e35114e201a172c321127cc3bea92f7df3471bbefc67f5,2019,user_verified_folder
2019/Ordinance No. 082-19 (1).txt,82-19,2019,060c218ab9e171cb5e5ef60a376e63b457ff2f3af31a3df95cc72ab82690235a,included,,2019/Ordinance No. 082-19 (1).txt,6e1236a90affcee150202bc5f10d3dbb43ebff71c80769d61b007da5f5d8a2f5,2019,user_verified_folder
2021/Ordinance No. 0476-21.txt,476-21,2021,0586690be8e648081a6890705895d5d43c098cbbfce6cc3ca7e7c88675fa054a,included,,2021/Ordinance No. 0476-21.txt,6e139fe8eb16407d35a9bf085f2239953ad85536ffc08054354f5f96eaa9aee3,2021,user_verified_folder
2021/Ordinance No. 0613-21.txt,613-21,2021,16e3291ea142e0d5ff158995e9d2eb0f97e2091758f1f707d9854591ae6197d8,included,,2021/Ordinance No. 0613-21.txt,6e2862a6ab522d187cc837a2b1e75321c92220ded4e81499bba5abf02ec9d14b,2021,user_verified_folder
2018/Ordinance No. 0636-18.txt,636-18,2018,0ce3c128dce0e8dd617cf4961c4c170c7aadb91930d95fbd0d2b75d4f16d7c3b,included,,2018/Ordinance No. 0636-18.txt,6e31a93f51f3b2795dc71194b94dbed79dae4a70959c2a2adcf408bee9a0d4fd,2018,user_verified_folder
2018/Ordinance No. 0573-18.txt,573-18,2018,6a0cc92a68bbb123222ded51ccc441fe06c54a750a406b0cdd9aa46e243041a0,included,,2018/Ordinance No. 0573-18.txt,6e33c5b685cf62ffb12c7964a8c6bc05b80902eb2a1dd5b0dea46699dd16287c,2018,user_verified_folder
2024/Ordinance No. 0657-24002 (1).txt,ordinance no. 0657-24002 (1),2024,6defaf36f5a27580c9da01b9c90734632acccac83a9e2213f44cbb7d2145f6a9,included,,2024/Ordinance No. 0657-24002 (1).txt,6e37691eb0409b8d7e5bb5c7c93e794b9334a3119788fe1858f5244889264b5a,2024,user_verified_folder
2022/Ordinance No. 0882-22.txt,882-22,2022,5d7d70155099e268cd4e605b539884e5d1ee0b75d9ddf84806c6c845bf708826,included,,2022/Ordinance No. 0882-22.txt,6e85cea86c898b8d367617a6e49dc5bc24bb5ac5ed4432e12ec7883c22164495,2022,user_verified_folder
2024/Ordinance No. 0692-24 QRF Province of Camarines Sur (1).txt,692-24,2024,ac00722a3eca6d1d86352981b73617f24d7df7aed01d2144e5107eb0a81dafbf,included,,2024/Ordinance No. 0692-24 QRF Province of Camarines Sur (1).txt,6e85f35bccdf79e12c49cc2fbfe32788c76e0372ae7e1407bee441e9fac9f30d,2024,user_verified_folder
2019/Ordinance No. 0694-19 (1).txt,694-19,2019,3c401e808aaec44251f2ce9c3e63d3f326e02aa85c1b3cfd7b6c4017a802dc92,included,,2019/Ordinance No. 0694-19 (1).txt,6f046132a03608b20d3918eb7ad12e6a2e06638c3fe5d94b626b33b0ef2e357b,2019,user_verified_folder
2021/Ordinance No. 0539-21.txt,539-21,2021,e826a21fb30158ed83435deda7ac2c8b7143dfbb088232b1a735e8da0c6000fa,included,,2021/Ordinance No. 0539-21.txt,6f1c0f9dc7ad294dad8891c3ebc28571e46e568a6053c1a1320b34a6f0eb632b,2021,user_verified_folder
2021/Ordinance No. 0480-21.txt,480-21,2021,c19d8c289cf5e80b9614e1de2317e2c1a6876e42b9346ab4befaa01b87bf4bef,included,,2021/Ordinance No. 0480-21.txt,6f23d40724ca466cdc0bc1b8a442782832a7239cc8a51c57cdace24047be0f6a,2021,user_verified_folder
"2023/Ordinance No. 0175-23 -MOU, MEDA Org.  RIISA project (2).txt",175-23,2023,3de3fc5bcdf93b36819758f8182d33a9e13e8175f8563a2b1110b455a70afd46,included,,"2023/Ordinance No. 0175-23 -MOU, MEDA Org.  RIISA project (2).txt",6f2e7e7866cd4b458e3c12a9e49ed278b358a5bfc26256011f4b9e54924d3458,2023,user_verified_folder
2016/Ordinance No. 024-16.txt,24-16,2016,f88bec6c438a310af1c1586dd3c59aba04e3f5ba43cc34515a5bce17dc9f8855,included,,2016/Ordinance No. 024-16.txt,6f46d3a48ee44fd1c63cb7465e46ea949ce4303bf109d00677b4bedea2cbcbec,2016,user_verified_folder
2021/Ordinance No. 000706-21.txt,706-21,2021,1cf41fa38dd93ce5a1d849b75db8b12a5f234153d710041055ca46735cde408d,included,,2021/Ordinance No. 000706-21.txt,6f5fb7fad4a309205ce72aea4ab436e084eaf303be32d0d8e4300b13a46f7c06,2021,user_verified_folder
2016/Ordinance No. 0505-16.txt,505-16,2016,0b93035a3adf2795aacae4d1dfdd9d063dbd7d044417bff1abeb49987356dd4d,included,,2016/Ordinance No. 0505-16.txt,6f8c819b6c94198726f676adf16d041c091fff476b6cabdc0a9f46b77e416ef5,2016,user_verified_folder
"2024/Ordinance No. 0419-24 -QRF, Tarragona (1).txt",419-24,2024,fc90bbbfccb03e46f13653874c13ec16abbe235c4c321ed86189bc17f84293d8,included,,"2024/Ordinance No. 0419-24 -QRF, Tarragona (1).txt",6fc1a4e38370008883e7375cf74d9596fe6d9dec4d5a9d10d957b56516bf31ad,2024,user_verified_folder
2018/Ordinance No. 0385-18.txt,385-18,2018,a7bdbb60c6057358dfeb801f34d3fbe3399dc59a785f9d6b6f4e9db64a0098f2,included,,2018/Ordinance No. 0385-18.txt,70102449f87366ba5d1341337a56ed94b99ab3e2ff72077a07c1584d6ad2e3d2,2018,user_verified_folder
2016/Ordinance No. 021-16.txt,21-16,2016,6a9a948600d67128118fcb2b1ed763ec9133c7909b9b880cf5e1c27b53597a9a,included,,2016/Ordinance No. 021-16.txt,70578a478883106d379789cbeb7b03d0badaf46614bab19e4f7da404f1c9365f,2016,user_verified_folder
2021/Ordinance No. 0605-21.txt,605-21,2021,e7093c8285550358493b50a317bb75edca0d8f4256dac6a141c3cd6c55425584,included,,2021/Ordinance No. 0605-21.txt,706ecd80a0d056370bcabbb5854aec2ca79eec17cf6fff30092c6c0b530b5557,2021,user_verified_folder
2016/Ordinance No. 0519-16.txt,519-16,2016,f4ab93ae6272c02788642f8c658bdd43814985951075454c94cff02a5814a0e3,included,,2016/Ordinance No. 0519-16.txt,707806bf65fdea7e47329ea8283ffbace96c7ac1f95bdc11d4cff1a16d25ef70,2016,user_verified_folder
2018/Ordinance No. 0453-18.txt,453-18,2018,b059a44c21ce4b87c5656fa20f6044fa5f5c8d2e39b30e5306043271ee12880e,included,,2018/Ordinance No. 0453-18.txt,709525d8f33f3915f964131e8f2fa111d62194fb35e8cf006885534f6d7d9d7e,2018,user_verified_folder
2022/Ordinance No. 000959-22.txt,959-22,2022,9afc51ce86b0bc5e242ddc2b03494e5ebce12a4096dc486d6cd1200f695ac9f0,included,,2022/Ordinance No. 000959-22.txt,70b45033b92280282c9794fd6d200695b072c13be1431f6b2e4b86852918ab9d,2022,user_verified_folder
2024/Ordinance No. 0545-24 CoL LBP SP Bldg. ATM (1).txt,545-24,2024,c4f39384de741d54b57966e585b0fc21c57671ea2a45f5d23012f2ac8e0a9d78,included,,2024/Ordinance No. 0545-24 CoL LBP SP Bldg. ATM (1).txt,711b85c81ef5917d2a771b4ccf81ef18efb67f663f20c91c789b91eef10e0511,2024,user_verified_folder
2021/Ordinance No. 0784-21.txt,784-21,2021,0ede1e71de7d8ff156efc0c58897f22dffd5a6bf0b9afcc412d4b4f1de259e17,excluded,outside 2016-2025 after human date correction,2021/Ordinance No. 0784-21.txt,713cb1051fc75779da7acff135fded4c241d117f1407f30e8566ecd960203dbc,1991,human_year_override
2017/Ordinance No. 0259-17.txt,259-17,2017,e7687767bdab1c054fb99824d005ecae348fd1880cf8bd3d0fb290ec5a457038,included,,2017/Ordinance No. 0259-17.txt,7148c40bd7c94b6f2db5647002852f0f70aad7721e3eef932441e624b50ab429,2017,user_verified_folder
2020/Ordinance No. 0246-20.txt,246-20,2020,0a7c0e9a95d44655e946fe1c24a7729ebdc999ea4da8b6153369e1b42fa742f8,included,,2020/Ordinance No. 0246-20.txt,7152d0be3b24dfa99e8e952725dc8f525d34bd4737d5f3f43a68cf8924c8da6e,2020,user_verified_folder
2018/Ordinance No. 0538-18.txt,538-18,2018,7ad1b56efb609bd0f339d635b8185c3245325d6f44ced77dfa2285a39a486808,included,,2018/Ordinance No. 0538-18.txt,7165d805066a7b9c5c54b4acd2219a143aed77726b17eacb24c331272ddc6b17,2018,user_verified_folder
2018/Ordinance No. 0442-18.txt,442-18,2018,c8f1c167bb31daed1df3cca0fd7309099733165231db0fbba7f5dbd34171f535,included,,2018/Ordinance No. 0442-18.txt,717f158c2ac21c6079b854f97b233e64ca82bc87503da8dc102df7138a658762,2018,user_verified_folder
2016/Ordinance No. 058-16.txt,58-16,2016,356f963edead8f79dc54d8a1ad9776ed32d296ac49fdd1a4d57192b45a42552f,included,,2016/Ordinance No. 058-16.txt,71977c01604f978371ad077fd67cdcd88c15e4af173c635c772785d9914a99bf,2016,user_verified_folder
2023/Ordinance No. 0257-23 Renewal Contract of Lease Davao Development Corp. (2).txt,257-23,2023,7624352919839ed036f2b46a36ca8a952d354963594be9f5e4aadb859e877933,included,,2023/Ordinance No. 0257-23 Renewal Contract of Lease Davao Development Corp. (2).txt,71c49ef1f37a273d294f339fcd9fb9e6d39038a5950e6988f47abbf2fd337987,2023,user_verified_folder
2021/Ordinance No. 0510-21.txt,510-21,2021,9734085c4e20e723349b709572dbeda72084152a7d4ec2867a187e067081b66b,included,,2021/Ordinance No. 0510-21.txt,71c78c3f095dc393b6ca79f89bde4aee0b53c143d85c790b07887d69b9ef4d50,2021,user_verified_folder
2019/Ordinance No. 0712-19 (1).txt,712-19,2019,28e1d8052e8654e87fe2df444e35ec897f093b6b0ad8aea300d478373cbde3b8,included,,2019/Ordinance No. 0712-19 (1).txt,71d69f87085bdc6e9eb887ba511cb14f0db0759b610864d0b6069bdbb9f4e56c,2019,user_verified_folder
2018/Ordinance No. 0616-18.txt,616-18,2018,9a69381458f69662f0fd4b88784665dfe4c285e4ec3af82d733cbf699a60ef2e,included,,2018/Ordinance No. 0616-18.txt,71e7f31374cd9cd78d49b012a117d018ca6c80aedce4d0bc95e3f570aad2f7da,2018,user_verified_folder
2018/Ordinance No. 0601-18.txt,601-18,2018,dad26f1cb2beab80796dd4eabbc6e5b97003196d850f76d673e5e0d6f6769f36,included,,2018/Ordinance No. 0601-18.txt,71f30307c18494b058b1f3b249f0fb9adf0ce0f9e929c9a74f393efa8e207566,2018,user_verified_folder
2021/Ordinance No. 0636-21.txt,636-21,2021,30ffb5e26ffa94ab49cdecd695851ca249616d890e987770e5ed0974cab06474,included,,2021/Ordinance No. 0636-21.txt,71fb07dbb875ce912c0876ef28dbf7fbec2d3cc9f31a58018233f920beda02e1,2021,user_verified_folder
2020/Ordinance No. 0255-20.txt,255-20,2020,188c408ec5b0e71ad2bc4cc27d2132bf60791e64f35571b12cc791e51b985c71,included,,2020/Ordinance No. 0255-20.txt,7200bed1ee181e9db3d78dd89466c1b634550e82e7a3067b7f88640a792256b4,2020,user_verified_folder
2018/Ordinance No. 0530-18.txt,530-18,2018,2ac974d75da2779f0f8734b48269905bdc1fac2fc1a35a0df82d6d04f6e59091,included,,2018/Ordinance No. 0530-18.txt,7215c16dcbec37f2cf3d696064c619814d94de82e2a5c92d826a893e27ddcde4,2018,user_verified_folder
2017/Ordinance No. 0173-17.txt,173-17,2017,116c52848b535f82fe93c4578ceeeded37dabf5a732b656e6f04d1f64e9dfc9f,included,,2017/Ordinance No. 0173-17.txt,722368a4dcf2b7ef5929fc5316f90b11366a779c08f5937960f3ffa221a4a457,2017,user_verified_folder
2024/Ordinance No. 0501-24 DOU Brgy. Council of Brgy. 25-C (1).txt,501-24,2024,0438129ac54fec3719550f6108cbe6ba48e157cecdec3d7d6e20af4555bf4839,included,,2024/Ordinance No. 0501-24 DOU Brgy. Council of Brgy. 25-C (1).txt,725ab92fec1fe39a62b25a7fa2711b7d0f138ab0b5b9db554f59028110629e7b,2024,user_verified_folder
2020/Ordinance No. 0292-20.txt,292-20,2020,5c1e4b2f9d9af256f386ae67ebd06a9da1d03897e06029679c4dddad8df3c614,included,,2020/Ordinance No. 0292-20.txt,726cb69f8f3c859ddbe6fb3531f5447a7d2abc651131f613d28bc5f8fc9ae913,2020,user_verified_folder
2022/Ordinance No. 057-22.txt,57-22,2022,5a732655d321f078765c67398b0137df93c1c4e8617ae86d2fbbfe2202b207eb,included,,2022/Ordinance No. 057-22.txt,72795c07b82120ef84acfe164900738450f0bd304eaa4b6ef9124ff49a40974d,2022,user_verified_folder
2022/Ordinance No. 0130-22.txt,130-22,2022,d7da9170ce3f85a642a34bff76e2562e159df399be4c64719d62ffcb35862492,included,,2022/Ordinance No. 0130-22.txt,72a89e232a639497a0b8a61ce9dd6c824f4f3421e708ee1433aecfa5b80142f9,2022,user_verified_folder
"2024/Ordinance No. 0596-24 QRF San Andres, Romblon (1).txt",596-24,2024,76749e0ee167d60c697d88780de1966ef8ed6451b5ff5eadb279b97a8bac9168,included,,"2024/Ordinance No. 0596-24 QRF San Andres, Romblon (1).txt",72c56d00879ed43c682355e79d20041cbfa6abbb50983ce92bc6e6866edc66bb,2024,user_verified_folder
2021/Ordinance No. 0581-21.txt,581-21,2021,0b6221f33f88ee7f7779dbb8c88b4fb6757bdf6671ef6550a106b1d920d1d930,included,,2021/Ordinance No. 0581-21.txt,72f2709565f2176c57f73203a24024cd877932ae8a510e69212c3425a2eeeb31,2021,user_verified_folder
"2024/Ordinance No. 0450-24 -Deed of Donation, WASP (1).txt",450-24,2024,cc57dea42ca72b58b8213ba33791d1e0bef046abf11ab0b0b2209a66b64757c9,included,,"2024/Ordinance No. 0450-24 -Deed of Donation, WASP (1).txt",72fb5c779427e2c14db9abb2b70031b5b7030f5e523b262170db77893d2aae11,2024,user_verified_folder
2022/Ordinance No. 096-22 Multi-Stakeholder Agreement SHFC.txt,96-22,2022,725e6b6f6e5bb975e2cde1bdd5485f636893c054969129e58a8ca17bbadc5c81,included,,2022/Ordinance No. 096-22 Multi-Stakeholder Agreement SHFC.txt,7300481f797c7962fa42ebe03b2ac8b34d893fbc993f0292d5aff737defea0a8,2022,user_verified_folder
2019/Ordinance No. 0106-19 (1).txt,106-19,2019,00691c2c9c64dbe6e2eb5ab35889850d0ea1a5993adccff58c71a88fe1545f93,included,,2019/Ordinance No. 0106-19 (1).txt,732d495f565dd49a9f94af306ce3e5a636679886d6ab841b0788f7fc162aecc5,2019,user_verified_folder
"2024/Ordinance No. 0434-24, Deed of Donation, Bagobo Klata (1).txt",434-24,2024,8881b3b09ed26f88408e8f6cbadfcfdb2a28bdf30022fa757478e1ff7a3fcae9,included,,"2024/Ordinance No. 0434-24, Deed of Donation, Bagobo Klata (1).txt",7336922190314317bf6c79169a92d7092677c24cf3ae079d46c1e07d416d3dcd,2024,user_verified_folder
2021/Ordinance No. 000792-21.txt,792-21,2021,b7ddf6f327a60d92af252e3d948069d70a0cf887ec6195db61c7ff058e71260d,included,,2021/Ordinance No. 000792-21.txt,733d9cb2cef97faac785e79edf745f34492885ffc05f4582d55bb2c7ed3cdb72,2021,user_verified_folder
2018/Ordinance No. 0639-18.txt,639-18,2018,100efa2ac8caf9171769af4b9be18eb0e6f4c071fd2fb7768f0855dd114de164,included,,2018/Ordinance No. 0639-18.txt,73492267ae42daa4535b38b440fb531ca998ea3964a431afeff0a16008c28899,2018,user_verified_folder
2021/Ordinance No. 000783-21.txt,783-21,2021,94fc2a0e3a0d1850b54a2fc14d6f082977919c65716dd39e0cc208046b7c7ba5,included,,2021/Ordinance No. 000783-21.txt,7366097c594b2d82841527d36b7755f956913a7dcb26674892ef187d61957b2e,2021,user_verified_folder
2017/Ordinance No. 0241-17.txt,241-17,2017,40574cc7cd3e587e75c9630e0da86b4d7317e13fc411923cb7f7f6fa973b3827,included,,2017/Ordinance No. 0241-17.txt,736bd09490bb126e48bd6fe17e94c6fcdc3f3fcc430f95d4bda227ef07ff1b2e,2017,user_verified_folder
2021/Ordinance No. 000711-21.txt,711-21,2021,a13bb85b51ec12fc6a194ef5060fc1ad8b97674d12815963b74ff7d9d52705ad,included,,2021/Ordinance No. 000711-21.txt,73823aacc92c0f99137473885ff87e18e696fc291c3a0fbb6e6a518432770100,2021,user_verified_folder
2022/Ordinance No. 000868-22.txt,868-22,2022,f4fc986de4160c9cb590a83b957a1b15d649c523247cc9c1466200c0e56ea0b9,included,,2022/Ordinance No. 000868-22.txt,73acf8b9a5f56416069870bc140cb8eb3d60ae7ce178c50f8a5173425cf0a7ee,2022,user_verified_folder
2017/Ordinance No. 0373-17.txt,373-17,2017,125e1317dab33cc139f5ddd6f6c2c95e00b8ea2105df3db38e2158ae08b62e56,included,,2017/Ordinance No. 0373-17.txt,73b3c108ba74841aec56703e6c8d16c7006edb83ab1d546f50aea86a5b28c2bf,2017,user_verified_folder
2022/Ordinance No. 000874-22.txt,874-22,2022,e5a51b03d73161fb536206b5fa86de16687155d482cc7d860306dc1ac265cbb8,included,,2022/Ordinance No. 000874-22.txt,73d9b62537a4ded9fcd5fb66effa969d0a946c2e9e4ee5a42eb63b32cb3c6f73,2022,user_verified_folder
2020/Ordinance No. 0228-20.txt,228-20,2020,a999b945d77fabd4616b86e3e778dab1011f5d484b86ed396455525457b341ac,included,,2020/Ordinance No. 0228-20.txt,73e6e92aa2be7095ff2f50f8af80cb166f4146b4de50dfb668807eda7f8c32f8,2020,user_verified_folder
2017/Ordinance No. 0292-17.txt,292-17,2017,aa88a085c0605617f5b89eeab6b9125d5fe78f915e215e61652410447f8509c1,included,,2017/Ordinance No. 0292-17.txt,74050f00653715cbcfcbc75403e95f9364c0ca2f9e88790d6c61dddc981a4d68,2017,user_verified_folder
2023/Ordinance No. 0233-23 Renewal MOA Assumption College (2).txt,233-23,2023,3acc752d2176bec06076ba6fb1f8c333ed81280ce2e95c738102956bed13569b,included,,2023/Ordinance No. 0233-23 Renewal MOA Assumption College (2).txt,740542a5a232995d85855bb59eae4d315a03a28153829da6c6a3b64688a9c05c,2023,user_verified_folder
2023/Ordinance No. 0308-23 DCYDD-LYDO (2).txt,308-23,2023,6ac2fa4a59dc82e28a3d6ceb6aae71f60cf778d14910bdd106548d2168b62f45,included,,2023/Ordinance No. 0308-23 DCYDD-LYDO (2).txt,7418cd7433050270a3cdfab9ed43c7bae697214fc6f0e69caa59ec0624627145,2023,user_verified_folder
2017/Ordinance No. 0193-17.txt,193-17,2017,467e7a07072c3a1279e891256f5061bbd552504e0eb6f0995b61f1d93afea3a1,included,,2017/Ordinance No. 0193-17.txt,7427a1fcc1ac4c88217dad4e7f28b02b8aedfa6dd71a17eb8c158bec5526d3d0,2017,user_verified_folder
2022/Ordinance No. 074-22.txt,74-22,2022,9efe35ae2a27654e2172d538f6f78c2917f5e1dc5023f0e5b1b521aa38d7d1f3,included,,2022/Ordinance No. 074-22.txt,745f47ad48aec61662d037cec434af723859a6ea808835b8abe8f3468ded254a,2022,user_verified_folder
2018/Ordinance No. 0668-18.txt,668-18,2018,1877f64af7702346e5decc05c22c3ebe9315d5fceca16124dc1659ea4e236e4c,duplicate_copy,,2019/Ordinance No. 0668-18.txt,74a098e16831f0795c5913f58bd599a08bf1bd65699451580f11438e056c508e,2019,human_year_override
2019/Ordinance No. 0668-18.txt,668-18,2019,1877f64af7702346e5decc05c22c3ebe9315d5fceca16124dc1659ea4e236e4c,included,,2019/Ordinance No. 0668-18.txt,74a098e16831f0795c5913f58bd599a08bf1bd65699451580f11438e056c508e,2019,human_year_override
2016/Ordinance No. 0484-16.txt,484-16,2016,6c3f6732e2d6cb7a411c052381f81a8cb2abffea10d446cc7f6b17f61718ff47,included,,2016/Ordinance No. 0484-16.txt,74a69042501977bb9251e94a67778f7cdf02b0a70db6bb8957057c9091585225,2016,user_verified_folder
2018/Ordinance No. 0558-18.txt,558-18,2018,a8750d9720680c4908b67e79b227589195bd31abe1f3d76eeb1cb3af9d3ff016,included,,2018/Ordinance No. 0558-18.txt,751a76ff59c4f8efc3764900dbcb9b2379b0db31bf3d49e65eb69039940c8cdb,2018,user_verified_folder
2017/Ordinance No. 0285-17.txt,285-17,2017,6f5075029d5854a5e9ea78cbf2012ec6ff6766ce2189b24ce32245400c1cdb0d,included,,2017/Ordinance No. 0285-17.txt,753b880e6332951bfc141175c6c850a405ec67bbc246ec953fe615ca6b868361,2017,user_verified_folder
2016/Ordinance No. 0124-16.txt,124-16,2016,964c371f52341b12bf056dd4b41805e43d5d808f86df4f824f9741666ec0e80d,included,,2016/Ordinance No. 0124-16.txt,75770bcdb96a07db5131cfc472122404d38ab06fb2b5d782768a5c168d8d3cf3,2016,user_verified_folder
2021/Ordinance No. 0602-21.txt,602-21,2021,32d21d48776b8f9cd4eed43657b55d6228649cdf0c991920f37b1b72c6b69722,included,,2021/Ordinance No. 0602-21.txt,75d9b8c7bc79db363162bf39e90988b266329c80ef8b4b172164886e5ae558df,2021,user_verified_folder
2024/Ordinance No. 0616-24 MOA DSWD SFP Cycle 14 (1).txt,616-24,2024,4c7c96f17b928a3eba39cfb9ffb4a847c355a1ff61dc1a8ffad7f4d35640dd8c,included,,2024/Ordinance No. 0616-24 MOA DSWD SFP Cycle 14 (1).txt,75dc49809f67e1b283ac9ed75db376efe9ce46cf411a8198fd37236530e22fa5,2024,user_verified_folder
2019/Ordinance No. 0755-19 (1).txt,755-19,2019,7c1660a9f3dc0d57f772f5dfcc14af9170e83e88afe82f34ebe3ef37973e2aeb,included,,2019/Ordinance No. 0755-19 (1).txt,762bb26fbd68aaa9a1d2ff10d76dde622e86c80a503dcca3ee450062bf510506,2019,user_verified_folder
2023/Ordinance No. 0259-23 (2).txt,259-23,2023,b42b58bf000beb5e7b80309bbc513dbc04357dce911233e21d66454a04392683,included,,2023/Ordinance No. 0259-23 (2).txt,764c5662159733a01cf69f673791a3c4a137fb826b27cf26ab21940eefcc4efc,2023,user_verified_folder
2023/Ordinance No. 0145-23 -QRF Talisayan (2).txt,145-23,2023,addec9d66aebbd5a3d8a2071714b0b15e157ea2f5d86a21559df88227cfc0d6d,included,,2023/Ordinance No. 0145-23 -QRF Talisayan (2).txt,767920c2f17a36d0b409844553b9323dfc30975f57959b541f1f9d9a53a316a0,2023,user_verified_folder
2023/Ordinance No. 0246-23 Preemptive and Emergency Evacuation (2).txt,246-23,2023,eee5a0963fa398044e1c8644f4394d0bd86e568022455ec561477bb5e0468717,included,,2023/Ordinance No. 0246-23 Preemptive and Emergency Evacuation (2).txt,768cca19f60c88e23747959b400ea20aaeee5b51b221dea53f89e139a4c92668,2023,user_verified_folder
2020/Ordinance No. 0223-20.txt,223-20,2020,88cb2b8bd41455802bf6dbab4b000e5053b3af334ee2b40efb5327ad29eefb31,included,,2020/Ordinance No. 0223-20.txt,76afaddd93541b44ebe6d8c73bb446dede489864c38ff4af1e3f3a811e6a872c,2020,user_verified_folder
2020/Ordinance No. 0297-20.txt,297-20,2020,fac04cb72ca0e211cedebaf5d951f7971620b923e8f1a63207b074097aa175c2,included,,2020/Ordinance No. 0297-20.txt,76bb80853e216a62e8622449ee152590b0478bb0397e856584278c3c1aae831f,2020,user_verified_folder
2023/Ordinance No. 0154-23 -MOA Balay Pasilungan (2).txt,154-23,2023,3442d717b871c585c5859d0d7cf085b9b864b6ae2a9deec5e58a13d988caeead,included,,2023/Ordinance No. 0154-23 -MOA Balay Pasilungan (2).txt,772fc71ee27132add0dafaebb8f7881f4384b3c27ee82ec64765ae25a47f6bb3,2023,user_verified_folder
2023/Ordinance No. 0184-23 Traffic Code (2).txt,184-23,2023,502dddf95cf2f9a7129e3759b4d9b0f3425af0ce680be67860c4f536b41085de,included,,2023/Ordinance No. 0184-23 Traffic Code (2).txt,7748d2427f76297554b88368286d82e6c414d751678a12705ae8d29839870ea4,2023,user_verified_folder
2022/Ordinance No. 000980-22.txt,980-22,2022,14b13b57ca0f5bafe65c4e09fd002f20a6243881935c97ca176ce4d1dbc24c6d,included,,2022/Ordinance No. 000980-22.txt,7773eafe8c4faae9ff79cb12a6a734ad257298f06c7a7a6c8cfdd6c95defbade,2022,user_verified_folder
2022/Ordinance No. 0980-22.txt,980-22,2022,14b13b57ca0f5bafe65c4e09fd002f20a6243881935c97ca176ce4d1dbc24c6d,duplicate_copy,,2022/Ordinance No. 000980-22.txt,7773eafe8c4faae9ff79cb12a6a734ad257298f06c7a7a6c8cfdd6c95defbade,2022,user_verified_folder
2019/Ordinance No. 020-19 (1).txt,20-19,2019,4796c6b4536f6abbec3ee5c6ee1c967f9502da25fb2bc6e60c95ab308d74329a,included,,2019/Ordinance No. 020-19 (1).txt,779601e6a0a85d4ac01b7746334a182b5a59cc7ae9871bd6fb0a17146754a835,2019,user_verified_folder
2019/Ordinance No. 0700-19 (1).txt,700-19,2019,4b3dbe34d62637161bd86fa75101a5166a5ac3d42194db4d486278910dbefbfc,included,,2019/Ordinance No. 0700-19 (1).txt,7798db903dbd855a40c18533569086996778400ca100c6f2984087a16e074ae8,2019,user_verified_folder
2018/Ordinance No. 0646-18.txt,646-18,2018,803ad207434197c3abee669550e8cb22f67e551c2284a952eddc8c8337e132e3,included,,2018/Ordinance No. 0646-18.txt,7799a4adcc1cba4a631e88e157a540521f7662e90cb04412845a32824128fc70,2018,user_verified_folder
2024/Ordinance No. 0564-24 DOD 8990 Housing Deca Executive Tacunan (1).txt,564-24,2024,b1e9638253d2946e5e68f9a3d03d9eaa648467bb669d64ff687b427096ea0e3a,included,,2024/Ordinance No. 0564-24 DOD 8990 Housing Deca Executive Tacunan (1).txt,77e3b21e288b4e90941ed7036c3ce5afd35b7c2b2b8835bea7646611fe601e8f,2024,user_verified_folder
2021/Ordinance No. 0533-21.txt,533-21,2021,0dce39b6d4c16c6823ff947516a5bbe7643b1f20c5ad630ab519da1251b6cec7,included,,2021/Ordinance No. 0533-21.txt,780f0944d6511bebe050c66ebf95d1fc525dee9990786e3965093b1906db9928,2021,user_verified_folder
2025/Ordinance No. 0736-25.txt,736-25,2025,b20edbdf6a70f4c71c4cb510df50584adb96e99017157b25b12920c2b90a2659,included,,2025/Ordinance No. 0736-25.txt,78205c6cb87f4553a730fc2541e4d903e856e547c94271a1b5b14526c08b5dcc,2025,user_verified_folder
2017/Ordinance No. 0268-17.txt,268-17,2017,f4f72ec1ab1a309ae204b96516877df4aa825f353c41a5590c5547aaceff066f,included,,2017/Ordinance No. 0268-17.txt,7829104e67b57e3185d6b6b0e89573eb7d3ec80501808d7c730846db19d1a2b3,2017,user_verified_folder
2018/Ordinance No. 0516-18.txt,516-18,2018,4a8f51eafdad6a01c2dfcaa10b713a3993b59764286abb0f38cbf01043d5e641,included,,2018/Ordinance No. 0516-18.txt,7829b994f36d36caaaa911861978f92e8b9c34c032ca249fc97f3fac56fc02f8,2018,user_verified_folder
2019/Ordinance No. 0163-19 (1).txt,163-19,2019,3348afccba3c1f412b144d66521c533ac8f0162b85d5dc4f2fea159471a3221f,included,,2019/Ordinance No. 0163-19 (1).txt,7841210796febeff0eb5a554d84dd3e1a7beecb4744987b2e5fcbe622f5e3e04,2019,user_verified_folder
"2024/Ordinance No. 0530-24 MOA, AdDU (1).txt",530-24,2024,19a0d074675013cc4984c887ba3219457158265cc6af6394aa4df4e3ed48e697,included,,"2024/Ordinance No. 0530-24 MOA, AdDU (1).txt",7850c64b155cb625d17cad23a1e3f60d4acd4609e603b0cc0725441e148034aa,2024,user_verified_folder
2016/Ordinance No. 078-16.txt,78-16,2016,7dee2d97873a5c9b641ff680c7317e9ee626a0a77fd67e50ef00ae9c4603a4c5,included,,2016/Ordinance No. 078-16.txt,787c7af347d7c7c9e22d8851f7279dbb3987dc6ee46bd2b6de7db45b0acdc92c,2016,user_verified_folder
2021/Ordinance No. 0517-21.txt,517-21,2021,050bf2d31474dff00010fa5a9c52a1a683737e2f9a3b71ab7894bb56742cf261,included,,2021/Ordinance No. 0517-21.txt,7893a9113ef83b213d453f8b33760194acb6b13fe3b4f8b81d62ce4d16621b44,2021,user_verified_folder
2021/Ordinance No. 0527-21.txt,527-21,2021,d8b6601e6257077e692dc1b3cd288edc57dee991cf3a26e048e5e9d2fdcfb04f,included,,2021/Ordinance No. 0527-21.txt,789519cc316952413adf2dfb908f89f5a9fadcc7a9c7391f3a2b930d74e02eb7,2021,user_verified_folder
2018/Ordinance No. 0525-18.txt,525-18,2018,dc571502b1494d2ac3a56583908d45f7f747fa90dd64576299197b58efaae26d,included,,2018/Ordinance No. 0525-18.txt,789871b54a3f3eaef0ce617ea1c9cbd8e84a27e70d733cf5a98f16f44a42a6fa,2018,user_verified_folder
2016/Ordinance No. 0491-16.txt,491-16,2016,e0be04f3fab55176d85f524c04e1cc4da15ed8b98154e5a682890bee50fc3be8,included,,2016/Ordinance No. 0491-16.txt,78aea2b1a3067e942216345338be408bacf234c1e876a7b952db3961bd121e90,2016,user_verified_folder
2020/Ordinance No. 0323-20.txt,323-20,2020,52b8f296d444c0fbd4a2b293e45448c33ba3c3306a8e4e97911340a983c1f7a9,included,,2020/Ordinance No. 0323-20.txt,78c74def255003b16dd8f5bbed8e136e9bc53c5cd50c4cce59336be7489df7c0,2020,user_verified_folder
2021/Ordinance No. 000842-21.txt,842-21,2021,82e134fdc208d7a5b2f807e67cfb8720779404655862a95cc8116309c21a68a2,included,,2021/Ordinance No. 000842-21.txt,78e40ed91b580d6a160618b8c28389b5ca8a725d124db3c3f53c4b05fdff76ab,2021,user_verified_folder
2023/Ordinance No. 0309-23 (2).txt,309-23,2023,319ad706351aef6b87545c6fed6f35bb7f15fa79e654e5f7ee72515bb846a8ff,included,,2023/Ordinance No. 0309-23 (2).txt,78e7bfc9b3a105414d8656b3b23e607a95de3b3a702fc5b4d14e0e646cb52e06,2023,user_verified_folder
2017/Ordinance No. 0322-17.txt,322-17,2017,22425e33508ceede8c610178511f91370878fa946df914d295de0cd9c1fc1b1f,included,,2017/Ordinance No. 0322-17.txt,78eb9e421aaed29627b1121c1f86a9176d03718a3c217743837f20c74891c2db,2017,user_verified_folder
2017/Ordinance No. 0371-17.txt,371-17,2017,d18c41c55b609c0a4a6ad23aadbc4bfcd9ab754c0631eaeecbb19215344020d1,duplicate_copy,,2018/Ordinance No. 0371-17.txt,78ef2d73be4cc5a73ec883d85ed70a75c49699988abbd3af21259cfd1b381c83,2018,human_year_override
2018/Ordinance No. 0371-17.txt,371-17,2018,d18c41c55b609c0a4a6ad23aadbc4bfcd9ab754c0631eaeecbb19215344020d1,included,,2018/Ordinance No. 0371-17.txt,78ef2d73be4cc5a73ec883d85ed70a75c49699988abbd3af21259cfd1b381c83,2018,human_year_override
2023/Ordinance No. 0258-23 Data Privacy Ordinance (2).txt,258-23,2023,0e63a94af621fb5861bfc89c18b32e22a146bb2d5c4ec2787dbe76b900021390,included,,2023/Ordinance No. 0258-23 Data Privacy Ordinance (2).txt,791b96abbad35d406bebbfe931f726c632c04d1580048c1713fad5843321b4f0,2023,user_verified_folder
2019/Ordinance No. 0703-19 (1).txt,703-19,2019,cab753e752ee4df462805425ef6f4656d1c6e5b77d0e468e7187f49b71f31a2f,included,,2019/Ordinance No. 0703-19 (1).txt,79251d0236dad0d2f88c1a09891f43490d8fd88e9e97c5dc5bd8fba6a0f5985b,2019,user_verified_folder
2020/Ordinance No. 0290-20.txt,290-20,2020,d78cbc678a2b698bde94b0755fa088c65b17a6baa853618b8251a38d4f84b862,included,,2020/Ordinance No. 0290-20.txt,79301e0a914c8374ec1d465b74b5175b6b7079d25e25f8cc9b4fd308c097f7b6,2020,user_verified_folder
2022/Ordinance No. 047-22.txt,47-22,2022,70474e33d0fbe6a626858a2315550be2f930f6893d1fcbadb5717955deaf267f,included,,2022/Ordinance No. 047-22.txt,7936a11c3c940474a3ec7cc273c9871cf8e167b0fb69f6db9de2c324070b886a,2022,user_verified_folder
2020/Ordinance No. 0331-20.txt,331-20,2020,1d687f188dff8454e09bd15371e523eb98f516de504c9e6167137e0a345692bc,included,,2020/Ordinance No. 0331-20.txt,7971f31f08a26fc4d2e30f2d0f0aa0e662e3a1d1032abb2b792942c376d50f86,2020,user_verified_folder
2022/Ordinance No. 0104-22.txt,104-22,2022,d9c17d919cc043204bf3d82cd692e40d2e614eda1efb7c6c9e16a790ce437050,included,,2022/Ordinance No. 0104-22.txt,7986d376460d0bf560b80a2f318ea4577515d543c811d1d3b44db08808782aa2,2022,user_verified_folder
2019/Ordinance No. 0757-19 (1).txt,757-19,2019,fbfd41b7332c604d889972fd8ccdfba4e10408073644007bbd9262a0f5867e58,included,,2019/Ordinance No. 0757-19 (1).txt,79bbd7bd2bab19099e13300f19e997eac83382e73a56f57cdc45a5e26208e819,2019,user_verified_folder
2020/Ordinance No. 0183-20.txt,183-20,2020,bcc224efc29019af2d09c27e0e078b9eb67396dcded72a0b26b5d40dcc6ffae5,included,,2020/Ordinance No. 0183-20.txt,79cbba33a7300afd5f7fd554a780107aff02b56553bef84f06b758b50654aa8f,2020,user_verified_folder
2018/Ordinance No. 0519-18.txt,519-18,2018,a69545ae8b552ce49c3d5cdc983f953f51dc31cbd876a27a070efe1bda5dbec9,included,,2018/Ordinance No. 0519-18.txt,79ddd81a236ec5631019f4df8d77575fa4c0d42bbd1bc968bf0e23fa9dba8230,2018,user_verified_folder
2025/Ordinance No. 0766-25.txt,766-25,2025,d11dbdafe3f6ca95ba6a0480e16ea7bfe1d74851db6081e5005e668e945ac32b,included,,2025/Ordinance No. 0766-25.txt,79e79a11907c674d0013a3e6e5c9c1082ea1a166891c038b78f2c3b0bc3d7c64,2025,user_verified_folder
2023/Ordinance No. 0380-23 (2).txt,380-23,2023,29af4fac25b16a864a4c4f3f8c56ff5b29ab43d44ab223c32d1c48bdd2c8f33e,included,,2023/Ordinance No. 0380-23 (2).txt,7a0fb326d091c5e1c65498038b853d9476d439c86ef77f7d79c33621455e9aa6,2023,user_verified_folder
2022/Ordinance No. 01004-22.txt,1004-22,2022,c4c6d66a262fe6db0d0ef9514174c6c9ff775ae8821d713ffadee20095d4e3ea,included,,2022/Ordinance No. 01004-22.txt,7a20dbe07342c7fa090b18fd791f06f86bb101bed0ded59c016e58e64d08c057,2022,user_verified_folder
2018/Ordinance No. 0417-18.txt,417-18,2018,1fb1b1a5eaa8cd4226ab608e0fb53757d263219b993acbd1365498bc374b0a02,included,,2018/Ordinance No. 0417-18.txt,7a2745ead6505382d67f9726aa8883807de1c648eb5fd256219c78caf4922ab5,2018,user_verified_folder
2023/Ordinance No. 0215-23 (2).txt,215-23,2023,01cb2168871bb5f88c20c747e9457dc24d039ebbcff209e1b081103941c314ec,included,,2023/Ordinance No. 0215-23 (2).txt,7a344b7a222d93927d5d235b0fac42709c152eb80cb28e0db659d181776a8db6,2023,user_verified_folder
2018/Ordinance No. 0633-18.txt,633-18,2018,730d2c10d66a998d92c5cb7de25a5c727dab1b2bc9220dbd21cc9c14b8f6070f,included,,2018/Ordinance No. 0633-18.txt,7a364b9b19446419df8b758edb7f5b58dc0facaad5903e87c2b8bc7b38ab8d38,2018,user_verified_folder
2018/Ordinance No. 0547-18.txt,547-18,2018,14cab1407f65abeefdba6240e068dd2537aa0ad2338270973a9bef070aa27dca,included,,2018/Ordinance No. 0547-18.txt,7a43dc2034a789c5eca4e97b90c53183b250013fa26788b1b30d2b979d48e4e0,2018,user_verified_folder
2022/Ordinance No. 040-22.txt,40-22,2022,143433b0f432e2bc20350c9817c32285b8159f17279cbba97f75a519dd4793a6,included,,2022/Ordinance No. 040-22.txt,7a7f634ff404c608eb9ed84670e089f42488ffa306820e820d40b459b4b9b704,2022,user_verified_folder
"2024/Ordinance No. 0680-24 QRF Calaca City, Batangas (1).txt",680-24,2024,515cd2333a92c13fe44a8d959a3c72a020fc8d9a7514741d51b4bb294f03a2cd,included,,"2024/Ordinance No. 0680-24 QRF Calaca City, Batangas (1).txt",7a820b0a16003ee2cda42b64eb4100211f6487908e33982acf98968f6111a5d3,2024,user_verified_folder
"2024/Ordinance No. 0680-24 QRF Calaca City, Batangas - Copy (1).txt",680-24,2024,515cd2333a92c13fe44a8d959a3c72a020fc8d9a7514741d51b4bb294f03a2cd,duplicate_copy,,"2024/Ordinance No. 0680-24 QRF Calaca City, Batangas (1).txt",7a820b0a16003ee2cda42b64eb4100211f6487908e33982acf98968f6111a5d3,2024,user_verified_folder
2019/Ordinance No. 030-19 (1).txt,30-19,2019,0d228ca23fa42cd52214b0ba4d07708048cb10aef6fbb759725b73e399e8e433,included,,2019/Ordinance No. 030-19 (1).txt,7a950dd775d86974dc57dc33aa9342517e47f96407b0d8b540797dbbe4c1da96,2019,user_verified_folder
"2024/Ordinance No. 0673-24 QRF Sariaya, Quezon (1).txt",673-24,2024,d3a269578cf27a3d2a4b9d182f7d998febba2a7aa6ced9d90c9b0ac4e483ab82,included,,"2024/Ordinance No. 0673-24 QRF Sariaya, Quezon (1).txt",7ad979157ed1d2002d297446b70445198baf3accb5d224cd0b613548b5e7d8d1,2024,user_verified_folder
2022/Ordinance No. 0877-22.txt,877-22,2022,20cb4c2e6dbc51ddb803211b3f6149a81b36b7844974d9dfa6e633e83dfb9193,included,,2022/Ordinance No. 0877-22.txt,7ae7cf9d39da739762c71d031b3f9f81d99ce3e62fbaecafce80332c63992b3c,2022,user_verified_folder
2025/Ordinance No. 0760-25.txt,760-25,2025,2034973c54fc6fcff953f4854a83726f5471c8fb6f38985588c3233121235e48,included,,2025/Ordinance No. 0760-25.txt,7b0e34ac44cdcc9f1326f637f8518c43b4d3ecce272adb3ff3fedc0eb07cc5d5,2025,user_verified_folder
2017/Ordinance No. 0185-17.txt,185-17,2017,777c5e6b22620280b4823f1f684e74192217b7a52b3c6fdff3d929edf68204a7,included,,2017/Ordinance No. 0185-17.txt,7b323d2561831f7720267f8fa6b1fdb07b58711e96498b90f1197bb741b9d909,2017,user_verified_folder
"2024/Ordinance No. 0595-24 QRF Paombong, Bulacan (1).txt",595-24,2024,4b7590e454a24dc2c3a8bf83d89fbccfbc129d09d45bf0c0791e8e3368905d14,included,,"2024/Ordinance No. 0595-24 QRF Paombong, Bulacan (1).txt",7b33ccf8c1fb0ddb642753cc071172822094f044ec8ee44cb77080b0435ce81e,2024,user_verified_folder
2016/Ordinance No. 011-16.txt,11-16,2016,826665503ca2ccee7658a9da35f537f8eec4b2baf7ac9d312584876cd484d703,included,,2016/Ordinance No. 011-16.txt,7b5de268637a5f3427bea55b9075b683a00647fcbbbb4981f921bfada0ce0195,2016,user_verified_folder
2019/Ordinance No. 000843-21.txt,843-21,2019,75718f7fffb2e761aabe5d510d53d8e4b713f7da31e44beec13ebcefced0d8d2,included,,2019/Ordinance No. 000843-21.txt,7b6c5bd22e7df15b56ae744d7786c68238aa8b9e1185217252347bed5a2d2b41,2019,human_year_override
2021/Ordinance No. 000843-21.txt,843-21,2021,75718f7fffb2e761aabe5d510d53d8e4b713f7da31e44beec13ebcefced0d8d2,duplicate_copy,,2019/Ordinance No. 000843-21.txt,7b6c5bd22e7df15b56ae744d7786c68238aa8b9e1185217252347bed5a2d2b41,2019,human_year_override
2020/Ordinance No. 0275-20.txt,275-20,2020,880a41d89d52ca1f713f498543702cbc969054efa2a7a8086034f88ea0020359,included,,2020/Ordinance No. 0275-20.txt,7b7aab1466da1bd6d92a7703ab4d283410dde6eceb731e65e5ef498092916a10,2020,user_verified_folder
2018/Ordinance No. 0424-18.txt,424-18,2018,a54683af577886cf1ab01f42253ce4e44902039fdca1bac39a3c9a0a2584f3b6,included,,2018/Ordinance No. 0424-18.txt,7b8e98f521872ec6deffe769810e661e113eacf8d4e617211a5fccd6ffa38ece,2018,user_verified_folder
"2024/Ordinance No. 0407-24 -QRF, Brgys. in Davao City (1).txt",407-24,2024,fde9c1faeb87e6073d2ebfd35dbc057a7be7dd1df28f17493d7cd418b5901a46,included,,"2024/Ordinance No. 0407-24 -QRF, Brgys. in Davao City (1).txt",7ba49df43671beaacbaaf65551789416cc46218ab91fbce2405e448fc4f4953f,2024,user_verified_folder
2024/Ordinance No. 0699-24 Amendment UAV (1).txt,699-24,2024,bd714368ce7589654719dc4b552d06bc18f418f2623adf98f33bd13fb6f2057a,included,,2024/Ordinance No. 0699-24 Amendment UAV (1).txt,7bb8c590880ca3bb02a52b83e68ce58e6d19b11c114dda93cb3d854ef58c6f82,2024,user_verified_folder
2024/Ordinance No. 0599-24 QRF San Juan City (1).txt,599-24,2024,1916380c9db1a967458dd417d61a01a72098017144544502404852b8567bfef6,included,,2024/Ordinance No. 0599-24 QRF San Juan City (1).txt,7bd587bbb11669d36c8600740cdfcea1cb1779612ec6ac566e9515afab54e80e,2024,user_verified_folder
2024/Ordinance No. 0448-24 (1).txt,448-24,2024,edafa9f5a34e2dcd3e63e299909f1e8598582078199c0fca46abba1f5256d20b,included,,2024/Ordinance No. 0448-24 (1).txt,7befa2720cf9ffcd76ae162d5c89593c6fce1b692ee216e72617a92a0236ff14,2024,user_verified_folder
2024/Ordinance No. 0638-24 (1).txt,638-24,2024,14f6f57c05027ace900cc66d6c70489c6aa26a4b8f5fa1aa4446267657f4d9a2,included,,2024/Ordinance No. 0638-24 (1).txt,7bfe01374b3a3007d78cc49fd6e4a169feb7d0f8b93e023453143ab7c7564612,2024,user_verified_folder
2022/Ordinance No. 000898-22.txt,898-22,2022,36316e922ed7cac66794597e3687104c0014c640c78fd1f59be06afbd8fac925,included,,2022/Ordinance No. 000898-22.txt,7c2ebcf04a1911dcd9a5ed0c2d7018348f79b7867d3b2fb69cebc97f553ce53e,2022,user_verified_folder
2022/Ordinance No. 0898-22 (Idle Poles Abandon Wires).txt,898-22,2022,36316e922ed7cac66794597e3687104c0014c640c78fd1f59be06afbd8fac925,duplicate_copy,,2022/Ordinance No. 000898-22.txt,7c2ebcf04a1911dcd9a5ed0c2d7018348f79b7867d3b2fb69cebc97f553ce53e,2022,user_verified_folder
2022/Ordinance No. 013-22.txt,13-22,2022,8d9c9f88f57194d35bc6890c683c01c27a3aba1ef4f0e5b5cf0217ef200d6824,included,,2022/Ordinance No. 013-22.txt,7c3cca3a827045f5be9d8afb7ed8d7496d24d265aa89c98b58f4d784c68170c4,2022,user_verified_folder
2016/Ordinance No. 061-16.txt,61-16,2016,e8931256681269d98ec330a3849a4fd83057a42b393c7564cecbef49512dbcf2,included,,2016/Ordinance No. 061-16.txt,7c4cea5d80ca669cfb89e6c4243c07ecc8005d40aa702427fdccc23c12e96e74,2016,user_verified_folder
2024/Ordinance No. 0547-24 MOA DOH-CHD (1).txt,547-24,2024,032954c58f23a3bee092fe1ec6385a6375205cffcaec96185bdfb04fa4c984ae,included,,2024/Ordinance No. 0547-24 MOA DOH-CHD (1).txt,7c55e446385476fb3142d2d20863d58bf87fe6f0cf763bfd1d750d1350d61b4c,2024,user_verified_folder
2021/Ordinance No. 000778-21.txt,778-21,2021,907b41ee01a7a62542ec64029f8a981a6a56b3e3f9aec5380fc2302e66edbcec,included,,2021/Ordinance No. 000778-21.txt,7c5b0b7eecf3c94b8e5934dd74799fbd709a4b5ac3c238490ca522d0a408543a,2021,user_verified_folder
2018/Ordinance No. 0483-18.txt,483-18,2018,13b509bfaa04d6c7f2bc83a1ec5e3460f74327000a1cf2895b3b59ab29604cda,included,,2018/Ordinance No. 0483-18.txt,7c6b804c50fc24f000d10f92440285bc56bb5f3353c6f8818e77bea7ca7e7bb3,2018,user_verified_folder
2020/Ordinance No. 0333-20.txt,333-20,2020,d57777f6aa2ff10e26ad82a1d5d75d2bb6a24dc1cf1ed1611d405ed00df71a44,included,,2020/Ordinance No. 0333-20.txt,7c8f4634b37f7b898f8245f35b2a9afb71158fa6a3b00d77f838b5ff66c232a2,2020,user_verified_folder
2019/Ordinance No. 0125-19 (1).txt,125-19,2019,99423445a291f3a117fa4bf73559618dd6f024813b3c2e1a9a64193508b9e9d8,duplicate_copy,,2020/Ordinance No. 0125-19 (1).txt,7ca82746547e76629bcd1345070a701f406e2fc0e168511961ec63d13289cdfd,2020,human_year_override
2020/Ordinance No. 0125-19 (1).txt,125-19,2020,99423445a291f3a117fa4bf73559618dd6f024813b3c2e1a9a64193508b9e9d8,included,,2020/Ordinance No. 0125-19 (1).txt,7ca82746547e76629bcd1345070a701f406e2fc0e168511961ec63d13289cdfd,2020,human_year_override
2021/Ordinance No. 0594-21.txt,594-21,2021,a9360981c58799e26bdfabac46c37824401dcf046c70de5950dedd31174f361d,included,,2021/Ordinance No. 0594-21.txt,7cb8ac064ec2129a7b03b0a579646f3fd1fdf1754e63a04d194eefc9faa10d8f,2021,user_verified_folder
2022/Ordinance No. 0134-22.txt,134-22,2022,de57844871ac8baa1bdbdb2d74ae73a3858f18982557eeea97d4b9028ff362eb,included,,2022/Ordinance No. 0134-22.txt,7d069baa1b13abe208658809c4938a47709ecafdc52fb0f3273755674d3fca59,2022,user_verified_folder
2019/Ordinance No. 0107-19 (1).txt,107-19,2019,3eba10458c2b63a2886383881f61e0e1898d38be9f3e096b8803d0b9e50a3f5b,included,,2019/Ordinance No. 0107-19 (1).txt,7d0de21d209b1c32381dfba0feccd4dfca3307451183d3c9e3dded4881dbba9d,2019,user_verified_folder
2017/Ordinance No. 0161-17.txt,161-17,2017,c024a10897984b2450afd0714cc29f0bfd964fc8185332a2218d1947218ffb08,included,,2017/Ordinance No. 0161-17.txt,7d205b1322311e2455401ec2126054a6a03bbcf20dd9cbbe17a7b9d0caed3005,2017,user_verified_folder
2022/Ordinance No. 000926-22.txt,926-22,2022,da3fea723464e6ae3c6d8238364c39af592ebfb981a2b949e4fc3c7c5e1e2b7c,included,,2022/Ordinance No. 000926-22.txt,7d3800fac525cbb66155a60dbf6aa95b21727e046912489af5356ee490a4d937,2022,user_verified_folder
2022/Ordinance No. 0926-22.txt,926-22,2022,da3fea723464e6ae3c6d8238364c39af592ebfb981a2b949e4fc3c7c5e1e2b7c,duplicate_copy,,2022/Ordinance No. 000926-22.txt,7d3800fac525cbb66155a60dbf6aa95b21727e046912489af5356ee490a4d937,2022,user_verified_folder
2021/Ordinance No. 0484-21.txt,484-21,2021,d211a4ec57366432260146dff95e8f0f21ed3689b04a24686dc3bb4f6aecb6b5,included,,2021/Ordinance No. 0484-21.txt,7e36f3ecdf1e4f88652da4e3505d4c980b612121cd2998e16cae9a9086dda7a2,2021,user_verified_folder
2019/Ordinance No. 0160-19 (1).txt,160-19,2019,5193d9c21b2f21b7b67d63dabdbf6451320e846cef3e29fbf0f3f5460e0fade8,included,,2019/Ordinance No. 0160-19 (1).txt,7e692158866844843eaa0f5858442d9ff6661786f2c0b3d8b6c9de1c3b1bc277,2019,user_verified_folder
2018/Ordinance No. 0623-18.txt,623-18,2018,b1a6113f3b4421cf662d0670fecd1200f38a0c5a7173f11892bbd19f8dafbca7,included,,2018/Ordinance No. 0623-18.txt,7e9aa90dd6c71b846c5afa057b7f07c860ade243ab6e82c6b59525584482d2e6,2018,user_verified_folder
2022/Ordinance No. 000900-22.txt,900-22,2022,3130a3fc8b748e0dd3d1d2ebfff2aca03d1090f4d205ac3eb4f512687ce5d45e,included,,2022/Ordinance No. 000900-22.txt,7ea2dea2c0ab6d885ef773d126d27c92db2ea90fc9820f6c734c3214bdf03659,2022,user_verified_folder
2022/Ordinance No. 0900-22.txt,900-22,2022,3130a3fc8b748e0dd3d1d2ebfff2aca03d1090f4d205ac3eb4f512687ce5d45e,duplicate_copy,,2022/Ordinance No. 000900-22.txt,7ea2dea2c0ab6d885ef773d126d27c92db2ea90fc9820f6c734c3214bdf03659,2022,user_verified_folder
2018/Ordinance No. 0386-18.txt,386-18,2018,c766f9556079cf3ba0a14d3f1ce4037376bd63b28702d81906aa26abbecfe7bb,included,,2018/Ordinance No. 0386-18.txt,7eac145adb68eee4a25803528de8226b098b7feac75a031a8150430e9c25465f,2018,user_verified_folder
2024/Ordinance No. 0486-24 Terms of Partnership-DOH (1).txt,486-24,2024,bdab02a7c16e93d0c3fa46dc3fc77b11a8445a7111e01534f6f3db08cc03b53c,included,,2024/Ordinance No. 0486-24 Terms of Partnership-DOH (1).txt,7ed2a04f4add0adc81673208f1f69914ab020e0875b60fe2a45ddcf24677a757,2024,user_verified_folder
2024/Ordinance No. 0701-24 Grant Stella Maris Academy (1).txt,701-24,2024,28702b8edbe9ebcf9b58b0e903df93105d7cb81cd4f8a4b600fdd0957750537b,included,,2024/Ordinance No. 0701-24 Grant Stella Maris Academy (1).txt,7ef2bd12f1692ae5dddb338f1d564eacd3dfbec833102f85f1edbfe877d47c9b,2024,user_verified_folder
2019/Ordinance No. 065-19 (1).txt,65-19,2019,fe7ce9eae311cfd824a9d2e1394757d8d77a05a1ef94252f558407a662c8397d,duplicate_copy,,2020/Ordinance No. 065-19 (1).txt,7f116d5a462936e106a2dc2a75f5b9d8fe31a5c350d2346f56fb4b170207c996,2020,human_year_override
2020/Ordinance No. 065-19 (1).txt,65-19,2020,fe7ce9eae311cfd824a9d2e1394757d8d77a05a1ef94252f558407a662c8397d,included,,2020/Ordinance No. 065-19 (1).txt,7f116d5a462936e106a2dc2a75f5b9d8fe31a5c350d2346f56fb4b170207c996,2020,human_year_override
"2024/Ordinance No. 0438-24 -MOA, PWC (1).txt",438-24,2024,7da296540a5b5fceca152dcc7f2e135a7f206783b99eb05c212f547454de66d8,included,,"2024/Ordinance No. 0438-24 -MOA, PWC (1).txt",7f38345032c7be43156046363caa73840040d0e19a86cbd6f0aa8550e0c8bd75,2024,user_verified_folder
2018/Ordinance No. 0415-18.txt,415-18,2018,187e72bdd5080860de8192a9439ee4219bdee9cac98462f4c60d6a1046d980aa,included,,2018/Ordinance No. 0415-18.txt,7f4539528e10eb5917c4471e57b177de22bb02fec2c98327ae6f6e43ca6e3741,2018,user_verified_folder
2016/Ordinance No. 097-16.txt,97-16,2016,63a73678054ae6b5566b72bf9c4c4acbb1a1992710d9b79bdd4966e5dd1573e1,included,,2016/Ordinance No. 097-16.txt,7f49b7cbf3e1694ef328002ba2191432a632a4e2c7f145400d8466ee0b7a47fc,2016,user_verified_folder
2018/Ordinance No. 0672-18.txt,672-18,2018,73124f6d022ca1d5b1e3cde3bc0a2efdbdc5eda73914b1c701a605954095a528,duplicate_copy,,2019/Ordinance No. 0672-18.txt,7f8ade69c2f9cebf543037709965b414a6805eceea91861060b1a2b8f8234c97,2019,human_year_override
2019/Ordinance No. 0672-18.txt,672-18,2019,73124f6d022ca1d5b1e3cde3bc0a2efdbdc5eda73914b1c701a605954095a528,included,,2019/Ordinance No. 0672-18.txt,7f8ade69c2f9cebf543037709965b414a6805eceea91861060b1a2b8f8234c97,2019,human_year_override
2024/Ordinance No. 0606-24 QRF Mandaluyong City (1).txt,606-24,2024,13bafe2700dfaab6e35d0f3cad68b59d679c67c4df7a3b1d2008826064a0ee67,included,,2024/Ordinance No. 0606-24 QRF Mandaluyong City (1).txt,7f9a382cbf29d786bc6eb17b6d00411993bbc201805acb9241c8ff58973a6b76,2024,user_verified_folder
2024/Ordinance No. 0623-24 Moral Recovery Program (1).txt,623-24,2024,a4d87e96d17707ef668b607bdbfc66ae690cf4185db5df800c46604de1528a56,included,,2024/Ordinance No. 0623-24 Moral Recovery Program (1).txt,7fbc480825a07d23c8a9735e6b023524d6529d290676449c61715b8e19319caa,2024,user_verified_folder
2022/Ordinance No. 000916-22.txt,916-22,2022,cdf1e77255211ab7ac9b8936c3dfc5ee1a4476e74aad399a49bd64ba8388153e,excluded,outside 2016-2025 after human date correction,2022/Ordinance No. 000916-22.txt,7fccfc120aeb05aa2b884054c3a2c1090afcf925c63c50382de7d8c5b727f323,2009,human_year_override
2022/Ordinance No. 0916-22.txt,916-22,2022,cdf1e77255211ab7ac9b8936c3dfc5ee1a4476e74aad399a49bd64ba8388153e,excluded,outside 2016-2025 after human date correction,2022/Ordinance No. 000916-22.txt,7fccfc120aeb05aa2b884054c3a2c1090afcf925c63c50382de7d8c5b727f323,2009,human_year_override
2016/Ordinance No. 0473-16.txt,473-16,2016,c826aaa953e6461c64246e1b60435fb6da0065eb0643a89385d48e38502a843c,included,,2016/Ordinance No. 0473-16.txt,7fef5ac0cde467644521fcb9759d66fa5e581fb71134a944287813547e059ad1,2016,user_verified_folder
2022/Ordinance No. 000991-22.txt,991-22,2022,28160bf51a1c5f2f304131711e5ed2ee4ae7aa8547562b9f159b469a0fad92ae,included,,2022/Ordinance No. 000991-22.txt,7ffe9dcca51e21156aa5ca61200f96c79147d84368daf65e25075d82875e20fc,2022,user_verified_folder
2019/Ordinance No. 0713-19 (1).txt,713-19,2019,c89395a9ea17831da213bc836da839382a03fa432cf8dd9ab0fbe103e1b1e839,included,,2019/Ordinance No. 0713-19 (1).txt,8059c373c4e365190691936ccfce65e29dbba40b9011818883f784c21a558587,2019,user_verified_folder
2022/Ordinance No. 000893-22.txt,893-22,2022,1ce0110d826c05ded33e6f905c1c8d13183039383c776376eb5d27f45477fba4,included,,2022/Ordinance No. 000893-22.txt,8098f0a1d2ce70e3a499371f2f50b67eca2a1eb6362fd5e7cd45718d7de5c3e9,2022,user_verified_folder
2022/Ordinance No. 0893-22 (ALS).txt,893-22,2022,1ce0110d826c05ded33e6f905c1c8d13183039383c776376eb5d27f45477fba4,duplicate_copy,,2022/Ordinance No. 000893-22.txt,8098f0a1d2ce70e3a499371f2f50b67eca2a1eb6362fd5e7cd45718d7de5c3e9,2022,user_verified_folder
2019/Ordinance No. 0127-19 (1).txt,127-19,2019,886ea57ddc602eab178db667f383d459c699dba17b85ed6b7e1c6f500d2fbf2d,included,,2019/Ordinance No. 0127-19 (1).txt,80bca97950b98789c4f30822b8ad11d98cc2c3a1b9847d50de63a6ea9a80aa50,2019,user_verified_folder
2016/Ordinance No. 0496-16.txt,496-16,2016,660e6bca7140ef7d411f8c83b48a42c602b1dc72d37a8eb2e7b5c6c67c07e799,included,,2016/Ordinance No. 0496-16.txt,80f7d002573449f0d4a62334b21c63cdcd18b63df7308e70e34387567cba47f3,2016,user_verified_folder
2023/Ordinance No. 0218-23 (2).txt,218-23,2023,1e9309baed365ee04cf29d2c209e042f223187278dec43bff5075006e3c0d7ea,included,,2023/Ordinance No. 0218-23 (2).txt,80f7f42e83d8f212a26eb79375859e87d9f8427aee237e4046e2d7cf0413467e,2023,user_verified_folder
2019/Ordinance No. 081-19 (1).txt,81-19,2019,d0aae3f343d3b7385be72be4d18c9b31df137e29c7fdbf1a59fab7d2cadecf46,included,,2019/Ordinance No. 081-19 (1).txt,811efac09fbba3337fdb02c2be17b0721f5c5ff3dab333feb934de93af86b522,2019,user_verified_folder
2019/Ordinance No. 0152-19 (1).txt,152-19,2019,2bf494d5f28469cbac2bbed2f9237a352c1c7e170371480e13dd2251b71c9376,included,,2019/Ordinance No. 0152-19 (1).txt,8123f61955412a24097bf7ff2b8989da7200fb3c08b26fd740f1064f5823683c,2019,user_verified_folder
2024/Ordinance No. 0481-24 Service Contracting Agreement Metro Shuttle Corp. (1).txt,481-24,2024,21aabd79c7e4bc39643da0380f2035d5eb2f7632590afbe3431bbab0b05ec11c,included,,2024/Ordinance No. 0481-24 Service Contracting Agreement Metro Shuttle Corp. (1).txt,812e48e3ed44efce208df2dd4f7ca80064512ca9d944d0ce4beeaa031b27d965,2024,user_verified_folder
2018/Ordinance No. 0608-18.txt,608-18,2018,12beb23f71b88970f2fc9e9ef00bf6c1bddbc8f2e60062c85b9d8cce1209742d,included,,2018/Ordinance No. 0608-18.txt,8141d5440d622a4630afefb0617b5cb781b4556e84833cb69649613756d7c7f6,2018,user_verified_folder
2019/Ordinance No. 067-19 (1).txt,67-19,2019,26cc26e2a7e09585600b013ba3165d7bfa7a1a3cd7f789b90f442a105076953c,included,,2019/Ordinance No. 067-19 (1).txt,814879d32b15d38c96de342a48102c23260e799cada0c0f79cf6d37616d9b450,2019,user_verified_folder
2016/Ordinance No. 0482-16.txt,482-16,2016,190c08e11f8b8e131824d319b59629583c80ca9a7bb8eef6f853155a6a854cb3,included,,2016/Ordinance No. 0482-16.txt,814a7fa2e0fff07411fe2dafb9cea414e109c3e9bdb4cb00f345f236bec390a6,2016,user_verified_folder
2022/Ordinance No. 0996-22.txt,996-22,2022,d1458f1fe9ccfdf3936817e739b9a01af0ba10f5c6b491b22273b4496b7a5ace,included,,2022/Ordinance No. 0996-22.txt,8186d6df752e5c1c8751ff7362a00670bd57fdf26fce5812e494bd3dcccc08e6,2022,user_verified_folder
2022/Ordinance No. 066-22.txt,66-22,2022,b1479f139f80b66225cd9dda0e1470a51762e12ce40d2fde4e9416a444bc0bf0,included,,2022/Ordinance No. 066-22.txt,8188071c4825a2c25be95aa8157661869c0d78a06dc63bc92b41ab005055ac8e,2022,user_verified_folder
2018/Ordinance No. 0467-18.txt,467-18,2018,0c358a3a73e1719997be5d25df7db003b5420fb7473635b452d922158d01f54f,included,,2018/Ordinance No. 0467-18.txt,819116ae874e6f440529f2de7044c4f9a6ff7847859182b04a878f58e6f49ff9,2018,user_verified_folder
2022/Ordinance No. 0984-22.txt,984-22,2022,506c4cab12aee66630f2801c65a35d904a04bb7e09eb02bedf88c2ab1a85d9dd,included,,2022/Ordinance No. 0984-22.txt,81a5a5e0ff9fe9d5028fe3e86b1dd434676ba1aa5d7e1a2d22e7b59147bf5168,2022,user_verified_folder
2017/Ordinance No. 0375-17.txt,375-17,2017,399b7dc5ac4899178c7f182659e240d94dc149e50d2a0c17670a9695d9d730e2,duplicate_copy,,2018/Ordinance No. 0375-17.txt,81e9fe63ea97471ca64c922a13e8c84f4f2d486038a8d3f5ea962b4971507e33,2018,human_year_override
2018/Ordinance No. 0375-17.txt,375-17,2018,399b7dc5ac4899178c7f182659e240d94dc149e50d2a0c17670a9695d9d730e2,included,,2018/Ordinance No. 0375-17.txt,81e9fe63ea97471ca64c922a13e8c84f4f2d486038a8d3f5ea962b4971507e33,2018,human_year_override
2023/Ordinance No. 0211-23 (2).txt,211-23,2023,055d4c2d480a361e0165caeeb407b352ca8da49b2d69ef91e5c93f94e4f3aac4,included,,2023/Ordinance No. 0211-23 (2).txt,8202cfbcc8465a88baf1821998ba413d5fb9e7f754b7d5c71633b3b68884fc24,2023,user_verified_folder
2023/Ordinance No. 0149-23 -QRF Polanco (2).txt,149-23,2023,47df30fdc265558cd4d8ff4eebca31f7d4d2c676ff30f8a64baf77fc8114a45f,included,,2023/Ordinance No. 0149-23 -QRF Polanco (2).txt,8217a962ef9fc17d2cd7532ab96a92e1fc0a8dc1d75b02fbcfb523046ff4d4a9,2023,user_verified_folder
2016/Ordinance No. 092-16.txt,92-16,2016,8341fb42a7f7a845c8815ecfd79a5acc8fdc795eebda7d7a5eda65d389738b70,included,,2016/Ordinance No. 092-16.txt,8220020baeff28ab2a82e955a1a6f2c6af34f0a73865e7824f42890ce9308c32,2016,user_verified_folder
2016/Ordinance No. 0520-16.txt,520-16,2016,504191b8a306731803f7977ffa2cae3e0bbddb29c9c6d7c8fd5ede8252e42d8f,included,,2016/Ordinance No. 0520-16.txt,824c45c54b5abb25ddaf32b28009b26a7c001dd8b86a3642885f547c3a42399a,2016,user_verified_folder
2021/Ordinance No. 0662-21.txt,662-21,2021,290f71bcce173b54e61aa84120d0328849fcc240a8ecc31e2d5f86fa38e365d2,included,,2021/Ordinance No. 0662-21.txt,824ee7e4aadc87bd19eb13d1fdf17e4a281986852d5bdf9a51b74956d2d50c3e,2021,user_verified_folder
2019/Ordinance No. 0709-19 (1).txt,709-19,2019,afa5243b15c272677e7367c290662a6413a2260fcc27edb07137128a03acfc70,included,,2019/Ordinance No. 0709-19 (1).txt,8254fe9cf83979e9fcf72f2e88916e354288ead8fcb93b2b3fcd104d6990a01e,2019,user_verified_folder
2018/Ordinance No. 0657-18.txt,657-18,2018,ccd865ec4418dea197d0e4a8b31182afb108cddc6f3eacc68e7cb4093d82fe7b,duplicate_copy,,2019/Ordinance No. 0657-18.txt,827d54615209ad7823dc2ecf13dfee0bb33e1ed25af48e26f15e153642a0f0cf,2019,human_year_override
2019/Ordinance No. 0657-18.txt,657-18,2019,ccd865ec4418dea197d0e4a8b31182afb108cddc6f3eacc68e7cb4093d82fe7b,included,,2019/Ordinance No. 0657-18.txt,827d54615209ad7823dc2ecf13dfee0bb33e1ed25af48e26f15e153642a0f0cf,2019,human_year_override
2021/Ordinance No. 0473-21.txt,473-21,2021,446f4b75e84fe2b56f702c01d1c9de818c3e9b51cdf8fdd282daeba0481367de,included,,2021/Ordinance No. 0473-21.txt,82892a5d7917f0f87bc99bc42089931cc239532ed918e70d28a6e04043338fdf,2021,user_verified_folder
2019/Ordinance No. 0729-19 (1).txt,729-19,2019,8f38db006a755a652f7fef7f5829be8ab858a4614cb1d117997620508557f246,included,,2019/Ordinance No. 0729-19 (1).txt,828a5759140a70c961c2cb8a54d409bb8532e74649a49de0b38c4ece287fd589,2019,user_verified_folder
2020/Ordinance No. 0260-20.txt,260-20,2020,8ae4eb52251393d9e51d93244d1894088b3e4ca09c0f5aaa10c683bd6a4486be,included,,2020/Ordinance No. 0260-20.txt,828d32e50761ae9b6f90dfc61a59daba5be91831a813ec9e56a04e023625fb42,2020,user_verified_folder
2023/Ordinance No. 0204-23 (2).txt,204-23,2023,3836a2fdacb1548bab58802665ab6bdc5cf574c5f3eae3a45a42e140c59cb9d0,included,,2023/Ordinance No. 0204-23 (2).txt,82a849bee30e6b7c321a8d6ca1e488dbc845b0caf6bd5d9a27ad81b2aba0c8dc,2023,user_verified_folder
2016/Ordinance No. 096-16.txt,96-16,2016,957abe58631860ba9e1691b311e7cd2017837cd384a9314f4c6add4d244d2326,included,,2016/Ordinance No. 096-16.txt,82dc2801cd11446817e12af1baf77a80cbe4fddc0a9eb9ff3b6c24ac747c163d,2016,user_verified_folder
2022/Ordinance No. 000010-22.txt,10-22,2022,3eb1b18cddc694ff1d893063d05b62471ad4be1d88945fb7d56ec0aa6f6a7dde,included,,2022/Ordinance No. 000010-22.txt,82e3ec1fad18b8e18db66f923e607abfd887e073aba6dec24a50115917d2e443,2022,user_verified_folder
2023/Ordinance No. 0147-23 -QRF San Miguel (2).txt,147-23,2023,98991b5f43acfcbd89b5cc680779f57c8b359966e68e4d1eaf5fd9fb6374724b,included,,2023/Ordinance No. 0147-23 -QRF San Miguel (2).txt,8314e426115ff367e4616017d94fb85644cec825a0eafc0048cef1acccfafcf3,2023,user_verified_folder
2016/Ordinance No. 071-16.txt,71-16,2016,14989cd9c929066fda168da8b502c5b615aabb367dfc8c73bd246a41d7b0cc39,included,,2016/Ordinance No. 071-16.txt,833c0e7e655158b8cd617733eb9dd411d239368f11ac1ee849f26a2df4ab3d7e,2016,user_verified_folder
2019/Ordinance No. 0797-19 (1).txt,797-19,2019,5168fcad079866b9a4e56f130464e7b335a03a6cf5e48c637d65878d11c32c18,included,,2019/Ordinance No. 0797-19 (1).txt,83420f0c7cfa5c69084f2653955373847b050cb658226dd56bffda03df1e81af,2019,user_verified_folder
2021/Ordinance No. 000682-21.txt,682-21,2021,81063105adaf4e442993a953b25833597853b61f4d13859186a60522f9aeee53,included,,2021/Ordinance No. 000682-21.txt,835954fb7529508264fb6066d4a64a04724a0cc3db732469616e31044d64a80a,2021,user_verified_folder
2016/Ordinance No. 090-16.txt,90-16,2016,276fffb986436da9aab441f7b2fd3da07a2f0709caf48b3de27f332376a08c91,included,,2016/Ordinance No. 090-16.txt,838e0955517262b674aad1c934b7add7ed93833e75b0983fb341b9b3e9f5756f,2016,user_verified_folder
2023/Ordinance No. 0302-23 (2).txt,302-23,2023,02ba0dec48adf2f686dd6b2f5125229db23bc2190710bd033b3842ea602b90a7,included,,2023/Ordinance No. 0302-23 (2).txt,838e952be70daedb7575cc1c4a8ee60425b7e5ecbea7ee87ef95a0a0a1e27eff,2023,user_verified_folder
2022/Ordinance No. 000891-22.txt,891-22,2022,e1336173082c5394e598ed0331d079300a092761510e08a3e941019423ed25c7,included,,2022/Ordinance No. 000891-22.txt,839a48bfba46f44244117fab7a16046808f3424fcd6629da43c78498cfe9b441,2022,user_verified_folder
2022/Ordinance No. 0891-22 (Creating Peace 911 Council).txt,891-22,2022,e1336173082c5394e598ed0331d079300a092761510e08a3e941019423ed25c7,duplicate_copy,,2022/Ordinance No. 000891-22.txt,839a48bfba46f44244117fab7a16046808f3424fcd6629da43c78498cfe9b441,2022,user_verified_folder
2019/Ordinance No. 0157-19 (1).txt,157-19,2019,aa888caa9cc234e3fae32c4e56db04836d62bb3a1b6f0d4af30be23946ae7f68,included,,2019/Ordinance No. 0157-19 (1).txt,83a77b57cd5ec56a666193f35e8d9913162e40ec40157f6a9f7affe478a5cafb,2019,user_verified_folder
2020/Ordinance No. 0235-20.txt,235-20,2020,c658cc0cd1565dfddf51b77ad85c70ec825858fc8717de8963173192668f4092,included,,2020/Ordinance No. 0235-20.txt,83a7b98df5e6b8a9790c801485d0a93fbc54a81128e6d9b9584a1b6e496b554f,2020,user_verified_folder
2019/Ordinance No. 0787-19 (1).txt,787-19,2019,369a3472834da69caf011addb9d931eebdf13dd919ca3ba5ad77d0d0c1ef152d,included,,2019/Ordinance No. 0787-19 (1).txt,83b48be8c3a63b77705e73de6ed2b2d2514e6e2690c8d22f29685aed50a430d4,2019,user_verified_folder
2021/Ordinance No. 0466-21.txt,466-21,2021,88fb393f8fdb4f1b564641d1ab54505a42a1533221f43b0b6398bf886fece33d,included,,2021/Ordinance No. 0466-21.txt,83b5ef7271935c4da37025820990f2bb4df01cfee0b726864000f25fa61747c5,2021,user_verified_folder
2018/Ordinance No. 0437-18.txt,437-18,2018,c1ba14a9de8953dd83502ebf912f02a8d1a94a709737a1869c678601c4e1fc8b,included,,2018/Ordinance No. 0437-18.txt,83c6ad3e4dce452ac6cdcd40ed1dabe176c0b7422888e3efbbbb08100bccc2e6,2018,user_verified_folder
2022/Ordinance No. 000947-22.txt,947-22,2022,bc5f9030498ccb36d4d228623cc7c4361cbbb2bd04ccbf7688d70b5ec637818d,included,,2022/Ordinance No. 000947-22.txt,83d461bfac10eb1662a5b02bba154cefe8139e52e61b1dda85ca9c42ec9deacd,2022,user_verified_folder
2022/Ordinance No. 0947-22.txt,947-22,2022,bc5f9030498ccb36d4d228623cc7c4361cbbb2bd04ccbf7688d70b5ec637818d,duplicate_copy,,2022/Ordinance No. 000947-22.txt,83d461bfac10eb1662a5b02bba154cefe8139e52e61b1dda85ca9c42ec9deacd,2022,user_verified_folder
2022/Ordinance No. 000936-22.txt,936-22,2022,983797bedc817895e839c4a8e33bec488cd6d4c48291aac99534e7fb6b3df0a6,included,,2022/Ordinance No. 000936-22.txt,83fa784d48f5954e284eae2a7f6b029439d966b4bdbce0a76f2358088c457f5f,2022,user_verified_folder
2022/Ordinance No. 0936-22.txt,936-22,2022,983797bedc817895e839c4a8e33bec488cd6d4c48291aac99534e7fb6b3df0a6,duplicate_copy,,2022/Ordinance No. 000936-22.txt,83fa784d48f5954e284eae2a7f6b029439d966b4bdbce0a76f2358088c457f5f,2022,user_verified_folder
2023/Ordinance No. 0237-23 (2).txt,237-23,2023,71446c9a1038836823315f30c1aa87e6c24039de20514b0f0c9f64de59b6043a,included,,2023/Ordinance No. 0237-23 (2).txt,84048466dc50dc33181ea5604f3133bf22ca1b4b27c379bba7bdf7ecc24887c9,2023,user_verified_folder
2017/Ordinance No. 0206-17.txt,206-17,2017,73f7ee212bc6bb21871b86c644c49bb24b883744d712589b84e485b6432df925,included,,2017/Ordinance No. 0206-17.txt,845c60fe97bf2a50c161b7adf165f56d4c9e81ff1a18a56fa56d3554563e541c,2017,user_verified_folder
2022/Ordinance No. 000890-22.txt,890-22,2022,87eb23939875a536622f968b8ababb0ab35a6ca7feff2968896a01881ad0c4f4,included,,2022/Ordinance No. 000890-22.txt,847de3a4ac4e92ba042a5317f35ea60811d435fec4543412b4ede0ffc68ae664,2022,user_verified_folder
2022/Ordinance No. 0890-22.txt,890-22,2022,87eb23939875a536622f968b8ababb0ab35a6ca7feff2968896a01881ad0c4f4,duplicate_copy,,2022/Ordinance No. 000890-22.txt,847de3a4ac4e92ba042a5317f35ea60811d435fec4543412b4ede0ffc68ae664,2022,user_verified_folder
2023/Ordinance No. 0182-23 (2).txt,182-23,2023,7b72ba1b4d7a7d61cd45cad28fc94daf14d938cd32b5f8c77da66a20a0fea1b5,included,,2023/Ordinance No. 0182-23 (2).txt,8485c206678c30bfa7d45aa6cde029179273e4559b015a5703141f22e3f6286e,2023,user_verified_folder
2018/Ordinance No. 0580-18.txt,580-18,2018,0f0a13cdb07fe427af83933383d9f11747f5a6c2860e3ca0afa69e193255bef0,included,,2018/Ordinance No. 0580-18.txt,84a29a38bf895cd9211e111961cef3d2da4343f2fa61a108c26d462e17718b9b,2018,user_verified_folder
2016/Ordinance No. 007-16.txt,7-16,2016,b2ca5780587d6cced92ee5b5e6f9afd3c15b6cd4fc78c8d697c21aef1ab5542b,included,,2016/Ordinance No. 007-16.txt,84b5c612a86e70e9711d42e648dfd2a3ca384fae8de9624342d0c34688ecda4b,2016,user_verified_folder
2018/Ordinance No. 0402-18.txt,402-18,2018,027ee2f54c62c94d24549154791428ec57bdb42e12cc5f3822ced2cd2a5940a7,included,,2018/Ordinance No. 0402-18.txt,84bff418e42b175716bb155bcbb25cbf6150afda5d7094b4b4f8eb9547837ce2,2018,user_verified_folder
2017/Ordinance No. 0358-17.txt,358-17,2017,c94fb64adf6842ca85ae68130c6f915567ab99abf0c133663190c960f41c3a7c,included,,2017/Ordinance No. 0358-17.txt,851948f061017995ffd3d3a9dc8da764bc936f570702ed6af2eafc4c2be878fa,2017,user_verified_folder
2016/Ordinance No. 022-16.txt,22-16,2016,780b6fc70e497f2b40e97b17e00d5d40ac4956e6e97221fa1b8048c3df1b5494,included,,2016/Ordinance No. 022-16.txt,85337c8155af9f8d0a56c7b155b82a421b547f1b6c9e483cb08eef918d0dd12a,2016,user_verified_folder
2020/Ordinance No. 0178-20.txt,178-20,2020,8acb69888fa9335f8809d51410cd9429c672e8f6b3543882ed834cab1f4fe60e,included,,2020/Ordinance No. 0178-20.txt,8573b0ce2d39a928b8bd5701a528a14cb8ae520dca348f04641ed35904685dc9,2020,user_verified_folder
2023/Ordinance No. 0214-23 (2).txt,214-23,2023,09ab93c520e6c1d410764e6e1c8b1e712894b24acaa3ee123cfab3d17be9ccf2,included,,2023/Ordinance No. 0214-23 (2).txt,8574b9b22b4bcb59300bab6eef95ba809af86914b7488654d70c7377a0c79f7c,2023,user_verified_folder
2024/Ordinance No. 0549-24 Amusement Tax Exemption   (1).txt,549-24,2024,e8a9375c77f3d0ac07d21a9e7189556fb37ef7ca2d0624ecd1e903da49b230e5,included,,2024/Ordinance No. 0549-24 Amusement Tax Exemption   (1).txt,857b08024aa522b9a5ed487cc4be00517af853a078aa195521ebd7a299e996d5,2024,user_verified_folder
"2024/Ordinance No. 0483-24 Service Contracting Agreement, Land car Inc. (1).txt",483-24,2024,746e7e1bace01bed36131ecc0f72ea8601659b70d5fe3c2ab242977796263339,included,,"2024/Ordinance No. 0483-24 Service Contracting Agreement, Land car Inc. (1).txt",8580a070704d0714b6283afe6bb9aa2598739cd78a6871a7168d45170f68f61d,2024,user_verified_folder
2017/Ordinance No. 0231-17.txt,231-17,2017,0d2c819138b7b9280bd70eeb88498d5517ecca0642bb1d4367d4cb27cb331fc3,included,,2017/Ordinance No. 0231-17.txt,8586d165b04352616716ec65fa087190f7516d1c49ab751a65d1416cd4c140a2,2017,user_verified_folder
2020/Ordinance No. 000850-21.txt,850-21,2020,93bae6700d0e2bc6ce37112f64a9671973ed182be4c5084cd2f71b946cca02de,included,,2020/Ordinance No. 000850-21.txt,859148da17d6d8d65e18b2af66f014cd0b57c500c43661cde4720ef32fbcffd7,2020,human_year_override
2021/Ordinance No. 000850-21.txt,850-21,2021,93bae6700d0e2bc6ce37112f64a9671973ed182be4c5084cd2f71b946cca02de,duplicate_copy,,2020/Ordinance No. 000850-21.txt,859148da17d6d8d65e18b2af66f014cd0b57c500c43661cde4720ef32fbcffd7,2020,human_year_override
2019/Ordinance No. 059-19 (1).txt,59-19,2019,92ba78ec0cf82542efd90d900174ddc0f18675fa9367e469abd8df10660fd936,included,,2019/Ordinance No. 059-19 (1).txt,85a3116d4d44ed5241cdbc8bd0984d7a098e170094d46decd2d4adf09ee57303,2019,user_verified_folder
2022/Ordinance No. 000856-22.txt,856-22,2022,3b7d7608a08f83a25d2c2fb6112e67d9fd70913cd3f5046677061c97bc494e5a,included,,2022/Ordinance No. 000856-22.txt,85b8ce3b6b228383f882d363d0074a879df0f2edfc5d19ceb65997120cc450b4,2022,user_verified_folder
2017/Ordinance No. 0182-17.txt,182-17,2017,85c13284659d86406f625ff9fe5786648891c5647254656f4f958f002d2d4ac6,included,,2017/Ordinance No. 0182-17.txt,85c4480d4d3d7e6fd6f29e0d22540aa8c871d80113a071045f335f6d92dea7c4,2017,user_verified_folder
2019/Ordinance No. 0789-19 (1).txt,789-19,2019,965beff8e2931b4b7d9bfdcd7ded8bbf4c767161c71262697dd5a52e6936b276,included,,2019/Ordinance No. 0789-19 (1).txt,8665e1a2737e9c062c7806e80fe3eb55b66f776a553ac6aba3bd45473610fa1d,2019,user_verified_folder
2017/Ordinance No. 0225-17.txt,225-17,2017,4e45d47fbf71ab37a981291e598e7932a5eb72a9c096e16a3ed8c901ad531e23,included,,2017/Ordinance No. 0225-17.txt,86702f28e1dd8d5122906505d74f550147f90ae6907015339c334d83a885b98d,2017,user_verified_folder
2016/Ordinance No. 0494-16.txt,494-16,2016,44d7508269beeb96ce68f9f3585da6f9cada97933168be5583db02954f9560de,included,,2016/Ordinance No. 0494-16.txt,86752c56ac552d8f50b2c0cacced4b437edf05cdfce3d65234ba5711b9cf004f,2016,user_verified_folder
2018/Ordinance No. 0662-18.txt,662-18,2018,3bc4cc2b1544efb2403b2a9c0c2b67a96816c1d7018a2014e164ce58c6dca9e7,included,,2018/Ordinance No. 0662-18.txt,8697b54ba786f15ff3f2c1719c070e0c1dd82bed352d2525edf49aa43dd49963,2018,user_verified_folder
2016/Ordinance No. 0489-16.txt,489-16,2016,dbe989f588e903e6fc82230d871536f2a72fd18514a4de5f87769c924f54bf27,included,,2016/Ordinance No. 0489-16.txt,869b74a8c3faee152097fb7e5e8c4873d6b50e760db4d89cf9f96f44b0780303,2016,user_verified_folder
2018/Ordinance No. 0413-18.txt,413-18,2018,c5ee51da856aca7d5dfebed90448433d9a7ccedb553a163ff6b53a810d445d1d,included,,2018/Ordinance No. 0413-18.txt,86a9a54f352cf2849f712ea910e323d436eaf6effb5c3bf29876c850040e6cde,2018,user_verified_folder
2020/Ordinance No. 0198-20.txt,198-20,2020,5e75def6158fa1ccf5e662f65c2c1d19e1574f1d508d8639cc955be90a9ce18a,included,,2020/Ordinance No. 0198-20.txt,86e3ee4769a2b7760751ef238abbc7e892b2d45115796d36c0bd37f2351f9207,2020,user_verified_folder
2019/Ordinance No. 0149-19 (1).txt,149-19,2019,efd51bcf97d5469793829f04adf80e5b95f8ebfed8674e2123a7665b312f13e8,included,,2019/Ordinance No. 0149-19 (1).txt,870fdcbd4615bb0c6ee0dd505983605de15afb75a3b3fce93dfd30ffc70ff58c,2019,user_verified_folder
2016/Ordinance No. 0133-16.txt,133-16,2016,bbb71f839c58059b38e3e838c56183565910068b0daa8e86976ed65e57da8119,included,,2016/Ordinance No. 0133-16.txt,871901a7d4b89f341f25e1c6f9d49fd771e08b8fc13d84cd337175d2f6e10071,2016,user_verified_folder
2016/Ordinance No. 077-16.txt,77-16,2016,5387a3e950d649b76d93e8bc4bfb6ed78ec36fa93e83ab2d5d7e684f4be4a1e8,included,,2016/Ordinance No. 077-16.txt,872f3e43fd0b64e404a28eb9ed70fa64da7f0227bc67a792091a29724d12ce4e,2016,user_verified_folder
2019/Ordinance No. 031-19 (1).txt,31-19,2019,34fbcc3699c041be4873803436e8bd18b907b78a0c6cedc8f65b79d2eb69b215,included,,2019/Ordinance No. 031-19 (1).txt,874045a914c9171080f1901e7896cf3c54eeed56aaea72112a8dbaa9e0879ef3,2019,user_verified_folder
2019/Ordinance No. 0796-19 (1).txt,796-19,2019,d048d7e6e435a71ad6a9f4e7d9cfac1b4e971ba9a0bfb3462790bf69b658c1b6,included,,2019/Ordinance No. 0796-19 (1).txt,87457eabb89ec4dd8bfcccd58354d939ff28a737db5d31d92ba48e5fae5d10be,2019,user_verified_folder
2024/Ordinance No. 0734-24 SB4 (1).txt,734-24,2024,7655948830c8e7fe43449c8e8c657a0863c93544f9e162673fa68720f29611e7,included,,2024/Ordinance No. 0734-24 SB4 (1).txt,877b9ceeddcbfc02e57fa7b3e3c086d08467d2cde6afffb89a4c6136f8bf3838,2024,user_verified_folder
2017/Ordinance No. 0332-17.txt,332-17,2017,c8305146f70147037069c09809bd2c2bd2bbf3cb134047d8e707ed8fc0f51543,included,,2017/Ordinance No. 0332-17.txt,878bf2e85b0ab539a447654d75344287847c411ae6519e7de6e2862b1abaa4c9,2017,user_verified_folder
2024/Ordinance No. 0553-24 (1).txt,553-24,2024,94e4700f2b7afd5caa1e3fb781f0e0a7b57f09882754a8908b91b9b604b0dba5,included,,2024/Ordinance No. 0553-24 (1).txt,879385a9c39f88a28a1a2d007c6ce5bdca44c9f45f752e5be489bd61e553da77,2024,user_verified_folder
2018/Ordinance No. 0501-18.txt,501-18,2018,88f35fd997d4b63bee089d4452272e2c23fede03fa83224dbf06b26582face74,included,,2018/Ordinance No. 0501-18.txt,87b40975a3691bbde153fdb15967d65ce2fe034481bf81c6baa12799840e09d1,2018,user_verified_folder
2019/Ordinance No. 0775-19 (1).txt,775-19,2019,c33a80a65d10cdb5997e5eb98b359959d0dc76440494c55e5765d2c76723e2e9,included,,2019/Ordinance No. 0775-19 (1).txt,87cea3e0d565ce27f86e675ce3e157b169a75de2e5ac12d01e0172529d5a684b,2019,user_verified_folder
2024/Ordinance No. 0694-24 QRF Province of Camarines Norte (1).txt,694-24,2024,a99ac6b373e5c833e91b13243eb28ea74983b82c6f921e6f53991393bb45fdf4,included,,2024/Ordinance No. 0694-24 QRF Province of Camarines Norte (1).txt,87fd05015354f065d359815251cd7b0c1559f3aee83e1663329843e13013114c,2024,user_verified_folder
2017/Ordinance No. 0154-17.txt,154-17,2017,e499cb8970cc5a1f72700929b0cee9532fc797a8e64267619206e8e4aedbd495,included,,2017/Ordinance No. 0154-17.txt,880abc2f0569b6eddf684fe7e53bcc68e56b8584030656164c2a039c235776cb,2017,user_verified_folder
"2024/Ordinance No. 0482-24 Service Contracting Agreement, Golden Valley Bus  (1).txt",482-24,2024,c62c18db33931da7e7a6165859035a69cb5993366d05ee9119966d984c2ab219,included,,"2024/Ordinance No. 0482-24 Service Contracting Agreement, Golden Valley Bus  (1).txt",885212d55cef9e70bfd90ed6c38a4253cba17849d0d55a1d0214ff173fec0ef1,2024,user_verified_folder
2019/Ordinance No. 0677-19 (1).txt,677-19,2019,efdeff0be75ae23a6f663439e8c5a4ef7ca0015d59832d748579af1735a2f2fc,included,,2019/Ordinance No. 0677-19 (1).txt,88594f86104e94cd3cb7bf6c21c17ad5fcbc1704fec66455c85c1933e30730fb,2019,user_verified_folder
"2023/Ordinance No. 0161-23 -MOA, DAP-ALS (2).txt",161-23,2023,9b3178bafe586bbb1f8b02f2660c9c6d475ec8424c09461ebf320e09589ba443,included,,"2023/Ordinance No. 0161-23 -MOA, DAP-ALS (2).txt",8859ff4364adc34ba40e76347f93dbed27f57c174db38a97987578e7e667fea1,2023,user_verified_folder
2021/Ordinance No. 0545-21.txt,545-21,2021,b05f85e69db0b810f46da6edb22f6f0fdc636e82f2ce445ef89d461b8f60317f,included,,2021/Ordinance No. 0545-21.txt,885a4d4282a87e77c2b6e57d835a356b6274d3df6ad38643a772a7f8e564b30f,2021,user_verified_folder
2021/Ordinance No. 0563-21.txt,563-21,2021,55a39cf383966d9371cc9b90358f9e44a028c19a6c02b0d8ae173673fa62d202,included,,2021/Ordinance No. 0563-21.txt,8868f24adcdd1242846def8fa0b5bd0ae6c341de251d5df8fd220011f1afeaa3,2021,user_verified_folder
2017/Ordinance No. 0227-17.txt,227-17,2017,bd2857b47aa9e5bc41d63af3a3fc156570d7a94f6338e0bb7cfe66f7219683c7,included,,2017/Ordinance No. 0227-17.txt,88879f6c732be9171bdd20006106032db9da89aea6f4c1f96b613e63a5eff71f,2017,user_verified_folder
2020/Ordinance No. 0201-20.txt,201-20,2020,e40e682e808f998af2a5be2cd40a2a8d4e8502f1aa7f5298e6376d61198c4aa9,included,,2020/Ordinance No. 0201-20.txt,88a291f5a02bc9cb1f9fc4fb1e585bd2e8b5766e8f3bc12a11b833ef83a8f825,2020,user_verified_folder
2022/Ordinance No. 031-22.txt,31-22,2022,c2973e7c10207edb1b5cc652a2d8e3a1e0c09c8416fbf64e80ae2ffd2c32d7f6,included,,2022/Ordinance No. 031-22.txt,88a74bc77ca368cc9d8a7135d0a3c4298a08d991adf1ce3a490bf83c75b7b335,2022,user_verified_folder
2022/Ordinance No. 000878-22.txt,878-22,2022,ed90a8d914ebaf4fcf2d55a535847a52be726de459f859983141e62b51c7e9ce,included,,2022/Ordinance No. 000878-22.txt,88ed7ed953cb66daf4380ec664be85f447da4a2f537ba02b285d87d6d0a8f43c,2022,user_verified_folder
2017/Ordinance No. 0210-17.txt,210-17,2017,331b01165585d5a2d559a31250af7e03969f0b65a5e455387472412cdc039396,included,,2017/Ordinance No. 0210-17.txt,88fbbd6aeca2d2f9a9a1a929edbd00c9dccc0e5894dd3c8b804f6433fc772b98,2017,user_verified_folder
2019/Ordinance No. 090-19 (1).txt,90-19,2019,56ecffc3a2265df18f5420b0dc64c426f3ee92d7074745fee748b5f6d214e3e6,included,,2019/Ordinance No. 090-19 (1).txt,89222770ca97cbafa772316c6ac31d972308abe7786c2a695e8b8c4d9e1c7d08,2019,user_verified_folder
2022/Ordinance No. 0958-22.txt,958-22,2022,0ef227310d2f5fe82c472d91d9e23e0f5a8bc758bdcb6c606575f7c68207e7a7,included,,2022/Ordinance No. 0958-22.txt,8925f30c76365c248fe3a4788e00a6f76adb05266d97dfcee62cb660fb4e8d9e,2022,user_verified_folder
2019/Ordinance No. 083-19 (1).txt,83-19,2019,b99b44497a7fb24c56454d07ddb01377e9a5a0278e5ed4de5c6a535611c7fa65,included,,2019/Ordinance No. 083-19 (1).txt,893942efc73941ba03f7c2d4a77112802237112561f0e6062552a6e0f32b10a1,2019,user_verified_folder
2021/Ordinance No. 000742-21.txt,742-21,2021,705fc1af36f27335780c92b9fab0b343a26385f8f2b2266a550b9044d1518703,included,,2021/Ordinance No. 000742-21.txt,893cf977e2348a30b2e51be4483b00bbbe624ef81203275372855ce63f25e92b,2021,user_verified_folder
2020/Ordinance No. 0295-20.txt,295-20,2020,e8a01794010db32e549a6bd30f0b9a9faaa50a5fd1000bad1598a3987badf1bb,included,,2020/Ordinance No. 0295-20.txt,89583f98973c50f41cfd4126d86900a21b1e141a1c606eefac5531bbdee34e88,2020,user_verified_folder
2022/Ordinance No. 000895-22.txt,895-22,2022,63e2411129694b6af53bbf3c056002cefb9f2710e79c67a9a007277cb445b074,included,,2022/Ordinance No. 000895-22.txt,8993b6832cbec828c416447b301d1323e4214ab2c2e5a3c779d24597550764f0,2022,user_verified_folder
2022/Ordinance No. 0895-22.txt,895-22,2022,63e2411129694b6af53bbf3c056002cefb9f2710e79c67a9a007277cb445b074,duplicate_copy,,2022/Ordinance No. 000895-22.txt,8993b6832cbec828c416447b301d1323e4214ab2c2e5a3c779d24597550764f0,2022,user_verified_folder
2021/Ordinance No. 0659-21.txt,659-21,2021,45162a9e878c51d6025138e52a6e4f32b43ea46b6ecb0e9dfd30d048c90f17b6,included,,2021/Ordinance No. 0659-21.txt,899cc5550df99ffe79fae03bc0256e6061b440b677068d7521b79d34570a3530,2021,user_verified_folder
2017/Ordinance No. 0167-17.txt,167-17,2017,1ff7f6a9f3214cd581049518911f90cfb274863f83f70360cf1fce2c93c59d31,included,,2017/Ordinance No. 0167-17.txt,89b567d99bc344900cea8b4310706ea15aebb413d3b25cfb05eabea04d27445e,2017,user_verified_folder
2024/Ordinance No. 0442-24 (1).txt,442-24,2024,d379ba683e4dc881b3d43b3a2eaa0da7a3ebed992764a841021d4deee696135f,included,,2024/Ordinance No. 0442-24 (1).txt,89df60c5a4fa8f190753190aed06f545e322567b04cab07d0e3b6ebeb4271bc9,2024,user_verified_folder
"2024/Ordinance No. 0661-24 QRF Laurel, Batangas (1).txt",661-24,2024,0079ddf317bdc38358c6b60d387b5dd100a1658ad47469749f501a1bb1d11424,included,,"2024/Ordinance No. 0661-24 QRF Laurel, Batangas (1).txt",89ead2c62e1a44df92b4ecb7b0d965de596e54b1b6be90c36eb206461971a1d6,2024,user_verified_folder
2019/Ordinance No. 014-19 (1).txt,14-19,2019,eef02bfc01d6a4a75ed49c7e05a45d296b61401136677b444345f42af4dc8eba,included,,2019/Ordinance No. 014-19 (1).txt,89feea52a302d7c0f45ecda64df4697fd55ecb38c5f96acfb54e7bd1ef72ef2e,2019,user_verified_folder
2018/Ordinance No. 0676-18.txt,676-18,2018,89717a23c3c71950d78d229e98aa1066aeb284b22d7c63f8e7f3a7e7f958926f,included,,2018/Ordinance No. 0676-18.txt,89ff603e8ab388ad4a121b0da4032ad85f014972dc8a3651d800acdbdbfefedc,2018,user_verified_folder
2023/Ordinance No. 0337-23 (2).txt,337-23,2023,c3c95a8f2249ed00880112a225a5941da1fe9dee99c2d92210536f8bec5c377e,included,,2023/Ordinance No. 0337-23 (2).txt,8a0a32a6a2f640f92439d426a23db7cd02052efe9f5738b34f24cfb070f1839f,2023,user_verified_folder
2024/Ordinance No. 0658-24 Amending Section 2 of Food Terminal (1).txt,658-24,2024,47fd7ce150167121449e9758e225b9b1c62e471f16a4685f1016d9487de543f1,included,,2024/Ordinance No. 0658-24 Amending Section 2 of Food Terminal (1).txt,8a164c0f1cd1d024c4607fea4f0b1a83d24f952355db8e72cca0a89e9dc11797,2024,user_verified_folder
2022/Ordinance No. 088-22.txt,88-22,2022,685b4d889d3d59678cb287e1a01d55f5f46a73e0a14a1ccf1812086209b8a23c,included,,2022/Ordinance No. 088-22.txt,8a21f30364daca9bd2c04e160684c7fb319d93fa9492e2566a98ff1248992fae,2022,user_verified_folder
2018/Ordinance No. 0660-18.txt,660-18,2018,cb5e6db88c4135bd3f2eee00e5c880c296b9d8329711f0fdb744661a0398a6d3,included,,2018/Ordinance No. 0660-18.txt,8a38c7c8919ad5e0495c2496a2900a63f9a10504510c774e17dc6413832a3f0f,2018,user_verified_folder
2023/Ordinance No. 0312-23 (2).txt,312-23,2023,a3ff4bd84e877cc22e618d191403e6c3b63acafdb99729aed83a6e8ddd7e8a15,included,,2023/Ordinance No. 0312-23 (2).txt,8a784a28c504e2d65095eadbf9d4f640dbdd69317af59358c36cd85e5d1b6af7,2023,user_verified_folder
2019/Ordinance No. 096-19 (1).txt,96-19,2019,0537ca5526ecbaba7d6bf871406d54a60c846bef067760ae8978676724e8787b,included,,2019/Ordinance No. 096-19 (1).txt,8aab2703557695036389616a696ad837ca53faadcfd2642b761acd1d22aa8241,2019,user_verified_folder
2019/Ordinance No. 0692-19 (1).txt,692-19,2019,a1b231ab85899cd38dfe9e84e6b8ef73899d5939490bb680f286577dd10c896a,included,,2019/Ordinance No. 0692-19 (1).txt,8b0bb866a836cff16a326a09bd78f9feec49f5a2d2280571ed7ac2c929818e2d,2019,user_verified_folder
2021/Ordinance No. 0653-21.txt,653-21,2021,1a8665efdacce8dc68db4c4fcf3183498591cdf9b3b2f91b3cc2338a4ebe24a7,included,,2021/Ordinance No. 0653-21.txt,8b1198436f5b5379f1392d6d1ce849501487224946f3c367264ad9d1ebc4f418,2021,user_verified_folder
2017/Ordinance No. 0311-17.txt,311-17,2017,6ec161ac4bdaab93f7ab66888091646d1a5e6e2a6fd9758f9382c02444ba9018,included,,2017/Ordinance No. 0311-17.txt,8b196ce44c8d85eb71f449a4ba396d75a432f981013211cd24d53db8d755bf14,2017,user_verified_folder
2022/Ordinance No. 000953-22.txt,953-22,2022,216fc8be5da56f35ef31c58e0122086eeb01459517f667da3d8c3ab132954f4f,included,,2022/Ordinance No. 000953-22.txt,8b2ff70d3bb804889d9643e360b97066c683a1fa96163952d8df81486fb8e47f,2022,user_verified_folder
2022/Ordinance No. 0953-22.txt,953-22,2022,216fc8be5da56f35ef31c58e0122086eeb01459517f667da3d8c3ab132954f4f,duplicate_copy,,2022/Ordinance No. 000953-22.txt,8b2ff70d3bb804889d9643e360b97066c683a1fa96163952d8df81486fb8e47f,2022,user_verified_folder
2024/Ordinance No. 0644-24 (1).txt,644-24,2024,8b8245689cfaf8bfe6ea5551d617ce69bd1d196cce9de989e7b9a58dcefa26e0,included,,2024/Ordinance No. 0644-24 (1).txt,8b60181aa90d46c3c5947a277358589ec44c2bcca2fdc00c7e9e78656d0a07b9,2024,user_verified_folder
2022/Ordinance No. 039-22.txt,39-22,2022,2e1b89b74e12ac571af4b3ba995f6f31f38dee577940ce89bb217e3a181f7163,included,,2022/Ordinance No. 039-22.txt,8b618d54e50e2c1ca94aa5312d0f7474e3b5c7796da8d66ea2d7280109335c59,2022,user_verified_folder
2019/Ordinance No. 022-19 (1).txt,22-19,2019,72c218d7a51fc912656751d497a1b409f417cf998eb2747568a3b698b8c45858,included,,2019/Ordinance No. 022-19 (1).txt,8b89dc50e6765e7be58d4eafe1e6d79f5c0e0fc01c7e9f9462998f71d115f023,2019,user_verified_folder
2021/Ordinance No. 000712-21.txt,712-21,2021,f7f9d170dbb14fc5dc09e6ca20c84d322b12f14e6eb849a43bffa931919ae74f,included,,2021/Ordinance No. 000712-21.txt,8b8c92c12af5f44ebe675fd50d0336f3dafabcd82b8bb69fd0ff26d023c9b36a,2021,user_verified_folder
2019/Ordinance No. 0788-19 (1).txt,788-19,2019,f5479bc52fa08954ef55e50c4f20edd148b7b8ae69aa7e56102b611cfc767b13,included,,2019/Ordinance No. 0788-19 (1).txt,8b95d911331bdaa7cf668952c205a11ef121a73aad56bb77aec31bc551dd3d26,2019,user_verified_folder
2021/Ordinance No. 0583-21.txt,583-21,2021,f82c1ade6ab36650e99c167135fab37c21d45b4bf3856c27a8bf14c33a3aebee,included,,2021/Ordinance No. 0583-21.txt,8ba9188021afd2689e99924aba592583d22a553c1b0deff51ef77f894e0da366,2021,user_verified_folder
2019/Ordinance No. 0748-19 (1).txt,748-19,2019,778c5c1b55aba294dafed6e9871dbc097d10668c1706b3be23f259f04273f9f6,included,,2019/Ordinance No. 0748-19 (1).txt,8bac7dcb2cd72e73026ffb0c5759263b05b2d62a1fe00adcc589cefa4223243b,2019,user_verified_folder
2018/Ordinance No. 0549-18.txt,549-18,2018,a5cd85ee1528af32222b683059ad0a2f2c8553748e7f5f7e8227e2f966feb8ba,included,,2018/Ordinance No. 0549-18.txt,8bc977921c689e50c63363f4e1c8b3c5c4c19a514970b354f3866d0e28cdd59c,2018,user_verified_folder
2019/Ordinance No. 0164-19 (1).txt,164-19,2019,e7922761ad43a4645a55ea7135ddb3c2deec8b6d0704f471a69064bb59c24826,included,,2019/Ordinance No. 0164-19 (1).txt,8bec1a9bc4afd517afcd30f2b41cb7259f70f04f344de38297b8c72c02bb1611,2019,user_verified_folder
2019/Ordinance No. 0719-19 (1).txt,719-19,2019,8fbaf13fc5a1cc49b8abc7b8d159da3eb20cafd8650fab96fbabd6fa79b3faf9,included,,2019/Ordinance No. 0719-19 (1).txt,8c07921411df87364742d29c30337a6e9621f3c906b3d47207523fef267422c3,2019,user_verified_folder
2017/Ordinance No. 0155-17.txt,155-17,2017,849623fe48d4534ad1c80306a44fcd340c02be606409070e410ad86bb0c19759,included,,2017/Ordinance No. 0155-17.txt,8c0e3ad488d64962568460b68bf27892459bb7bf65f983ab025a11017d24368c,2017,user_verified_folder
2025/Ordinance No. 0787-25.txt,787-25,2025,bd802bc22ddb1340007ce6902f9448918f169fd5d42b95c1b0143228292dc61d,included,,2025/Ordinance No. 0787-25.txt,8c2f194d633b2424e43ae12cd5180623892bb6fa0190004540a0aae317b24e73,2025,user_verified_folder
2018/Ordinance No. 0499-18.txt,499-18,2018,4b882a12540c0bcb368056e0d2bfc4f378a8485997400caf03b77fb681e6e199,included,,2018/Ordinance No. 0499-18.txt,8c82a6bb5c2be61eeab4555163b7877f70c917ae64dc20ea9c8c380e23211c3c,2018,user_verified_folder
2019/Ordinance No. 0741-19 (1).txt,741-19,2019,815666ae160f87af19798e787c5ebe5e0883a0c2489cfff6276069de7baf70cb,included,,2019/Ordinance No. 0741-19 (1).txt,8c96e5ada2a5a7aa97538bb9df6be1895e00cc47b568e31b7b735532f0a5fcce,2019,user_verified_folder
2022/Ordinance No. 0878-22.txt,878-22,2022,9bb6275c86b1141a56d86ecc1c1ba837da7400f3ca20b739a21f00f8cd3310f0,included,,2022/Ordinance No. 0878-22.txt,8d02f0716ff1dc19b65deef8de910e6a08d60b68901bf6fdefdb34805b51d500,2022,user_verified_folder
2022/Ordinance No. 000888-22.txt,888-22,2022,bfea4233080a77433136f32f8744e75d80fb45eff32de1394f15a0cce8071e09,included,,2022/Ordinance No. 000888-22.txt,8d381243e0de160dd01ddb1cc282019310233b57c549c7556d04b56e89f68ded,2022,user_verified_folder
2018/Ordinance No. 0431-18.txt,431-18,2018,ab4f7cb8fbdd09ae7dd18bbfa2393fe45c632c4d0f342b88e96f36d9b12ad25f,included,,2018/Ordinance No. 0431-18.txt,8da7ae70550d3746b62f86804a2b856c45818de94ad27fb04518d4e1a9270b78,2018,user_verified_folder
2016/Ordinance No. 0474-16.txt,474-16,2016,4c901e3d3e2635b0d85365a502281ff8f797c8be0acb14338bf1fbd191e2f235,included,,2016/Ordinance No. 0474-16.txt,8dde3a2c6be4dc1d97df0549bcd64057e55eedcfb6e9003d921dfdf85c65c049,2016,user_verified_folder
2019/Ordinance No. 0781-19 (1).txt,781-19,2019,ff55738c8c10408aa2af7fbd9cf232089b21da339d2c08b14fad2557de686e26,included,,2019/Ordinance No. 0781-19 (1).txt,8df35e29b48de05353a2c49703c5336b6b5730f26a390a09143e32c1dbfa55aa,2019,human_year_override
"2024/Ordinance No. 0593-24 QRF Bauang, La Union (1).txt",593-24,2024,3a80c167d7749d07358ea67b5c5104ffed0568c119fd20285132f54a20e52b67,included,,"2024/Ordinance No. 0593-24 QRF Bauang, La Union (1).txt",8df5d823ec9a31bf9950137f4bbb3757c9075673ce2b00ed2e903ba6ce5f8667,2024,user_verified_folder
"2024/Ordinance No. 0597-24 QRF Camiling, Tarlac (1).txt",597-24,2024,6e896de01e1d9388a846f45117327dfe68c070ba3dc62093f39c17ae80711eee,included,,"2024/Ordinance No. 0597-24 QRF Camiling, Tarlac (1).txt",8e05710f4e67bff3020b171e1aefb09dcbf1dde960802d296587c63baced742f,2024,user_verified_folder
2022/Ordinance No. 0906-22.txt,906-22,2022,427853b86d11ff688ec51eef02bd79e56ade3d0e05e1c6c918b4a6ff3b8d0520,included,,2022/Ordinance No. 0906-22.txt,8e28e2d7ac5a1c0dc62c8b6e5b3a1bc175fe8d2bce242c24480f5f5f09836ef6,2022,user_verified_folder
2016/Ordinance No. 051-16.txt,51-16,2016,c2aa8ed1563f063b260ec43e402113bd916d91256ec289f016f1ee55f48a0151,included,,2016/Ordinance No. 051-16.txt,8e292b045e08c71f764f955f12f858175e3cfb791213e66404b54948ee86701b,2016,user_verified_folder
"2024/Ordinance No. 0675-24 QRF Irosin, Sorsogon (1).txt",675-24,2024,81388f6c0d489d54d93a9ad40d51be34d1d76bc902ca4b7430b964149f788a30,included,,"2024/Ordinance No. 0675-24 QRF Irosin, Sorsogon (1).txt",8e2f6936f0e2865365e8f5b091b8066d584b252f2f2688112b605ee4f3b7c5d5,2024,user_verified_folder
2024/Ordinance No. 0495-24 0_ Tax (1).txt,495-24,2024,638db524f117f305cb0ff3208c02bea42e4b702ea03a1277432b90b5fd253ad7,included,,2024/Ordinance No. 0495-24 0_ Tax (1).txt,8ea3db85b7cf0a731fc60410dc67eeba5a4f37ffd2d8438be3caceb059a877ea,2024,user_verified_folder
2023/Ordinance No. 0238-23 (2).txt,238-23,2023,85547c08245c6cc5def84dd49a969345b7678dc63b0355da19bab42a1668d40e,included,,2023/Ordinance No. 0238-23 (2).txt,8eb5c6e67fd89283f82931b049b5533ab70478ebba20c84ec374c84ec91e9b65,2023,user_verified_folder
2017/Ordinance No. 0253-17.txt,253-17,2017,4cba79020e3b60ca5f5287d9dd4f2936a47dfee39d4681e5cedd002bc3b21fef,included,,2017/Ordinance No. 0253-17.txt,8ebbc646d254a3a9c5808f92955e6214d535cf1c68947597ed0f682864bca33b,2017,user_verified_folder
2017/Ordinance No. 0319-17.txt,319-17,2017,09865f73a26ac7b12d9c2c175064413446c9ab898932f72de253d971ee973ebe,duplicate_copy,,2018/Ordinance No. 0319-17.txt,8ecd839b4acab835fb7ec542324dceb3c6d5b5e5322dd2e353066497ce934d73,2018,human_year_override
2018/Ordinance No. 0319-17.txt,319-17,2018,09865f73a26ac7b12d9c2c175064413446c9ab898932f72de253d971ee973ebe,included,,2018/Ordinance No. 0319-17.txt,8ecd839b4acab835fb7ec542324dceb3c6d5b5e5322dd2e353066497ce934d73,2018,human_year_override
2022/Ordinance No. 029-22.txt,29-22,2022,eceac4d345b27abad4893f9a2f9a5d51f6568a944c67edf015c7bc7a68128ea8,included,,2022/Ordinance No. 029-22.txt,8ee6b6625e0b979468699e27a867ebf278fb8f0598fd839dbfcf8c002665cc4c,2022,user_verified_folder
2020/Ordinance No. 0294-20.txt,294-20,2020,ec2daa1fd08421eef078661d491505538e2a738050b401160ec0d0cd60a62fae,included,,2020/Ordinance No. 0294-20.txt,8eeb584471279263c54a3e89182653ab2310cad2d7b9fe1860f8270eb12bbf5c,2020,user_verified_folder
2019/Ordinance No. 0793-19 (1).txt,793-19,2019,3dca86f8fed353cc7b4a47673ef1f19dd0c03e5db359494c3f84f7c4b30625f8,included,,2019/Ordinance No. 0793-19 (1).txt,8ef7e9eb6148031fe74862ca4bde846552035493ae13136fbf0a0af7c6cba02e,2019,user_verified_folder
2016/Ordinance No. 0516-16.txt,516-16,2016,31d64c9eb90db320f5e2556e3aa319bbf5124857f6b9ded14d7e4d69c7e5b8c1,included,,2016/Ordinance No. 0516-16.txt,8f3d4004e1ca8c92a67ac0e2b0a62dc4af0de1ed59212c20bbe4dc21e200ee4e,2016,user_verified_folder
2023/Ordinance No. 0301-23 (2).txt,301-23,2023,9401b307f55a19853bad8f9dd80bb7cf83d35ff896965512fab7b63f1d986b9f,included,,2023/Ordinance No. 0301-23 (2).txt,8f522da9e54f8f9507fd56994c3120d72dd2d6130fc34981a1e315921e3f7a07,2023,user_verified_folder
2016/Ordinance No. 0498-16.txt,498-16,2016,bcb5fec2c4c605e8b56d47afac2d6f3170e06d33c041577649fb085165b73c83,included,,2016/Ordinance No. 0498-16.txt,8f5308a78263223dec80e1e02dbb2e92082893bdd4b140cbea09cc970fa4c6cb,2016,user_verified_folder
2020/Ordinance No. 0270-20.txt,270-20,2020,fcec3807491d0b49b996e3d6982d8201b79cabc5f7b88e547e4c0848e32d25cf,included,,2020/Ordinance No. 0270-20.txt,8f6e64f8262f3cdf77ce2047136719beba04afc29ff7358b582689070a0fcba3,2020,user_verified_folder
2019/Ordinance No. 041-19 (1).txt,41-19,2019,9d5e7f3bc41fefd7ce825a0a2345f3e60880fb4a1751797dd17897c002d17e1e,included,,2019/Ordinance No. 041-19 (1).txt,8f97b4bbf70212e75c5a9b090632efc517713084c5273d2375cfcf9a8638e2f0,2019,user_verified_folder
2017/Ordinance No. 0297-17.txt,297-17,2017,28737a01104e85ad515c582505ec6e665fe43fabf740d8bde0fd64c92ba20a39,included,,2017/Ordinance No. 0297-17.txt,8fafd707f53c6e3286846da43a47c03d0555e5f3158f22f9b9bf6bc62124c596,2017,user_verified_folder
2024/Ordinance No. 0697-24 Car Free Sunday (1).txt,697-24,2024,066c252027f14e10181aba6b550357c6b5edfde606765ef0265d47ede78161a8,included,,2024/Ordinance No. 0697-24 Car Free Sunday (1).txt,9004b44854aeb236f099940cc66c92c5d5891fcada48cc1e9e44fd9ecdf1c8ea,2024,user_verified_folder
2022/Ordinance No. 000943-22.txt,943-22,2022,58ca575ec65281f0b73128a6a70964481e0182e300e1303eee9ad30f16468b0d,included,,2022/Ordinance No. 000943-22.txt,902a68a9851f3a9aad0fc4c7986f503efd55fbcde77b818e3f1287dec3e12231,2022,user_verified_folder
2016/Ordinance No. 033-16.txt,33-16,2016,a648bdae2c086250a9252b6c3759cc8f922c53bce5dd47bdfaa3db3b244b6fec,duplicate_copy,,2017/Ordinance No. 033-16.txt,904305398a295e4dc4d5fc75cf119d0a9fd1316261ee75fa969ce84c90a43563,2017,human_year_override
2017/Ordinance No. 033-16.txt,33-16,2017,a648bdae2c086250a9252b6c3759cc8f922c53bce5dd47bdfaa3db3b244b6fec,included,,2017/Ordinance No. 033-16.txt,904305398a295e4dc4d5fc75cf119d0a9fd1316261ee75fa969ce84c90a43563,2017,human_year_override
2017/Ordinance No. 0342-17.txt,342-17,2017,d0a748156c51fafa2727a5951ebf13955a7501cdefab61e1282583f37921f563,included,,2017/Ordinance No. 0342-17.txt,9093460dd4d734a385cdb739694e4ffff8aaf76873987a00f4cd06425781f63d,2017,user_verified_folder
2024/Ordinance No. 0433-24 (1).txt,433-24,2024,23e9614b367245e118dbf1fe687e0be20ca8a7544577d181ee0cf74c427a8cab,included,,2024/Ordinance No. 0433-24 (1).txt,90a08f4d1a531c38e96567b3781116883446e0a4f61d339d4bebe79d09fc8b00,2024,user_verified_folder
2020/Ordinance No. 0322-20.txt,322-20,2020,55e99cafe01647e8869a586befe2a10dbb387dab4ee71910181e4a574b64c2a4,included,,2020/Ordinance No. 0322-20.txt,90a2e7ac578c809a7addbc0f192941a42ff4a05bf4a91e42657020a28de9873b,2020,user_verified_folder
2016/Ordinance No. 076-16.txt,76-16,2016,2fb695a738bd01e9f3531b2bbe8218b855423b0645db2924509b97b7d9518fd2,included,,2016/Ordinance No. 076-16.txt,90cf39ea7dcd3f8064f67d446bc5cc8a13d6532a0d6c0eee7bfef87b0d21a793,2016,user_verified_folder
2020/Ordinance No. 0300-20.txt,300-20,2020,fbaf3e1c9460320647ef131dfc36b894757309e2a6fc4d90b654b286c55fb8e6,included,,2020/Ordinance No. 0300-20.txt,914789dbc75259fbc8271fcfe3649bf4aec7041d789f68cd8ce315cc74503c99,2020,user_verified_folder
2024/Ordinance No. 0468-24 DCHO (1).txt,468-24,2024,2c7f2516db60249a0eff999796b82acde7cc9c7d12101128ea61fed52523849b,included,,2024/Ordinance No. 0468-24 DCHO (1).txt,9177d6740d70ea13ceee01fee5a70c433e3fd9af69e58a333be397c1b40fc706,2024,user_verified_folder
2017/Ordinance No. 0181-17.txt,181-17,2017,d83c3d44e4f95f2b9bcb80c9ce9453735961d8491ff3dbca69e2f1ba5aa6aa2b,included,,2017/Ordinance No. 0181-17.txt,918c0ab29d3dbb79b2114a653fe77ffeae659198916692299e65c58dccad3db0,2017,user_verified_folder
"2024/Ordinance No. 0420-24 -QRF, Sta. Josefa (1).txt",420-24,2024,225a9b67823a8c5397c8d7b5310fbd6d911c1866c24e75bfc45b1a0709264c45,included,,"2024/Ordinance No. 0420-24 -QRF, Sta. Josefa (1).txt",91aa35c6a8dffb058029d811c4c742b9832e6bf82fa8ee7ebb3fd88ab6541d4e,2024,user_verified_folder
2019/Ordinance No. 0120-19 (1).txt,120-19,2019,01982f1bc33504f0c68d2dbfab4264b27848ab70862ab9698a5688e2a5559f1e,included,,2019/Ordinance No. 0120-19 (1).txt,91d42ae1a8e4c70ee7629c82128200a36dd0b90614faaaf701b9701ca1ef7012,2019,user_verified_folder
2018/Ordinance No. 0610-18.txt,610-18,2018,3d7fdbfc3d141ed5d750352e6c4cf6bd6816125f956d7ebfb365fbcc6bdf901c,included,,2018/Ordinance No. 0610-18.txt,92049ee665e62fe3a422f223aa8660e32ce4d148093e044fc5bfc39fb649abc2,2018,user_verified_folder
2024/Ordinance No. 0533-24 -MOA DOH-CHD MAILFIP Program (1).txt,533-24,2024,113e6151f0ccaf10a1816bb10350af5693e0d3875d92169bbce2c44e83dbef2b,included,,2024/Ordinance No. 0533-24 -MOA DOH-CHD MAILFIP Program (1).txt,920ca9a4510932c510334371f19b62b4db0d091fd236979e45e95b94e6638658,2024,user_verified_folder
2018/Ordinance No. 0529-18.txt,529-18,2018,541dbbe7875b2277a31dff52c6a5249e0100be5415e4fc7750398f1acb11b35c,included,,2018/Ordinance No. 0529-18.txt,923dddb6d50d5844c60d570911c4fa507a147ff323161909d7a81a5bf70303db,2018,user_verified_folder
2019/Ordinance No. 0142-19 (1).txt,142-19,2019,e04125e6252d355f0631b85118818e24d8c59af5906a5c98e6c7afa08816928d,duplicate_copy,,2020/Ordinance No. 0142-19 (1).txt,92515bd7023410c564dd52b32034abefc430a2b453d6348d831d26e328aa0cce,2020,human_year_override
2020/Ordinance No. 0142-19 (1).txt,142-19,2020,e04125e6252d355f0631b85118818e24d8c59af5906a5c98e6c7afa08816928d,included,,2020/Ordinance No. 0142-19 (1).txt,92515bd7023410c564dd52b32034abefc430a2b453d6348d831d26e328aa0cce,2020,human_year_override
2023/Ordinance No. 0306-23 (2).txt,306-23,2023,0621ea93ee11e27e106088bc6fb6821cd77b4a7dae0ab7e31f33d0bab895343f,included,,2023/Ordinance No. 0306-23 (2).txt,9263c6168b9d875507d993c8c4763b3cb4083215841f16abef5e4608ee319e4f,2023,user_verified_folder
2019/Ordinance No. 087-19 (1).txt,87-19,2019,0c4907d9c87df46a7323abc3c1e087dc712308fa6fcb72220cb8206001bce747,duplicate_copy,,2021/Ordinance No. 087-19 (1).txt,92f5b97f7f56dc6c84f5c4618f68e07e258accfb6a5dedb452767671e55f720d,2021,human_year_override
2021/Ordinance No. 087-19 (1).txt,87-19,2021,0c4907d9c87df46a7323abc3c1e087dc712308fa6fcb72220cb8206001bce747,included,,2021/Ordinance No. 087-19 (1).txt,92f5b97f7f56dc6c84f5c4618f68e07e258accfb6a5dedb452767671e55f720d,2021,human_year_override
2019/Ordinance No. 0153-19 (1).txt,153-19,2019,2c467a54122aba774e372822f521847dc146a6b61978e4964743325fb64f6de4,included,,2019/Ordinance No. 0153-19 (1).txt,92fc9c1889be1e87dc911d999c9f21d9cf84fa62d8c63dc13fc9632bea4e804c,2019,user_verified_folder
2023/Ordinance No. 0332-23 DC Office for Culture and the Arts (2).txt,332-23,2023,e04578e81816f9a61fbaf55725b99175df9f0dd7ca3ff441aef70bc6354aa5e2,included,,2023/Ordinance No. 0332-23 DC Office for Culture and the Arts (2).txt,9322d4f5a8fa3917c29491b063fbe987848e1ee93cfd9ad22b2751402fc72036,2023,user_verified_folder
2018/Ordinance No. 0496-18.txt,496-18,2018,2989d4e463393f306e8e5f7f57a265de73052cefd63b8f2d5681571cfc2c1fd0,included,,2018/Ordinance No. 0496-18.txt,933ed4771b600f3e08ed8fc6269367452374bf9b2618e7c6e59bef8f6324049b,2018,user_verified_folder
2018/Ordinance No. 0459-18.txt,459-18,2018,b51757c77f93693c546e19d1b37242864b4cb4a0e5afd8befcda403e81614c9c,included,,2018/Ordinance No. 0459-18.txt,936aceb4f6d45c192e36b027b1db7f51fa664e5d03e83f923c9e41227d67dd64,2018,user_verified_folder
2019/Ordinance No. 068-19 (1).txt,68-19,2019,1f15675d11b3e92dbe87fed3236887edaa2ea4ecfe09edaef01d33ebfd270a47,included,,2019/Ordinance No. 068-19 (1).txt,9374bdc83a35b08fb5448b7f6f5d09f4f20805d77fe0140506954637550ee6d9,2019,user_verified_folder
2022/Ordinance No. 0888-22.txt,888-22,2022,1fd580d73ec0336ebb0a30a81968ec5aede01101bdddc782cdb7f4c12edf0b5a,included,,2022/Ordinance No. 0888-22.txt,9379db5d88a8bdbb35b64fc0920ab1a971079e736a66a6c3e3926094c8b24613,2022,user_verified_folder
2016/Ordinance No. 065-16.txt,65-16,2016,3dbde073df01a7c6ab873e791d2ee49745c5d82e74ab7816e2f55519ef39e976,included,,2016/Ordinance No. 065-16.txt,93907ccab4894c49fb2bb5d44e9e6c931ff62ae5811b2c60e4ca185b6b4a8224,2016,user_verified_folder
2016/Ordinance No. 083-16.txt,83-16,2016,1e8950e56ce65518e3dae3a52c8beb1577586ba1a16db042af024ec3564115f7,included,,2016/Ordinance No. 083-16.txt,93a512dc0d0502ae317e0d51557451b2c4326142a762dab4baa370c2d5243c90,2016,user_verified_folder
2018/Ordinance No. 0619-18.txt,619-18,2018,d144920027e0c5e1b4d254635a742e27af5a5e950488993a373e61ef306a7929,included,,2018/Ordinance No. 0619-18.txt,93b3fe8dca02f7652800e61f2871fc884124634ba6499edae70aa6b7ff75a7c9,2018,user_verified_folder
2022/Ordinance No. 059-22.txt,59-22,2022,ef4ab1975b2eda5a2d15d26e8c4db0bde0303e26fd53b2d9169b5ee1c01c96fd,included,,2022/Ordinance No. 059-22.txt,93e59fafdf91445a66fe29cb4704ae070467808fcd4c4b636a5b84e9559c2840,2022,user_verified_folder
2019/Ordinance No. 0109-19 (1).txt,109-19,2019,db2ed2dd4fc42cfb637d973b50539f4dc5dfb7196d2da4d2c4fbf40121fc4a86,included,,2019/Ordinance No. 0109-19 (1).txt,93f82a718f51f675d4658c1b7145fc0728209b6df587bce4845236ddfecdcca3,2019,user_verified_folder
2021/Ordinance No. 0642-21.txt,642-21,2021,f9fbeef4e8d4b06fddfa56597073b75974afc89d01343943eab88f1ba4d47b75,included,,2021/Ordinance No. 0642-21.txt,940eb7914dd74a2b7289697492f9883d0aa72c73b710771fc1d8ab92b8954731,2021,user_verified_folder
2018/Ordinance No. 0491-18.txt,491-18,2018,a7dbb5469b10e93bd340a1405db5590773c193f9e8b556ff965ce0ff775cdc9f,included,,2018/Ordinance No. 0491-18.txt,9496ecc70a5843e6a3aa9d31e7b7c77151d89131f280206a6566ac7077e11cab,2018,user_verified_folder
2023/Ordinance No. 000166-23 (2).txt,166-23,2023,7a0fbbf55a934ef73fd9fe0ba1a7f851118291058db677b9c806096800f20f68,included,,2023/Ordinance No. 000166-23 (2).txt,94974409063c93cea61c1ef5510ee20b4d3ed49168e2762cf0dd20de01b64efa,2023,user_verified_folder
2016/Ordinance No. 0108-16.txt,108-16,2016,4d81138ba8e64dc3710a413de84e94039b108ace410370e7768d1bad8892d690,included,,2016/Ordinance No. 0108-16.txt,949ddd90ef39cdc8f42182f5420cce48e50b60a2cfce8080bfb7b3e13abe08ff,2016,user_verified_folder
"2024/Ordinance No. 0477-24 MOA, San Pedro Hospital   (1).txt",477-24,2024,450839e3165b89c964d284589957c3576eb4bad4db9d27e57512bfef0a9494e2,included,,"2024/Ordinance No. 0477-24 MOA, San Pedro Hospital   (1).txt",94c4ea6d1d98f1411e346fdaa508d14bc0028fd708b2aa45fcf36869d7cbb9b9,2024,user_verified_folder
2023/Ordinance No. 0374-23 (2).txt,374-23,2023,7233b582257b91e6efc3b806750d571fa328aaf86e1ace4b29ac0c41a52e1e4f,included,,2023/Ordinance No. 0374-23 (2).txt,94d231eda51bf603bdbed8de2d4b1964c3d8aef176fc6b0f30d15a170c480d90,2023,user_verified_folder
2019/Ordinance No. 060-19 (1).txt,60-19,2019,4ca21c367117afdf702b4485284882f32abef12ed589aaae902af9e84555d247,included,,2019/Ordinance No. 060-19 (1).txt,94da5bd82576b80ed3c725b6eb7c301b378f004541a1067320410b55ac2df5b7,2019,user_verified_folder
2021/Ordinance No. 0555-21.txt,555-21,2021,8bbacf8871b2a834d8221e5aae823a3262fc11b3445005b9c1a9b3cb3ede6d5a,included,,2021/Ordinance No. 0555-21.txt,94e67eaed60646367bff6d98241d007436f3395e74a77f0f1441944a304bfe55,2021,user_verified_folder
"2023/Ordinance No. 0174-23 -MOA, AFP Agila Division (2).txt",174-23,2023,8d9b1f500431cde91211bb33020967f14b5347a3898ee36d6d4899ef118d3046,included,,"2023/Ordinance No. 0174-23 -MOA, AFP Agila Division (2).txt",94ec100a4588053d598a0e11c8e39aa3b27115ac14b09294ea625ea5e1424382,2023,user_verified_folder
2020/Ordinance No. 0316-20.txt,316-20,2020,224fff7b0b359f0a9de6c83c46e79ac8a8a6173fdc1f403336fd9dd427301cc4,included,,2020/Ordinance No. 0316-20.txt,9524001ebe7409ccfd2b2e7c663932959b340ca7be19f7b6ff388478ba7d975a,2020,user_verified_folder
2022/Ordinance No. 014-22.txt,14-22,2022,036cba08524e0a4c2ffe40499bd521c0bba39117ac77d4b107e1aa21ddc8ab59,included,,2022/Ordinance No. 014-22.txt,957eb91b45390ae81f969930776e13c46726b8dec22f4b84700f9f3f2396bf8a,2022,user_verified_folder
2020/Ordinance No. 0205-20.txt,205-20,2020,94feb3f376bc45b5898edea5b8756e25b6a561d6a4fe9f30b49ecf50185b797d,included,,2020/Ordinance No. 0205-20.txt,9586058613a1b7220a38178f560378f95eb18991e692a008e5462e21a2cc47d1,2020,user_verified_folder
2018/Ordinance No. 0661-18.txt,661-18,2018,0b3ffe7c0f5603b2ae45fceed7a46cbcedb5037f15b87512931f593f09f58193,included,,2018/Ordinance No. 0661-18.txt,958d687b33ef308ac238c70d5293ed008178b71a9707127ed600b88e341b99da,2018,user_verified_folder
2024/Ordinance No. 0567-24 DOD 8990 Housing DHRR Ph 12 (1).txt,567-24,2024,5e68e95d6845dd9b33da0cbe589c8bb15e2dd020f7e3ca81f397faf2e3a31623,included,,2024/Ordinance No. 0567-24 DOD 8990 Housing DHRR Ph 12 (1).txt,95a7ea41132c58ef2f4c810e1d7d7c97ce7ff19bb72da1ea2596c6135983d11c,2024,user_verified_folder
2020/Ordinance No. 0184-20.txt,184-20,2020,145e1700b9d9feb1f3ef54649060a66eb939f62cf8312e7b40b13768d37b34a2,included,,2020/Ordinance No. 0184-20.txt,95cb36f0643af6332a8277eb41c9da505f454dda233e7bd8d6747d571118607d,2020,user_verified_folder
2017/Ordinance No. 0377-17.txt,377-17,2017,b6377a2c1b3d5271ce7caa9ab1137f0e1c9c0ecd04dd8d6fa0fbcdc95787b3a5,included,,2017/Ordinance No. 0377-17.txt,95ee9a1861dbf974f59005a07f13b8b572475f2ac7f47f1da507f58eb3605955,2017,user_verified_folder
2017/Ordinance No. 0177-17.txt,177-17,2017,96dad31a2d9deb83d2719840f354a98dd0b40e7ad014c8af72fbf93d73ec54ed,included,,2017/Ordinance No. 0177-17.txt,9600d575ecbfbb6f3bafd17799152560ab17571c364a5c8db36280f4cfdcdbd2,2017,user_verified_folder
2017/Ordinance No. 0280-17.txt,280-17,2017,5f601dd87038b2430f1121b8a2aa7125dba7c5e9b0dd509eeca9307ba1d89e64,included,,2017/Ordinance No. 0280-17.txt,9606e94bc3ec894ad429dc2c51b26ea20bfcefca0f9c9d1799c4e69d82f977d1,2017,user_verified_folder
2019/Ordinance No. 026-19 (1).txt,26-19,2019,13877dd230d3362485cb29a978b08737cbb9a88728dccb67535ae4ee7d401fe4,included,,2019/Ordinance No. 026-19 (1).txt,962d26ab145021a581043c1efafc36347cfc88bacf6334c18f94f517b854312f,2019,user_verified_folder
2019/Ordinance No. 0680-19 (1).txt,680-19,2019,9f97f9dec261e6eafa8bfbad52a30b3cc77a489822e56bd71653c667bb4453c2,included,,2019/Ordinance No. 0680-19 (1).txt,9672bbec94bd981036d909ce0062c18fed042dc91e79b5416e9649a20230cd90,2019,user_verified_folder
2018/Ordinance No. 0400-18.txt,400-18,2018,3a04f410542c8aa5633fc9275b9fe3d4e3240245c358c95ac2fcacb872711cd0,included,,2018/Ordinance No. 0400-18.txt,96730c20b49e9dd4e1929597dd064e5b04aae9987f215f5bc1f6981525890364,2018,user_verified_folder
2023/Ordinance No. 0178-23 (2).txt,178-23,2023,3252de5cf3832a66afb2dfedddcb51ed7e66d6721c9dee45bc44135a52d56d66,included,,2023/Ordinance No. 0178-23 (2).txt,9690f79656d16c15e4e08cc9274a7cc28dc6ef063dcd909d4afb90214c3bc29c,2023,user_verified_folder
2019/Ordinance No. 0176-19 (1).txt,176-19,2019,8a8097dbc9d600e82b713b2dff3692bebb818befc26423cc3715493ad6d89539,included,,2019/Ordinance No. 0176-19 (1).txt,96b4a137bf2bbd0c44106f03dbbb769286b359cff82b45385e430635efd3d12c,2019,user_verified_folder
2019/Ordinance No. 0137-19 (1).txt,137-19,2019,7a013c0d045968daccbee1aa523b17db14e31432c78899c9408b9ddf4d6bc61b,included,,2019/Ordinance No. 0137-19 (1).txt,96b93da9ba206231e739d6afff4776e409abe502510602e713d75b0af9c7d310,2019,user_verified_folder
2022/Ordinance No. 000111-22.txt,111-22,2022,ceafd0c81c4d50ba150314ba473ece944187350de42462fc94ce7562b415d37b,included,,2022/Ordinance No. 000111-22.txt,96bad70cf9c80c2078c2b4b3f70f2ef21e99f87841e93d60fa683ace9406f022,2022,user_verified_folder
2022/Ordinance No. 0111-22 (Night Market).txt,111-22,2022,ceafd0c81c4d50ba150314ba473ece944187350de42462fc94ce7562b415d37b,duplicate_copy,,2022/Ordinance No. 000111-22.txt,96bad70cf9c80c2078c2b4b3f70f2ef21e99f87841e93d60fa683ace9406f022,2022,user_verified_folder
2017/Ordinance No. 0372-17.txt,372-17,2017,39a671bb31143394ee5ec52d83a4912039a884fef21ca344e7716307e17e2eb7,included,,2017/Ordinance No. 0372-17.txt,96de48034ad6a8f3e3e53d4474ed9c52dda163245d4a3f2d6cb378c1ed091347,2017,user_verified_folder
2022/Ordinance No. 000919-22.txt,919-22,2022,a2483e54451fac3e80ddf324b284fc3d83da694a95f91a39e13d8d05ab38a31d,included,,2022/Ordinance No. 000919-22.txt,96f873cb8b0c914a68997b03abb764779f5763bb0f5b94a8006c203dbdca24be,2022,user_verified_folder
2022/Ordinance No. 0919-22.txt,919-22,2022,a2483e54451fac3e80ddf324b284fc3d83da694a95f91a39e13d8d05ab38a31d,duplicate_copy,,2022/Ordinance No. 000919-22.txt,96f873cb8b0c914a68997b03abb764779f5763bb0f5b94a8006c203dbdca24be,2022,user_verified_folder
2023/Ordinance No. 0373-23 (2).txt,373-23,2023,c2076177b390164ccba3fc50c7af4877a9e98f6d34238ae13d3689ffbd49ceb2,included,,2023/Ordinance No. 0373-23 (2).txt,970222694c9fd99c15e8ce69650c6f2ba864a14bd36606ad88f40bbfe207ea91,2023,user_verified_folder
2022/Ordinance No. 0132-22.txt,132-22,2022,ff3c5a50417a00ec41b1ad914ba5c67bff13634012acb3924e81b47d7d1ef8e0,included,,2022/Ordinance No. 0132-22.txt,97030af533b01957f6bf0a0d50146ebeda5c7b87af340c95fca4a4ade75b814b,2022,user_verified_folder
2021/Ordinance No. 000788-21.txt,788-21,2021,4d7228ab734fba6e7b05f3c78242ec2024f19c6781a2cf561b3b08fe0c4338ce,included,,2021/Ordinance No. 000788-21.txt,97545ff184e972d8977fb8686d82fa1f10e31ab985052388a9154447ea3e6fe9,2021,user_verified_folder
2024/Ordinance No. 0654-24 Exempt from Amusement tax (1).txt,654-24,2024,4c3d97998c052c5a983360df3d5bb9faedbfd2dc027ad9b55c63be9b4272f4d0,included,,2024/Ordinance No. 0654-24 Exempt from Amusement tax (1).txt,97952a545414b0c0a8e68b8f9256d75c1993f4284b73d9cf2dffb333fe86b62f,2024,user_verified_folder
2022/Ordinance No. 050-22.txt,50-22,2022,6ecafe9945affc65f8e18dc7d0e764485cb910dc837c9ac27d20297875681478,included,,2022/Ordinance No. 050-22.txt,97b1c0bea6c47627e293627adc4a71bfca1f19cd375a002cb58fea479934ac53,2022,user_verified_folder
2023/Ordinance No. 0310-23 (2).txt,310-23,2023,298c57cb02521314124dd78a92f5a4d8b83bfd0ee24cc0f3b6270d4ded78829d,included,,2023/Ordinance No. 0310-23 (2).txt,97dc1285ddd0a84a682fe45bdc3f46f0e27da14d72e346b1eff9028e83acae33,2023,user_verified_folder
2020/Ordinance No. 0328-20.txt,328-20,2020,607c198812075e249e0492291fffdfb0d3fab2812d760e2209c9dd9ad83a2bd5,included,,2020/Ordinance No. 0328-20.txt,97ef57e339e80c95218ee7a3cba1a08f374a2a4f8525e74c3b9af335ebe266a8,2020,user_verified_folder
2017/Ordinance No. 0370-17.txt,370-17,2017,0f1ac00285e37307520eda48157e275106cda3771e1df3cdc9c9097f5c4b364b,duplicate_copy,,2018/Ordinance No. 0370-17.txt,98026a22f33c273aa7ba41b5a2de5fa86d0629837fe172c74510f88fde24e618,2018,human_year_override
2018/Ordinance No. 0370-17.txt,370-17,2018,0f1ac00285e37307520eda48157e275106cda3771e1df3cdc9c9097f5c4b364b,included,,2018/Ordinance No. 0370-17.txt,98026a22f33c273aa7ba41b5a2de5fa86d0629837fe172c74510f88fde24e618,2018,human_year_override
2018/Ordinance No. 0569-18.txt,569-18,2018,9c31f9251a14c06cb78c467d61b0a50a5ca771a950dbead715d00550b3c648b4,included,,2018/Ordinance No. 0569-18.txt,981e718ddd909f91879df898ad33664a5db30fb855a07ae34dd93f600def5e7b,2018,user_verified_folder
2023/Ordinance No. 0341-23 Deed of Usufruct PNP Maa (2).txt,341-23,2023,8972d53f6816662d6f92239ff14f54cb84db15ef6575d278b18a2b1b536d2589,included,,2023/Ordinance No. 0341-23 Deed of Usufruct PNP Maa (2).txt,983b217afc46a849842e46656066172a7c9154cc14f90645dcc11ac2a1f9ff79,2023,user_verified_folder
2021/Ordinance No. 000678-21.txt,678-21,2021,2e37dada474daae52c85bc23085de075da8ca129f245c112a03e190a56c15620,included,,2021/Ordinance No. 000678-21.txt,9868b6eabbccb0c61fd6a38e2e49f61c26630982a68de5bd60148e4e75861f38,2021,user_verified_folder
2018/Ordinance No. 0591-18.txt,591-18,2018,09875ae714414e7bcd5ee67d1739834e17c88cb99e41fd6c9e6038cfe96aae88,included,,2018/Ordinance No. 0591-18.txt,98b674d59b00427b415dc9fbb90865a9a7a6a785e0db0de3d8620d71d6f76834,2018,user_verified_folder
2024/Ordinance No. 0393-24 - Solo Parents (1).txt,393-24,2024,6d7ef7d6f1274712550585adfe530860f8c0c38132c3b4ed6e52284da3daf0b7,included,,2024/Ordinance No. 0393-24 - Solo Parents (1).txt,98b735ee9ddd47f2fbf6e3cfb9ad826467f8f434100a078d3f67bc0238b0e9fa,2024,user_verified_folder
2023/Ordinance No. 0197-23 (2).txt,197-23,2023,a1514bf41927f0e9e9f795fe3b2fe85a4b33ddf11c89f153914f9384e6c8b155,included,,2023/Ordinance No. 0197-23 (2).txt,9931213c5073c8c3926929510539e9811f706d4369fcbbf18dfe63f81c1e5e06,2023,user_verified_folder
2022/Ordinance No. 01002-22.txt,1002-22,2022,d91369a1713b02910770c59e9ad712178f7700eecdbd8c040e63471705d363b4,included,,2022/Ordinance No. 01002-22.txt,9955354c1192edaa85ac3efe81aaf5ebfeff4d9f8510ed130ef1f8e2c5cc2a4b,2022,user_verified_folder
2023/Ordinance No. 0243-23 (2).txt,243-23,2023,3fddde501e0dbcc580a0edd5aae993887a8bcb25fe052554118a15d64f3987e2,included,,2023/Ordinance No. 0243-23 (2).txt,99760668e93f476b62b8e4cad118183369725e6a5bfb0edcd6d3ef85d1f105f9,2023,user_verified_folder
2023/Ordinance No. 0375-23 (2).txt,375-23,2023,98aee8e21a894658c57c76d36a9b491d0bac3378cc3da778909e3452d83199ec,duplicate_copy,,2024/Ordinance No. 0375-23 (2).txt,99d9f90474b422a6f2e8d6aa85ef8909ab7987850d1abea67c02c9d04786d833,2024,human_year_override
2024/Ordinance No. 0375-23 (2).txt,375-23,2024,98aee8e21a894658c57c76d36a9b491d0bac3378cc3da778909e3452d83199ec,included,,2024/Ordinance No. 0375-23 (2).txt,99d9f90474b422a6f2e8d6aa85ef8909ab7987850d1abea67c02c9d04786d833,2024,human_year_override
2019/Ordinance No. 0145-19 (1).txt,145-19,2019,cf90055301db8802d65aa711e10baebfed1604415daf4a9674e5d06e7cf23d6c,included,,2019/Ordinance No. 0145-19 (1).txt,9a571aebd49f0b87eb041a51a56567cb95ff5b4e0488219ba28b07cacfbf25e7,2019,user_verified_folder
2021/Ordinance No. 000772-21.txt,772-21,2021,6c12cb2dfb838a40fe4e5d709263f36cccaa3b1bed5c7b77173c4b0d798af4f2,included,,2021/Ordinance No. 000772-21.txt,9a5745fd2572251a2d5776d8fbe824cbd2658570edec25bf53277c9e8fe1ca0a,2021,user_verified_folder
2018/Ordinance No. 0416-18.txt,416-18,2018,43cfeb61b12c384e819155eb351e9663ab34997275a86f5c5098e7f555b4bc22,included,,2018/Ordinance No. 0416-18.txt,9a62580fa9be36979ac85fdf38521485ba3d16a08add466a5e7cba9b0d9db190,2018,user_verified_folder
2022/Ordinance No. 000014-22.txt,14-22,2022,50bad5e79706a2a2a6613fceb3096212076de37ab0be24f810f528b0bd784042,included,,2022/Ordinance No. 000014-22.txt,9a8940deb6b01712b887618f285388bcff5baaa0bca5b9893d5183a9d60e0788,2022,user_verified_folder
2019/Ordinance No. 0122-19 (1).txt,122-19,2019,8a19a4d02613fefd5393cc3eb9dc1bc2165e07e3da80aa01fae51c720851766d,included,,2019/Ordinance No. 0122-19 (1).txt,9ad051bb070ecf1d5a0c9fa17d2128fe6ff457fcbf6946f4504710d3aef5a8a9,2019,user_verified_folder
2020/Ordinance No. 0289-20.txt,289-20,2020,0dd6f4fd846ad774e768a06941a9522a973deaaef6d0b36d76e1b11f09476d44,included,,2020/Ordinance No. 0289-20.txt,9adb818fb19321345e4d0fb9efa2845d623b0066ec3af3d9ab4f2adf7a6aaa55,2020,user_verified_folder
2020/Ordinance No. 0197-20.txt,197-20,2020,b64307edd11f4ddcce9669bc3cbe373463ae289b81521d52457c4e21d1cc7d48,included,,2020/Ordinance No. 0197-20.txt,9af916d5aa8c09c9aa6b641887124f8a6c142dfffb17a6305b6dbad9865abb21,2020,user_verified_folder
2021/Ordinance No. 0601-21.txt,601-21,2021,59db45c928cedd4473b98b4895cc250dc81dc22d9adfb6f8beb718faa713cb00,included,,2021/Ordinance No. 0601-21.txt,9b25f2ffce59ca2bffb6dbdc26ba2af3e4621bb9531567ad092c63c7865520f5,2021,user_verified_folder
2025/Ordinance No. 0795-25.txt,795-25,2025,31f06a786a6d9e2eedfcb78bf31cf36d9c4036f846a00f23f9795ccf00d3446d,included,,2025/Ordinance No. 0795-25.txt,9b32312087c3e8828133221aebeb8c8c42d8416fd657eaca886e4cd99f3289e1,2025,user_verified_folder
2018/Ordinance No. 0670-18.txt,670-18,2018,736f542754e348ae7648e6b18c8dd9809b5ef1f3ff45a75cf292ea456a22219f,included,,2018/Ordinance No. 0670-18.txt,9b3605cbd204b46aa032523581681ff8ac0c813f03e5503e6fa114614a25c1bc,2018,user_verified_folder
2024/Ordinance No. 0681-24 QRF Naga City (1).txt,681-24,2024,f76c9defd51fe07de23b588439115f935afa862382cdcc40c6d87483e13da126,included,,2024/Ordinance No. 0681-24 QRF Naga City (1).txt,9b3cfb23271dd9fd6acdc29f3f97dc89014ac6ea37fe29f6ee31db5687d93e2b,2024,user_verified_folder
2024/Ordinance No. 0681-24 QRF Naga City - Copy (1).txt,681-24,2024,f76c9defd51fe07de23b588439115f935afa862382cdcc40c6d87483e13da126,duplicate_copy,,2024/Ordinance No. 0681-24 QRF Naga City (1).txt,9b3cfb23271dd9fd6acdc29f3f97dc89014ac6ea37fe29f6ee31db5687d93e2b,2024,user_verified_folder
"2023/Ordinance No. 0137-23 -Sister City Agreement Sennan City, Japan (2).txt",137-23,2023,09ae6b2bdaff507606a4a1e2291901543f9dc86e9d6bbd8d7198c97096ae6c1b,included,,"2023/Ordinance No. 0137-23 -Sister City Agreement Sennan City, Japan (2).txt",9b4a79fd2d3787a047445b3c4dfc1ef2dcc0bc44c7e7efc832993c4e742b6722,2023,user_verified_folder
2017/Ordinance No. 0284-17.txt,284-17,2017,f10a9e03d2ac3042543592f0f35db00804fc7cd9c1423d4aaefd0261508d5067,included,,2017/Ordinance No. 0284-17.txt,9b5e8de99e55635a1bce41d50ea87cd81e20c9fc1cd5e44efe3695fd1d803ace,2017,user_verified_folder
"2024/Ordinance No. 0592-24 QRF Pinamalayan, Oriental Mindoro (1).txt",592-24,2024,168272d23c5347f96faec94c17ed35cabb651bcf85fe7cae03591e9213e08bb8,included,,"2024/Ordinance No. 0592-24 QRF Pinamalayan, Oriental Mindoro (1).txt",9bb08aebe6e630c9f5308690051a8abcbb4596b0b0502cf7812576aff2ddb7c9,2024,user_verified_folder
2023/Ordinance No. 0319-23 (2).txt,319-23,2023,b1f9faaf117e03081b134c615bc919ef26c5bee20dc6250c0defd75262493c3d,included,,2023/Ordinance No. 0319-23 (2).txt,9c0828abcaa77577c3d1d21f27d8aa0050fe64af39101b48bff3735cfc330e79,2023,user_verified_folder
2021/Ordinance No. 000816-21.txt,816-21,2021,b31d185cb72291eafb7c637e777ff4e446a66168bda2cfdf337554dfab5998bb,included,,2021/Ordinance No. 000816-21.txt,9c230cf4dc81aa97f99c0c43bcfd5ab0a7db66569bc2d9ff379b300103bee7e6,2021,user_verified_folder
2022/Ordinance No. 0976-22.txt,976-22,2022,96336dec9180364aeaf3e3eb2a64214f60d9752e524bab4f8e2f66f6f723cc54,included,,2022/Ordinance No. 0976-22.txt,9c279cdd5b647be2254cf38247dbe0d192812406c62f4f744197b8035e6fec5b,2022,user_verified_folder
2017/Ordinance No. 0316-17.txt,316-17,2017,a086822be10bb570f9bc6bcac9f3e2d73b709c35e208307f8a19fc874213f4b0,included,,2017/Ordinance No. 0316-17.txt,9c632db3b3f6cca9e0cce7817ed2e666b5c0c7c635b81b4ee27a92a538ba064e,2017,user_verified_folder
2023/Ordinance No. 0213-23 (2).txt,213-23,2023,e05a86b57009e1972cf1cc2d5ad14ad45f261b624f4e1bfc774cf40e2d57bdca,included,,2023/Ordinance No. 0213-23 (2).txt,9cda10387b76f9c75da662bb24130654946765531dab0a75713d330083bc6c0f,2023,user_verified_folder
2017/Ordinance No. 0341-17.txt,341-17,2017,41448620332144d34f6098944c517d3e1da8ab89dea767fe3e4fdb64e732626f,included,,2017/Ordinance No. 0341-17.txt,9ce64d90c820817717e7d7b0ab2e396b9f7c5d8bbc6477206a6b72c169dffb92,2017,user_verified_folder
2023/Ordinance No. 0354-23 -Anti-Spaghetti (2).txt,354-23,2023,a44325793a6c98280742d9580aea7d846554dc08c45c4b6f6c485183a8e27ad8,included,,2023/Ordinance No. 0354-23 -Anti-Spaghetti (2).txt,9d294e6f071384e9f221ecfd4f13d05c65de6a51262fb774695d8f12cfaf2e49,2023,user_verified_folder
"2023/Ordinance No. 0168-23 -Deed of Sale, SIR Amancio, Adolfo (2).txt",168-23,2023,66e1a99b39724487688abfc029b2605861c7cecee49548f1cef440ca5c6e6e65,included,,"2023/Ordinance No. 0168-23 -Deed of Sale, SIR Amancio, Adolfo (2).txt",9d37f9177689077096cf7164b30429d21405bc0066ecbaa25402ad1f53ed9dac,2023,user_verified_folder
2023/Ordinance No. 0229-23 (2).txt,229-23,2023,a92e3a885f3f3a0b409bbcb11c573a1d5b856d155f218fbc351816b3c282431f,included,,2023/Ordinance No. 0229-23 (2).txt,9d48c4cff05fe935a5bbbf11e7832e95f591034a5e7a2364627ea338c7d10851,2023,user_verified_folder
2020/Ordinance No. 0207-20.txt,207-20,2020,cc6455cc47e64c61be179b1c9f091acda2800fa02c6fcfec0a9157ce4ed84229,included,,2020/Ordinance No. 0207-20.txt,9d6e14ad2322d0158818dfbf9329c78fbd5faa40832ae4f91d8c0893c7d28060,2020,user_verified_folder
"2024/Ordinance No. 0679-24 QRF Gen. Luna, Quezon (1).txt",679-24,2024,a68a9cd992a99237241caaeac6fb270cd1c405d85ba3b60c966b948805c3c9e1,included,,"2024/Ordinance No. 0679-24 QRF Gen. Luna, Quezon (1).txt",9db235c4f62225f5a0e467014a5009b5a25ac00b86fbdd52dfe89f8abacd4116,2024,user_verified_folder
"2024/Ordinance No. 0679-24 QRF Gen. Luna, Quezon - Copy (1).txt",679-24,2024,a68a9cd992a99237241caaeac6fb270cd1c405d85ba3b60c966b948805c3c9e1,duplicate_copy,,"2024/Ordinance No. 0679-24 QRF Gen. Luna, Quezon (1).txt",9db235c4f62225f5a0e467014a5009b5a25ac00b86fbdd52dfe89f8abacd4116,2024,user_verified_folder
2023/Ordinance No. 0331-23 Amendment CCTV (2).txt,331-23,2023,bb5ecaa41b8f90935f7b5d2ba3624d82c5fae55e7546bb80994390ee8fa35531,included,,2023/Ordinance No. 0331-23 Amendment CCTV (2).txt,9dc2bc6550afa45058944dfe17d882488566aeb38d7dbe973426d97bde0d7928,2023,user_verified_folder
2019/Ordinance No. 019-19 (1).txt,19-19,2019,cb0e4f905c7f6496f9bb5a565200d09ab1e4fba7f78cf8418c00165a881f59e1,included,,2019/Ordinance No. 019-19 (1).txt,9dc87d5468c1c0a7e30fd975f5b107f1f7e3f5395f0392d00c05ed7755527f72,2019,user_verified_folder
2022/Ordinance No. 070-22.txt,70-22,2022,2515241af8483d224b846a82d83d601f3cc0dae1b72594fcfaa8008b6e403389,included,,2022/Ordinance No. 070-22.txt,9de188eb6bb9c50aca5389efb5de6ca01e9f00ca15778f5d4bc8717d5416aaf6,2022,user_verified_folder
2016/Ordinance No. 044-16.txt,44-16,2016,80b25286080ad973aa6e0d9037e5e87309bbaab68e70f05bd3d5391a973f33ea,included,,2016/Ordinance No. 044-16.txt,9df3c884dc6b3483ca703ed2e0cc0cc7d0e7f55922f5b5b3c3d9f3b45d7ce250,2016,user_verified_folder
2019/Ordinance No. 088-19 (1).txt,88-19,2019,86f24e31e8ddd9f45a0b71a3f917921c3aca4e4b850aeaa8649e67ccf84fa77d,included,,2019/Ordinance No. 088-19 (1).txt,9e21bbd8720254f4129325daf36eea9d03743b8abb80ae7e12d10b4ddb1e38cd,2019,user_verified_folder
2020/Ordinance No. 0177-20.txt,177-20,2020,92a902d6d10f7e25738594ce16b140d986bffcef22d60fea55c23ab64a2413ca,included,,2020/Ordinance No. 0177-20.txt,9e39b99d50701baf18cc0231e87a034136adcd7b2394a04f8160c2f94f8418f2,2020,user_verified_folder
2024/Ordinance No. 0580-24 Request of Alita Aniceta (1).txt,580-24,2024,685271229c6ed5b63a8c0ca738d2dc310ab94543a908cdcf05f4fe80b3a3d43a,included,,2024/Ordinance No. 0580-24 Request of Alita Aniceta (1).txt,9e57fa7dc220d77b278348b7948de89ebc7a5cac5f85604884f0c8b56d7b1693,2024,user_verified_folder
2024/Ordinance No. 0566-24 DOD 8990 Housing DHRR Ph 11 (1).txt,566-24,2024,6681c31afefb3336e1b33790538ad41f905c7ae3c717cebebd3ef4009cbc4047,included,,2024/Ordinance No. 0566-24 DOD 8990 Housing DHRR Ph 11 (1).txt,9e73585b764ce5b41fd700ceb97f611d2147edf964a6ff10fc8090e981ab078d,2024,user_verified_folder
2017/Ordinance No. 0226-17.txt,226-17,2017,d8b6d62e3f08ee9817863f0e0e59292df7e55a1a5a04d1e16ed4674b2d4a8996,included,,2017/Ordinance No. 0226-17.txt,9ebb87fb6faf08bca7625c43b9652b280a76d62ac80b6838fa8d924c05f96e84,2017,user_verified_folder
2023/Ordinance No. 0317-23 (2).txt,317-23,2023,0de987538110a72369b57d427d2022277a44aae4b90bd2702d8ec309c4157d78,included,,2023/Ordinance No. 0317-23 (2).txt,9ec7ad9b557e47c4c9f36bf7619fe1d71e98c4f0ec5ced73908fbbef2e017f50,2023,user_verified_folder
2023/Ordinance No. 0260-23 (2).txt,260-23,2023,ed47e1c09da3834ad5d16e3b7d216e0b99cf7f7bdbc2722d84158b8c35d3592a,included,,2023/Ordinance No. 0260-23 (2).txt,9ec957070287987ea96d9e010666e8705115aba38c2ed67c27f287fb8bb57e49,2023,user_verified_folder
"2024/Ordinance No. 0403-24 -DOU, PNP (1).txt",403-24,2024,825177eb5e253f128d12f43c96271a15eba381b537add260dae8701ee72934b6,included,,"2024/Ordinance No. 0403-24 -DOU, PNP (1).txt",9ed21085d7349a6b7dab0e7b16aff552c4a46cc55090d7d748e043a0e0c84b1b,2024,user_verified_folder
2020/Ordinance No. 0202-20.txt,202-20,2020,027ce7c78fe9623191d2ff2609c2a0b3e0193b87304ba673f5bca439549bd261,included,,2020/Ordinance No. 0202-20.txt,9ee527e7ad7e87a1684ae084ef16cf8d4339c5dee9e19f59a56c50ff75bc6609,2020,user_verified_folder
2016/Ordinance No. 046-16.txt,46-16,2016,e9ae1773e0b858d74552d8e1c016975a16f9c6c5102337facea82bb051cdce58,included,,2016/Ordinance No. 046-16.txt,9eec8f665049ff76c5d3c9bad618c97f5a8b58e954e4810915cf6ddd7e2ccb5a,2016,user_verified_folder
2022/Ordinance No. 0989-22.txt,989-22,2022,b363d0128c7a194f18f6c83fb1367b95374e028a8ad23b5b188e6ab26aecd7fc,included,,2022/Ordinance No. 0989-22.txt,9ef6aa772482c882820f4b9eb0cfed7fd574f33d79e5bb1b822648cc70a3a1ee,2022,user_verified_folder
2019/Ordinance No. 0684-19 (1).txt,684-19,2019,02cc4091386bcd412c60e5bf0531389ada06c5a0a902a3eed79a9e180ceaf126,included,,2019/Ordinance No. 0684-19 (1).txt,9f0cbb3a868c6ba2a8c3101cc3f69f68257e1ad2196784b8aa923da8bcbeb1e0,2019,user_verified_folder
2016/Ordinance No. 032-16.txt,32-16,2016,b25d567d883617840d53d348e04eafb3a69aadd44257932016e1205467ff2ce8,included,,2016/Ordinance No. 032-16.txt,9f24d0e560ba8d197aa9b44b45408f13a956f10e48547c2292009150073a5a8d,2016,user_verified_folder
2018/Ordinance No. 0461-18.txt,461-18,2018,dd68a10e19c94f39dc7516c549fedf8640222edcba90c851a37dd110f291d4d3,included,,2018/Ordinance No. 0461-18.txt,9f2f5d6dcd6559ae0e5e6ebb57a186dfee3345c84657efab9fd6508097fb96a5,2018,user_verified_folder
2017/Ordinance No. 0364-17.txt,364-17,2017,156316fd72a122b734426a140a90b5ceec54901ffa61a49cb147605c1eee8fb4,included,,2017/Ordinance No. 0364-17.txt,9f49499fd11d0e965e0619cb24d70dd31fe119443858afa733572b9014e11373,2017,user_verified_folder
"2024/Ordinance No. 0647-24 Sister City Agreement Hamamatsu, Japan (1).txt",647-24,2024,b6359b684a2dc2a41c7a310e2ea1cf551308fb4c5126b692247c1ae00d01fd82,included,,"2024/Ordinance No. 0647-24 Sister City Agreement Hamamatsu, Japan (1).txt",9f53f67015b5936e990fa8087383edfe7f907502bed75e4717709bdce186224c,2024,user_verified_folder
2018/Ordinance No. 0533-18.txt,533-18,2018,9ce19a15f1e04a5bfb8756f3788ecb41536c6a5c01f3eb0593ac542926d38695,included,,2018/Ordinance No. 0533-18.txt,9f5b0c3674693b8cb992849c95f8d93b6358a64cd0ed70c94eae9bab964872b4,2018,user_verified_folder
2023/Ordinance No. 0318-23 (2).txt,318-23,2023,6396e15b746cf3d92c4e348ac33facaaa106c2cc9bdb48e8656732d8b7cf17b5,included,,2023/Ordinance No. 0318-23 (2).txt,9f6104be031533a541cac66f22edb25cfaef7ce28e0c3990c83657ce466cba11,2023,user_verified_folder
2021/Ordinance No. 0619-21.txt,619-21,2021,1d8e7e66463d477a6b86d52753ced3c3da2669773fc0cca5b7ed57cf7d17a836,included,,2021/Ordinance No. 0619-21.txt,9f69d7066f262cd146cabb9159e3b0d4ea50b93249d2a5f6d317faffb4b5d78b,2021,user_verified_folder
2021/Ordinance No. 0543-21.txt,543-21,2021,1d05c565e961a2ac61cbf84ab43681555e8af9bd91a663867cb6e90c4d73636c,included,,2021/Ordinance No. 0543-21.txt,9f8f3ab656f48cfa1d90d264b476ed6879cefb0045e42e4feca0b92c18496a35,2021,user_verified_folder
2022/Ordinance No. 0122-22.txt,122-22,2022,40855b77420749be0c8a4a408c83dbf5c16eed35efe2509b760b7de2685058db,included,,2022/Ordinance No. 0122-22.txt,9f980f7b5b97c7f2713f3f6fee29bed41b2c11f4191b91666d6b9398964a274a,2022,user_verified_folder
2018/Ordinance No. 0429-18.txt,429-18,2018,f8fb0ad397f89a2b604ef6a1a8b21daa473416573341f7ca9617052191ff72c8,included,,2018/Ordinance No. 0429-18.txt,9fc64df86faee467edf0b3a62e194ed082d364ee7e2712fa757e84391482e210,2018,user_verified_folder
2021/Ordinance No. 0651-21.txt,651-21,2021,354cba47ab7a5ac74ed16c7bc6ffb9d2dfee22e91caf549ff29a54dd606418cb,included,,2021/Ordinance No. 0651-21.txt,9ffb2979688a26bf67b46d2afdcd60f301a856429f8bed1166383f35ec1a57b2,2021,user_verified_folder
2022/Ordinance No. 0115-22.txt,115-22,2022,fe62bd95d776e6e4441a1a4290a1d29008978c68f619414600ca6077d6b37558,included,,2022/Ordinance No. 0115-22.txt,a003e7b67f1fddc922b93b49768e8c0f439c95c5117cc2eeff34390430107510,2022,user_verified_folder
2018/Ordinance No. 0520-18.txt,520-18,2018,4790cd6c75b857488b5d92341b8eb2a339a368b5ac911f9a92f7419af27a67fc,included,,2018/Ordinance No. 0520-18.txt,a067ee9045b49d373bc758caf2a3d1aaabd3dc194579f885af3ca1c557ae9069,2018,user_verified_folder
2023/Ordinance No. 0256-23 Renewal of Contract of Lease MDDC (2).txt,256-23,2023,53bbc8e9e0c54275a2a41c3eea868519016e81f9a4087eb9a730cea84ca3024b,included,,2023/Ordinance No. 0256-23 Renewal of Contract of Lease MDDC (2).txt,a0fbbe482a58959268b395af8d6e40c4646aa34cc168cbea21009cc137192116,2023,user_verified_folder
2019/Ordinance No. 033-19 (1).txt,33-19,2019,98bb30361b8f0b6dbfa996c3e061dba390108164f05d7f9b0acfb27d0f289441,included,,2019/Ordinance No. 033-19 (1).txt,a13e32a27723e9de415a2869584bb2d7e711c3324deecaa6364f01c07f627ee4,2019,user_verified_folder
2019/Ordinance No. 0699-19 (1).txt,699-19,2019,a75eb9156d283753b6f3710ab6c63dd80f235c92600fc02fe1e2deb0f9891b9b,included,,2019/Ordinance No. 0699-19 (1).txt,a145cb7b311222c30d06a95cd5b36aa5c65699209f32c998c8ee3cf1e5a512e6,2019,user_verified_folder
2021/Ordinance No. 0548-21.txt,548-21,2021,a931fc987f63918947865ef8605ded54460b984ce2b0517fe27ad0944792ea7d,included,,2021/Ordinance No. 0548-21.txt,a1921bebe3fc2beb8b3ca164c1c5092ddacd6b39823718bd81076c4c63bcb328,2021,user_verified_folder
2021/Ordinance No. 0640-21.txt,640-21,2021,ad48f944d4e1c6f0b18ef859e7ce274c8bda885388da2cae8b66e2e85a0ceea3,included,,2021/Ordinance No. 0640-21.txt,a1ca1ba3e3b21d2bd471b98139b53ccbc89c5c429b81b9232f4e54ddf8b75b28,2021,user_verified_folder
"2024/Ordinance No. 0432-24 -Loan Agreement, King Coop (1).txt",432-24,2024,47e901522c97680a40d95e98d89b4539e0dd2531b023fc48ce64166c4ee647a4,included,,"2024/Ordinance No. 0432-24 -Loan Agreement, King Coop (1).txt",a1e30773dbed200ab2993bd1dc0d78150ffb511a8f9acd3842ca25ecd25c9b16,2024,user_verified_folder
2022/Ordinance No. 0112-22.txt,112-22,2022,de4a70b7c7e76a285c715fabf1792994ab13da3fd2ad145c195b85bbde68f4a6,included,,2022/Ordinance No. 0112-22.txt,a1e5119f3d45b129fc8143f296a5919f653717f1b96d63d4c022eefd97b293e8,2022,user_verified_folder
2019/Ordinance No. 0768-19 (1).txt,768-19,2019,c7f2fafc988a6b6245d582d291f19f107abfcc3fadf60a6fdb43488fc7856b12,included,,2019/Ordinance No. 0768-19 (1).txt,a2164138b1d34817d3803bf4de5b4fae84a6fe37e12c03fdcef05c72e95b6cc1,2019,user_verified_folder
2024/Ordinance No. 0430-24 Loan Agreement Phil. Diesel Calibration Coop (1).txt,430-24,2024,b0a88491a3e7856fd934c57c7f48799fb6b77a135a9566f0e13cd500dd63599e,included,,2024/Ordinance No. 0430-24 Loan Agreement Phil. Diesel Calibration Coop (1).txt,a25d26f50ccaeeb7a4940ddfb39490c5ec6bcb89e4a4e739755d07c544d29118,2024,user_verified_folder
2023/Ordinance No. 0333-23 (2).txt,333-23,2023,243e00285adf78b8c941edcb928fb7aadc1c89caed9f96ecc87171005c2f631c,included,,2023/Ordinance No. 0333-23 (2).txt,a28224aee20a4033b34313c355046a322fe536757488cde9201a2adce8cc05fd,2023,user_verified_folder
2019/Ordinance No. 0146-19 (1).txt,146-19,2019,c2987cb942706ee75d521f129625acf64a52328bbdb025449bf96ffaea7d9f2c,included,,2019/Ordinance No. 0146-19 (1).txt,a2a4733240b541f781a9de09f41396023e2b972b8b905dbd567a0f965199a36f,2019,user_verified_folder
2022/Ordinance No. 065-22.txt,65-22,2022,57587e39a607cbdb89acee175d99b0a05e344bd929af22ac643812f14e2d9ff1,included,,2022/Ordinance No. 065-22.txt,a2a6603f4044284d0bd5edd9cd4b1fefbd40ef44470bf6ce06c34eef7fcbda40,2022,user_verified_folder
2019/Ordinance No. 049-19 (1).txt,49-19,2019,aa89a805b34cb22e314a2372dc8f1c7a5df302695cd1ac368f2be1c8cf0d4edd,included,,2019/Ordinance No. 049-19 (1).txt,a2be183e682cd545b7e1110dbf80287b60f3e9542f0056cc10c0e455b25b6b40,2019,user_verified_folder
2023/Ordinance No. 0334-23 (2).txt,334-23,2023,8a7ca309bb3137eeabd7009366d120cb673bf9ec9c3d0f10c308dba30be3cb74,included,,2023/Ordinance No. 0334-23 (2).txt,a31f8415195be25c80d8ed57f141330758e47cf4f5eb8ec6b97e6c1be14e9894,2023,user_verified_folder
2022/Ordinance No. 000886-22.txt,886-22,2022,b60cd18e74e6e30ce8216fdf7a8151ed02870cd8514627d05baaa5e01ec239dc,included,,2022/Ordinance No. 000886-22.txt,a35faf20a69cb04698ee72556536735086932892572c49d36aaa42168e8812c6,2022,user_verified_folder
2022/Ordinance No. 0886-22.txt,886-22,2022,b60cd18e74e6e30ce8216fdf7a8151ed02870cd8514627d05baaa5e01ec239dc,duplicate_copy,,2022/Ordinance No. 000886-22.txt,a35faf20a69cb04698ee72556536735086932892572c49d36aaa42168e8812c6,2022,user_verified_folder
2022/Ordinance No. 009-22.txt,9-22,2022,cfd44ace73ebb1797d7e2bb953429c5fd4bc9190ade09929a0ed1f3fcad7483a,included,,2022/Ordinance No. 009-22.txt,a3711a1cc2bc67d21cb2618258461de7fda982a9fa0856965d511353a1bdb1ed,2022,user_verified_folder
2016/Ordinance No. 0548-16.txt,548-16,2016,7ca435a2822f0b5643d5382f57d6c0516eb51dda79649729854625846d605e2a,included,,2016/Ordinance No. 0548-16.txt,a3773cd87dea6b6884644f791a948a28bd30bfea0a328c1c47259fd59eaeaf8a,2016,user_verified_folder
2022/Ordinance No. 0107-22.txt,107-22,2022,3e7add6506cf66c833a424b3356989fa518664dd2f07a6bcc6e61b3933167910,included,,2022/Ordinance No. 0107-22.txt,a379041d42cb1dedab38145f34a2cb706712879d07c1d9118822319fb4aa8d06,2022,user_verified_folder
2018/Ordinance No. 0625-18.txt,625-18,2018,d53eb7a8f662a3f64c275f9b6f9fac7bb41401a8c7631ac65995e673cc51ee80,included,,2018/Ordinance No. 0625-18.txt,a3ab8ac1a2d1db124cf5305f368eef1312684c1b19c677482621fc7f7c5c85d1,2018,user_verified_folder
2019/Ordinance No. 0110-19 (1).txt,110-19,2019,1736f5cabdf749969ab120f3c987e09aaf65e2d1dccb2bdfb279b9707e366e5a,included,,2019/Ordinance No. 0110-19 (1).txt,a3b1ec58421b7b276540b16b849987eef7c5412121e45d5b065f062f9d6006a4,2019,user_verified_folder
2019/Ordinance No. 0681-19 (1).txt,681-19,2019,8038f10753eceedd850ce3726c8cb74d5320c8cd4b6edf87ca72e456d5aa9d4b,included,,2019/Ordinance No. 0681-19 (1).txt,a408e27c44ed56d16f3f9cdcc6b6098d3bdd2e323b47cafdc7119a7bdaf7876c,2019,user_verified_folder
2023/Ordinance No. 000147-23 (2).txt,147-23,2023,9bdeb4f7822bd8de9666acb1acbc3524882a50ad58e4bbba8bb3a6bc35ce4a0f,included,,2023/Ordinance No. 000147-23 (2).txt,a40dfe54ebd57e36e38778abaf60bb58fa072e73aa24a59368f94dfdbe8e15bb,2023,user_verified_folder
2019/Ordinance No. 016-19 (1).txt,16-19,2019,33a0f472b1fc96aaee49a4931302eaa651252e54f62fffda1554dc0093eb4195,included,,2019/Ordinance No. 016-19 (1).txt,a41ed0654c4498721323449c148333a1bfdceba2994f1ddda99c3c9eb31bbf3f,2019,user_verified_folder
2024/Ordinance No. 0391-24 Renewal of Contract of Lease Frontmovers Logistics Company (1).txt,391-24,2024,ba7b7c554e384908c0699efa08b2ca371c25ba1bd3b0380e6a971fee38613b7c,included,,2024/Ordinance No. 0391-24 Renewal of Contract of Lease Frontmovers Logistics Company (1).txt,a45df289e3b1fd9f546163c3b02c188856c2f2b2f7d8e1631348e9d3ac1eca53,2024,user_verified_folder
2024/Ordinance No. 0625-24 Exemption from Special Permit Fees (1).txt,625-24,2024,832950fe331461b5d5553b4e426b9d3acf547582d6b380ead1eefd3b49465220,included,,2024/Ordinance No. 0625-24 Exemption from Special Permit Fees (1).txt,a476ad05ed81c6e777049780b626f65ce77dcc52d3516bd5fdaee3826b20e838,2024,user_verified_folder
2022/Ordinance No. 0101-22 (Paleng-QR Ph).txt,101-22,2022,15aff176c0bfc8a230853e2642421706c6547a3e27977e03869ea5ebf89b9409,included,,2022/Ordinance No. 0101-22 (Paleng-QR Ph).txt,a4b62847b0e37e49c9754917545f179d1a924fda02869e1db6e5e09f92569047,2022,user_verified_folder
2022/Ordinance No. 055-22.txt,55-22,2022,669ef3413b8f7c9b465155d5e44dca76087e745d800ad59f6345a56e8088e4bb,included,,2022/Ordinance No. 055-22.txt,a4d9183dcdbee322b8a1fdc32d2016569c5196bf449239fb9a5fbea86ae488b9,2022,user_verified_folder
2022/Ordinance No. 000003-22.txt,3-22,2022,013ac20862e9d53f72f9fe9be2895b759ef2b91d3c95f65f528e1ac3c2d81aa3,included,,2022/Ordinance No. 000003-22.txt,a4f0b58ead42ef79d02c0cfa08eb94c8990cbc00c9f84f84be0c1fb53cd59258,2022,user_verified_folder
2021/Ordinance No. 000713-21.txt,713-21,2021,8fcd1c4cecb46940b6b70628fec3faa52e90334a391c49a78f755363d7aac45b,included,,2021/Ordinance No. 000713-21.txt,a51a0c772a0c0144425363c16acd4cd27ffe7b746aa2c5c535d0be1cff5d68e4,2021,user_verified_folder
2022/Ordinance No. 0126-22.txt,126-22,2022,0a4c27099ea07dc8746ab00e513cafb7e765888f889ed88636883e9d762c58c3,included,,2022/Ordinance No. 0126-22.txt,a53dde30687ad1f7cb95120aec74efc631ae556958f98bfc77eed4ccbbe86bfa,2022,user_verified_folder
2021/Ordinance No. 000724-21.txt,724-21,2021,12f3188302266e28bead79e0f65fef4d489dbe5ef3a3e61ac6f0dc488c15e9ba,included,,2021/Ordinance No. 000724-21.txt,a53eb522d26d9dc02c1eb69728336dd840dfd5bb5ca9e1141b27811f4ed19ded,2021,user_verified_folder
2022/Ordinance No. 000902-22.txt,902-22,2022,3a2280cf49c96eb712983c442c1a6062c18bddcaa02464d44baac255ca0fdfa7,included,,2022/Ordinance No. 000902-22.txt,a572fe9e5bf39373cf867b0ed74eb27dbb2d9bb9f191e607beaa373bc6ce4de3,2022,user_verified_folder
2022/Ordinance No. 0902-22 (Amend Prohibit Astray Dogs).txt,902-22,2022,3a2280cf49c96eb712983c442c1a6062c18bddcaa02464d44baac255ca0fdfa7,duplicate_copy,,2022/Ordinance No. 000902-22.txt,a572fe9e5bf39373cf867b0ed74eb27dbb2d9bb9f191e607beaa373bc6ce4de3,2022,user_verified_folder
2016/Ordinance No. 087-16.txt,87-16,2016,a0c7f019d5322a0972375663efb4889dd6eb48481aa75b28a6a8dc8c50aca3de,included,,2016/Ordinance No. 087-16.txt,a5a8aa36128f1f4d556b3c55cb1fc808a302533dd88e2649cf6ee94e64ca68f1,2016,user_verified_folder
2021/Ordinance No. 000833-21.txt,833-21,2021,c7efc6e91f5326f3fcd5db7eca40fd4446f621f64bb98d08f44dfa31a3b6a286,included,,2021/Ordinance No. 000833-21.txt,a5b0c5e266a2be3f03040e386aeec71eb4cec0dd3a8a8f9487c46799ef1392c0,2021,user_verified_folder
2017/Ordinance No. 0303-17.txt,303-17,2017,1c413ca9bfe7479b619a95dbf058075886d2e75a9191bfe968f7958f5483947a,included,,2017/Ordinance No. 0303-17.txt,a5c03e6694913d3a1557050263918700c4b8c9a7f61dc33b3189820a1af31fe4,2017,user_verified_folder
"2024/Ordinance No. 0672-24 QRF Cuenca, Batangas (1).txt",672-24,2024,8c56e232f056da021bb0b5b027c021f7c2022cf8d6e65033409174bb0dc6a3a3,included,,"2024/Ordinance No. 0672-24 QRF Cuenca, Batangas (1).txt",a5e03a0a3f1bbb3431fb23ecbb354566842376cdf74da148743da8c7e8299e88,2024,user_verified_folder
2018/Ordinance No. 0570-18.txt,570-18,2018,3dd331608cc0892d425a978cab12f5f9a1f21740b63bad372a0f6011230f893a,included,,2018/Ordinance No. 0570-18.txt,a5e8ad20262517e6893a2243841844695a80a5a9fa2446b4fd170f3f8624cc52,2018,user_verified_folder
2020/Ordinance No. 0256-20.txt,256-20,2020,a739ceaf6997445f51bdfe3cba3dfd7d25ad02c9f1d703f06f799d11f6086c75,included,,2020/Ordinance No. 0256-20.txt,a5ea3067ffa6400b670804d28d5ccf4aa3622c0c109636782d698dfa724108f7,2020,user_verified_folder
2017/Ordinance No. 0194-17.txt,194-17,2017,2a60d449487d45d1949482eb4e0081534174de607e159805bdf63736de5d2e9b,included,,2017/Ordinance No. 0194-17.txt,a5f1aee68d2cdec96b16ec67f602a5dfc68eb62eedb84d50fd9919d7299a283e,2017,user_verified_folder
2024/Ordinance No. 0510-24 Addendum to the DOAS R. Capote (1).txt,510-24,2024,06582214722491988d9363c3b9d70c566cb6b3572d666f734078d9cf5330ef92,included,,2024/Ordinance No. 0510-24 Addendum to the DOAS R. Capote (1).txt,a6155ed0b9111844b2b9bb137378e7c7ce406cf84dcf4291e36b3d7e105c26d7,2024,user_verified_folder
2021/Ordinance No. 000827-21.txt,827-21,2021,de04283820cbf63df531b38ce7f8fd0960655783dee35392f35b8ab23d96fe50,included,,2021/Ordinance No. 000827-21.txt,a647721498f53ba1c69bcc0519e1bbac3319aeff217c9c23978faaa660e05f35,2021,user_verified_folder
2022/Ordinance No. 0118-22.txt,118-22,2022,d1777f7a3b9e25c6e613a332f34d4ecb00c066173e771574208bf0381086dd5c,included,,2022/Ordinance No. 0118-22.txt,a64f01d1629801ed65e14cbb9632fccfb40c7df4c19b1dbe826110b0e08bcaac,2022,user_verified_folder
2023/Ordinance No. 0351-23 (2024 Annual Budget) (2).txt,351-23,2023,313e18db0ecbbe1b55d52aa9a69da9e783799de691edeac470d5f7e5d62ae381,included,,2023/Ordinance No. 0351-23 (2024 Annual Budget) (2).txt,a67278607541487cece7e3e61911ce79387f4d3fdb2fd1673d3666abbeebdb65,2023,user_verified_folder
2022/Ordinance No. 038-22.txt,38-22,2022,7ba0cbbbd7d42e2248f12b475a96e75f81d531c34da432837cde99742beb58d8,included,,2022/Ordinance No. 038-22.txt,a68108bb1977396e5a9975994ec2bab256927dbb9fb6ce3b5d6651a25a75f925,2022,user_verified_folder
"2024/Ordinance No. 0471-24 Deed of Sale, A. Ibañez, I. Estrada (1).txt",471-24,2024,fa155a993ff8c71305ee18bb31c264a876973aae7726c830792b57dd3cc91f93,included,,"2024/Ordinance No. 0471-24 Deed of Sale, A. Ibañez, I. Estrada (1).txt",a68f249fd96f75ba651d1bebf5d0feaba36331bc7a2ad548f833f782ffb805d3,2024,user_verified_folder
2019/Ordinance No. 054-19 (1).txt,54-19,2019,49638965d0b77e0cec71f9060b584fec7782a0b11515f727c2daf9dd41ca1875,included,,2019/Ordinance No. 054-19 (1).txt,a6d47dffe2086f4c3d75c3048bef46f6fa8dcd1b981ee84884c94d628717b0d4,2019,user_verified_folder
2017/Ordinance No. 0271-17.txt,271-17,2017,28a6812cf6f723d403c15405084f61f43a7b5bb570efc38932a54f30efadb158,included,,2017/Ordinance No. 0271-17.txt,a7152a279b964b15231707146ae10c65223058ceb4a78b8cb038c10e8aba5545,2017,user_verified_folder
2025/Ordinance No. 0741-25.txt,741-25,2025,c49b33d2c7d7d0d31a4cfb46ba28cbb281f46ab16a41933d48d0d8c8dd6dec15,included,,2025/Ordinance No. 0741-25.txt,a72816b5594a08611c9b455c2f51e4739afa3aabbc5945f048a698b0a672c801,2025,user_verified_folder
2021/Ordinance No. 000734-21.txt,734-21,2021,36f4322488e49c64d94381eb1688e207003c03b0e7e9004520fbaa0f31a421ed,included,,2021/Ordinance No. 000734-21.txt,a75bef9ccf69ce0f4c70bb0188bbfa2f88657523532b594433607a113004181a,2021,user_verified_folder
2022/Ordinance No. 01000-22.txt,1000-22,2022,64421da33ebf9d6a6e8fa0922e10c8350454bf5284c5faec0a1d5cc072dea84b,included,,2022/Ordinance No. 01000-22.txt,a7684f78aafef0a21da320031322af343a9a4d35de966e30fd6514c354328bd2,2022,user_verified_folder
2020/Ordinance No. 0281-20.txt,281-20,2020,4694bf99379a22c999f5a36c564852481804843cab747d46863a8e5711f2e689,included,,2020/Ordinance No. 0281-20.txt,a771b8db85685c1dbe08f5f1f68f4b39f3f9bed9c820bb65bc0664665f9cbf70,2020,user_verified_folder
2016/Ordinance No. 042-16.txt,42-16,2016,940ca4ef79c39242f67961a83380aa42034fe343ea97f265514ec990e09f107c,included,,2016/Ordinance No. 042-16.txt,a7be214eeaa70b9dc688473c37242bea6e6cc5ff2b7576ff6bfad01aa80331e7,2016,user_verified_folder
2022/Ordinance No. 069-22.txt,69-22,2022,ae4a4fa1ef442a995366dd9b7aab90c79768a00194bd90dbf19900c5a75a1095,included,,2022/Ordinance No. 069-22.txt,a7c354bd8dfeebd51e7f3a340aa8f63f817915da4451446810c1fc58d00a1764,2022,user_verified_folder
2021/Ordinance No. 0468-21.txt,468-21,2021,11171048291beb916fc646b7474dbb8885ed5174f7ffb8a54e1bc9076498d63a,included,,2021/Ordinance No. 0468-21.txt,a81a79c3f65c1a7fe47ac04c5ff5584611568998c9539315d5ca918264c5b196,2021,user_verified_folder
2019/Ordinance No. 0738-19 (1).txt,738-19,2019,c3945edfa80266260b828ec3cc86c219f11acc511300f01f67501b12d904f764,included,,2019/Ordinance No. 0738-19 (1).txt,a839a91dc0e38bf78d1be918adb2ea0f08c4a0f2954062fea3098611fd2eb17f,2019,user_verified_folder
"2024/Ordinance No. 0688-24 QRF Batangas, Batangas (1).txt",688-24,2024,c1b836f0de74a91b57be18086ccf299007842b391b920241269c9b5d1188def6,included,,"2024/Ordinance No. 0688-24 QRF Batangas, Batangas (1).txt",a852f351e520bef5b184abb0719cd6b438e50cd8c781d2e25addfb4d7f125e92,2024,user_verified_folder
"2024/Ordinance No. 0688-24 QRF Batangas, Batangas - Copy (1).txt",688-24,2024,c1b836f0de74a91b57be18086ccf299007842b391b920241269c9b5d1188def6,duplicate_copy,,"2024/Ordinance No. 0688-24 QRF Batangas, Batangas (1).txt",a852f351e520bef5b184abb0719cd6b438e50cd8c781d2e25addfb4d7f125e92,2024,user_verified_folder
2020/Ordinance No. 0307-20.txt,307-20,2020,7e527050a39396c740d1727e98ea9872691da8dffe6a3ab8c7891fddf26fafb1,included,,2020/Ordinance No. 0307-20.txt,a859ac4b8929222e4f6dcbe84e1e2b7334b841ce2e1d8b466ab790dd6f741073,2020,user_verified_folder
2023/Ordinance No. 0293-23 (2).txt,293-23,2023,e1a9a37dbb88c931dbcc257511738a8b2f85858d1c30362fe5fda993724ea9c5,included,,2023/Ordinance No. 0293-23 (2).txt,a862577cda7b4060d94c8b8dc0a6cf0df72f454c441674cefc125372959b60b3,2023,user_verified_folder
2025/Ordinance No. 0783-25.txt,783-25,2025,c1a9748e05486c9c86e5e6c2359acc233b200ad69bfdc525e35f38556aad4944,included,,2025/Ordinance No. 0783-25.txt,a8adfc354f07f41036d2e88b8bbfefbdcfd5a50f9d7874f55059d24f2aa1855e,2025,user_verified_folder
2021/Ordinance No. 0521-21.txt,521-21,2021,af70546fc6d524ccd728d0361be593b15f9d5f8965d2e52b8d6315b6c137322f,included,,2021/Ordinance No. 0521-21.txt,a8e0cc6cbc8549e75d666b38a2a4fbf0f06a136eb4705882e47b39c72730ef02,2021,user_verified_folder
2021/Ordinance No. 000696-21.txt,696-21,2021,b6025a989873d59dd168a701c29cfeb8725311cec4219047d56d1cddb12857cf,included,,2021/Ordinance No. 000696-21.txt,a8e35e7b227e4e37f53acbe6ab894b76e8bfe258f19f10c64bfbec879de9d7fb,2021,user_verified_folder
2022/Ordinance No. 000935-22.txt,935-22,2022,d2dd8bc0897b06552d2dc437662cd46ca99925861d190ea4e6389aa79780c11f,included,,2022/Ordinance No. 000935-22.txt,a9513cb7c31d794b1a0bb9661066db74a7bbf25f23243be43284c29150d67ae5,2022,user_verified_folder
2022/Ordinance No. 0935-22.txt,935-22,2022,d2dd8bc0897b06552d2dc437662cd46ca99925861d190ea4e6389aa79780c11f,duplicate_copy,,2022/Ordinance No. 000935-22.txt,a9513cb7c31d794b1a0bb9661066db74a7bbf25f23243be43284c29150d67ae5,2022,user_verified_folder
2019/Ordinance No. 006-19 (1).txt,6-19,2019,3b040122a20872c594655e2ee27208ada43ba00854f2aee60e503f8fa675489f,included,,2019/Ordinance No. 006-19 (1).txt,a964f29da2e1b3a576628f18605ab173416c018c2f2e52c6de124e16016798e3,2019,user_verified_folder
2017/Ordinance No. 0164-17.txt,164-17,2017,daff6625881d8d3def238a14126b218fa2e704305063e1f29091c2eb5641a088,included,,2017/Ordinance No. 0164-17.txt,a98f988ee56a4eb67ec38052088f7d9254de9b838babf5d04fa4b4ab36372794,2017,user_verified_folder
2018/Ordinance No. 0607-18.txt,607-18,2018,c83c5f6ffd09aa5a93ffb97c1a1844bcecbd8e134c8779d1691d5456d82b0174,included,,2018/Ordinance No. 0607-18.txt,a995b1378adbbb39d8beac178365144bc08a6619abf7f1763242cab627ce25c6,2018,user_verified_folder
2016/Ordinance No. 053-16.txt,53-16,2016,e02a17eeaa6c882b9feaea1dded76ca8bcf7dc648b9627ac953e1a20f86136fa,included,,2016/Ordinance No. 053-16.txt,a9a1cc3e92938c7e2a8f065150c9ee42c89e91fa0b5a5328b46f1bc836507c80,2016,user_verified_folder
2018/Ordinance No. 0589-18.txt,589-18,2018,02f834ec309cb20457bcb386185be7b9a9a728110d2e22925999ad50887f1bb0,included,,2018/Ordinance No. 0589-18.txt,a9a9b5d3bac849beee0edd3d025e7ab9c1b07db51aad706a1ef72ae6403c8b10,2018,user_verified_folder
2024/Ordinance No. 0717-24 (1).txt,717-24,2024,a7ad10b328c6230d4496022d4ecd968466b236963477378150e4041f10e42be0,included,,2024/Ordinance No. 0717-24 (1).txt,aa023be0c101e7c58426f8858971778d9db1aa0acb8941c6bcde67c1aa033cd5,2024,user_verified_folder
2019/Ordinance No. 085-19 (1).txt,85-19,2019,c61b6e869a0bcb0c70ec7bea610ddcaea4a27f8d1d2263c9da06dcefaa80256c,included,,2019/Ordinance No. 085-19 (1).txt,aa1cef7982b4c21f6abb7b1133be4a9f037b08e504375e2b7326e40d5f2de975,2019,user_verified_folder
2019/Ordinance No. 0139-19 (1).txt,139-19,2019,1487ab8ec0c432df4d703d3f4397c8f32b2aa3e44698acd3e8aa4db6dfec0d30,included,,2019/Ordinance No. 0139-19 (1).txt,aa1e28e2fff42d7d5246a2a537e87eb8ea1a93d6fecc92bc67be6f52915a2269,2019,user_verified_folder
2018/Ordinance No. 0648-18.txt,648-18,2018,51f7b9c9a973ae1a12f726fe7344825b313798c2ff1728917e3d6f8ed141f0be,duplicate_copy,,2019/Ordinance No. 0648-18.txt,aa26f0c4063f13b781eba55f48c8de23d5ce26537f4de71554ab1c08afc4c730,2019,human_year_override
2019/Ordinance No. 0648-18.txt,648-18,2019,51f7b9c9a973ae1a12f726fe7344825b313798c2ff1728917e3d6f8ed141f0be,included,,2019/Ordinance No. 0648-18.txt,aa26f0c4063f13b781eba55f48c8de23d5ce26537f4de71554ab1c08afc4c730,2019,human_year_override
2017/Ordinance No. 0175-17.txt,175-17,2017,dcac2d482cfd8f36e920844015b4e79d0b189084210a6bcf309d0d26c393a659,included,,2017/Ordinance No. 0175-17.txt,aa270dc1ca94068c3fe800518b7ad1213f512eccb12590484c4d69f6f24dfc9f,2017,user_verified_folder
2022/Ordinance No. 000031-22.txt,31-22,2022,adcd697334958441a0d10817b4e1602b2ea4dfe9d2d6467efcb0b6a0abbce142,included,,2022/Ordinance No. 000031-22.txt,aa47d24e3938420151181011d53cff1c65a1410a3bcdc9430f9443a81791676a,2022,user_verified_folder
2021/Ordinance No. 0614-21.txt,614-21,2021,af01cda02136a1abcd18cac569db8ab26299adbd14b9694fd92001aa1bd96b1c,included,,2021/Ordinance No. 0614-21.txt,aa4aa8e1c0e99d7c839dd8cd662ee64f26e8e3dcd3192e2bdfeb723cebd7b25c,2021,user_verified_folder
2019/Ordinance No. 0785-19 (1).txt,785-19,2019,e2355a3ed63b99c633a0fdabebd3ea10b160aadb80e05a6df5cbc4d59066e7a7,included,,2019/Ordinance No. 0785-19 (1).txt,aa4fcc965c7afab61e032676c782719abce2e2a03bbfd5a8c82c0b3a8a4d8525,2019,user_verified_folder
2017/Ordinance No. 0301-17.txt,301-17,2017,ad0a786e5ca97a716fe5662041a657976e64d001276d6ddb2ce9c9c130f774a8,included,,2017/Ordinance No. 0301-17.txt,aa65a49a93bc71dc590373e68c96f80de3adc2594ff7f52ad89b89f635251b9b,2017,user_verified_folder
2018/Ordinance No. 0445-18.txt,445-18,2018,2cdcbd93039f7084d2ee4bdcbf5fc08a3561b13949d06a87bc9f999f024753be,included,,2018/Ordinance No. 0445-18.txt,aa9905012d3645e86f88db4927af180c7d0dbcb104e22810a5143e7f9340ecbc,2018,user_verified_folder
2018/Ordinance No. 0581-18.txt,581-18,2018,91d4eb6d4d7ccb4055889fad5f2f03a01938a007e062fad218edc8de182e4a66,included,,2018/Ordinance No. 0581-18.txt,aaa8e5b463cb1fa67f9c3cd813a2aeeaf6cc1f153cd1337ba250f98774681163,2018,user_verified_folder
2017/Ordinance No. 0252-17.txt,252-17,2017,f8b3f0c13164f9128a96c881641b137d31cb747aa8a7d592df2ee441d6fc11d4,included,,2017/Ordinance No. 0252-17.txt,aaada84e947faf561a642d8987c49da825cf6b106541e65a27bb0a80ff26272c,2017,user_verified_folder
2017/Ordinance No. 0320-17.txt,320-17,2017,bf904b066f8538a9db9b13b50b6b8c94b7e798d4a8ee3de81802c183ae700ff4,duplicate_copy,,2018/Ordinance No. 0320-17.txt,aabb10e040fa5dedafe919284196d6a71d3bd4eae212d736915943c43f0e54e5,2018,human_year_override
2018/Ordinance No. 0320-17.txt,320-17,2018,bf904b066f8538a9db9b13b50b6b8c94b7e798d4a8ee3de81802c183ae700ff4,included,,2018/Ordinance No. 0320-17.txt,aabb10e040fa5dedafe919284196d6a71d3bd4eae212d736915943c43f0e54e5,2018,human_year_override
2022/Ordinance No. 000885-22.txt,885-22,2022,e1a0a69ce6b3c2749b81fb69daf0f3fbb472e9efd1ff144d16a929f7abefe044,included,,2022/Ordinance No. 000885-22.txt,aad7953c520a91b40ebb1e3780cced4af917ba87dcdc64e81fd3a2a44a848af8,2022,user_verified_folder
2022/Ordinance No. 0885-22.txt,885-22,2022,e1a0a69ce6b3c2749b81fb69daf0f3fbb472e9efd1ff144d16a929f7abefe044,duplicate_copy,,2022/Ordinance No. 000885-22.txt,aad7953c520a91b40ebb1e3780cced4af917ba87dcdc64e81fd3a2a44a848af8,2022,user_verified_folder
2024/Ordinance No. 0563-24 DOD 8990 Housing Deca Prime Tacunan (1).txt,563-24,2024,135caf6e257d53ca3e8f1d7fb407a7ed385e0b830487d3d8abe512c55888c489,included,,2024/Ordinance No. 0563-24 DOD 8990 Housing Deca Prime Tacunan (1).txt,aae34c57d11c435bcc81bb1db72bc53f8374bcfba2df2c3301bd62033f141996,2024,user_verified_folder
2019/Ordinance No. 0693-19 (1).txt,693-19,2019,d4a0cd6e64d10e969b40682128041df3aa403f502d193eb643789496e628d757,included,,2019/Ordinance No. 0693-19 (1).txt,aafabc3288d15a9a583d7d26de3803ae5ab5be6d677f1d8ac63f81d06d3d78b6,2019,user_verified_folder
2021/Ordinance No. 0645-21.txt,645-21,2021,f200122b45fc704f133eed37b4b7d9cd5090050ee4f8a53fc11a12b2f7b7f06b,included,,2021/Ordinance No. 0645-21.txt,ab02bc32e696281a8e302b174a9af7737858c9d1d06b19d9eee5f7d853bb262a,2021,user_verified_folder
2024/Ordinance No. 0608-24 QRF Malabon City (1).txt,608-24,2024,ae89faef758132e3c10ada19b93d27971ab910b731af8a894ff74748485b8591,included,,2024/Ordinance No. 0608-24 QRF Malabon City (1).txt,ab20906937fc12642989eb1641a587a00f0835faf7591a102f53e22a1ba275e5,2024,user_verified_folder
2017/Ordinance No. 0357-17.txt,357-17,2017,6f76f3d0d4a56397bb2570c672d285a0f181c780bc4193cbe9dd5307424f8e88,included,,2017/Ordinance No. 0357-17.txt,ab21d25656babca0b8c8915bd16a240d992e7cee19c7a410460a9e63ae2c4261,2017,user_verified_folder
2019/Ordinance No. 0751-19 (1).txt,751-19,2019,eed2153ab99032d9d550d82b0be416367ce9b8b9eefd0a988f345f59a94841c5,included,,2019/Ordinance No. 0751-19 (1).txt,ab24677465ddc3780d366ce028cd6c7a35c5c3cf04998f0d0eb0f44ad8eb472e,2019,user_verified_folder
2018/Ordinance No. 0515-18.txt,515-18,2018,b9884d398ca1f4520d0822ed7c595980edbf7df8d6373bd981ccf43ae5968062,included,,2018/Ordinance No. 0515-18.txt,ab4a900549c77234933e7a5c40b1ffb9b92474125f391223133c34b89565af0f,2018,user_verified_folder
2018/Ordinance No. 0553-18.txt,553-18,2018,cfe25964c1411eb0daae7df65fb8b5b44b997301a472990f77e2e9f56501346b,included,,2018/Ordinance No. 0553-18.txt,ab5e69591e6c709f294840f6192bc6c47907760067d3bb1273ef4217191f4177,2018,user_verified_folder
2016/Ordinance No. 0102-16.txt,102-16,2016,c7a61eacccc018f862d89498b0b6bc514ce099475403ddbc3ad49a2c0432f905,included,,2016/Ordinance No. 0102-16.txt,ab9309d0876ff5c4547771d7728e8780575e7ea5ddc2b51132e0a152015f5bef,2016,user_verified_folder
2022/Ordinance No. 00912-22.txt,912-22,2022,c9fe94bb65b55c12592d5149a83aff18ad5d97ee6228f075290daa4776127414,included,,2022/Ordinance No. 00912-22.txt,ab9a412946b0314d39dc46b69cf1b9115bddf089b158ce55d2899232454f3a5d,2022,user_verified_folder
2017/Ordinance No. 0300-17.txt,300-17,2017,2ba8c9e9eeff029719c440d0b30d0e4cbe37336b15a3b58d3cb56a35508ea31e,included,,2017/Ordinance No. 0300-17.txt,aba243f73b20c0c70e80b29a97f5138bb415e1fe59097e9d5642a149c73922ea,2017,user_verified_folder
2021/Ordinance No. 000801-21.txt,801-21,2021,af600bc812a35feccf877b705af4391e217062789024b54c520fea17a1f98b7f,included,,2021/Ordinance No. 000801-21.txt,aba96b06d6a7ab4d70e84191f05826ee65c12834809507421c5520fa830c070e,2021,user_verified_folder
2019/Ordinance No. 0753-19 (1).txt,753-19,2019,3e266fc29d2af71d849090d06e86d7d27292ecc2f1f2b93dafccab3d253c7fcf,included,,2019/Ordinance No. 0753-19 (1).txt,abb111f20867e6941aea5b242eeabdb9ea2c47e4a35fd637cb4570bcac9e73b2,2019,user_verified_folder
2020/Ordinance No. 0211-20.txt,211-20,2020,1d621d043af8b254a5c0d7e0f9252c00e51627b79ed64126df2e878a7888aca1,included,,2020/Ordinance No. 0211-20.txt,abc5f71106c28de643098d8aa19e0d79d37eff20d53c1cde7a17427686777e75,2020,user_verified_folder
2020/Ordinance No. 0245-20.txt,245-20,2020,32227f7fbf591f0f94302b858f0b08c130a3c3bc2fe3f62fe54c052de5240e71,included,,2020/Ordinance No. 0245-20.txt,abebbe39ac8a0354d04b2e78fd1759ebca7f9face30b5bd33e33b93e2eef8647,2020,user_verified_folder
2016/Ordinance No. 034-16.txt,34-16,2016,6dade37320d392f0fc67b4ac39a06d2a693d1c057425e856c00dabb0e8eafe36,duplicate_copy,,2017/Ordinance No. 034-16.txt,abf46a73a982ba4d882f79d736a6cb2e0e9c57e32fcb6e10616ff9a882c78dbc,2017,human_year_override
2017/Ordinance No. 034-16.txt,34-16,2017,6dade37320d392f0fc67b4ac39a06d2a693d1c057425e856c00dabb0e8eafe36,included,,2017/Ordinance No. 034-16.txt,abf46a73a982ba4d882f79d736a6cb2e0e9c57e32fcb6e10616ff9a882c78dbc,2017,human_year_override
2022/Ordinance No. 004-22.txt,4-22,2022,ca5aa7843ff9d1a7805efdc647323f27ca3dd0604ccfeff93fa3662a53eca858,included,,2022/Ordinance No. 004-22.txt,abfd045b196e12ef75bf9fb881ee0b9eb56a602eec6bd30c545962fc5e8eab31,2022,user_verified_folder
2021/Ordinance No. 0503-21.txt,503-21,2021,21a9039e03f49220f6e779fa5c8385474dc6e5d6e7cc5ac1b78db4430b217e8f,included,,2021/Ordinance No. 0503-21.txt,ac039f7b374289878b1ea319dca2f08e6efe4d00c2c3d5b73ed88b121373688b,2021,user_verified_folder
2018/Ordinance No. 0532-18.txt,532-18,2018,123918cf6407a446753eb6f1d12b4d0c07c0dde3c917ff61fea597055d3f71b9,included,,2018/Ordinance No. 0532-18.txt,ac1f92ab72316245bef8032a8ce43bcd5155ae6f78440cfd6154b4ac954ff4a0,2018,user_verified_folder
2021/Ordinance No. 000818-21.txt,818-21,2021,d3b956f28d9be6d32aad90b8b98e61c10573e5209ed9a839150efe8ee38333af,included,,2021/Ordinance No. 000818-21.txt,ac2878fcc54c1553315f53abcaedae7ded0e88b0ef2bc30acb418857d7772b7b,2021,user_verified_folder
2018/Ordinance No. 0559-18.txt,559-18,2018,54d41175ad6478ff0ffc839ca1e77288c80d605c91c0e2f57654fa5ba5d1df0c,included,,2018/Ordinance No. 0559-18.txt,ac468f915c9e02dc829f95e7490afdeea86f53d4e6fa379d43f11d53cb681454,2018,user_verified_folder
2024/Ordinance No. 0574-24 Disaster Plan (1).txt,574-24,2024,d0c8c2c930670054d1606514a2f89cd9459eb6ef842f960654cd4ea3d3918f9e,included,,2024/Ordinance No. 0574-24 Disaster Plan (1).txt,ac81b94000476e948645d115aac1ca5258fc611c80e8d936eae8028276bd372a,2024,user_verified_folder
2022/Ordinance No. 0117-22.txt,117-22,2022,e899ce56bc994e2130b6c91886ed03961fab78ff44157914b91aaf978947d17f,included,,2022/Ordinance No. 0117-22.txt,acb1f4fd485fd482b33f413a735636930e544b0c5bb776f8e3657ed365512ddf,2022,user_verified_folder
2024/Ordinance No. 0560-24 DOD 8990 Housing  Deca Ph8B Tacunan (1).txt,560-24,2024,847136060eca721a099e9eea4e97690a7620369c66e54890e7f1e4fbc208bc22,included,,2024/Ordinance No. 0560-24 DOD 8990 Housing  Deca Ph8B Tacunan (1).txt,aced8b676f56b86156264e926c72f737859169127783fbf68f4902ad4fb03d52,2024,user_verified_folder
2017/Ordinance No. 0189-17.txt,189-17,2017,6d56b38ede937075aca02c53fae53084c80701714f143dac044cf4b7e64c39c1,included,,2017/Ordinance No. 0189-17.txt,ad09e396e1caa98f48e56e39ac78313adb172e0837b4d0839fff18f3044d4368,2017,user_verified_folder
2020/Ordinance No. 0237-20.txt,237-20,2020,3efc15ff853667c83337af16c1dade79a9b3c86a194972962853ad52548a5533,included,,2020/Ordinance No. 0237-20.txt,ad2771beb94f404ce8b246c2fc388bc37b41a4815906177b67ad629faa1324cc,2020,user_verified_folder
2021/Ordinance No. 0535-21.txt,535-21,2021,5b9cc74216802721d685af42b3a14c32b9613300362ba86c74ef8db03a5863cb,included,,2021/Ordinance No. 0535-21.txt,ad57d2cb2ba4bc29078676cc5d2324250120771214cab801cee847cb3272a781,2021,user_verified_folder
2019/Ordinance No. 0774-19 (1).txt,774-19,2019,33d212ab7a8a3c500cc7ccae4fe1a3420e781e77d6ec5a25f9e672f77d30f66f,included,,2019/Ordinance No. 0774-19 (1).txt,ad609a5fc57654c6e5166369115c4845a97466b2522eb168c47810f777b4b85e,2019,user_verified_folder
2023/Ordinance No. 0379-23 (2).txt,379-23,2023,3aed3c3874a6bc931115dcd0e028f0026fd0ea5815ac6329342826825981e641,included,,2023/Ordinance No. 0379-23 (2).txt,ad98355846b0448fcb5896803b7e293ef15bfa7a6c8d22eaeb8fb691b2d79e01,2023,user_verified_folder
2018/Ordinance No. 0567-18.txt,567-18,2018,0d680f8d4213e5f8a2628ce0a97c1258c79325c1ec367826755566bb31aa88f7,included,,2018/Ordinance No. 0567-18.txt,adb9a91358a9c640cb29abf959c8cd52ac2648e43be3b4efefd55ecfb1da1efc,2018,user_verified_folder
2023/Ordinance No. 0381-23 (2).txt,381-23,2023,6cccb1db34728324c7bbf2e990c55e7c235833104e86ae19575f09ff7037c1b4,included,,2023/Ordinance No. 0381-23 (2).txt,add1d33c9151aee280900a74a461ca93fbd3388289740562392e802e584848c8,2023,user_verified_folder
2018/Ordinance No. 0504-18.txt,504-18,2018,3568fa97df8db752ab301a557c31b27729393546d440832082e72d70a20d7194,included,,2018/Ordinance No. 0504-18.txt,adf358113fa74e4229c20b21dfe0b32cbbeca639bf47ae18cf7626472299e643,2018,user_verified_folder
2016/Ordinance No. 088-16.txt,88-16,2016,4aaec12031af9f0f61f3006a844f7d0150156fb3186b65fcae14a7dd398d1887,included,,2016/Ordinance No. 088-16.txt,ae0b6b3e044ae9bbd68914773021f85dbb161fc60d22bbcb0078a21a40d64819,2016,user_verified_folder
2018/Ordinance No. 0618-18.txt,618-18,2018,c9883f13b9809034ff60b83fa3421679b190732e6b5dde783375d714a1e3e568,included,,2018/Ordinance No. 0618-18.txt,ae266430a83c76a34844b27944b32ee0437ef2da64bfc0e678b68cc8c1354592,2018,user_verified_folder
2018/Ordinance No. 0505-18.txt,505-18,2018,4d1be9d3d694a58706ab0ec2ec1ef4491f103022649649ad6fec6e9799c0e6af,included,,2018/Ordinance No. 0505-18.txt,ae2f275aebe5b627681e18c953404b698150ad6811106f2090de145e9d36882a,2018,user_verified_folder
2017/Ordinance No. 0165-17.txt,165-17,2017,20d2b98af939b00f7662edabe31391cd64b278c1acd417cfb270b60121cde497,included,,2017/Ordinance No. 0165-17.txt,ae387ffbea01f4537a657c21018e915a093a5679b46b4d4d46377d74dfd61084,2017,user_verified_folder
2023/Ordinance No. 0186-23 (2).txt,186-23,2023,cca91717c660475f09f519a8ad86e9ae2e90b9257a93a763b8246b7657796a08,included,,2023/Ordinance No. 0186-23 (2).txt,ae3f0e6d8a20eb950e904110a94cce8783bfcd3fca5e75ee0087234831032565,2023,user_verified_folder
2019/Davao City Forest Land Use Plan (2019-2023) (1).txt,2019-2023,2019,9e10271f02fee94d704fe3a32c01c720d4b48b0f147b4ef36d2af7ccf057db2c,included,,2019/Davao City Forest Land Use Plan (2019-2023) (1).txt,ae58ec9e82c4c806961699fda7dba632c7c2f8e3bb1b47b6402179cf37a2da4c,2019,user_verified_folder
"2025/Ordinance No. 0756-25 Service Contract Agreement, LTFRB et al..txt",756-25,2025,f3dfcb7f6b89d9ff902217bf14453c024b785d6bff7b5ebab69e0d3accf21e47,included,,"2025/Ordinance No. 0756-25 Service Contract Agreement, LTFRB et al..txt",ae67c5dccba1af21847d017e4c02003c523bff4d232a4325112d340296835fbe,2025,user_verified_folder
2023/Ordinance No. 0272-23 (2).txt,272-23,2023,d641921a277a3121157c68446fc599afa95c14fc93bb078b11d94ef9d37ebe10,included,,2023/Ordinance No. 0272-23 (2).txt,aecf23c43e31caade862884ce9d31360e540c93c32e0bf209e4f69b704513da3,2023,user_verified_folder
2023/Ordinance No. 0347-23 (2).txt,347-23,2023,4cd06c68dcf241d54c98bd8987c1528f55d09e3fe08e755ce31fa8be7a735fd9,included,,2023/Ordinance No. 0347-23 (2).txt,aeecfc33225501e071fcf17f5a9a6969063fdc5c84c705d472ea254d67aa39cf,2023,user_verified_folder
2019/Ordinance No. 063-19 (1).txt,63-19,2019,8e0b7813415e71c825ef2d660da0987d66cfa9802fa11178a9d7ef6edb5a2769,duplicate_copy,,2020/Ordinance No. 063-19 (1).txt,aef5b5cd131ca0836abc219692f9bd3beeecacd7641d2671f90e390ffc951bb2,2020,human_year_override
2020/Ordinance No. 063-19 (1).txt,63-19,2020,8e0b7813415e71c825ef2d660da0987d66cfa9802fa11178a9d7ef6edb5a2769,included,,2020/Ordinance No. 063-19 (1).txt,aef5b5cd131ca0836abc219692f9bd3beeecacd7641d2671f90e390ffc951bb2,2020,human_year_override
2024/Ordinance No. 0639-24 MOA BIR RRNo.19 (1).txt,639-24,2024,426460800c54c3aeb6e90aa3230c450de8bf38c3bee752a676b2a1ceb88ea39c,included,,2024/Ordinance No. 0639-24 MOA BIR RRNo.19 (1).txt,af0f7647f7ed3af0b833dbad436a9eba1266792f38c9f4f74a93d1b51d02a9e7,2024,user_verified_folder
2023/Ordinance No. 0364-23 (2).txt,364-23,2023,e8f496029e4b070ab600b64bb7257d3c9e860e2ee1e2c970599f55adbad77f92,included,,2023/Ordinance No. 0364-23 (2).txt,af590184e8c9bdb2573b55e3cfa95b7a5f1faa1b772f81626cede74b20db7240,2023,user_verified_folder
2021/Ordinance No. 000676-21.txt,676-21,2021,b77cb1e59bd04cf408583835b348c1d31303136b156f5c2f72214fa2b41e4334,included,,2021/Ordinance No. 000676-21.txt,af712cccd3cf34eb6c8688b3f0cb2642b88f4ad9188e9d9f93bf027fb052ce3a,2021,user_verified_folder
2023/Ordinance No. 0206-23 MOU creation PIAC (2).txt,206-23,2023,7ca60ac57cb31edae71bc82cbc5fbc00cf39307fa625f00aaf389f04a9af6d75,included,,2023/Ordinance No. 0206-23 MOU creation PIAC (2).txt,b01073dfed8a58c77441e417a26ffc3cb7567e774b4a74855a495df848abbd14,2023,user_verified_folder
"2024/Ordinance No. 0666-24 QRF Virac, Catanduanes (1).txt",666-24,2024,34a249d400019df33739eb3e4117c2255211eae3e537b0bc95fdef72bf201fd7,included,,"2024/Ordinance No. 0666-24 QRF Virac, Catanduanes (1).txt",b05dfcb1012b35a6513e3af248b6ffab6eb9281fec1704a0e1c61e6e9524b024,2024,user_verified_folder
2017/Ordinance No. 0254-17.txt,254-17,2017,845ca1142c3c9357c382dde8c12f873ac5520dd01e5c91fea799e0a0ab4b75f6,included,,2017/Ordinance No. 0254-17.txt,b07047b4d7e65ef2ea0df4debe7f5081e0500e7770635e4f16d9ac8a8f397234,2017,user_verified_folder
2021/Ordinance No. 0589-21.txt,589-21,2021,a6bace139d0bafc77a20a54746add1be17aca13a11cbc8324ab2cbb4a327615d,included,,2021/Ordinance No. 0589-21.txt,b07078831c0fe50728c2e733d8f550e1ac14385ec0e3270f04247f77dbe1f10a,2021,user_verified_folder
2021/Ordinance No. 0585-21.txt,585-21,2021,45d11e4eeeee37a4d0c10cc58778292bdc2ebc955db5707c15b60b61b73c0273,included,,2021/Ordinance No. 0585-21.txt,b07f57413c4b741f76938250b9325284525674aa4b9719e187377817228c5a05,2021,user_verified_folder
2022/Ordinance No. 0109-22.txt,109-22,2022,9f54636c52fc57e2110d35185214a95749cec0b2385c30b79f0e99c1d403d521,included,,2022/Ordinance No. 0109-22.txt,b08405a8822d3a49accf09080cf09bb39b9164c11e303924c421eb0b9e388599,2022,user_verified_folder
2023/Ordinance No. 0222-23 (2).txt,222-23,2023,30dfc582f0165a8d461d99688d5a4c0c69fcd50e4b72d23679558f662532e584,included,,2023/Ordinance No. 0222-23 (2).txt,b0877b035ce7094eba5d7a9eb5ec93bfe60be662215de247e65710eb0f4f523a,2023,user_verified_folder
2021/Ordinance No. 0495-21.txt,495-21,2021,750c5b4e28eb60d68aac1b44fdb74920451887027eb5a3c889ab300c6c044ff1,included,,2021/Ordinance No. 0495-21.txt,b0a3e02f65cbf4cd71878bc467f88d3a5401a9bb1733034593662012c1cf19c6,2021,user_verified_folder
2023/Ordinance No. 0268-23 (2).txt,268-23,2023,798c0fbf66055012ac4abe90aaeefada6c31a5f954bbf5cbe68b59745ce2c508,included,,2023/Ordinance No. 0268-23 (2).txt,b0afa10297b73f57a2e32e92ccda4d9eb81c35acac495ea8a22b51b6403123f1,2023,user_verified_folder
"2024/Ordinance No. 0409-24 -QRF, Davao de Oro (1).txt",409-24,2024,01cc5a661aac1b2c6f4033f1bd723d17ad910d696fe3410b9008640ac12aee8e,included,,"2024/Ordinance No. 0409-24 -QRF, Davao de Oro (1).txt",b0b56ff4759c945286899001fe3433cc77f969af431dac8c556b84b75db26ffb,2024,user_verified_folder
2021/Ordinance No. 000765-21.txt,765-21,2021,621ac8b13bc984cafe3980dd011baacecee25cb18364c89756318232fcbb0133,included,,2021/Ordinance No. 000765-21.txt,b0bb8160e0e7830e186f777919ec89668261cad62057a41ced0fdea19553ddff,2021,user_verified_folder
2016/Ordinance No. 0111-16.txt,111-16,2016,dc638c30273184af02345972eda09ac1188d7df40257881d2686f9f14a5caf8c,included,,2016/Ordinance No. 0111-16.txt,b0c2e42fdbb57d49be4dc876eb8c3aaa2c43854869633d832d6667d81f1bf4b0,2016,user_verified_folder
2017/Ordinance No. 0186-17.txt,186-17,2017,05ce5513e8d3122abe7b4f76173637244c999dcb789363c67953b569155fe1da,included,,2017/Ordinance No. 0186-17.txt,b0df65422abddf2b12c72431971486e3771f490062929178d54705dd87659052,2017,user_verified_folder
2022/Ordinance No. 000974-22.txt,974-22,2022,4e3f1487adca9279d5673451580c81eba829662d9f8afe186cd8f3845688002c,included,,2022/Ordinance No. 000974-22.txt,b0e313c17d172f9880938ebd7667579f0d6519e06775d90517ca5a467b6f386b,2022,user_verified_folder
2022/Ordinance No. 0974-22.txt,974-22,2022,4e3f1487adca9279d5673451580c81eba829662d9f8afe186cd8f3845688002c,duplicate_copy,,2022/Ordinance No. 000974-22.txt,b0e313c17d172f9880938ebd7667579f0d6519e06775d90517ca5a467b6f386b,2022,user_verified_folder
2022/Ordinance No. 0100-22 (creating DCDAC).txt,100-22,2022,8ca8d79a6736def487e79c0175327870eed26ecec1e2b4da3b635f570ec4d5f5,included,,2022/Ordinance No. 0100-22 (creating DCDAC).txt,b0fc58c663be791676386e374edcb299e187bdbd7d6d26f3f3e5c384981734ad,2022,user_verified_folder
2021/Ordinance No. 0515-21.txt,515-21,2021,a2360f26fb90cd51c2c8d1310cc6391ad074230a218dcaa7812f6e05b1aca1c6,included,,2021/Ordinance No. 0515-21.txt,b1510bce5c15583efb143c31c1861f135e8dc78376982082e1248b7a68eaf62e,2021,user_verified_folder
2019/Ordinance No. 061-19 (1).txt,61-19,2019,1ec9e8ad29b109267e528edb3b24ba81b8834b14b8db94677883097a2dfca4e1,included,,2019/Ordinance No. 061-19 (1).txt,b15e27456b02f88664f4d905a907dac1ff4416944a4540ed70c87dcdf99064e6,2019,user_verified_folder
2016/Ordinance No. 0502-16.txt,502-16,2016,bf9629004fb37c0fbc4ba4ca7c4afaa55b827eb39a4c03a9760c1d58eb7011e8,included,,2016/Ordinance No. 0502-16.txt,b164c6916d699d8712f25d320f17278017900ebd3a9039812ef893fa288d424d,2016,user_verified_folder
2023/Ordinance No. 0298-23 (CLUP 2019-2028) (2).txt,298-23,2023,bdd6b0d01e70c5fc5277f26114734f4ef3e92868e74cdd05e5073c837bbdd16c,included,,2023/Ordinance No. 0298-23 (CLUP 2019-2028) (2).txt,b1813b54fea1875a149501b6e9e4cf016dfeeb1ee8d2257352336402ed361e0d,2023,user_verified_folder
2022/Ordinance No. 000989-22.txt,989-22,2022,78e6dc845513273279b3e298c249b02cfb6a19aef9ec074d0fc7e7630a504511,included,,2022/Ordinance No. 000989-22.txt,b1be8a5fcaf813ca23fc80a720ffe55ba5b91455f64447bbdb7c911c3d740e80,2022,user_verified_folder
2017/Ordinance No. 0345-17.txt,345-17,2017,f5a91cbf1b5454a738c3d531bb005ae86fdccbc005734ad3a37dec24cd1edf74,included,,2017/Ordinance No. 0345-17.txt,b1e0186a92e82b49357a269afc8623cf1dd1a93763b227354df9c8b38d229390,2017,user_verified_folder
2018/Ordinance No. 0397-18.txt,397-18,2018,de33fa815b0d043d4aa37766131759ae8d476b767f6a23271726a808eb68b214,included,,2018/Ordinance No. 0397-18.txt,b1e86ea382b023f7c086be0da96bf8e4323c049a74943f859bac87ed2043fd8a,2018,user_verified_folder
2019/Ordinance No. 0745-19 (1).txt,745-19,2019,6f2c89977eeb28de5e28ddee6beea0830e6866a1e319f5931bcccfec0e2a7da1,included,,2019/Ordinance No. 0745-19 (1).txt,b1fe8a3722e45fcfa9bde4adef834007ebb8f36dc70de26cd866bc4f54148eec,2019,user_verified_folder
2021/Ordinance No. 000785-21.txt,785-21,2021,639013a1a41186758d1043cd92e2b7b9642aa456df42a167325589df1b5c75af,included,,2021/Ordinance No. 000785-21.txt,b2376836aa458606f0c7f6c09507718289ab1927ed31aa25b8f62e2b1639dfde,2021,user_verified_folder
2016/Ordinance No. 008-16.txt,8-16,2016,e882eababaa10e899f749632306f0f11eff906249799396a31275bb9034b8053,included,,2016/Ordinance No. 008-16.txt,b27d970b6a91d529a5594dacbe643d775d7418d3a98e203d61c09013ef86b8a4,2016,user_verified_folder
2019/Ordinance No. 0682-19 (1).txt,682-19,2019,570cbd8a34b00fce350799c0073b4c4aeb41ec795c6cef32fff2da2fcc0aa102,included,,2019/Ordinance No. 0682-19 (1).txt,b29290ae2c066fbbcebb90221bb319fcd9e6eb400aa9c436747e8bd7b78b330c,2019,user_verified_folder
2018/Ordinance No. 0562-18.txt,562-18,2018,e388cf251066f490594d766ea7a2b1c3a82dad19813aebc456e5c58ded899781,included,,2018/Ordinance No. 0562-18.txt,b2943d11c61efdb9870c8018b72f68941d903f61ed6c34d19d0ed4f3cf11086a,2018,user_verified_folder
"2024/Ordinance No. 0425-24 -Deed of Donation, RIC-IP Women (1).txt",425-24,2024,1534f459821c2ed667f1b2bb4b9d2bf62c371114ad228230bbbfca9df6af941c,included,,"2024/Ordinance No. 0425-24 -Deed of Donation, RIC-IP Women (1).txt",b2ca02a6f69366973b4b331cc37d71d634484d1eef778e9538b8177ab6ff9ff6,2024,user_verified_folder
2017/Ordinance No. 0336-17.txt,336-17,2017,d1cbda704f155aff99110e56f4e0b46b444638e939788e3a8bdd0a8aafbce22b,included,,2017/Ordinance No. 0336-17.txt,b2cbac1c69135a08b267a5173191be0f81a875658830e91a51fbc2b3a13407c4,2017,user_verified_folder
2017/Ordinance No. 0310-17.txt,310-17,2017,9adc52a9f1b1157de9550ad924d30e2dbe2ed76571e7af5064da09dcfc453a30,included,,2017/Ordinance No. 0310-17.txt,b2f1f7f37b0b89d31a755f147cd75b85d444e179759e4715321b67e12e78731a,2017,user_verified_folder
"2024/Ordinance No. 0397-24 - MOA, F. Barrera (1).txt",397-24,2024,26cdf2e377bfbb83b15ba1ec505fed651368d69e29e79d27e10d943c6ef7a816,included,,"2024/Ordinance No. 0397-24 - MOA, F. Barrera (1).txt",b2f72944cf3ef789384eaf60aee10fdd770922c5765e5272418193c9ee7aee2f,2024,user_verified_folder
2020/Ordinance No. 0261-20.txt,261-20,2020,e0d4eca6ec0595e8c97fe06fff4f1b921072b63c2e7f5e3f350b1827776ff300,included,,2020/Ordinance No. 0261-20.txt,b3166af5853e382e2cffda4a84145b222344f55f2e10925afe513aaccb2bf092,2020,user_verified_folder
2020/Ordinance No. 0319-20.txt,319-20,2020,a08c952353ab15ea3d99fe37e4d65066ab1a570130046774fcff59c7322545ad,included,,2020/Ordinance No. 0319-20.txt,b360bbf0c9d7fb4aa7fc5d258b7ebbc75b8f40f64d7ace483464aa3752cce63a,2020,user_verified_folder
2018/Ordinance No. 0536-18.txt,536-18,2018,5cda550dd9213dead1944acabe14c989df192122baeeaa7083956c1e02d34121,included,,2018/Ordinance No. 0536-18.txt,b3701ab458674b8e6102309959459989724984500c6855b304a252bcee584b95,2018,user_verified_folder
2022/Ordinance No. 0944-22.txt,944-22,2022,4590f9c8882aa7115717fb605481df4cadd3d06f85d19142de81a13cc1c0ef8c,included,,2022/Ordinance No. 0944-22.txt,b3715f37a6f90ba86e5efa37a3645a630e9711d22e76806579e20faae690e55b,2022,user_verified_folder
2019/Ordinance No. 027-19 (1).txt,27-19,2019,73a91bc642c05e44f6c61d7fb2b78c477615ca93e4b03420b86f7ee472366fe3,included,,2019/Ordinance No. 027-19 (1).txt,b37e48dadbb37148a5eb53b491e4a0c38776df4973ffc360d233cb145686d210,2019,user_verified_folder
2018/Ordinance No. 0604-18.txt,604-18,2018,a8fc773f180bc85ac6cd42e46adaea7cef11ea7578fd3adedddd44cf22500da1,included,,2018/Ordinance No. 0604-18.txt,b3a61ce9931e701cca8952f3ce83fa9b0c8ae5e6b02cdc2fcb01bf9872b8a40c,2018,user_verified_folder
2019/Ordinance No. 047-19 (1).txt,47-19,2019,1847e00ec5d74ddcd126293d54a0b6be08b8d7718758f76cf747283cd49ae6c7,included,,2019/Ordinance No. 047-19 (1).txt,b3ca90c9ba60984cf7a7198ef2f94b71cdb3403957051d6837bf613349b7eabe,2019,user_verified_folder
2024/Ordinance No. 0531-24 MOA UM Thesis (1).txt,531-24,2024,0f708bad2fa6a2ea1bcfb84f78a538cec37b54837cd7439c309e22d0aa1fca30,included,,2024/Ordinance No. 0531-24 MOA UM Thesis (1).txt,b3f0b93f4b466fcf3f00e520795d2cb3da55b56b06b62e00847711260fdf30e6,2024,user_verified_folder
2024/Ordinance No. 0551-24 MOA DDH Internship Program (1).txt,551-24,2024,893d5f9a9fb25f03728cb6eca10afa0463b0956874fd442600b746e86070d186,included,,2024/Ordinance No. 0551-24 MOA DDH Internship Program (1).txt,b3fbf61e8a2015153f576dc16671de5fbcfdc01f7b72889edd3595a7a4899001,2024,user_verified_folder
2019/Ordinance No. 0717-19 (1).txt,717-19,2019,c76a1ee6c7130e943af7ef57e1d15df6430d17f2ef3879a091187914ffb627ee,included,,2019/Ordinance No. 0717-19 (1).txt,b4256594ee1e0669a475c99fc8d19fcd667738dbaa4c7befbc44ac9d30b8d41c,2019,user_verified_folder
2017/Ordinance No. 0248-17.txt,248-17,2017,bfbfccac0be893a91a600c1a54a4f8f0dcdf6a5424d34ecf796572aa61771ee2,included,,2017/Ordinance No. 0248-17.txt,b46720b5a23685db7c6b24d8b78a70ba3c76f4bd01e9994aff154f13b376d26d,2017,user_verified_folder
2018/Ordinance No. 0579-18.txt,579-18,2018,30f7488c4582c04dedd3780f3e7b550584e85b8e8d3db1e6ef3e1c1a87d3e0c2,included,,2018/Ordinance No. 0579-18.txt,b4c2be71f8e34504af33aa08e516b9e35e0afcae86e2379ff755c7ec34ad0ebc,2018,user_verified_folder
2019/Ordinance No. 0140-19 (1).txt,140-19,2019,ba445388a19c113fce19afcfd07c91c992c65d65a027ede6a672966a429f0aa8,included,,2019/Ordinance No. 0140-19 (1).txt,b4ca3c798ad8492aed5306d2636ba46c7e9dbb62d85d7ba1546b8b39cfc76797,2019,user_verified_folder
2025/Ordinance No. 0792-25.txt,792-25,2025,04ce83d7741bee0881f06342de6ffa130024c6df80c3510a31e86f7a61840a84,included,,2025/Ordinance No. 0792-25.txt,b4d511935295d94ff33569956e5703b058f8fd8c69c6484cfd675b91bccb30c4,2025,user_verified_folder
2016/Ordinance No. 0138-16.txt,138-16,2016,8a5a1fbcea66b5f4784b1dbdf1ed3690a4a6e56571c766f0bed9a921946a7543,included,,2016/Ordinance No. 0138-16.txt,b4d8402a38c72320c8ad883ba6315a9cd1e7cb0f9321c408f49e89f85c98b794,2016,user_verified_folder
2024/Ordinance No. 0555-24 (1).txt,555-24,2024,1cf3c7cbe67e2da17db0ca258013a3eef4b74f101bf7130545998a5375dfbbff,included,,2024/Ordinance No. 0555-24 (1).txt,b50e66e7250111017e187568e84dbc7ac4cd62bedd9bf815c5e41e99382995af,2024,user_verified_folder
2024/Ordinance No. 0572-24 DOU DOST ROXI Wastewater (1).txt,572-24,2024,0c020a41ef782de42aad769d6fc0e00cc78b7f345b30848f7dc302710a81aaf5,included,,2024/Ordinance No. 0572-24 DOU DOST ROXI Wastewater (1).txt,b51889b92a7199c7ad916484ff911a0828c0ef82144900d58513a71036c1edab,2024,user_verified_folder
2022/Ordinance No. 000869-22.txt,869-22,2022,08d4467b77a68fbc1f794b108b12f39ca86c934ba2849fecb9906f0b4b72d632,included,,2022/Ordinance No. 000869-22.txt,b52746814eb47d9d46b342314acf7f48480daf9df079924f229983da92aab789,2022,user_verified_folder
2017/Ordinance No. 0202-17.txt,202-17,2017,c56d41a7a4739b981c7bd6403418244d4891003a380d346e998b84f38a9154ce,included,,2017/Ordinance No. 0202-17.txt,b551cc2d9cf1c40d40554c1721a3c36892a4abc9716569ea32ca7b459bbdd0c1,2017,user_verified_folder
"2024/Ordinance No. 0413-24 -QRF, New Corella (1).txt",413-24,2024,260113c729a456d9436a2700d1a544884196de75d0025a2a7ff24215b573302b,included,,"2024/Ordinance No. 0413-24 -QRF, New Corella (1).txt",b581e94528fadbd5badd3fa1b234102c397c7e9d15b686363fc1be05d2c0a942,2024,user_verified_folder
2023/Ordinance No. 0345-23 (2).txt,345-23,2023,ca1d39cee194145974d452f24a8c93cfd2dbfe73edd49e5689d2381bc6d1e961,included,,2023/Ordinance No. 0345-23 (2).txt,b59b0242a8d858c664f41b5eeea37259faa4b79b40f576286328ccf3b485d7f3,2023,user_verified_folder
2022/Ordinance No. 000923-22.txt,923-22,2022,a85826b2dfb7d06399d108a66c5cf1b465805413f610799d22f51794caa15d39,included,,2022/Ordinance No. 000923-22.txt,b5a186b224432a4166f8513d3faac9d9f9656902c688c913f0c9e0bc677b06d5,2022,user_verified_folder
2022/Ordinance No. 0923-22.txt,923-22,2022,a85826b2dfb7d06399d108a66c5cf1b465805413f610799d22f51794caa15d39,duplicate_copy,,2022/Ordinance No. 000923-22.txt,b5a186b224432a4166f8513d3faac9d9f9656902c688c913f0c9e0bc677b06d5,2022,user_verified_folder
2022/Ordinance No. 000033-22.txt,33-22,2022,4e000998029321d57a72facd7d0296e96d84c2ecb569115106a74a25f2f05b3b,included,,2022/Ordinance No. 000033-22.txt,b5a3f7785f3dadf23a5e7e6ccd7f9b288070647b924708548e6a02c7bd31a059,2022,user_verified_folder
2017/Ordinance No. 0170-17.txt,170-17,2017,14f8642d939a9d4fd2694a68d9f328a35a7f3506a325b38f18a91aa0e42118f6,duplicate_copy,,2018/Ordinance No. 0170-17.txt,b5b25b8bb5649027edd28fefd4366c12d74d8d88ad31a5b1c5d18edc6235aadf,2018,human_year_override
2018/Ordinance No. 0170-17.txt,170-17,2018,14f8642d939a9d4fd2694a68d9f328a35a7f3506a325b38f18a91aa0e42118f6,included,,2018/Ordinance No. 0170-17.txt,b5b25b8bb5649027edd28fefd4366c12d74d8d88ad31a5b1c5d18edc6235aadf,2018,human_year_override
2022/Ordinance No. 0956-22.txt,956-22,2022,0c81f3093116fd5e6d9e8777918786d75a2306efef997ef01e4f674cf3a4380b,included,,2022/Ordinance No. 0956-22.txt,b5b6fd3cacd206c4f6be8b8d219f1c97d2ebd2810c5843f6341927cc9831baa4,2022,user_verified_folder
2021/Ordinance No. 000695-21.txt,695-21,2021,eb01ceb0ff916cd4cf6677993cc6b537e0c3a3bece87104c51a109ace56f71d1,included,,2021/Ordinance No. 000695-21.txt,b66f3863e02f989ffb66c45c74c035088453679e26c957a1431075604192c0ad,2021,user_verified_folder
2024/Ordinance No. 0610-24 QRF Province of Bataan (1).txt,610-24,2024,6694d6215a8c1c28dee2c7f60725bca5325b13c584ca2f44cee62ede1428654b,included,,2024/Ordinance No. 0610-24 QRF Province of Bataan (1).txt,b691ec61163d8e8620694ad2857d595f1ba438b689a2a7214a34f147e6094bb5,2024,user_verified_folder
2021/Ordinance No. 000730-21.txt,730-21,2021,4750fe90cf7aa02693c0d7a80ac1ffbd4f557dab953156eb25eb9078e4d2dd54,included,,2021/Ordinance No. 000730-21.txt,b6c2158d21163b7367e8dcc887610317d724fcc21461f3b02bf492aaf08b5d54,2021,user_verified_folder
"2024/Ordinance No. 0664-24 QRF Bulan, Sorsogon (1).txt",664-24,2024,33053727cde51bc707f2e08d0c047e9feeca100a049e1f3819db56131bdf8a27,included,,"2024/Ordinance No. 0664-24 QRF Bulan, Sorsogon (1).txt",b6c2f229b718b152ec8cc98b310d9d0c70971de4ddc30cbc51f0c4dff7005cda,2024,user_verified_folder
2022/Ordinance No. 016-22.txt,16-22,2022,763253fa5c5085c8038968793e8a192a1c3c95808fd6aa7c3c6e8cde2fd065f0,included,,2022/Ordinance No. 016-22.txt,b6c605cf74d7ea00573bdbdc278f4c030c158859358879c35292097334cea8c2,2022,user_verified_folder
2018/Ordinance No. 0511-18.txt,511-18,2018,bdf867e730d58694e3b8484555fe4c026ba867280a0b02b03470d62c30646aa8,included,,2018/Ordinance No. 0511-18.txt,b6dac5a59af08b525ac665ea4fd03f06377accbef12198f2f12099c071f80699,2018,user_verified_folder
"2024/Ordinance No. 0476-24 MOA, MMFC (1).txt",476-24,2024,189b124f96191939a46c404c88ae027732a3bfac8e7981fcb0f28f0d9ec84c85,included,,"2024/Ordinance No. 0476-24 MOA, MMFC (1).txt",b6ed92096ac40082ab94b369310cfae8c4cf04afbce90667e038252a35017706,2024,user_verified_folder
2021/Ordinance No. 0523-21.txt,523-21,2021,0aefbd7309ad321567368eef138b111fc8694ebbd573091fa1ab74ad19a9ee7c,included,,2021/Ordinance No. 0523-21.txt,b6fc63a7895a540d18424b58b32546e0427aa296970618f47e0a58dc27f52688,2021,user_verified_folder
2018/Ordinance No. 0675-18.txt,675-18,2018,43b53a6fbee68425f1a3f99470b6b58d3bb091db3cbb984a479896bed7abf3f2,included,,2018/Ordinance No. 0675-18.txt,b6fec522b9c71bddb7d85a8b56879906037fc22bbec2e72a00feb99fdd888742,2018,user_verified_folder
2024/Ordinance No. 0641-24 DOU Brgy. 27-C (1).txt,641-24,2024,476550d305322a4bd9cfe785f8e7d05f3ca1f23d2084fb753901cd39598ce3c7,included,,2024/Ordinance No. 0641-24 DOU Brgy. 27-C (1).txt,b7849657f24784d6c793e7455b7edd1b2b89a7679b89ad1106d0207b792c466c,2024,user_verified_folder
2019/Ordinance No. 075-19 (1).txt,75-19,2019,b12925c5c0b676185535477089746e953d327bc8e6e8ec4a69eaed15b60bedf9,duplicate_copy,,2020/Ordinance No. 075-19 (1).txt,b78e7e6f7e047b50b54359d95df42e5a6e3261e11efbf468ae629afc73e4b7d2,2020,human_year_override
2020/Ordinance No. 075-19 (1).txt,75-19,2020,b12925c5c0b676185535477089746e953d327bc8e6e8ec4a69eaed15b60bedf9,included,,2020/Ordinance No. 075-19 (1).txt,b78e7e6f7e047b50b54359d95df42e5a6e3261e11efbf468ae629afc73e4b7d2,2020,human_year_override
"2024/Ordinance No. 0395-24 -MOA, V. Ambasan (1).txt",395-24,2024,3877335387f0b428fedc6cfc32c998e9fc79d30713579d0289836f61d4068b3e,included,,"2024/Ordinance No. 0395-24 -MOA, V. Ambasan (1).txt",b79cfd016ba708f5535b27942a9a5d031e75e2968e46291687368b8bb46b9c44,2024,user_verified_folder
2024/Ordinance No. 0502-24 MOA PSA (1).txt,502-24,2024,feb6ec099e924558095d6cc88d7218ef794f57c3cd0b374ca2abb2e37b493b2d,included,,2024/Ordinance No. 0502-24 MOA PSA (1).txt,b7ad9bc12c02a8c248b957fd5ab582cb0fa83f857e55e43d858f2215f02af075,2024,user_verified_folder
2020/Ordinance No. 0325-20.txt,325-20,2020,a18b2753014ca02f37913e764456cb9f6fd8436a7368b66d229abda678adb0dc,included,,2020/Ordinance No. 0325-20.txt,b7db4307a6ddb8dd3e9bb8c9c99fa7cca333b5071d00716c67e71c0aedeb5482,2020,user_verified_folder
2023/Ordinance No. 0338-23 (2).txt,338-23,2023,f4c2e929bdbfdffc0ef236f6964af122c0c36fda0e3ecd2aa4af75ed2021f24f,included,,2023/Ordinance No. 0338-23 (2).txt,b819b2283883d596183f5989e661a092fe0bb69fb338a05fb832f9ef16b8c96b,2023,user_verified_folder
2019/Ordinance No. 0733-19 (1).txt,733-19,2019,f9ad87baf1f9c198f73d8830bb4a3d9bd248bee45408fd64768bd56b16965b00,included,,2019/Ordinance No. 0733-19 (1).txt,b8a64169d9a1b7d53988c5e65edd6172ea4f1133f52dd5f6c0c284772c568c42,2019,user_verified_folder
"2024/Ordinance No. 0462-24 -Deed of Conveyance, C. Musa (1).txt",462-24,2024,c824dcd33e659e44d8ea318a2f2992cfe77e430f2c90a06ee235c2b909a1bb70,included,,"2024/Ordinance No. 0462-24 -Deed of Conveyance, C. Musa (1).txt",b8d98d50222266b4b168facf841e2bbb2f0cf7c899250dfead5683cabad3b08a,2024,user_verified_folder
2021/Ordinance No. 000824-21.txt,824-21,2021,6c2ec535ee17e8d719027ea60f12b3f04b3ffde49f92fd5a7bd914825945fc6a,included,,2021/Ordinance No. 000824-21.txt,b8fc88ff7a781aafa16f1f7c5af182e768971748112b383d76958ed7a523c90c,2021,user_verified_folder
2024/Ordinance No. 0695-24 QRF Province of Catanduanes (1).txt,695-24,2024,2168b53629ad6f5f2219ba6d0cda3cd0a3496951d40c438f171e8cbe55ba36a5,included,,2024/Ordinance No. 0695-24 QRF Province of Catanduanes (1).txt,b928396110fd937eaf5b35b5539d89ab0a82c155f3a2933224813c326c35947a,2024,user_verified_folder
2020/Ordinance No. 0243-20.txt,243-20,2020,8b28967b60b44d3210a1bb85766b4f12fe5926811d53499b9b21fdb2f21ba974,included,,2020/Ordinance No. 0243-20.txt,b92aefdb1ea5c0b43275ccdf890d73aeb61ed57180a38c6dfe56665b00e30b11,2020,user_verified_folder
2022/Ordinance No. 000925-22.txt,925-22,2022,96c926e2113074b4b96f0bf8d305fcebee3e9897ead953dc859eed857963daf2,included,,2022/Ordinance No. 000925-22.txt,b938d732f4f8f530631f4c660dd2c2c1de1bfd3df79a686d7822de647ae67fbb,2022,user_verified_folder
2022/Ordinance No. 0925-22.txt,925-22,2022,96c926e2113074b4b96f0bf8d305fcebee3e9897ead953dc859eed857963daf2,duplicate_copy,,2022/Ordinance No. 000925-22.txt,b938d732f4f8f530631f4c660dd2c2c1de1bfd3df79a686d7822de647ae67fbb,2022,user_verified_folder
2021/Ordinance No. 000701-21.txt,701-21,2021,975752c47bcabec062c60d17868d74faa0977e3b3911d650afc43574dc499da7,included,,2021/Ordinance No. 000701-21.txt,b9645f45b1bf1eccfbaf9c5687dfc8484f7ea11e3c1cec7b9764f054cde430ed,2021,user_verified_folder
2021/Ordinance No. 0464-21.txt,464-21,2021,d53debd600f8d28949e17f4adacb376fece749d09000a7277fac81b2b8075bba,included,,2021/Ordinance No. 0464-21.txt,b9655729cc5f70e89b08190e22415409117f94f4e81dc6660c5833ba5bb7e541,2021,user_verified_folder
2023/Ordinance No. 0191-23 (2).txt,191-23,2023,a61ffcc8c966769971b662a14a91ea644562a8b9cee0e78aac2349eb3f4965b5,included,,2023/Ordinance No. 0191-23 (2).txt,b96c992dd52697053eb85d88a6902a243e02f7705027268d2c59d87da2225aae,2023,user_verified_folder
2017/Ordinance No. 0230-17.txt,230-17,2017,04d047d7de4b3ad99bf74f68d728006dd936db59539c05d98812e04f0ad923e4,included,,2017/Ordinance No. 0230-17.txt,b9b005ffc674b690feabccd92b80b17f9171eb6a2d4771bbb5f384870c01e2a2,2017,user_verified_folder
2023/Ordinance No. 0314-23 (2).txt,314-23,2023,ff21ae8249f364f52d0b3b6d77c81f601186a796146be057ba92341c11c31898,included,,2023/Ordinance No. 0314-23 (2).txt,b9db32abfb07a07b51de91aea1dd82507a356f2a084e932f56391f9ccae3d5cd,2023,user_verified_folder
2022/Ordinance No. 041-22.txt,41-22,2022,492b704846af125dffbcf91791b16ae7041f49ec8e81355c09ec7dbcff1958ad,included,,2022/Ordinance No. 041-22.txt,b9e4f4579a168d057dc9763ad9a08767331fabe876f0377d118ed3eca880f217,2022,user_verified_folder
2020/Ordinance No. 0214-20.txt,214-20,2020,dff64ae98995fc9f47718fa01b31382e22d0c6a931563d7ced4e40822ba837ac,included,,2020/Ordinance No. 0214-20.txt,b9e64bd0059a382cef1ab1b0f50a3560ce0aa33a465a185cbe822c6e4bef1cab,2020,user_verified_folder
2017/Ordinance No. 0249-17.txt,249-17,2017,d1a0b14abaca30465c1a0452f8502995a7a8ad0c62ff03f28cb761f793a9b998,duplicate_copy,,2018/Ordinance No. 0249-17.txt,b9ffcf476752e56c78057d17b21a86859233b74c418bb6e1888626fd9dd72d26,2018,human_year_override
2018/Ordinance No. 0249-17.txt,249-17,2018,d1a0b14abaca30465c1a0452f8502995a7a8ad0c62ff03f28cb761f793a9b998,included,,2018/Ordinance No. 0249-17.txt,b9ffcf476752e56c78057d17b21a86859233b74c418bb6e1888626fd9dd72d26,2018,human_year_override
2019/Ordinance No. 0114-19 (1).txt,114-19,2019,f2f0f93693cc7c8b35f98701f0fb6a21fce122f157504df182d86a795d0ad1a4,duplicate_copy,,2020/Ordinance No. 0114-19 (1).txt,ba3473e46b9ec29ebc9b261e864e761274c4cb60b62ebee226b16e9af0188fb4,2020,human_year_override
2020/Ordinance No. 0114-19 (1).txt,114-19,2020,f2f0f93693cc7c8b35f98701f0fb6a21fce122f157504df182d86a795d0ad1a4,included,,2020/Ordinance No. 0114-19 (1).txt,ba3473e46b9ec29ebc9b261e864e761274c4cb60b62ebee226b16e9af0188fb4,2020,human_year_override
2017/Ordinance No. 0208-17.txt,208-17,2017,fac1fc71753e2b9a64072ccf3408d12c1f79d8eb0f8598f41eeecc5194805793,included,,2017/Ordinance No. 0208-17.txt,ba45d2bfc065e2491f6911d28d45f931ad7e0bb2535cf97b19c212a7dc296921,2017,user_verified_folder
2023/Ordinance No. 0383-23 (2).txt,383-23,2023,b6dfc475452801adab0ee0d23e2e8a548f693242a1f3e9f6afd53ab9841fe94e,included,,2023/Ordinance No. 0383-23 (2).txt,ba46df00809522fd81ceffdf3b27c60b57fe31a1a2cb812c2ee2c83a907e5634,2023,user_verified_folder
2018/Ordinance No. 0441-18.txt,441-18,2018,0cc4d89eb700e9bb5691f4ddc7939ac0cc08bf4e23fa21408770b714f1cf1ed8,included,,2018/Ordinance No. 0441-18.txt,ba9ed476435c7bc17e649d756205700ddd8da8207e5342d677bd40cc61730dbe,2018,user_verified_folder
2017/Ordinance No. 0163-17.txt,163-17,2017,50376a0d76cba0ebb9491493258f9c0fb6d01427910105daa131366c65397956,included,,2017/Ordinance No. 0163-17.txt,bad3fa72adc72f19b3cab7c6433068e365923011204c7634e7d8a463aca6fe2c,2017,user_verified_folder
2019/Ordinance No. 0150-19 (1).txt,150-19,2019,0ddbd3c2a84cd1ddd7806ae7da413d8032616b23d8c796bd2592ea72a5adf9de,duplicate_copy,,2020/Ordinance No. 0150-19 (1).txt,bae0c319a84bb3436a38bc1efdb0421f53abae71562b752d94697be8bac023b5,2020,human_year_override
2020/Ordinance No. 0150-19 (1).txt,150-19,2020,0ddbd3c2a84cd1ddd7806ae7da413d8032616b23d8c796bd2592ea72a5adf9de,included,,2020/Ordinance No. 0150-19 (1).txt,bae0c319a84bb3436a38bc1efdb0421f53abae71562b752d94697be8bac023b5,2020,human_year_override
2022/Ordinance No. 0952-22.txt,952-22,2022,1e1f57aff8cc583cc2cdc84ec20863dbaaed2f7dd98cd933ca2c944695331a46,included,,2022/Ordinance No. 0952-22.txt,baf09fdaa7e08773bbeb4333da75c97ae35b68318f80cfc4a21497850998971e,2022,user_verified_folder
2020/Ordinance No. 0240-20.txt,240-20,2020,86eb0df84c1bc47a6bbff710fd84c64a3f073f06398d36b478159fe7fbc04094,excluded,outside 2016-2025 after human date correction,2020/Ordinance No. 0240-20.txt,bb068867cdc7276514b38dc2c15876968fcf5b642f5414bd9700b883d099b63f,1991,human_year_override
2024/Ordinance No. 0731-24 (1).txt,731-24,2024,daa6d8e668970eb9298ad583b3e3b29e9236926ff1000720f253df7b38964258,included,,2024/Ordinance No. 0731-24 (1).txt,bb50deda12fa2c5f4340fa203904e6033541615f297e6d31d5d608e1d6e6310f,2024,user_verified_folder
2018/Ordinance No. 0393-18.txt,393-18,2018,d8b108eb88240356cec70ffc8fb600651da01f4ca713a460998c6c6085aaad7e,included,,2018/Ordinance No. 0393-18.txt,bb70f90c8c11767be5b49ab435b160cac45285d8838bdd5bc5ad568d1abff738,2018,user_verified_folder
2019/Ordinance No. 0143-19 (1).txt,143-19,2019,ab520059125374ae9c8273a7ec641c86d9f40271abf8406aa159dfbe2a5a575e,duplicate_copy,,2020/Ordinance No. 0143-19 (1).txt,bb945fa1a26ec8fe6affdc65356dd960dc2a57fbb4f0cc95d0c096963bc54aac,2020,human_year_override
2020/Ordinance No. 0143-19 (1).txt,143-19,2020,ab520059125374ae9c8273a7ec641c86d9f40271abf8406aa159dfbe2a5a575e,included,,2020/Ordinance No. 0143-19 (1).txt,bb945fa1a26ec8fe6affdc65356dd960dc2a57fbb4f0cc95d0c096963bc54aac,2020,human_year_override
2021/Ordinance No. 000716-21.txt,716-21,2021,cc1d3b68693b0eebfbaefc3c7d59457ab0a10a2b9cb07e0dfb6bdad1a46619c8,included,,2021/Ordinance No. 000716-21.txt,bbc42d71daf8c34b5bf4337ea5ca48bbe45a5698ff256c9baba39093f41ce6a7,2021,user_verified_folder
2020/Ordinance No. 0239-20.txt,239-20,2020,f4ade9d33463e6630ecce34f0646d6f9afc64a0ab32249c57ffc61f17ff03d1c,included,,2020/Ordinance No. 0239-20.txt,bbe0c71a53cff09bd1dc76d7885b1e5388af496ce3dcff7db0d68a14c913e95e,2020,user_verified_folder
2023/Ordinance No. 0185-23 Org. Structure CPDO (2).txt,185-23,2023,b7b2425797f47bcb8678fe4151cafc3d8a60c53f8651e4501a7955f56b3cbb26,included,,2023/Ordinance No. 0185-23 Org. Structure CPDO (2).txt,bc028425b6fba4e0d0ea978aa90ad6dc2780c2a58a5b22b5394f7aa52b4a9d5e,2023,user_verified_folder
2022/Ordinance No. 0868-22.txt,868-22,2022,d5f3ed738d636c30f441960fde00adbfc82827029f579fe6a5a8d25f35ee5b8c,included,,2022/Ordinance No. 0868-22.txt,bc3cb7b4b711228e1339b57ee3bf93ce6fdaa2195a8deacaafb9133753ea8ca2,2022,user_verified_folder
2019/Ordinance No. 064-19 (1).txt,64-19,2019,f9021a7f0db5500c7d209a0fab4160bd5efc93a4e07c314a6969db01d00476aa,included,,2019/Ordinance No. 064-19 (1).txt,bc58e882cb4f99236bed3053e3ecf2ebabd2ebb93fc0bf4bda9b13cf99a39440,2019,user_verified_folder
2017/Ordinance No. 0270-17.txt,270-17,2017,d74602009311b48066cbbffadba3f2d0981c9824a15424806b84073b2878617a,included,,2017/Ordinance No. 0270-17.txt,bc8f095bf0e4a855bb0d615541fa31bf354be26249e1c16b9f19187922657ada,2017,user_verified_folder
2022/Ordinance No. 0957-22.txt,957-22,2022,4bfe7aa6b870f2ee06e58316622539349a2e2f6c6eced7f28bf5b7d4f9418753,included,,2022/Ordinance No. 0957-22.txt,bcbaac9b2c7653317ed4866722a922d0fcdd20aebd3f028bf1262f6da271813a,2022,user_verified_folder
2022/Ordinance No. 043-22 (creating PDAC-PDAO).txt,43-22,2022,bc7da4b92be464cfd8e012e4c866a3011ff40b5215c0138b95e375f7f4cc3962,included,,2022/Ordinance No. 043-22 (creating PDAC-PDAO).txt,bcbecba61f3e45e9677ee0cfbfe4cd0f6bf6b4728b86dfc1e01f83e938ccf007,2022,user_verified_folder
2017/Ordinance No. 0242-17.txt,242-17,2017,7d275fcf9898550b4eec5bb8afc78675fbc6fc665c88fba150d88c06a80853a1,included,,2017/Ordinance No. 0242-17.txt,bcc6a9a4eb01e7ac6eaa2ad8b162c0bdff890644bd860175f7526ff29280b4ee,2017,user_verified_folder
2016/Ordinance No. 0132-16.txt,132-16,2016,02ad350c874e41d37e085f12a5634b9b486186fc4cf32597c95804eefb6ac5d2,included,,2016/Ordinance No. 0132-16.txt,bccf0a49fe2a51f5972db464e7406378e80fea237cc58af2855e3c87105f27a7,2016,user_verified_folder
2023/Ordinance No. 0230-23 (2).txt,230-23,2023,27924b48c8f4bdabdebad723524204e95c18d23357ed9057a278e47b94781ffa,included,,2023/Ordinance No. 0230-23 (2).txt,bd280443c099b4681b88d316156db4954101bf0fc36498b4a6399278e2dd014d,2023,user_verified_folder
2017/Ordinance No. 0369-17.txt,369-17,2017,e799261c9ad6bf2fc7e432de7da342db0351f270a769f40a5d0e9bb76f183e01,duplicate_copy,,2018/Ordinance No. 0369-17.txt,bd333981180a6d0373420060e462447b74b2fae89beb55ca11f17efbaf2d53cd,2018,human_year_override
2018/Ordinance No. 0369-17.txt,369-17,2018,e799261c9ad6bf2fc7e432de7da342db0351f270a769f40a5d0e9bb76f183e01,included,,2018/Ordinance No. 0369-17.txt,bd333981180a6d0373420060e462447b74b2fae89beb55ca11f17efbaf2d53cd,2018,human_year_override
2019/Ordinance No. 0156-19 (1).txt,156-19,2019,a8183c3a5cb10267a63ebed16ecf02c8f73a08aefc1c55c9241029fc779bd4f9,duplicate_copy,,2020/Ordinance No. 0156-19 (1).txt,bd410d09b70c748d522b6c56b6ee536c45c2419a46cc0f282e5d0a0fce6b815e,2020,human_year_override
2020/Ordinance No. 0156-19 (1).txt,156-19,2020,a8183c3a5cb10267a63ebed16ecf02c8f73a08aefc1c55c9241029fc779bd4f9,included,,2020/Ordinance No. 0156-19 (1).txt,bd410d09b70c748d522b6c56b6ee536c45c2419a46cc0f282e5d0a0fce6b815e,2020,human_year_override
2021/Ordinance No. 000817-21.txt,817-21,2021,1d78e2dbb48cd3642bea3b6b1534855afabcb5b7704a8eb76f89ae311c6d0dd0,included,,2021/Ordinance No. 000817-21.txt,bd44043914ea8b2472f74e516e5137bc0c94b42716b2be8cc2e21ad71c1b106b,2021,user_verified_folder
2022/Ordinance No. 000004-22.txt,4-22,2022,1c239ea71bbf8eee196ebd1a2603cb0af115684469887ec2665394d6e8728e44,included,,2022/Ordinance No. 000004-22.txt,bd5e026e1f0b4060ae5f685e05a1df8233666495b404120c8054b97b51cc5b95,2022,user_verified_folder
2020/Ordinance No. 0258-20.txt,258-20,2020,d7031e443916d5f5c6946a6a73fdde1ee7812c285822d968fb1d1be8f8deef2e,included,,2020/Ordinance No. 0258-20.txt,bdf134af06fa3e1672a67a098a6267d576da9eaef45d0f8caccb6b8e225b6773,2020,user_verified_folder
2020/Ordinance No. 0259-20.txt,259-20,2020,ef8925c7f107422525ef5036fc1c73c3adc2f42a6dc2e3c02551849f0ac14a65,included,,2020/Ordinance No. 0259-20.txt,be021a96845b35de608614d73d196979cf77e803bb938e5c27260b691bc23dfc,2020,user_verified_folder
"2023/Ordinance No. 0136-23 -Sister City Agreement, Mati City (2).txt",136-23,2023,8ed8600bd348798b8cce7572a722addc899913413fc91eb648e4db9b3eee62bf,included,,"2023/Ordinance No. 0136-23 -Sister City Agreement, Mati City (2).txt",be0250bf5f0190a5f0b7a16c22f2521791a267acde49c70ed53025bf4581cbfc,2023,user_verified_folder
2017/Ordinance No. 0366-17.txt,366-17,2017,ae27cff2c1bd8836bca6caf3753414c92480759d5875ecb231e7e47afcb1f424,included,,2017/Ordinance No. 0366-17.txt,be2f28ed0b04dcaeaf22a877abb279e2fb618e8bb05ee6cfff24c296d344841a,2017,user_verified_folder
2020/Ordinance No. 0337-20.txt,337-20,2020,e3a9528884dd7adb2713b00706afe08d1809a09a8c941721065007b5bb86c62a,included,,2020/Ordinance No. 0337-20.txt,be397e25df79cdda15b62662e43eb61c16d776e81434067a1466ab4d28974627,2020,user_verified_folder
2016/Ordinance No. 093-16.txt,93-16,2016,25aab1b26c0fbe611c73976e11e7484422dbcb9da6396e28e41e14ac3a3e1673,included,,2016/Ordinance No. 093-16.txt,be6c11ce5dcd3d81949bd497354760e12cecf737cfe3e2a1410c9b1e9d006c14,2016,user_verified_folder
2020/Ordinance No. 0231-20.txt,231-20,2020,8df726867d338ff6c79e49ddffdea1acb2c81df92ee8c20ab018501785c69eb1,included,,2020/Ordinance No. 0231-20.txt,beb16625d4722b54164fbf7690bca646a5fbc81d5049f232a20dad749237a354,2020,user_verified_folder
2024/Ordinance No. 0388-24 -MOA Assumption Polytechnic (1).txt,388-24,2024,da07460c3e12bfe9fa749facdaaa843e7cece1b2b1acd04311bc05123d56f8e5,included,,2024/Ordinance No. 0388-24 -MOA Assumption Polytechnic (1).txt,bec39e06a393dfce27e27a8c257987f94b64a2afb930a6bec037d1a3ac058202,2024,user_verified_folder
2022/Ordinance No. 044-22.txt,44-22,2022,7830f83cf551ba60aa521d403ef714b29de9f03b89fc9a8749a27783b43b1739,included,,2022/Ordinance No. 044-22.txt,beee78d6a056fbb85b3fe48b3df9ddd671ea8f5e462e3568b2ae40f5aca705d2,2022,user_verified_folder
2017/Ordinance No. 0295-17.txt,295-17,2017,f83ac1b26473bd7d9362855ce3fd5fc822b2697ec9bad360dad7a5f5bffceb1c,included,,2017/Ordinance No. 0295-17.txt,bf0a8fbf5f4fb5efb4b9bbf84aa8a53ec96b26fd8d87222663514f58368e97ec,2017,user_verified_folder
2016/Ordinance No. 054-16.txt,54-16,2016,5607d129fd255b0e0d9cd0f519a744df3725fc5d2613c8e70053ff514b5e5565,included,,2016/Ordinance No. 054-16.txt,bf22b90927a4a83f61758638ed7c2b811e08a182a69dc321259cb674d983fb7f,2016,user_verified_folder
2017/Ordinance No. 0209-17.txt,209-17,2017,71174ed3e16024c2dffe048a595e06a049bcb1e04b310e79b7a8c4824c1efd6c,included,,2017/Ordinance No. 0209-17.txt,bf2e3d8fa1959e6144810f0c03c7c47ebdf4e9280d891b2a32f97672c242cd5e,2017,user_verified_folder
2019/Ordinance No. 038-19 (1).txt,38-19,2019,c33433a9c8fd4661e384530be72cdcb0a86f85ed97e29a4b3dc11e48414bc46e,included,,2019/Ordinance No. 038-19 (1).txt,bf522952380f5b22a81dc3d259c44a586aa868f711f8e28a16eb8a01f1c3d986,2019,user_verified_folder
2024/Ordinance No. 0583-24 Request of Noel Bersabe (1).txt,583-24,2024,5e02ce90c0d24b106217698227782e8f4ad6191073546a4cab99591324c00e92,included,,2024/Ordinance No. 0583-24 Request of Noel Bersabe (1).txt,bf67adffd0ea8c6c1ed8e932e480f21f98b9844217b5d089a6ab0f88c09ba162,2024,user_verified_folder
2022/Ordinance No. 073-22.txt,73-22,2022,0f8d1b9b29c973adc3a3a31bd80cb579c94da40cbe122b970c400adc79cd8381,included,,2022/Ordinance No. 073-22.txt,bf74bc97226e1a55e03a7b307b7dfc3763f6683ca84b0c7755f3139b0ab042f4,2022,user_verified_folder
2017/Ordinance No. 0198-17.txt,198-17,2017,7e7d6250b6694bed8038661525c78759cccc9d318f2006c6d5906d71be3313e1,included,,2017/Ordinance No. 0198-17.txt,bf8d077e8ce3c85af1f55f5ba52a6ed40568c1b1f56b52836fc3847078083e89,2017,user_verified_folder
2017/Ordinance No. 0359-17.txt,359-17,2017,24a8f67a80e8bcf2fb6f679f35e7b44c3d8b30d810bf36635ca9a6b9f52ddc07,included,,2017/Ordinance No. 0359-17.txt,bf9964e2c41345ec644a79f4b74bd414d30c3155595fffb7f7aa542dedc2c5b9,2017,user_verified_folder
2020/Ordinance No. 0191-20.txt,191-20,2020,dea97fbcdfda0f827170988f7a6d39d484196a58c4cc90f62f9fbd886cf95225,included,,2020/Ordinance No. 0191-20.txt,bfb9fcbdc09872822defe096f8d299f62f7b8b0cb858ec5bb04ab789c617b676,2020,user_verified_folder
2022/Ordinance No. 000918-22.txt,918-22,2022,5ebc7545588ccecaf1cdcd193ee62f5a9b1685028727f8433e447fc2a89b0d3d,included,,2022/Ordinance No. 000918-22.txt,bff2cea0d1bb9615ae9a26a19af9b1266993178558dd6411a7b86886f17dbeda,2022,user_verified_folder
2022/Ordinance No. 0918-22.txt,918-22,2022,5ebc7545588ccecaf1cdcd193ee62f5a9b1685028727f8433e447fc2a89b0d3d,duplicate_copy,,2022/Ordinance No. 000918-22.txt,bff2cea0d1bb9615ae9a26a19af9b1266993178558dd6411a7b86886f17dbeda,2022,user_verified_folder
"2024/Ordinance No. 0418-24 -QRF, Cateel (1).txt",418-24,2024,3a0d48eb7ddc462cad38aba410e2c719553d2a93da821e7bd9c0306a0fdf9b3e,included,,"2024/Ordinance No. 0418-24 -QRF, Cateel (1).txt",bffe470076285097836288a2f88618d732696b044acd7314aabdfbb61d5ee403,2024,user_verified_folder
2024/Ordinance No. 0404-24 LOU CAAP-Davao Airport (1).txt,404-24,2024,2d3119b129efb7482988f8a6cbd96d467103ad32533ae3b0684cf6543590f486,included,,2024/Ordinance No. 0404-24 LOU CAAP-Davao Airport (1).txt,c01033a66d585ebe7c172f2b6abce41cde77c17f9c537df1f1ab0ad89b558249,2024,user_verified_folder
2020/Ordinance No. 0264-20.txt,264-20,2020,fe51b3f57724c02afc7b2f560bb6ab4cd250230ee453063a41805e32c68d5803,included,,2020/Ordinance No. 0264-20.txt,c056739d78617d2f188022c4853672e696d68c6ff2590fcf49091c467b58644d,2020,user_verified_folder
2018/Ordinance No. 0644-18.txt,644-18,2018,e9ef7e81eb73f875af2af04b64498e837423f6256b215a9f607bbfa61e6c1ffd,duplicate_copy,,2019/Ordinance No. 0644-18.txt,c07359b284cd8ae3d412780dc917016a2a6af5f58b56c3b66bc156e842bb95e6,2019,human_year_override
2019/Ordinance No. 0644-18.txt,644-18,2019,e9ef7e81eb73f875af2af04b64498e837423f6256b215a9f607bbfa61e6c1ffd,included,,2019/Ordinance No. 0644-18.txt,c07359b284cd8ae3d412780dc917016a2a6af5f58b56c3b66bc156e842bb95e6,2019,human_year_override
2019/Ordinance No. 0720-19 (1).txt,720-19,2019,001cade1760a03aa656d4c7c67163c654af8e59acadda3c621602bb6ac24100f,included,,2019/Ordinance No. 0720-19 (1).txt,c09f5b06ccf4e6d66dbe4f373b472803517b08598c5555248c7240cf7de28f3a,2019,user_verified_folder
2019/Ordinance No. 023-19 (1).txt,23-19,2019,5431ccecffe56e9e9d9d414edf0f860c2200edbf0c9a655243dc1190f68f6e1e,included,,2019/Ordinance No. 023-19 (1).txt,c0c648aeb264d7df045473b1f60833b4a6940f3f8071ce515a464bc44a267371,2019,user_verified_folder
2016/Ordinance No. 020-16.txt,20-16,2016,edbd77933bb4200b1c2dbe71006b5751d470a7f76f571a90ae22cf9b00a63ae4,included,,2016/Ordinance No. 020-16.txt,c1042a33e7507cbe4af651ddc22788717fd73c417745e5a246733c60dd0057ee,2016,user_verified_folder
2018/Ordinance No. 0488-18.txt,488-18,2018,1ec9320d756432393c5d5294ad13dd8391da33e5b85fb5966be3e971b563ecd5,included,,2018/Ordinance No. 0488-18.txt,c12e102565cf3ace60af86fa931d9ee5caca535bea06181bb4fc40bd69367816,2018,user_verified_folder
2017/Ordinance No. 0222-17.txt,222-17,2017,21a2fa4c363b9f58c8b7a79484035316be4df07265b93bff807c9688121a6be9,included,,2017/Ordinance No. 0222-17.txt,c13ef14c81f01aebfccc3dd32035adedd836aafa7450eef202d5df58ff616b8f,2017,user_verified_folder
2018/Ordinance No. 0586-18.txt,586-18,2018,18148078425391f9577c4dfd8387907ef27e1f1808b634e1193d61168d557fab,included,,2018/Ordinance No. 0586-18.txt,c1408a93faf2d96632261c0af4e55b71519456b12287607cc7425d7f572fe832,2018,user_verified_folder
2016/Ordinance No. 0554- 16.txt,554-16,2016,7a9f5ae1b1296646bd6249b86ff5f3074c32f750a426ee93fd3f41919152d235,included,,2016/Ordinance No. 0554- 16.txt,c14b51fdcf1c7385acb643ff04ab93e97976b1c4e5da688eaa68c4699e2c3985,2016,user_verified_folder
2018/Ordinance No. 0430-18.txt,430-18,2018,aa8742ef64cf5e975127d048befbe0b6f93512c10726f34187e34c2ef4503475,included,,2018/Ordinance No. 0430-18.txt,c1566189e5ac0d062eb226e96e42fb93388d97bc51270873436e488062cda065,2018,user_verified_folder
2020/Ordinance No. 0263-20.txt,263-20,2020,313feebd7206a5099707a57781c248a8fb68dc6f2ad24906c6f9157c45f53691,included,,2020/Ordinance No. 0263-20.txt,c15a63cf99579be4e48132409ca9dff4024ecff0f0c35eaf3cbc52c6f50506c4,2020,user_verified_folder
2022/Ordinance No. 086-22 IP attire.txt,86-22,2022,4e059dc53c645fb2b4ec90152f39dc25e6a2bebb31c1c5de4b95516c21afa4d6,included,,2022/Ordinance No. 086-22 IP attire.txt,c16054607fca4cfecd3b16f3337a9fdc9f721f3c448769f08cea1ba24e182594,2022,user_verified_folder
2017/Ordinance No. 0355-17.txt,355-17,2017,92a792edd33670329d502dd1002df589a4086e9466aaac8ad1feebff7f54b7b7,included,,2017/Ordinance No. 0355-17.txt,c16942d6ebe1dad2e2761e5feec0c22ba781faa67c591b644aca43be2afd2831,2017,user_verified_folder
2017/Ordinance No. 0191-17.txt,191-17,2017,6716f1a80e6c5812309815adb67949be128a00359eba500a0942b31b37102f0b,included,,2017/Ordinance No. 0191-17.txt,c177692e874c90b86f7b61e92d21d4a07ba37b980d805c22f9a718dcd5177687,2017,user_verified_folder
2022/Ordinance No. 0994-22.txt,994-22,2022,cf3e8f9f8b1e7ac38f002fa187e7101bb39a994054011931f88e2562033ed115,included,,2022/Ordinance No. 0994-22.txt,c19fa465492ffe5068e3eed5ae6ac56b3d08ab0be6c1d2f14077ac9a6e354f0b,2022,user_verified_folder
"2024/Ordinance No. 0676-24 QRF Sta. Cruz, Laguna (1).txt",676-24,2024,8920c9f5b06bde35635ba3370ea81def5cc23968a10ca351eb76f8b9e5ae683a,included,,"2024/Ordinance No. 0676-24 QRF Sta. Cruz, Laguna (1).txt",c1eb2339346c93d1ccb1e862a36b39719d0587aa2c71e84b59a726b3bafc2dca,2024,user_verified_folder
2024/Ordinance No. 0614-24 QRF Province of Cavite (1).txt,614-24,2024,494d44e8b0f3b4865046b6f87670aed8126c4d303d0354a19bb0f8760009abf9,included,,2024/Ordinance No. 0614-24 QRF Province of Cavite (1).txt,c1fe7beef2dfc733f86520d467557e8f777b49f7c8f365d975acf55c3d4769e9,2024,user_verified_folder
2018/Ordinance No. 0403-18.txt,403-18,2018,4445d8c94d58409827e58791bc7375357bc8b1bfe3a3d04dab024403c64061d2,included,,2018/Ordinance No. 0403-18.txt,c24da6e157cbcfb413ef954deeb4a2bb806807fa7f4bf64ab5c7461acc189b32,2018,user_verified_folder
2017/Ordinance No. 0244-17.txt,244-17,2017,41a86a84df2f535fcda942656cc8350f68ee77f050b5f7a9837ba53264827069,included,,2017/Ordinance No. 0244-17.txt,c262226d8bf7ad76e6c65e16f9193858e631664194992ec3e877538e50583130,2017,user_verified_folder
2016/Ordinance No. 0513-16.txt,513-16,2016,71cf9edd0610d7705c946108821c303d11ca2f769ca18e83140267be81504f4e,included,,2016/Ordinance No. 0513-16.txt,c26db66e48289343946bdb80b8b9b094ec8f547ab537c2232ce18e703eaeb9d6,2016,user_verified_folder
2019/Ordinance No. 0737-19 (1).txt,737-19,2019,1cbc10eda3d36532b97a4f42d054235a0cf584cb848de63f4dd2471106d63199,included,,2019/Ordinance No. 0737-19 (1).txt,c27538abfde194e9525f7f101452e375f60628f7a9d9607723c3a40dfa848247,2019,user_verified_folder
2020/Ordinance No. 0277-20.txt,277-20,2020,c56b14270e90cfb9054e08065fd614950f4e705458acbef38dcddf37c323a24b,included,,2020/Ordinance No. 0277-20.txt,c282baed972abdd1971da4b930a27b0051f998b738815e78f7e0042c3bf4928f,2020,user_verified_folder
2017/Ordinance No. 0360-17.txt,360-17,2017,0d32162332b021a52c1003c0b90985f16c4ffbc08d4b5de69643c110edc8c8dc,included,,2017/Ordinance No. 0360-17.txt,c3172a6c1f437af914136ae4735d592ef47efaa53864fcf6ee1f8061df5a7e16,2017,user_verified_folder
2023/Ordinance No. 0155-23 -PWD ID (2).txt,155-23,2023,e4b5c6060b14725913673c7f294c62151b8ab68cea31ee92c7b6f6a2fccdfb62,included,,2023/Ordinance No. 0155-23 -PWD ID (2).txt,c3250d76d280d194816ae2e468ecf52a8b4e5686c15f6a5d373f18b21e811dca,2023,user_verified_folder
2016/Ordinance No. 0490-16.txt,490-16,2016,cebebad3364c8110eba82de6ed7bb13553e131aa6380ed22d578ab65fb36a937,included,,2016/Ordinance No. 0490-16.txt,c32fbe8262b0db126c5f7136d3e8047319512cbebf6094eb03a771c969623354,2016,user_verified_folder
2021/Ordinance No. 000821-21.txt,821-21,2021,e4bd0392d1988bcba68a65523d7ff7fbd6f914a5f18f74123129b74b65f9e030,included,,2021/Ordinance No. 000821-21.txt,c3357b70d2f25e853410c16aeb787891f75a49b5a7bcc772425f081041c7c6b6,2021,user_verified_folder
2019/Ordinance No. 037-19 (1).txt,37-19,2019,14380b6a3d9e6222f6cdc7ade7084114dbb003aef8861af0df5418eba13a5d61,included,,2019/Ordinance No. 037-19 (1).txt,c3544413e5fb965263f15390a49364e646da543dbde0ead7b8b08d45007b2543,2019,user_verified_folder
2023/Ordinance No. 0199-23 (2).txt,199-23,2023,b9c8328905eb26b45e03c39d5306af3e20aaa68374905134931ce72a114a2193,included,,2023/Ordinance No. 0199-23 (2).txt,c3643a6467fbb369be60bb9db5503fc6b361e82ba9689cf1a852ffa46c513f4c,2023,user_verified_folder
2019/Ordinance No. 093-19 (1).txt,93-19,2019,49ac5686a82e74d656cb9aec7dc2c4441a25b26eeab562940012a8e525f7a85e,included,,2019/Ordinance No. 093-19 (1).txt,c397d785f61e462f2a4c5bb35224bae00cee4e7793aab6a73d1b6259128da3cf,2019,user_verified_folder
2021/Ordinance No. 0546-21.txt,546-21,2021,a2599acdb87623f2404b53ee5ac582b4517bb52f8110a855b501ffdc14dd3078,included,,2021/Ordinance No. 0546-21.txt,c423255ae5cb0e44e9dbe5b4c224f65086ef518516674f2070c588470c6a0ef4,2021,user_verified_folder
2024/Ordinance No. 0602-24 QRF Marikina City (1).txt,602-24,2024,4f415105cc49b37ad46486967ed73bae41b5eb6199a040ec8778b8aa402f25f0,included,,2024/Ordinance No. 0602-24 QRF Marikina City (1).txt,c4653aed3cf88886f84989046691f0dec2a2d203700ac4a5e37ebc478ddfd4b9,2024,user_verified_folder
2023/Ordinance No. 0358-23 (2).txt,358-23,2023,8878ce545208d5532f95d050e0e0dcfd2eeb9f556e329ece2f688bc4586c21b2,included,,2023/Ordinance No. 0358-23 (2).txt,c46e5f30ed92d23b3dcf74cebd5f177a2b491fbb66d080970fe08088eaee0a0b,2023,user_verified_folder
2022/Ordinance No. 000932-22.txt,932-22,2022,1e4d22bfacddeb79129d98f89f2cc0d5e775703f10fa03a7ff1957c8e480af2a,included,,2022/Ordinance No. 000932-22.txt,c4e5db8cc8fd8150160fdd1206dc96683f46f56ab676f8ac59535fe549314881,2022,user_verified_folder
2022/Ordinance No. 0932-22.txt,932-22,2022,1e4d22bfacddeb79129d98f89f2cc0d5e775703f10fa03a7ff1957c8e480af2a,duplicate_copy,,2022/Ordinance No. 000932-22.txt,c4e5db8cc8fd8150160fdd1206dc96683f46f56ab676f8ac59535fe549314881,2022,user_verified_folder
2024/Ordinance No. 0500-24 Deed of Usufruct BFP Brgy. Cabantian (1).txt,500-24,2024,4700ea6a47b76097cac238bbc61f8bf33b162d52bf17cf631e0bef86f7f0c1e3,included,,2024/Ordinance No. 0500-24 Deed of Usufruct BFP Brgy. Cabantian (1).txt,c4edce3467ee55dfae85853b78fc166f3f085aec607be24694e85fed68708e34,2024,user_verified_folder
2019/Ordinance No. 0118-19 (1).txt,118-19,2019,e8ab0141582d524486ca919a33d33ae787f74b0bf3733c4b44a4d33fc456ab62,included,,2019/Ordinance No. 0118-19 (1).txt,c55b5c7b39eaa6466dcb0f3dad0bcb860e7d69174f40f7d9cfc7a847a7d371b7,2019,user_verified_folder
2024/Ordinance No. 0624-24 Justice Zone (1).txt,624-24,2024,bfb76efef8ff427e427428fd56f9140a268690a9f3f6f47b312e46042607b2bd,included,,2024/Ordinance No. 0624-24 Justice Zone (1).txt,c5a2b21774bea320857fbd89a37374de60928c51653322b8e14b620dacc009a5,2024,user_verified_folder
2018/Ordinance No. 0572-18.txt,572-18,2018,f164148738dfe586b5d0018185b337212a139e8662357a36aecca590ab174ca3,included,,2018/Ordinance No. 0572-18.txt,c5b2ad41760d0a40f8a96149637a2b8e98e931817b0f15389a262185c4ff0722,2018,user_verified_folder
2017/Ordinance No. 0267-17.txt,267-17,2017,2bbf0add44fce59bfdaf89455415e8fc70e07ad054081e38f3d2dabe5836952f,included,,2017/Ordinance No. 0267-17.txt,c5eb98caed9f4667d60d87467e0e6a0e7f750f2f487a443378bab77548def2d8,2017,user_verified_folder
2016/Ordinance No. 0480-16.txt,480-16,2016,cc9343fb710ffd5da0c23faf8b8e86eca1a538d5972d9bac712d95b1b9f28614,included,,2016/Ordinance No. 0480-16.txt,c5f8115edd4290fc4e271038f8db1c217ecdf1947b92394c3adfae8fff5c30a0,2016,user_verified_folder
2023/Ordinance No. 0279-23 (2).txt,279-23,2023,0f7e7b177e6d94df8ea7601d4c1afff9d9112fb17c3134a9c4e06b3992efb864,included,,2023/Ordinance No. 0279-23 (2).txt,c5fb0b51b6c4edf64427aa7f71253d0bf16b13ea11966e02df66f213d2d290b0,2023,user_verified_folder
2023/Ordinance No. 0264-23 (2).txt,264-23,2023,89c1fd64d845c34c8c16e74427634a521ba3170b2c86fce7b18f11c88e1e1be6,included,,2023/Ordinance No. 0264-23 (2).txt,c6077436014812974ce4080ea0327cacfe6821e4555b812da345e7251c60604c,2023,user_verified_folder
"2024/Ordinance No. 0406-24 -MOA, Mindanao Kokusai (1).txt",406-24,2024,a0b33b5be73489b325c322bafbfa154f4947adb2cdde457f3174c0050c8b1318,included,,"2024/Ordinance No. 0406-24 -MOA, Mindanao Kokusai (1).txt",c60cf9907da153c8cb8b56a15ad13302e25230d79e4b372c0c62f0b7a415c3c0,2024,user_verified_folder
2016/Ordinance No. 047-16.txt,47-16,2016,32909800adeab27a7f0424aeb8edc09a32252c72f1a295eb853812c35507bc3e,included,,2016/Ordinance No. 047-16.txt,c6125e46d8ae9b0e2f5f42552dd3b1a991135e37f99a1d943ce67e87b7ca8484,2016,user_verified_folder
2016/Ordinance No. 067-16.txt,67-16,2016,7102de60606152ffb1219510cdebf8b7b1fc71e8ce2ce9803f7174c23f488283,included,,2016/Ordinance No. 067-16.txt,c6553f4b638ef46c216d594c4748607b27508408c2e2c59f4cd403b31fe8b057,2016,user_verified_folder
2016/Ordinance No. 0503-16.txt,503-16,2016,deb674fca18c6cefe4ec3a92589fa4ffaf1ebcb2aad43d629eb0be670d4889cc,included,,2016/Ordinance No. 0503-16.txt,c665f5f3df789df15da3c2d3353953a79f366cf2d2f33bfe2bdad23451f1b833,2016,user_verified_folder
2024/Ordinance No. 0706-24 Gen. Fund Annual Budget (1).txt,706-24,2024,b2d958e24d83cdc38fbc24dbfb27b108f591d3062fddd39c129791337f37368f,included,,2024/Ordinance No. 0706-24 Gen. Fund Annual Budget (1).txt,c66824b9a82a5f40941d5c86ec9253aee00198de7bfcfabcadaf481b4102d829,2024,user_verified_folder
2021/Ordinance No. 000841-21.txt,841-21,2021,dfc16903d216f7a1059cb25bdac2af40de2afad3e43f01aa752e1cab15a47fca,included,,2021/Ordinance No. 000841-21.txt,c66c66415b094776100fdf779b5872195b409071b463e1356d8f20005577acc3,2021,user_verified_folder
2020/Ordinance No. 0194-20.txt,194-20,2020,547d66437b3de3945d61d9b347942dbd680abb18070cde0c8c9559dc8c351329,included,,2020/Ordinance No. 0194-20.txt,c67567c0022d2c6747db2490ebb5011276a063723c8bd7518bb4fe4d3f7e5ff5,2020,user_verified_folder
2023/Ordinance No. 0252-23 (2).txt,252-23,2023,6b437f3514cd0ead941656073f53ba8c879d1421fb8b8023cabdcf643acf68b1,included,,2023/Ordinance No. 0252-23 (2).txt,c6ae78ace911d8255b91e386af3fd9c44d14f7e0f6f133e108955498c7e4088e,2023,user_verified_folder
2018/Ordinance No. 0526-18.txt,526-18,2018,52d3d6c599c1f935ed77a4a95d6d9fe774fc1e4f4a13c03a814ec7d46139dc28,included,,2018/Ordinance No. 0526-18.txt,c6af5a3c6507680c284922a9ba32751446460c59e3403281da8a4a62c6ac487e,2018,user_verified_folder
2021/Ordinance No. 000767-21.txt,767-21,2021,85183049bbe654c56c0db57002af3da8658bb0aedd7ca200dbd974d3fb806031,included,,2021/Ordinance No. 000767-21.txt,c6c13c15aa1a3a1664bb06e727f9df9142c7e79cd9af0aaa846bccc3cf0e8fbc,2021,user_verified_folder
2017/Ordinance No. 0353-17.txt,353-17,2017,e0b3860c8ddf3d1125990ce3ca369b1c52a854d9d29a4ff1cc4daf20f4f7e8d7,included,,2017/Ordinance No. 0353-17.txt,c6d44497b0e6f017a64953199a2fb46b5064b40df123d7216af9817924dbb521,2017,user_verified_folder
2017/Ordinance No. 0291-17.txt,291-17,2017,68a610b279af5f21ca9f7eea375b5a6017d2ce389d9844bcff7f2b00095c4399,included,,2017/Ordinance No. 0291-17.txt,c6df6901f18d278b6d34b964b344f33681dcafe5071509f16ee7dc8fd96cbbc9,2017,user_verified_folder
2020/Ordinance No. 0188-20.txt,188-20,2020,adb8edfebf34c673e692a0be10d08d5aedbfdbe3066de7574d521bc307880eae,included,,2020/Ordinance No. 0188-20.txt,c6e96b788a3a3017cf899eea90802b33505dfefc157071bec6177d1acb717f34,2020,user_verified_folder
2021/Ordinance No. 0586-21.txt,586-21,2021,0747cca163a43a15c610fafd0e7c707ece6e45bad533ad0a7499eff33d83eabd,included,,2021/Ordinance No. 0586-21.txt,c72202eae999ed4f9ff5fe6a62cea36dcaca459ba915baa9a35b595de8499233,2021,user_verified_folder
2020/Ordinance No. 0190-20.txt,190-20,2020,e25ac403d27b1b00716595d1ce4123ddc28401ef7706a879aea00c6c3ef42f61,included,,2020/Ordinance No. 0190-20.txt,c776b42d165e5b855102834585d094cb1237b0d5cb7d27fa4bfd0cfa7d4d4e6d,2020,user_verified_folder
2023/Ordinance No. 0151-23 -QRF Basey (2).txt,151-23,2023,67277a77d6d3d6009af0c747a4d8335d29147581be3f035ca72ea0f8dc2241a0,included,,2023/Ordinance No. 0151-23 -QRF Basey (2).txt,c7e9fa8430b5331e6ca8fed095634c84af0692918183274039fec077624dfd29,2023,user_verified_folder
2019/Ordinance No. 0715-19 (1).txt,715-19,2019,a0d06c57294124683592675b861cc8a922d39ad86542ba21a1938f86b1bc4cb4,included,,2019/Ordinance No. 0715-19 (1).txt,c7eca15e9c4cc634e2f83d308bcab3b7ff3452834872cfd34bf807902f06ae16,2019,user_verified_folder
2022/Ordinance No. 008-22.txt,8-22,2022,89d5f309224cbd5b22a5264dadc6059b0f9c9832e7caed3195925fa65cee0116,included,,2022/Ordinance No. 008-22.txt,c8331ad292b0c65765e3b8d948cb4bd4a60ef7ccb8d9287c3f874df0ad205f2d,2022,user_verified_folder
2021/Ordinance No. 000714-21.txt,714-21,2021,4e2cce7bdfbad5cf2a6ce0f6ae44301ce086b9d224ac1d406154d1a22b3a5a29,included,,2021/Ordinance No. 000714-21.txt,c83972d18fcca7dd177432c7f5bbc23422671223a1c25d5f6d7ba9b2a61d3ea8,2021,user_verified_folder
2021/Ordinance No. 000727-21.txt,727-21,2021,8d8e6fb97e47ce77b49c5ac18907d4c4aecf3281661b7e5915a72105c0520872,included,,2021/Ordinance No. 000727-21.txt,c8577822b149eaeb2d30e12c69b6e670f0d96ba2d1ce1f34ef604fdb24e74a23,2021,user_verified_folder
2019/Ordinance No. 0783-19 (1).txt,783-19,2019,dfefd782dd4f7a662a92bfe8acee7372ac9cb86220c03e7050c9ad0e119aaeaa,included,,2019/Ordinance No. 0783-19 (1).txt,c864785a798445bcc83012b89c4be66784910a2ca6fa234f656e3339c85d42db,2019,user_verified_folder
2017/Ordinance No. 0150-17.txt,150-17,2017,8bbccc0b9449747f0a883ab948ae43d8503a15187f7f5f866b2f853bd111718f,included,,2017/Ordinance No. 0150-17.txt,c8d88e53a10d18ce205616e45eb1a2e4bc05fcea6f36866b0c8323da367d5194,2017,user_verified_folder
2017/Ordinance No. 0361-17.txt,361-17,2017,7a530b4811a4fe33af6ecaba07537085f5fa14323ef72a6a1cc791e5d7e0281c,duplicate_copy,,2018/Ordinance No. 0361-17.txt,c8d916f0a6f7bf5accfed08117f6f79839bd61c7a72f36a82cdd68872b665c8a,2018,human_year_override
2018/Ordinance No. 0361-17.txt,361-17,2018,7a530b4811a4fe33af6ecaba07537085f5fa14323ef72a6a1cc791e5d7e0281c,included,,2018/Ordinance No. 0361-17.txt,c8d916f0a6f7bf5accfed08117f6f79839bd61c7a72f36a82cdd68872b665c8a,2018,human_year_override
2021/Ordinance No. 0616-21.txt,616-21,2021,e51673de9a7bee7f40aec61bcd43d263ef66269d9c12952a53c3c4cccf93538b,included,,2021/Ordinance No. 0616-21.txt,c8e1b3e4e1a50cefc45b17c8c21111ab07d4c100a03435bd948138c497cc1696,2021,user_verified_folder
2022/Ordinance No. 0991-22.txt,991-22,2022,a919d8e2d551365421e2a2500e69e9be2f9533638e3f8a5353f87f407ce64181,included,,2022/Ordinance No. 0991-22.txt,c8eaf724162bdcda38335c435387e4404b53863e7fb5168cd53c9638f50fccfd,2022,user_verified_folder
2019/Ordinance No. 074-19 (1).txt,74-19,2019,5d608f86785bf7784dc59cf36f00ba1d0e45f5c775412b21fdbc35f1d7a40244,included,,2019/Ordinance No. 074-19 (1).txt,c8f72a3cef97fe7957c9a411508caf758d25bd68bac51f94bd3dcd7e68915704,2019,user_verified_folder
2022/Ordinance No. 000899-22.txt,899-22,2022,1c6b4e8b1dcc8c00394bba93fa63649f621d1e96793d9e32d40e032b5f381b1e,included,,2022/Ordinance No. 000899-22.txt,c8fe7de635887a78bbf202ea95c0872cb1e43b7fd1ecd06d31fa4fa2a68834b0,2022,user_verified_folder
2022/Ordinance No. 0899-22.txt,899-22,2022,1c6b4e8b1dcc8c00394bba93fa63649f621d1e96793d9e32d40e032b5f381b1e,duplicate_copy,,2022/Ordinance No. 000899-22.txt,c8fe7de635887a78bbf202ea95c0872cb1e43b7fd1ecd06d31fa4fa2a68834b0,2022,user_verified_folder
2020/Ordinance No. 0308-20.txt,308-20,2020,ddbdc854298105d0839c2d71ed7026c6f7d88762670a382c2dcf42c58fc7f0ec,included,,2020/Ordinance No. 0308-20.txt,c91c45bb23b2bc0493d2d8982a71c71cd9fd157d26ba10efc7224623b002eeaf,2020,user_verified_folder
2023/Ordinance No. 0366-23 (2).txt,366-23,2023,95fcc05889df401dc67a08519cf93c60a9ba9b9626ef1aa3751633984b259e45,included,,2023/Ordinance No. 0366-23 (2).txt,c923120541ddccfc353d3e8b7447d7febe707aa5c4f929330b3b3a7aea2e2bb2,2023,user_verified_folder
2016/Ordinance No. 029-16.txt,29-16,2016,6d5d59a9bc50654c399afc2ed63597cf881e8885ab3683cfde84add5e4704a51,included,,2016/Ordinance No. 029-16.txt,c951dba3c9db126a9293355b19108858f40b398340847257d7bf46d5febe4a02,2016,user_verified_folder
2019/Ordinance No. 0131-19 (1).txt,131-19,2019,b518ef8299b4b691cdd9a7690cb7ae65de246f4ac24520f3507b59f215cd57c9,included,,2019/Ordinance No. 0131-19 (1).txt,c963ddbf73f66089a8ccf63b1b30bbf860f8b861d0b4026eba4df2c2bde2735a,2019,user_verified_folder
2022/Ordinance No. 0103-22.txt,103-22,2022,971b95669b202dc4b792048ee15dd5a5faa6ee326a413564d40c048526859a9b,included,,2022/Ordinance No. 0103-22.txt,c97cab0a3df78964b208211a45f128e008c44960e30aa5044aaf70e159ed7f4c,2022,user_verified_folder
2019/Ordinance No. 0773-19 (1).txt,773-19,2019,4718847f0994bcf733cfa69aec9b85d5e3c2f052967937dd0a4ec99237140118,included,,2019/Ordinance No. 0773-19 (1).txt,c984b7dac6b0cc4cd18c1b53b662d04642235ca0b6aefb57b4431c4c378d3143,2019,user_verified_folder
2021/Ordinance No. 0612-21.txt,612-21,2021,9460c4f5fc5fb2b9eb6e14bdabfed3255ea743e4d629d400168e465dae7fa4c1,included,,2021/Ordinance No. 0612-21.txt,c99c7cf6a01eb94a847c4959c9ea97d116aae359f069ca53590c1cad8f7b2002,2021,user_verified_folder
2020/Ordinance No. 0336-20.txt,336-20,2020,ef7ba229e0383831e3233383608cbdff25da767e437a35eea35681d342d37357,included,,2020/Ordinance No. 0336-20.txt,c9b134241c95ed2cb448ae4ed835a7531a0af210cd749906c5765df3813aa6e9,2020,user_verified_folder
2021/Ordinance No. 0580-21.txt,580-21,2021,927031261483b50d01ef51359a1fd01d78b9ceba88923d5112fa49f23f852520,included,,2021/Ordinance No. 0580-21.txt,c9b3d291d4bfd91ce65be6324354aed267133201416b7715bd5f7b7f2d5d8dd6,2021,user_verified_folder
2024/Ordinance No. 0729-24 Digitalization of LCR (1).txt,729-24,2024,7a1b302e5bbeaa4c1be14bfe9a095eedc17c7d1b8035d837e436e6be72e61fb1,included,,2024/Ordinance No. 0729-24 Digitalization of LCR (1).txt,c9bab1d312811dae0076ed0e288c350bbd11c76b997755ea28c046ce3edcb705,2024,user_verified_folder
2023/Ordinance No. 0323-23 (2).txt,323-23,2023,24950ce6ce00020c4d1273285fc5f04ac29acde8f56d080436312f3120ea5382,included,,2023/Ordinance No. 0323-23 (2).txt,c9d637177b294f5f5229fc46a1ee6b06c6452ded3a458ab2544c594e9f0095ea,2023,user_verified_folder
2016/Ordinance No. 0506-16.txt,506-16,2016,24f57b1726d329f701fa059df0052bbf776f4b7f2ec3b062e11511a19fbf46c6,included,,2016/Ordinance No. 0506-16.txt,ca3ab082811f9ffad71fe9e2a9c2b923f209440c628cad47ecfe69a26ec42257,2016,user_verified_folder
2023/Ordinance No. 0190-23 (2).txt,190-23,2023,5280532b49e11ff6ae487b1e616b3d28173a269b975b2921c64b92dee12fb681,included,,2023/Ordinance No. 0190-23 (2).txt,ca5a8c781d8a6469d00d4cea81741eb08a80681dac94d3372cba42580443ffc1,2023,user_verified_folder
"2024/Ordinance No. 0470-24, Deed of Sale, M.Cortez (1).txt",470-24,2024,753f235d8f6de3848a7cf0bf8aab015562d755673a564ccbf82f8ffa2cbcfdbd,included,,"2024/Ordinance No. 0470-24, Deed of Sale, M.Cortez (1).txt",ca7b92a2dacf820ec983cda2b3d75d596b5e857aa235de239c184f9c60d5d682,2024,user_verified_folder
2019/Ordinance No. 084-19 (1).txt,84-19,2019,375d12b6d3bd656d0c5b7302704bbb47a43196d4aebac8794aa433927059416b,included,,2019/Ordinance No. 084-19 (1).txt,caf40ab427d4a22fa85d9fb40ec0214bea9cacce268707dabb0bb54fd5c2e04d,2019,user_verified_folder
2019/Ordinance No. 0763-19 (1).txt,763-19,2019,86969a30d6c1f9d2de4c973d37f1644fe182debb11903a1e1993bf5c37d9f0ad,included,,2019/Ordinance No. 0763-19 (1).txt,cb07ed74826e549f3553abf0662fd4ce68d4cd7287814ba5cc61947d86c883d9,2019,user_verified_folder
2018/Ordinance No. 0503-18.txt,503-18,2018,52eba1406375488cecdf262df1040a6af7826e83a05880d7f407cbb8b1d5af04,included,,2018/Ordinance No. 0503-18.txt,cb0a9af42fb3a49cb95df13d7fcb2222a6094a820ee245844b2baff127ba1020,2018,user_verified_folder
2018/Ordinance No. 0655-18.txt,655-18,2018,423b73a353ed27cf6eba7e2355a8ce1daf51f51a5870d7a87aa0bafe01a20872,duplicate_copy,,2019/Ordinance No. 0655-18.txt,cb2cd1e6d4c60cf985d7d5560d6294659d279a711c281cb02a537ec9724d7985,2019,human_year_override
2019/Ordinance No. 0655-18.txt,655-18,2019,423b73a353ed27cf6eba7e2355a8ce1daf51f51a5870d7a87aa0bafe01a20872,included,,2019/Ordinance No. 0655-18.txt,cb2cd1e6d4c60cf985d7d5560d6294659d279a711c281cb02a537ec9724d7985,2019,human_year_override
"2024/Ordinance No. 0663-24 QRF Los Baños, Laguna (1).txt",663-24,2024,33ddbe675a1c5d58e112afed959d77c8458e5f1bbe33bd0e8f8f870c7d96aca6,included,,"2024/Ordinance No. 0663-24 QRF Los Baños, Laguna (1).txt",cb3a4fd83271b98c32eccdceb9129257ab2447b876e7d50ea0ea853ccb171f40,2024,user_verified_folder
2022/Ordinance No. 000909-22.txt,909-22,2022,c3b9f0839a3fbdf699b6b694718313913963b2556e87959579682cc4ddf4aee8,included,,2022/Ordinance No. 000909-22.txt,cb4bce9776ec72b63db3cb0d1c11230d9bf7631e7b3a769768c743c2e0e30ad7,2022,user_verified_folder
2022/Ordinance No. 0909-22.txt,909-22,2022,c3b9f0839a3fbdf699b6b694718313913963b2556e87959579682cc4ddf4aee8,duplicate_copy,,2022/Ordinance No. 000909-22.txt,cb4bce9776ec72b63db3cb0d1c11230d9bf7631e7b3a769768c743c2e0e30ad7,2022,user_verified_folder
"2024/Ordinance No. 0684-24 QRF Sto. Tomas, Batangas (1).txt",684-24,2024,55bdc623fdadceb8d6b4ee4d1812dd982f226b6987d4a8aee05e529e0be55027,included,,"2024/Ordinance No. 0684-24 QRF Sto. Tomas, Batangas (1).txt",cb6c3f0bf9629259f171d1fcabe7ae310640cb726cb7e8cf71e259e0eb416ca3,2024,user_verified_folder
"2024/Ordinance No. 0684-24 QRF Sto. Tomas, Batangas - Copy.txt",684-24,2024,55bdc623fdadceb8d6b4ee4d1812dd982f226b6987d4a8aee05e529e0be55027,duplicate_copy,,"2024/Ordinance No. 0684-24 QRF Sto. Tomas, Batangas (1).txt",cb6c3f0bf9629259f171d1fcabe7ae310640cb726cb7e8cf71e259e0eb416ca3,2024,user_verified_folder
2019/Ordinance No. 0151-19 (1).txt,151-19,2019,4459479c41eb28bd4272512402df52683c43481238a1303a7478e77f150892ef,included,,2019/Ordinance No. 0151-19 (1).txt,cb784b4f9139f6268d967b4359bfa184c8311ecae53c7cbc9de013245de040b5,2019,user_verified_folder
"2024/Ordinance No. 0662-24 QRF Mercedes, Camarines Norte (1).txt",662-24,2024,4b757f89ce20fd3bb1cf1794bcb0c745031b7f94f6e3160932cce814428b4dc4,included,,"2024/Ordinance No. 0662-24 QRF Mercedes, Camarines Norte (1).txt",cb7d36d2c8d6ad25ab992ba912eb0a3034cd8a81bc064cb24f39b45385789dfa,2024,user_verified_folder
2017/Ordinance No. 0293-17.txt,293-17,2017,a03da7e2993c57ecde923c588f6f99182fd23db5656b625df4df978088997129,included,,2017/Ordinance No. 0293-17.txt,cbb12e915457474224ce2a00120db0e1724a7e5be8a33c29b5ec9ec4a1d2afb0,2017,user_verified_folder
2021/Ordinance No. 000698-21.txt,698-21,2021,1872577ce86743aca5735788ca27623db24cd94d304312453bd11ea4b8f9ae44,included,,2021/Ordinance No. 000698-21.txt,cbc142b1eeb5671e9dc2a712be0439bba4e7e948c8667204d2faa5b142826aaf,2021,user_verified_folder
2019/Ordinance No. 072-19 (1).txt,72-19,2019,8838e98673a7f366e222bad615e13fa0a0cf1ee22e058cc68f1892e31aeb69a9,included,,2019/Ordinance No. 072-19 (1).txt,cbce9a4c6f926eff6e03791dbbc0ab9b4de6305d8c9d1949d61328278f31fcff,2019,user_verified_folder
"2023/Ordinance No. 0176-23 -MOA, DOH-CHD HEA HCW (2).txt",176-23,2023,13ce85dc02bf975ed6694c971a06eeed63e2654248eff0254d16d95a7ac3a860,included,,"2023/Ordinance No. 0176-23 -MOA, DOH-CHD HEA HCW (2).txt",cbfcae76e7df6ca5c369b8ee85fa471344abd57237c75e3f8e9cfb8a3239768a,2023,user_verified_folder
2023/Ordinance No. 0144-23 -QRF Dapitan (2).txt,144-23,2023,e63fd2c30d3720c904f5f7717cd6552fc4adc15437d19302edc36a4140e0ec60,included,,2023/Ordinance No. 0144-23 -QRF Dapitan (2).txt,cc2a5fe6926cb0424e25f48304675634a9e622af4c02288349b276d4ee3ecb89,2023,user_verified_folder
"2024/Ordinance No. 0508-24 Addendum to DOAS D. Estores, Jr. (1).txt",508-24,2024,896f95d49bd65408aa51c43eff85a19de300e0f973b45e0c9bedb70e9cc0a8b0,included,,"2024/Ordinance No. 0508-24 Addendum to DOAS D. Estores, Jr. (1).txt",cc47a2baa42dd27d9049800ea01896770c7f8f28d6ffe42379712d22e501bda2,2024,user_verified_folder
2017/Ordinance No. 0275-17.txt,275-17,2017,4e3a2511660491f108e8a09fdfaa08313865559aea214311ce702d804763b239,included,,2017/Ordinance No. 0275-17.txt,cc71cd3acb38b1e85257cfb3676c55f67f4bb5bd3e16d08e089e0ad87ed2bc43,2017,user_verified_folder
2021/Ordinance No. 000839-21.txt,839-21,2021,6ecf634b022e726626d06381b472bcf9183ae839f24b5e816a2b43cb06ec61b7,included,,2021/Ordinance No. 000839-21.txt,cd9c0dc8a5118d01ff81584a39fbce92ca38fd9fb6e15605f5f656aa1f9293df,2021,user_verified_folder
2021/Ordinance No. 0658-21.txt,658-21,2021,b9d543fb234d72c1ca5977e65236a5fd9d79e66e755c1868b3127927c99bdb2b,included,,2021/Ordinance No. 0658-21.txt,cdc98524807f7701ee712c1a03aa8e39b581048f888d07faaacc69bc3939b645,2021,user_verified_folder
2019/Ordinance No. 0154-19 (1).txt,154-19,2019,a41ad9720fa121f512da08fae7851319adb7aa514633b6c6d13b454a7f9bf1a8,included,,2019/Ordinance No. 0154-19 (1).txt,cdd20f78a3f0eb4de6f8fd13304fc25d858b4d5c8305331f18a59a5f97adb928,2019,user_verified_folder
2016/Ordinance No. 095-16.txt,95-16,2016,970520a459e4e8f44becac00fde811203e467810aaa64320a8f45f1b05faac41,included,,2016/Ordinance No. 095-16.txt,cdd4def8aa546f314e4dfb9f3d47aa86f9e9c551d2d329c10c50f825164b88fb,2016,user_verified_folder
2023/Ordinance No. 0329-23 (2).txt,329-23,2023,8cbd11387e624cff31a40019c4195f8721981cb83b5341cae934953077730bd4,included,,2023/Ordinance No. 0329-23 (2).txt,cdf7b57efc90a0a92c11b2755ddf0c7e9b279fd9489194f6e54931d78a65de7c,2023,user_verified_folder
2018/Ordinance No. 0665-18.txt,665-18,2018,9257df04f4e502ec9d12529821493d2aa12b2e9164995558d2f12b7cb863df85,included,,2018/Ordinance No. 0665-18.txt,ce2331986961b3c761910aaf5d76a91144dc39b79173323be33203ee75714ce5,2018,user_verified_folder
2024/Ordinance No. 0511-24 Addendum to DOAS N. Bangcal (1).txt,511-24,2024,916b12d23b218b619656e0f93ec24e0d10a18ad327e4e642cb8ba873f12442ac,included,,2024/Ordinance No. 0511-24 Addendum to DOAS N. Bangcal (1).txt,ce360fc539eabd78f54c2419c124c26575088e6240ef303032b3390042b2500f,2024,user_verified_folder
2020/Ordinance No. 0204-20.txt,204-20,2020,55c9839ee2a8485a1d35a49bba2559c0e1c32d8f9d1312658668e0895de6a0f9,included,,2020/Ordinance No. 0204-20.txt,ce3e5b2f76433ba5edf8fc01d8242177a993239fa7d094e7893e3cea03e776f3,2020,user_verified_folder
2018/Ordinance No. 0420-18.txt,420-18,2018,9f1f3a903614d376a978c905457bfcb53b1bc71e9b7153eac2dcfb499ad9dbdc,included,,2018/Ordinance No. 0420-18.txt,ce536e58ae8c5cbc29e5a2de1dccfeff282ed21af8525b381fb7db92e7cae3e4,2018,user_verified_folder
2024/Ordinance No. 0561-24 DOD 8990 Housing DHRR Ph 8C (1).txt,561-24,2024,07ea64ff32d26b1060a2dd8f1e916bca74ce81a073d970c37c7d01688377b0d4,included,,2024/Ordinance No. 0561-24 DOD 8990 Housing DHRR Ph 8C (1).txt,ce75bb5086bfa269a43f72342711c1c66cd0793e0f15f4825825874eebbbaeb8,2024,user_verified_folder
2019/Ordinance No. 0102-19 (1).txt,102-19,2019,c71fbeb1f900e3f0a105f30bbba27a51f704e22bedc12c8e3045177f9b1ebf66,included,,2019/Ordinance No. 0102-19 (1).txt,ce7760e80e1ab539146482d3e277e52a5bd574b5c45a892ef05b1555d7fdb3b8,2019,user_verified_folder
2022/Ordinance No. 0123-22.txt,123-22,2022,42e1590d6dccb437eb9d56742fee0162fce54ccd6a369d4df26ebad14e5e49b8,included,,2022/Ordinance No. 0123-22.txt,ce861d6935161e728dc5c19a7f4fdee0e57faebfef4275127f150a2e519fd0c2,2022,user_verified_folder
2024/Ordinance No. 0544-24 Exemption of Special Mayor_s Permit Fee (1).txt,544-24,2024,9740b8f932e2ad2551699f5ed4e64fc3d246a9d430c8db6601db5338ba8c94f8,included,,2024/Ordinance No. 0544-24 Exemption of Special Mayor_s Permit Fee (1).txt,ce8beba7b57a9c9ed826aff02d3bbdad5f60833ec609c5e1abf21f0be71232c3,2024,user_verified_folder
2021/Ordinance No. 002336-21.txt,2336-21,2021,1f5bcbc3b73aba9a8e7cd258353d3b67b2c13163a8c0297b29cc829a9dd6de40,included,,2021/Ordinance No. 002336-21.txt,ceb09f3133856eda878779dbedbc96922d09d49bf3108de67bf39e3461b65045,2021,user_verified_folder
2018/Ordinance No. 0470-18.txt,470-18,2018,6f30921b9b4aebd7aa8c130f76201c35de64dc28e07bec1a8038002ab09ccf8b,included,,2018/Ordinance No. 0470-18.txt,ceeb0b4b25ce85578d1218317834cc999b1b405237263db66c13eabfe81d7c48,2018,user_verified_folder
"2023/Ordinance No. 0140-23 -MOA, AMC (2).txt",140-23,2023,ef5e11f5c33c3036233887285973f5cbba184ff852fc98190987d334a1897576,included,,"2023/Ordinance No. 0140-23 -MOA, AMC (2).txt",cf2a36ca961ab8674c71517b28b65062c5c35e805c85ffee98d3875262bbe449,2023,user_verified_folder
2024/Ordinance No. 0467-24 (1).txt,467-24,2024,125d6ea1fbcd06612788343e2290b58640531167c1125593fdb88e72cb99a3db,included,,2024/Ordinance No. 0467-24 (1).txt,cf2e7a469e1e1b80c29fdc7f4dbf52d7f9a900af7926038c7f873a4a8418c4f8,2024,user_verified_folder
2024/Ordinance No. 0620-24 (1).txt,620-24,2024,37c40a20c5d67bf8835b8f2cd929fa96ce23ba347d21e768891137d47b6ff003,included,,2024/Ordinance No. 0620-24 (1).txt,cf84064f6b074ae0ea08e8455484f764fbfdf10804d8789da11d2f7d2ab8a495,2024,user_verified_folder
2021/Ordinance No. 0491-21.txt,491-21,2021,4735adc2f5a0a6e6eb92f2461c08da2f5426928ee8e3b7a0e95aaf86228c877d,included,,2021/Ordinance No. 0491-21.txt,cf88aa2f502b9a8787f8d4cbcf8a65c319cf3dadd74078525102a41b10c79481,2021,user_verified_folder
2024/Ordinance No. 0460-24 -Request of Heirs of Rosario Calzada (1).txt,460-24,2024,b143096fba24243bed38bdc6f730d0034b840dfedb384cf285bec49a8cda689b,included,,2024/Ordinance No. 0460-24 -Request of Heirs of Rosario Calzada (1).txt,cf8f4f854ca7318b0a91b81be2e88d60739a4ca945dc0c878f3f1cbd09458dce,2024,user_verified_folder
2021/Ordinance No. 000717-21.txt,717-21,2021,56e91b3b2fff03e4285cd476b6298dd4abca811c7c113d01fdb66b2d1f135e16,included,,2021/Ordinance No. 000717-21.txt,cf963ce6750e422bd44256991cfe198c09d28eb8ffd9703a13ea163415f82ccc,2021,user_verified_folder
2025/Ordinance No. 0773-25.txt,773-25,2025,f6e514eef5bdc2cb348fd5772b3494c7ae571a9faf2b8f678af0883b496a86f4,included,,2025/Ordinance No. 0773-25.txt,cfce0aa13d492edfa44aede90ffb4c4e97842657955af783e882eeded02e5ed4,2025,user_verified_folder
2023/Ordinance No. 0369-23 (2).txt,369-23,2023,423c52605991ae7bdc932612d28cd3c6356223705f3914ff74b8cd43beeaec71,included,,2023/Ordinance No. 0369-23 (2).txt,cfce2adf68fbdf932f60ae647d64ec53d407d1fddfe977563360ee3d6ac29fb3,2023,user_verified_folder
2021/Ordinance No. 000728-21.txt,728-21,2021,218907ce49f8b218c2ea142ed0f168d97193a68839ef10885ed0adfe603cbe3b,included,,2021/Ordinance No. 000728-21.txt,cfe9622c7a819f54ad576507c549be38bcc89204a353be581da7199b35420a2c,2021,user_verified_folder
2017/Ordinance No. 0331-17.txt,331-17,2017,7794cade2f06922c5c35b0534ce21d8c5851a2a5deeca46680b228490c64bff1,included,,2017/Ordinance No. 0331-17.txt,d00473f666410cb6e4ddf688ac02db96c394696133b97dad84184e3cb1516b71,2017,user_verified_folder
2017/Ordinance No. 0200-17.txt,200-17,2017,b12764d9eb2ba7e3631b003b28c840710d88baf9f100c26f8eb082d85ffa6a82,included,,2017/Ordinance No. 0200-17.txt,d011de93e3509eedda5793bd8584bf932e99f82664acec539a66ef9c6b5b8e64,2017,user_verified_folder
2021/Ordinance No. 000667-21.txt,667-21,2021,7049f9a1624944d2297452f1e18b6b7a83f5e87e529701a9fab73d79dd9280f3,included,,2021/Ordinance No. 000667-21.txt,d016dbf75e30cbb8e5cc85232458ab8b455ab90f77787c7177cd6f27e5860c6e,2021,user_verified_folder
2022/Ordinance No. 001000-22.txt,1000-22,2022,d9ef1922764b14a4af67c2791b2473f02d1aeb9b79c6e953cf65806886c54d8f,included,,2022/Ordinance No. 001000-22.txt,d04c12d01a3d168f6f2666fb705a0738a988abb60bca32225084572588102e23,2022,user_verified_folder
2024/Ordinance No. 0524-24 Addendum DOAS M. Galamiton (1).txt,524-24,2024,0373a190d6695085bf98cd24f494b2ae04d62fcea75b35b83874fc6468e942dc,included,,2024/Ordinance No. 0524-24 Addendum DOAS M. Galamiton (1).txt,d06e55c99af5ab4575a186191c1b1443e5b5a4c43d86e8bcbc4c4a0cb4a1ca3a,2024,user_verified_folder
2024/Ordinance No. 0615-24 QRF Province of Batangas (1).txt,615-24,2024,43e8617c21100d4db0ecbf7fdc851139e2f3fc3848422a9c568dd197d5df7665,included,,2024/Ordinance No. 0615-24 QRF Province of Batangas (1).txt,d06f7137b82b464219d57ea67853e990540b3d62458a68bba658525a8ce94114,2024,user_verified_folder
2016/Ordinance No. 0481-16.txt,481-16,2016,c100ac1f76fbfa815196f5b2fb5e315e7f92a540b47598798c0eaefe428d7ada,included,,2016/Ordinance No. 0481-16.txt,d07aa52fd4db363062c63ca50a14e5e1ff8ae3249ca1c18f5f0807b4d16efcbf,2016,user_verified_folder
2019/Ordinance No. 0764-19 (1).txt,764-19,2019,4ae060678a52f723232097b0fd84de0f7adbd6069c9c219aebadb365f347cdbe,included,,2019/Ordinance No. 0764-19 (1).txt,d08b4bdccbe7828795f8dac8ebc7a791101f796d10d55e42eeb153013e78c124,2019,user_verified_folder
2021/Ordinance No. 0565-21.txt,565-21,2021,ff63b80b381c908de460a8241054dcf6fe05c0ca21c261a94964574046c9c31a,included,,2021/Ordinance No. 0565-21.txt,d0c1b8ff19c07ea219cd14ace3a9ee793586f94a61384b1a04cb09149b5612d2,2021,user_verified_folder
2016/Ordinance No. 081-16.txt,81-16,2016,0b267c30d2f91a03554677099eba9af4b7a748b2e9c2e7d5fb59cbe44ea2dea1,included,,2016/Ordinance No. 081-16.txt,d0c6752b2060e50f00c1bdfd9141e378ab7b45b75ff2e1b190a7565253efa2ca,2016,user_verified_folder
2017/Ordinance No. 0220-17.txt,220-17,2017,08248aa8070b1dc325d4e4006a1b6878edc5bd887ee7ccf0e8d81c1e4c59ac9d,included,,2017/Ordinance No. 0220-17.txt,d13801788e0b0101249e510b46f19c7d05058bf65ae494700a00a427a0b2e764,2017,user_verified_folder
2019/Ordinance No. 0799-19 (1).txt,799-19,2019,fe75b589af588523968a3f2439d91b20a4619c24b9385f0c9d8eedcf5300f473,included,,2019/Ordinance No. 0799-19 (1).txt,d1601ab85214e3e631b0068b3ba434a1d55ae5e49da9c07550dbeb7692250e38,2019,user_verified_folder
2017/Ordinance No. 0338-17.txt,338-17,2017,a4dd60811ff7b1589a0f82c693e48f71a619fd00fbe2d54f32873219c70bfc7b,included,,2017/Ordinance No. 0338-17.txt,d16a04064713e8b5ff694e90930ecec3ba0eb0d25535adc502c5dfff58a69ebc,2017,user_verified_folder
2021/Ordinance No. 0550-21.txt,550-21,2021,454daba97fc0695c1d4daec8c7ff7886620ce6b258cbea70b5ca9972cb8e12d0,included,,2021/Ordinance No. 0550-21.txt,d1d1b78c233197b97cb5456b5daf10fbddfc63fcf8b0943e107f6532267cf387,2021,user_verified_folder
2017/Ordinance No. 0304-17.txt,304-17,2017,602cec339e4a0e427517174848cead0105274b10a99028bdd7cd29ebfb4378b2,included,,2017/Ordinance No. 0304-17.txt,d2096c493374d071cc832a9191b035f0f0e0fa732ad3dda0ac830cd4c784ed95,2017,user_verified_folder
2019/Ordinance No. 048-19 (1).txt,48-19,2019,91af28523ed40b71ee8b378a84f1acbf9f18ca3a85126ffae7dd2d261ecc62ff,included,,2019/Ordinance No. 048-19 (1).txt,d2280f75adb97add5f57ca78e3142be2a3a3ee1d60ef399458d0cffe5278e91b,2019,user_verified_folder
2024/Ordinance No. 0637-24 (1).txt,637-24,2024,15a457429671a7de99b7365fe9a4141998f56ac7bcd9d3b84d6e6109988d0192,included,,2024/Ordinance No. 0637-24 (1).txt,d274395d958b185493e472fae9cb30c0a6024c981406513cbc62d9403f9bba78,2024,user_verified_folder
2019/Ordinance No. 094-19 (1).txt,94-19,2019,d1615c9aeac23506d956e77e4e2397b759e5c076c6d0b5e2e4941ae75f267d05,included,,2019/Ordinance No. 094-19 (1).txt,d28cb87ec105c1c8aa90a59d7de525582dca6bd73ed4025ce0a6d5b0c364756e,2019,user_verified_folder
2021/Ordinance No. 000673-21.txt,673-21,2021,7a19f3fb0bcddf8b9589a5a3669c187267eeea3dc10a046b2c54eec4835f9475,included,,2021/Ordinance No. 000673-21.txt,d29b2162b1ea92b8aae5479e73f6173ae65c131db6afceda1079a5ae40737797,2021,user_verified_folder
2017/Ordinance No. 0350-17.txt,350-17,2017,b3f3d5ed1b1c91d6074772212168bf73332aa8d0c985928ff3861be592346f2a,included,,2017/Ordinance No. 0350-17.txt,d2adc0c0e912d61b2f2b12fc259ed6508ccbbdbc257b144116a2c3abc432ab86,2017,user_verified_folder
2023/Ordinance No. 0173-23 -Suspension of Section39 of Incentive Code (2).txt,173-23,2023,1436a2ddca59ac1c6f2db2b5724b45e05c8caee46e0d7c37be5dd77b6eb94f27,included,,2023/Ordinance No. 0173-23 -Suspension of Section39 of Incentive Code (2).txt,d2b818ff32273cc59eda88f25cdb17a6ccc5884a274c80d24db4af8d03c60867,2023,user_verified_folder
2022/Ordinance No. 0125-22.txt,125-22,2022,69db8d26f0fb4d502bb514205be05ccfadf3aa9f581816ccc92887b99879874c,included,,2022/Ordinance No. 0125-22.txt,d2e780796f25f860961426f104e2eeee0c30d71571e9ad4376b955542fb9df46,2022,user_verified_folder
2021/Ordinance No. 0629-21.txt,629-21,2021,ad9f554ee9a90f750189016266bdd9257350f0c842134a82c9f841c455b4d84d,included,,2021/Ordinance No. 0629-21.txt,d2e7f4babb64cf5ed31c991e8a4c9991cdc5a789a8b3667b49f55e265050fb17,2021,user_verified_folder
2018/Ordinance No. 0551-18.txt,551-18,2018,d2d4fafd482d3a3d26c4be5d6a391d48bda7689e2e250582e22ed0004006bd30,included,,2018/Ordinance No. 0551-18.txt,d308b64ee9f29b96eacbcb060173b177562c95f3b206af249d7014b5a67b7aa4,2018,user_verified_folder
2020/Ordinance No. 0293-20.txt,293-20,2020,9c320b0ed7de1ace9e2a920550ccac83a17166d7902622f941079e65ea7f74df,included,,2020/Ordinance No. 0293-20.txt,d31e1d13eda8772ecc4e1ffd745d2d380f119daef94a8464c2ec00280b4dc805,2020,user_verified_folder
2024/Ordinance No. 0494-24 Deed of Absolute Sale E. Palayon (1).txt,494-24,2024,6d2014371a46b55e6eee34fea61bb1fb1be4f1a991e7c8730ac51609b4f4aa31,included,,2024/Ordinance No. 0494-24 Deed of Absolute Sale E. Palayon (1).txt,d33a3f15e09d3c577341508238cc610fc80e53dfcb4ab197325cdd069a72d132,2024,user_verified_folder
2018/Ordinance No. 0628-18.txt,628-18,2018,16af05e78ec9acd5ddae884ccbdaee893a5275592a0dcfda7ab5962d01d77657,included,,2018/Ordinance No. 0628-18.txt,d3473fcd505df9032c1f90d17009b7619ab397b53555ee163955d1a7d6fd69e0,2018,user_verified_folder
2024/Ordinance No. 0643-24 (1).txt,643-24,2024,ab809f393ecfa8a3db86081c97f8832e3578db47c898bf2179db235bc82782a1,included,,2024/Ordinance No. 0643-24 (1).txt,d34e28c7b22c008823edc2598c7d1b44b18782af2b7f0d070b06292b1121623e,2024,user_verified_folder
2019/Ordinance No. 0743-19 (1).txt,743-19,2019,bfc42742c3f84b71a17505a411e453a2c92d039d0a680be5fa94a7683345be01,included,,2019/Ordinance No. 0743-19 (1).txt,d38eef094bad100d81289aa61c9ad5ee891f5c872b33bad9c91bd01d5c62846a,2019,user_verified_folder
2019/Ordinance No. 086-19 (1).txt,86-19,2019,fa12ec9f7ba8bc89d79f9ae707b22dfa150caa1732c3c234490837bb12e4c298,included,,2019/Ordinance No. 086-19 (1).txt,d3c0847351b14f25ec87e299a52c11e7a25fdf5123cac0bc3e3d095369674373,2019,user_verified_folder
2019/Ordinance No. 0119-19 (1).txt,119-19,2019,d8fee31fddc7043a2b8d7511ef2b1f6da2a75cb884b2576e0dfef42009a17226,included,,2019/Ordinance No. 0119-19 (1).txt,d44201878f0eaa3657ce8485d6a06e738b609f4c086b4ecd6f1bc107c0e640d1,2019,user_verified_folder
2022/Ordinance No. 000873-22.txt,873-22,2022,84e06c0af4f3189daf06364585c13b09f56a19199a8f06aa2fe64668235c6e4f,included,,2022/Ordinance No. 000873-22.txt,d44b080b60f58436674260e1519d40c4f8bcbd29f8c1f1eebf737facdfc408ac,2022,user_verified_folder
2022/Ordinance No. 0873-22 (Creating Peace 911).txt,873-22,2022,84e06c0af4f3189daf06364585c13b09f56a19199a8f06aa2fe64668235c6e4f,duplicate_copy,,2022/Ordinance No. 000873-22.txt,d44b080b60f58436674260e1519d40c4f8bcbd29f8c1f1eebf737facdfc408ac,2022,user_verified_folder
2020/Ordinance No. 0250-20.txt,250-20,2020,1c222a31458bc10b1c65ab323d5a9ae0f6c41d32146a9067e9c5621531e167d1,included,,2020/Ordinance No. 0250-20.txt,d472543715f776bb01c3d10d447347ae44826de54ffd5cb7ea77de4d72e02ee9,2020,user_verified_folder
2022/Ordinance No. 000938-22.txt,938-22,2022,783efe347bacbc6bb831167f7879e380446e68e0d87e619d383d23ba849f39fa,included,,2022/Ordinance No. 000938-22.txt,d4814c30efa62f8530439f135a555fa6822ff6b0762f3b493c0395d446382062,2022,user_verified_folder
2022/Ordinance No. 0938-22.txt,938-22,2022,783efe347bacbc6bb831167f7879e380446e68e0d87e619d383d23ba849f39fa,duplicate_copy,,2022/Ordinance No. 000938-22.txt,d4814c30efa62f8530439f135a555fa6822ff6b0762f3b493c0395d446382062,2022,user_verified_folder
2021/Ordinance No. 000835-21.txt,835-21,2021,8f987259be2cc10ce0ed5759f236a17f387cc27462cdaa4232f536015f8cc116,included,,2021/Ordinance No. 000835-21.txt,d491c115c07297618cf43dfdaff5a9ebb46293ac2cef7f92dedefd70c49f2706,2021,user_verified_folder
2021/Ordinance No. 000671-21.txt,671-21,2021,0f61119c9a53ccec330cf6dd8a652a079ee724ad0a6104d779a7e8877b896193,included,,2021/Ordinance No. 000671-21.txt,d4f487f870953b2d16681de17abad6ffea1c2397136bc662e1c2bfe259e7fb74,2021,user_verified_folder
2019/Ordinance No. 005-19 (1).txt,5-19,2019,2e2832255c0860ff7ead658664da2956c75f39e50a7e8030b3c2f8bd5d8f1cff,included,,2019/Ordinance No. 005-19 (1).txt,d50ebe9d21591236ac2853ded68039f950e9ad8ef183a79effa42d88965faa6e,2019,user_verified_folder
2021/Ordinance No. 0632-21.txt,632-21,2021,d239bffaf36206eb6a50c23a3e07a5510c10bac7e5eaef437c474f44b108c0d1,excluded,outside 2016-2025 after human date correction,2021/Ordinance No. 0632-21.txt,d5212c0d07a7b3daf576bedf08b7dd79cb2dbd0129cd8bd746b30c1fc458867d,1981,human_year_override
2017/Ordinance No. 0308-17.txt,308-17,2017,6307403f6de994483af521f39a1cd9ad960e367e15bc4d15b36d89a3828269c4,included,,2017/Ordinance No. 0308-17.txt,d545c0c2ed190847bd500d890b59eff621cd82a846fe2ff6ac4679ec4f0d85fb,2017,user_verified_folder
2021/Ordinance No. 0494-21.txt,494-21,2021,512c7eb7a9f326c6b5a50cfb910fe3a51bfad314d5c11049a2a71e8fff9d59c1,included,,2021/Ordinance No. 0494-21.txt,d563c124e0d1142a038c55f4a799056219372d495dc732042037e1f6ef95d934,2021,user_verified_folder
2019/Ordinance No. 0754-19 (1).txt,754-19,2019,1a630da2960cc42f9dfd040cb897b460ccc52ce861bfa140b26bf4f2f1ae2ea8,included,,2019/Ordinance No. 0754-19 (1).txt,d58888d8430934e7510f7b689294792a1ac41ffe449cbba2dfa2fd220cfebfc3,2019,user_verified_folder
2021/Ordinance No. 000685-21.txt,685-21,2021,0f8630bba1be2e6ffc975c636ea9a25075d5195b65f399685edbbdf44a08a53a,included,,2021/Ordinance No. 000685-21.txt,d5a50e71122807a8498eea9a78d281469dc359783887911e46bb2d8f76a58cd5,2021,user_verified_folder
2018/Ordinance No. 0460-18.txt,460-18,2018,e5937552087c5f3095d30ed6522196b0e6fc25997278554cf78fbbd9eaececf1,included,,2018/Ordinance No. 0460-18.txt,d5a658254236d1ae1d89a5666c23fcbc30bf9a12b6e372760ceb46588b895e4d,2018,user_verified_folder
2023/Ordinance No. 0303-23 Less Paper Session (2).txt,303-23,2023,5948aabc66d1cc81dca977eef5869ff1e937f3c7e17f1e4364e69a52eac6bc2e,included,,2023/Ordinance No. 0303-23 Less Paper Session (2).txt,d5b30bbcd2a93aa1f40246789538f8ca06da44d4ed9c9b889f24bdb6a1c2b518,2023,user_verified_folder
2021/Ordinance No. 000709-21.txt,709-21,2021,1aaeb7cab7b36f7a992dadea9733127b466f27dd8be6795fce692dfb3d977957,included,,2021/Ordinance No. 000709-21.txt,d5f74adc5564ec219d015205a4b3647e62206340aee86eb99323ecc0cdbffa93,2021,user_verified_folder
2020/Ordinance No. 0179-20.txt,179-20,2020,2799f826811d5dd288580cc70fdc97834ddb22c71ddf45e5b2e91206dd598a81,included,,2020/Ordinance No. 0179-20.txt,d61ed62ac0767f9c5596831f364d76d6492f75a93c6745a0381058e64436fde3,2020,user_verified_folder
2016/Ordinance No. 070-16.txt,70-16,2016,11e737f2efd8f21f2f37b4f987c4ce0d5c590a36e258adf1e18b2203c0dac512,included,,2016/Ordinance No. 070-16.txt,d63621156a01231bbdc3ab8a2ad13b0c6f3f64d7a7d93aed2a4958924da5159d,2016,user_verified_folder
2016/Ordinance No. 0126-16.txt,126-16,2016,1217f5d0691ffb7ab07e9ca0277e42321d6e1cf0bef5e7a1ac1450a9d0f1edfd,included,,2016/Ordinance No. 0126-16.txt,d6436956c750a7b66431a5653541f12051537b3eccb7c41f98f14eefdaea3794,2016,user_verified_folder
2023/Ordinance No. 0326-23 (2).txt,326-23,2023,9222ce42e7d67fe0d1de68ccf3718852a900fceed800c9238c190ad7955c15f2,included,,2023/Ordinance No. 0326-23 (2).txt,d6779d745c76031945f16521b8d94acf26744b810d36ca4e19f4dae1aed2d7c9,2023,user_verified_folder
2023/Ordinance No. 0250-23 (2).txt,250-23,2023,567db6d361c93bf4ce5399ba146ce05e4f15aeba0f4a2417540df2c6a5f511e8,included,,2023/Ordinance No. 0250-23 (2).txt,d6add6f648fa42059d538dbc659631cb2254617d0cc517e4bb74945baa202fea,2023,user_verified_folder
2022/Ordinance No. 0979-22.txt,979-22,2022,45a05cd496bb1f3cd7103915be2089dac94e955dd583f947cf35b64d057ed06b,included,,2022/Ordinance No. 0979-22.txt,d6ae10a26fa8820c0c02000979dfe2ac0684266af2c0a2d5e209a592976571b9,2022,user_verified_folder
2018/Ordinance No. 0596-18.txt,596-18,2018,3d08e60604ed09c98910dd47b8f2628b9b19d34f1077dba6ec6954c2b8f3e85a,included,,2018/Ordinance No. 0596-18.txt,d70df616d72a434fed0e4a7abddcf10f146c1dec317aed11d43ae3bbcc8f2259,2018,user_verified_folder
2021/Ordinance No. 0485-21.txt,485-21,2021,8d8b41c6434fd607b9c3e31a9baa392880597595757b22a91689645f02f89005,included,,2021/Ordinance No. 0485-21.txt,d72b490d6cb5dac9b0d4826f2b5fadcac03c83704de5b67aedaf02e835106933,2021,user_verified_folder
2024/Ordinance No. 0499-24 (1).txt,499-24,2024,2dc643e711f728c2321d33c3d44a7ef2f6cba2da950eb4a46f7662fb8bee0d27,included,,2024/Ordinance No. 0499-24 (1).txt,d73981159878a3c9ce7409d0be5bf90e52af376ddbc7c0f4faae905950b4dcb6,2024,user_verified_folder
2024/Ordinance No. 0499-24 - Copy (1).txt,499-24,2024,2dc643e711f728c2321d33c3d44a7ef2f6cba2da950eb4a46f7662fb8bee0d27,duplicate_copy,,2024/Ordinance No. 0499-24 (1).txt,d73981159878a3c9ce7409d0be5bf90e52af376ddbc7c0f4faae905950b4dcb6,2024,user_verified_folder
2022/Ordinance No. 000866-22.txt,866-22,2022,70be823cab2eaa132906e19b558f8c3f330f23313dbb14cdb9be2fc4e85223cf,included,,2022/Ordinance No. 000866-22.txt,d73d88d9587baab6dd16f698ce92a80e32546d675853b4dfc8d1c60b802227bf,2022,user_verified_folder
2022/Ordinance No. 0866-22 () Org. Structure CDRRMO.txt,866-22,2022,70be823cab2eaa132906e19b558f8c3f330f23313dbb14cdb9be2fc4e85223cf,duplicate_copy,,2022/Ordinance No. 000866-22.txt,d73d88d9587baab6dd16f698ce92a80e32546d675853b4dfc8d1c60b802227bf,2022,user_verified_folder
2017/Ordinance No. 0337-17.txt,337-17,2017,606bf2a35271b5c2da09cc130429411adf83b0be1b3f66fa404c0946b85413dd,included,,2017/Ordinance No. 0337-17.txt,d75cac55c14db75be57d0111dfc6fde0da5c230028153b577f39bc56ba918909,2017,user_verified_folder
2023/Ordinance No. 0324-23 (2).txt,324-23,2023,f2ea5d9800136ed7558977304f4110ad1767e154b17b253a4568f3723ceff331,included,,2023/Ordinance No. 0324-23 (2).txt,d77876e7bb4082ff47d82c462a3e50239a16bccfa148739b46f51f369a0bcc96,2023,user_verified_folder
2019/Ordinance No. 0171-19 (1).txt,171-19,2019,c3e881d8813a9e14a69c2cdd0a80bd21eea3dc4b1103c2781b3f7afbd38704f8,included,,2019/Ordinance No. 0171-19 (1).txt,d78889fc7bc408522838a7aa297fba4c05d3b22383b555cc5d3d71360501c47b,2019,user_verified_folder
2024/Ordinance No. 0715-24 Amend Revenue Code (1).txt,715-24,2024,d2527695ec52a4b739d71b25f6741b3f99122c86962cc7e4088e293553d1abf2,included,,2024/Ordinance No. 0715-24 Amend Revenue Code (1).txt,d791bbbfaad9371432ded9cb0eac143113ff5602bb9e57b0b81ba6eb32b51aff,2024,user_verified_folder
2016/Ordinance No. 0514-16.txt,514-16,2016,cf7c3b0ef534b985261111bbff303af6fdcb1086616bf61891ff368580a22e82,included,,2016/Ordinance No. 0514-16.txt,d7dffea72977c3cfb791d5ca293eed42c66e39537b1b3e83ce3da857e4531ad6,2016,user_verified_folder
2018/Ordinance No. 0578-18.txt,578-18,2018,3860c99681e197cb63878239c02d6445af2205abe3fc21fc0256260c4569f9d6,included,,2018/Ordinance No. 0578-18.txt,d7f1c2fedde2b5c1eab94625e3e3c2b8a24c6219eff52efaf11dc7039f480a74,2018,user_verified_folder
2018/Ordinance No. 0466-18.txt,466-18,2018,e154b9e735133d7ba7153dbb95b3128616f549eff25ac3e1d31985ce6ca2994f,included,,2018/Ordinance No. 0466-18.txt,d7fd17e04cbc4705e84e5f1c95a84a51d86a65fa8215cc4140996fc96a3d29c3,2018,user_verified_folder
2016/Ordinance No. 0136-16.txt,136-16,2016,453c78cebe81f5ac54f8bab3a5a3b45afde33f05969c9cad4afdf58972de2b6d,included,,2016/Ordinance No. 0136-16.txt,d81147c0b4683cf342cae914d436be54aa10805c7dd2b4c2f53a5b4cd13c1095,2016,user_verified_folder
"2024/Ordinance No. 0423-24, QRF Bunawan, Agusan (1).txt",423-24,2024,056607297a6e989789cd33d5e023dbf5399c6a82ae5ec9b9e0936f2c5a5e2d04,included,,"2024/Ordinance No. 0423-24, QRF Bunawan, Agusan (1).txt",d83cca53803ba7b6bcb34dc856d99a74a89e8bb08c877c84d207e8683d5c4d19,2024,user_verified_folder
2023/Ordinance No. 0181-23 (2).txt,181-23,2023,d90e983f8485d296f44b32163872ad4d78789067a732e584a4512f01ffe9a6c5,included,,2023/Ordinance No. 0181-23 (2).txt,d861a4bbb73b4f21e0a30b06ad9566a6ae8be4691c1d21b9a722870afd1398dc,2023,user_verified_folder
2018/Ordinance No. 0598-18.txt,598-18,2018,4c1e3454f441c07a24d40a90336695f51c5171e6ca29991e82c817f5179c803d,included,,2018/Ordinance No. 0598-18.txt,d883d319ba2fbe5f2e3962939b9692bd3284eea2033e7c4964954957f26fd761,2018,user_verified_folder
"2024/Ordinance No. 0411-24 -QRF, Tagum (1).txt",411-24,2024,62479587ce2028212814adcfb6fe409bd3a0f68f032cc95dba8eefa34aca62d6,included,,"2024/Ordinance No. 0411-24 -QRF, Tagum (1).txt",d89cecfb1e39c1305ae3ac6057c848e5ff94ab5cae58f325fcf1fed280d4307a,2024,user_verified_folder
2021/Ordinance No. 000721-21.txt,721-21,2021,9f47b7d0811745c115892081c116b8b3b10e8c3c73e0af35eea00a6ee98afedd,included,,2021/Ordinance No. 000721-21.txt,d8d32d1687b10c16b39e87e3ed85aefec297f61bfcf8161f7e872a7fc764bf74,2021,user_verified_folder
2016/Ordinance No. 073-16.txt,73-16,2016,a5513d2e9c5d9393a2eac35552f157e70a3b7b2ff1b69deaa1ddd659017b7190,included,,2016/Ordinance No. 073-16.txt,d8ddfb15be7ceee4ac42fa961c5f4f984718e2f01f127221429b02c15dedbfe7,2016,user_verified_folder
2018/Ordinance No. 0614-18.txt,614-18,2018,65d7f4d787bb781fe2b15380a9b3814e95f963ce8291f7c2027b1d1957b30cd3,included,,2018/Ordinance No. 0614-18.txt,d8e74ebfa9900b2c5e021c9af8c6ea89db20eccf533c8728714c31d440bbc2bf,2018,user_verified_folder
2021/Ordinance No. 0500-21.txt,500-21,2021,44ff66646e4c03584148fc2adaf4756725f7a22a476b513db3c96b29ac497999,included,,2021/Ordinance No. 0500-21.txt,d9242135201ae9f380e15d62b7552930c0f18f14e6257478a538008d77418299,2021,user_verified_folder
2022/Ordinance No. 01005-22.txt,1005-22,2022,1c82f5e15404325a3a0d487622ac0e2399d911a55fec89eec33ab9e3be30d17d,included,,2022/Ordinance No. 01005-22.txt,d927a51216fdf043c375079d1f11e0aad7f67f055259adf4277ee401206eeac5,2022,user_verified_folder
2019/RESOLUTION NO 03253-19_Adopting CDP.txt,3253-19,2019,4919ed0222d0afa488be3cd6e225e1a32d033a0e3feb126f90235c54a0c87c1a,included,,2019/RESOLUTION NO 03253-19_Adopting CDP.txt,d951d5f7c4da0f4f166da5d075e1d8b4362bcbe5acb1675840a7ebed891ed068,2019,human_year_override
2022/RESOLUTION NO 03253-19_Adopting CDP.txt,3253-19,2022,4919ed0222d0afa488be3cd6e225e1a32d033a0e3feb126f90235c54a0c87c1a,duplicate_copy,,2019/RESOLUTION NO 03253-19_Adopting CDP.txt,d951d5f7c4da0f4f166da5d075e1d8b4362bcbe5acb1675840a7ebed891ed068,2019,human_year_override
2019/Ordinance No. 0115-19 (1).txt,115-19,2019,065e24d2b069d22f29257267204b0d18c94e5b60b08b7560d4555b735f195398,included,,2019/Ordinance No. 0115-19 (1).txt,d97e4498149983ce1dc98f19e8fb32e644be2fd791f3e6ca1cdcdfe65a48d0ec,2019,user_verified_folder
2018/Ordinance No. 0641-18.txt,641-18,2018,248e6a9aaf2eb3a4316498da254ef2f43cc14295b6b8e08fb498527a55f02e56,included,,2018/Ordinance No. 0641-18.txt,d990f8f9bb432c0328743394ebe7baa73dc2680fbeadfb313bbf49af34c10547,2018,user_verified_folder
2016/Ordinance No. 0113-16.txt,113-16,2016,26976d27d8477bfd04b2d2654315c55525cbda42af48852897039c922b9c8eed,included,,2016/Ordinance No. 0113-16.txt,d99fea532c6fa0be17ad00b2336749e484e723a90cdc2f341cdf84fc55028c34,2016,user_verified_folder
2019/Ordinance No. 053-19 (1).txt,53-19,2019,b52ada4b21d04fba65f01cc1ec0bb23b1c92fca652112558ea0e06888b4661e6,included,,2019/Ordinance No. 053-19 (1).txt,d9d4315af168ad0c3f0565ed31dce8e3e82df6b9cb3419d6c350d25c047577ad,2019,user_verified_folder
2021/Ordinance No. 000736-21.txt,736-21,2021,703182f26a086b5e669dd301031adae551a1feb2c2bbd9a4a12d9b2b14255b3f,included,,2021/Ordinance No. 000736-21.txt,d9e29e90249fa233c1171f0a8b100c5ff011d6f7e738b8ea18060d0c096b920b,2021,user_verified_folder
"2024/Ordinance No. 0402-24 -MOA, A. Sumobay (1).txt",402-24,2024,a4f541575e60f780efe7a23b94fd1f15732a6b8ce77d488217a3227e690ee391,included,,"2024/Ordinance No. 0402-24 -MOA, A. Sumobay (1).txt",da25ada75301722b3ee1d1273690bba2f8e25da7fd0a8400fc6169b5adb62398,2024,user_verified_folder
2022/Ordinance No. 098-22.txt,98-22,2022,845df1abb0a4476be544913a3a76fc3ddf988110364b024d8aa4486f376d6f6f,included,,2022/Ordinance No. 098-22.txt,da569f2599b373e0bb0dd4f52bb17c2ae91172a96e3dca1c57f73723815627c8,2022,user_verified_folder
2020/Ordinance No. 0257-20.txt,257-20,2020,3844af90637f7afa3986443d5518231b2fcf562b5482131460cb9a24c83ae12d,included,,2020/Ordinance No. 0257-20.txt,da576cc145024dd37127896dda854cefe6f48c67e196abd3eae60f41e2a9b73d,2020,user_verified_folder
2017/Ordinance No. 0328-17.txt,328-17,2017,611512439e7e64cad00da7d8c424b284cd847433a39ff8900a68b34e06c2116f,duplicate_copy,,2018/Ordinance No. 0328-17.txt,da6122b7133e5a9c5b2d728061e7f7cc4bd69a3eab542ac4ce402fba4d742957,2018,human_year_override
2018/Ordinance No. 0328-17.txt,328-17,2018,611512439e7e64cad00da7d8c424b284cd847433a39ff8900a68b34e06c2116f,included,,2018/Ordinance No. 0328-17.txt,da6122b7133e5a9c5b2d728061e7f7cc4bd69a3eab542ac4ce402fba4d742957,2018,human_year_override
2019/Ordinance No. 0148-19 (1).txt,148-19,2019,3751635772445774a27faa1f6f8fdb1ddcd028e362815ec445f7ecd22559431d,included,,2019/Ordinance No. 0148-19 (1).txt,da843966f90608bcb476a6fb28b4c2f9724a68e6f9deaea52da955f4bdd85dc5,2019,user_verified_folder
2022/Ordinance No. 000950-22.txt,950-22,2022,9071370d057c1acbfba907c0dc6227851c3cafcb9d43c33b0eaa2280246ae978,included,,2022/Ordinance No. 000950-22.txt,dac25eff24cbb91193c58ecacda2bc4fe75089de9116493c9c17b23a4df7dad0,2022,user_verified_folder
2022/Ordinance No. 0950-22.txt,950-22,2022,9071370d057c1acbfba907c0dc6227851c3cafcb9d43c33b0eaa2280246ae978,duplicate_copy,,2022/Ordinance No. 000950-22.txt,dac25eff24cbb91193c58ecacda2bc4fe75089de9116493c9c17b23a4df7dad0,2022,user_verified_folder
2020/Ordinance No. 0283-20.txt,283-20,2020,4dbf3dffd26da990abcc23cd672b677267c7099ecc0fa947126d9a1cfa736755,included,,2020/Ordinance No. 0283-20.txt,dad45de893be6faeb965149940241eac4ce25c0867aa2119b5be89348d34b7a9,2020,user_verified_folder
2017/Ordinance No. 0219-17.txt,219-17,2017,43309beec942ce416dd19c7ae4a1937621b2038090609162e4172b4ddf8729b8,included,,2017/Ordinance No. 0219-17.txt,dadbc91e367c8f73f1ba93a6e71ef7a2ddd8937c4a5bf288211d9e6081b7ff6b,2017,user_verified_folder
2024/Ordinance No. 0429-24 Shelter for IP Watchers and Runners (1).txt,429-24,2024,e495bc548cccf53908db543fbf4f01c799ab845c73836fd5230b361b0d64b6ea,included,,2024/Ordinance No. 0429-24 Shelter for IP Watchers and Runners (1).txt,db022f82ebc39ca499988e62650a9222a923499a2aa27cb0449837d44578006e,2024,user_verified_folder
2018/Ordinance No. 0667-18.txt,667-18,2018,6b452a3772f9b148f92d23de0a54a573467cc9ddddddc68fd0535488bdb7f87d,included,,2018/Ordinance No. 0667-18.txt,db0d29882819f242522836c21bd0321dc2d4311a7e5fc39cf8fb722fdd61b789,2018,user_verified_folder
2023/Ordinance No. 0208-23 Amendment Peace 911 (2).txt,208-23,2023,3ca5cf018ed5e51972e0c02da492e966b8f3cc364381d1a16237dc8ca3e6d3a8,included,,2023/Ordinance No. 0208-23 Amendment Peace 911 (2).txt,db1916761433f2c8db5b8c6a2ceafde6492e83ec842149bb27979b442d895a15,2023,user_verified_folder
2017/Ordinance No. 0347-17.txt,347-17,2017,13c532d1941bc49b9cfafd1e162dd5107409a2a5d59fb7342dde3b8726bcc3aa,included,,2017/Ordinance No. 0347-17.txt,db2fb9b88bf4899604ce264684508ffe6dfb4a6f3c40f8dbb6d9cf92ddb7a137,2017,user_verified_folder
2016/Ordinance No. 0106-16.txt,106-16,2016,fd7f6945603747c5dfa464b7bc4fb95fead0dca2c523cf15797c988c0a202fba,included,,2016/Ordinance No. 0106-16.txt,db4a3176112a6766b639ea8f8e04761c923902a6f9d49a49296623a875b16277,2016,user_verified_folder
2019/Ordinance No. 0134-19 (1).txt,134-19,2019,73d61f40dd0ef63c3161ccd7b5993a9235b6e9b90ec845098feb9cf08b3a06fa,included,,2019/Ordinance No. 0134-19 (1).txt,db8898333d4913d0b3ed0dab0d4247c2342407e62f73efb58e4dda315aa5bde9,2019,user_verified_folder
2023/Ordinance No. 0265-23 (2).txt,265-23,2023,bb08c60ba52a5e5a6e533e2c6a8b34920ca6cdad06b6e6ade70e11e0ccb73b6b,included,,2023/Ordinance No. 0265-23 (2).txt,db8b2c2920d3ede02dc2ae75126aa4cfd47d8d46db2161b606da590e64a9e244,2023,user_verified_folder
2024/Ordinance No. 0554-24 Adopting 2023 and 2024 Citizen_s Charter (1).txt,554-24,2024,b4f0e4e1f3908f9e6ee49be7e6b2044079c7f4933de6052dcc3ec9bc5faaa67f,included,,2024/Ordinance No. 0554-24 Adopting 2023 and 2024 Citizen_s Charter (1).txt,dbbdf56f0ce0f57b2d20a3746a1193ca484653b16db1bca798c04d3efe1e3ac6,2024,user_verified_folder
"2024/Ordinance No. 0405-24 -MOA, Brokenshire (1).txt",405-24,2024,726b91e68bb3e3480a30d325890e7cb64c96dc201fc3ce1bc7a5e04b6fc6eccc,included,,"2024/Ordinance No. 0405-24 -MOA, Brokenshire (1).txt",dbdbc32f6746147e9070143e4a1f2d5cdd4fcff3522f3faaa1aa43e1d003c96c,2024,user_verified_folder
2018/Ordinance No. 0492-18.txt,492-18,2018,58d2f06ee167df8d56cb084432819079e852bf78a984f235223b024b9d4218b8,included,,2018/Ordinance No. 0492-18.txt,dc3b4c6df85009b0019626eb5a1cb18c814cfc2e6df621382a54797959e723d4,2018,user_verified_folder
2018/Ordinance No. 0433-18.txt,433-18,2018,e98161d1f6fe982e22c2570f03c3b720758c9b1a441c9fc23c3c6af5089e63ec,included,,2018/Ordinance No. 0433-18.txt,dc409ca746580a8c1a44f61aadf5997dd4b48bf781f463f8bd664295938360c5,2018,user_verified_folder
2018/Ordinance No. 0590-18.txt,590-18,2018,9f47c6fd949ed1266bf0edc7376e57e6702b1b72b1940cb46f78f7f2fe3713bc,included,,2018/Ordinance No. 0590-18.txt,dc80ff1226cceb245e8e8fb8759d41ab9ca9f25a10cbfe3d96fdeadb393bf10b,2018,user_verified_folder
2024/Ordinance No. 0435-24 MOA Phil.Mental Health Association (1).txt,435-24,2024,5710af4482bd4316d5d57604c6797dd7beb8a11356bfe0bb9264637eec0edd10,included,,2024/Ordinance No. 0435-24 MOA Phil.Mental Health Association (1).txt,dc8c697ea9dcfae91704aea94c02812232d5b731e0c1c610ab84152cb208a501,2024,user_verified_folder
2018/Ordinance No. 0440-18.txt,440-18,2018,3cf02a493e730a9bcb622fc802b94ca7534d3030752c94e1f0dfd48b010fd9c0,included,,2018/Ordinance No. 0440-18.txt,dc8d3cd934d7902fd5a39f29f59ad22e1b05a0f89170189925940fcec28370d8,2018,user_verified_folder
2020/Ordinance No. 0304-20.txt,304-20,2020,202f5b1531f7ad62a30e9cb2930b96a0acec5aa5aac5950d1f1b244d978cd73d,included,,2020/Ordinance No. 0304-20.txt,dca3d2f3473ed00bc2d7bb68f8f554b10e82864edb4ccf3ff777565218ecff9d,2020,user_verified_folder
2021/Ordinance No. 000848-21.txt,848-21,2021,7401ff7f6b3f91cee89ba71b77e6e2b597b3fe2309169c38b8de368c86ebe6e7,included,,2021/Ordinance No. 000848-21.txt,dccd7817d005be7ffc8e15a834d28131f69c26fca326fa85edd456b4427e8d4a,2021,user_verified_folder
2022/Ordinance No. 0981-22.txt,981-22,2022,d90c60083e736de4c712d131fcede2cfa57479dce2dd0b710416257e3fce9a42,included,,2022/Ordinance No. 0981-22.txt,dcdc8a6cbe1609c3134540cee7f2177891f69b2532c69aee2c14dd725c0c73a3,2022,user_verified_folder
2018/Ordinance No. 0521-18.txt,521-18,2018,7891e11d4673f53f39477b9cac0127284c6eb60196f39e27426620aae3eb7479,included,,2018/Ordinance No. 0521-18.txt,dd094c7d04eb8b96b1415110171f75d3cca735bdd42efa471bb1a25f4d176c20,2018,user_verified_folder
2024/Ordinance No. 0601-24 QRF Caloocan City (1).txt,601-24,2024,ce54c6862abbe9c4fc03511ac2f6e8185f3879ca50b98a2776a72837c81cbfbf,included,,2024/Ordinance No. 0601-24 QRF Caloocan City (1).txt,dd14bc826246e77f2e7cc12724244b0b42bc3906197816e6cbd2e0c1d704210a,2024,user_verified_folder
"2024/Ordinance No. 0480-24 MOA DOH-CHD, Hasnida G. Daromimbang (1).txt",480-24,2024,e4d40d501cce87034d7952d5ec46abbae260f299b2954991fe7f826d50b5b164,included,,"2024/Ordinance No. 0480-24 MOA DOH-CHD, Hasnida G. Daromimbang (1).txt",dd2f258b645fed0d024432573fdff434000a1fc01ed06615d4fe6df8884876cb,2024,user_verified_folder
2023/Ordinance No. 0180-23 (2).txt,180-23,2023,8f76d48ac1e041398d9c19bcf854a3dcfe13668a98bb56c52a520f62d5ea00e2,included,,2023/Ordinance No. 0180-23 (2).txt,dd37164fcc7fcbb3f75bf39cb550e8b2f06590809c22334278c2396b54b446ec,2023,user_verified_folder
2018/Ordinance No. 0418-18.txt,418-18,2018,5792434d55740d19fad6ec2d27a65fcf17449e6d0cd966b1100f76b4dc753d03,included,,2018/Ordinance No. 0418-18.txt,dd3e588679825b15c9fd7a1eb36a5a62d90faaea1a004901d9895f171025aa21,2018,user_verified_folder
"2024/Ordinance No. 0447-24 -MOA, AdDU (1).txt",447-24,2024,555f4bcda8a2cb18021fdbf7b6bb2507ebbb7bd87e37a6305d80c9063036a647,included,,"2024/Ordinance No. 0447-24 -MOA, AdDU (1).txt",dd6244d25fe0a56652d7414fbc43a479ca58ce5f2e64ae2b792ddc1be9cbb819,2024,user_verified_folder
2016/Ordinance No. 038-16.txt,38-16,2016,90ba35a8426cd7e5aef13783cc081ee0b2bff7c6ad39dd1a272dcb46f3266225,included,,2016/Ordinance No. 038-16.txt,dda40fff38ad1e6f4398c6258c93873bf0cd535cd291afb9e85f4834a07b8217,2016,user_verified_folder
2022/Ordinance No. 091-22.txt,91-22,2022,d8160448ed28c9956c0b89926858f470f4e410885e8edd427cc0269ed21986b6,included,,2022/Ordinance No. 091-22.txt,dda9cc3baf1b721dacac83fccb35496e308447d308f74b3b92cebc27ef60e1e7,2022,user_verified_folder
2023/Ordinance No. 0289-23 Granting Request of P. Bacaltos (2).txt,289-23,2023,ed34862d6028168dc4a8ca233b1093607841fbf023fe75063e72c2062f93575c,included,,2023/Ordinance No. 0289-23 Granting Request of P. Bacaltos (2).txt,ddb829aa655028fddda3084655effd61fb208e904d4935e81c37a0ef7985e484,2023,user_verified_folder
2020/Ordinance No. 0267-20.txt,267-20,2020,a2a427404c661a07b420595e08a51b099a857be89c978ca95513cdfa28d580bf,included,,2020/Ordinance No. 0267-20.txt,ddce36af898eff00bffded1a52770750428de9a31f7693ee8f08ac24ca089742,2020,user_verified_folder
2021/Ordinance No. 000758-21.txt,758-21,2021,cf6d6885de69cfb2c9487b86f0e8463ec83c16c33045fd29c4fe1d7257f55cba,included,,2021/Ordinance No. 000758-21.txt,de008f3a5319483111bee1a154e5512e451a76e125a4f3f8464efe3b2f205e8d,2021,user_verified_folder
2024/Ordinance No. 0485-24 (1).txt,485-24,2024,80671e186c79774e80058f6972d7c4a5769f8f01cca917ff33e35b7fb575d595,included,,2024/Ordinance No. 0485-24 (1).txt,de02b51782acffd06101caa05462c9cd0482d9944f045f4c468fc2cfc81be56b,2024,user_verified_folder
2017/Ordinance No. 0229-17.txt,229-17,2017,45f18a8f16988e0d6ef098bd91b0cbe058f5d2830a2188b4c124b59b4f758809,included,,2017/Ordinance No. 0229-17.txt,de06fbb44e466b19e9dc44c5e0f1ab13535320947d749cd1775a8ce47a71bd42,2017,user_verified_folder
2022/Ordinance No. 027-22.txt,27-22,2022,e50b259ef2380ea5f05f2c96850a3b19aab241d6bed22a069911021c8417dd34,included,,2022/Ordinance No. 027-22.txt,de1d26726a70cde8cc47ae299e682f44ca4a120e9daf29bb21a0da5cadbd1439,2022,user_verified_folder
2024/Ordinance No. 0640-24 (1).txt,640-24,2024,de69679a0d3e77a07f7ff11c677ed66872a335ef4ee3137d965516d72052ac2e,included,,2024/Ordinance No. 0640-24 (1).txt,de1e0aa83ae7032c343c2c0cc1c8da6bb1871358a1fe897413f70f0cf7f9f458,2024,user_verified_folder
2018/Ordinance No. 0387-18.txt,387-18,2018,af8d5d11c13aadd313fd5e3169a03232093566bed431321ba8d96db1cedebb31,included,,2018/Ordinance No. 0387-18.txt,de2b233c2132257f6f0ed47202aa4cc51dd03c8553b21510437362142fc5fb9a,2018,user_verified_folder
2019/Ordinance No. 0138-19 (1).txt,138-19,2019,12406402acecb9307dd85fd534b6738c449841bf6998af72b0c0fd395e312434,included,,2019/Ordinance No. 0138-19 (1).txt,de933a2cbedf3c243193d198e292747ce7bf61211426eab8cce11caf51ee7dd1,2019,user_verified_folder
2023/Ordinance No. 0249-23 DOU DCWD CEO Bldg. (2).txt,249-23,2023,5a24bb2176fb64e9bd744d142a01d27e6ca0b4e41eadcfbd99f92efcb9c8d7e2,included,,2023/Ordinance No. 0249-23 DOU DCWD CEO Bldg. (2).txt,debb94d3367936604f7a12093bd2c6b3df3e7aceab434b192054d2330a9dae62,2023,user_verified_folder
2018/Ordinance No. 0587-18.txt,587-18,2018,d2bc8e2f5efcc08789c71e27e9396cb87c06972cca6503f6514c35f53091aee0,included,,2018/Ordinance No. 0587-18.txt,deed722e7dabfa05ed313e00c5b5b4e9810cf10e7cfeb5552d2261debebef886,2018,user_verified_folder
2022/Ordinance No. 000897-22.txt,897-22,2022,8da5fc477a957dcc4de24b65ce2785512cc73dc981af1279348a0c66eb53777f,included,,2022/Ordinance No. 000897-22.txt,df2b815ead163d8ffab1c898305991b443c75609abf95d2de1d8d50e984e490a,2022,user_verified_folder
2022/Ordinance No. 0897-22 (Amend Organic Agri).txt,897-22,2022,8da5fc477a957dcc4de24b65ce2785512cc73dc981af1279348a0c66eb53777f,duplicate_copy,,2022/Ordinance No. 000897-22.txt,df2b815ead163d8ffab1c898305991b443c75609abf95d2de1d8d50e984e490a,2022,user_verified_folder
2022/Ordinance No. 036-22.txt,36-22,2022,3f120c22dc38f487d20ec1e68469104884c66d6aacac7a9ff2fe65f01dc2b44b,included,,2022/Ordinance No. 036-22.txt,df3856f453590948e0c929183613a0629ab8d2ccedc7ba73a01b4dd13091397f,2022,user_verified_folder
2021/Ordinance No. 000749-21.txt,749-21,2021,16c7659389554adb3748e59177c40fd899f72d9156ddb2ef67d02bc8f7a83af1,included,,2021/Ordinance No. 000749-21.txt,df3c4464643d7dd880d47095eab30ef615d86276f662152ea77eb2c53cc0c8c7,2021,user_verified_folder
2016/Ordinance No. 031-16.txt,31-16,2016,633398f280b100bcd53b3e31c928b70ce44edeb4ca1db364c88adcdcf050c64a,included,,2016/Ordinance No. 031-16.txt,df469f4c40dde940eb3f9b90341065f3099d634d937fc7d34d849dee5195cbd5,2016,user_verified_folder
2020/Ordinance No. 0299-20.txt,299-20,2020,433e78b89477cece461b5c12c13c8d55b1fb17c6f03d1b6b51a8c82e6763655f,included,,2020/Ordinance No. 0299-20.txt,df4e3d569e8d09acc47a0a41ddd56d8b691e7113303f247059c7016e595ee2a5,2020,user_verified_folder
2022/Ordinance No. 063-22.txt,63-22,2022,031604086b528ed7ba70e22608911720339ed747bb40326818cab9acdb2eec07,included,,2022/Ordinance No. 063-22.txt,df5021b462a9244c7563021d176d08b78ceb812c8343b70571fb9eb7081099ab,2022,user_verified_folder
2016/Ordinance No. 013-16.txt,13-16,2016,c41929c689a9c28ea5924c66f1b4815949ec82bb268bd0828de1981886445504,included,,2016/Ordinance No. 013-16.txt,df6f9bd5f3b0e8cdd54f1c31c14d67468eb4404859b217ccc9a55525dfa04f85,2016,user_verified_folder
2020/Ordinance No. 0339-20.txt,339-20,2020,944a2e22d218588ef522ce82ede1cdf2c901794712650b7b80a06adb8ad8d8e4,included,,2020/Ordinance No. 0339-20.txt,df6f9ceb5241b5944c27e90ff4064a277a4e0cd734798f7d0279bd565dfb1437,2020,user_verified_folder
2022/Ordinance No. 054-22.txt,54-22,2022,81780681ed01016da0833f99a5cdcb16d32ff5fef24be65c32a9553bd4b3b712,included,,2022/Ordinance No. 054-22.txt,df73c46a87c9cfd21128c927e0e2141f369cf749d7b61b22e51a8460d89b7852,2022,user_verified_folder
2023/Ordinance No. 0335-23 Renewal MOA Love the Children (2).txt,335-23,2023,7ed4574e3c20385261a01ecba475be3cb19b414dd3f2f27a99fd8a72818034da,included,,2023/Ordinance No. 0335-23 Renewal MOA Love the Children (2).txt,df9f5239f85e8cdedcd7c7b698d2483c151a145cd1c79244ed80a907b5497911,2023,user_verified_folder
2018/Ordinance No. 0621-18.txt,621-18,2018,6180c410894a44cb513f997efb4df667c6ba1d7b2cef89612cfdaa3ad8bb6876,included,,2018/Ordinance No. 0621-18.txt,dfc923083b3b8ea52b31bf4b72ec1f402cc4e4ad5b550d0aef32406e3eda44e1,2018,user_verified_folder
2019/Ordinance No. 0685-19 (1).txt,685-19,2019,bdf6a341f4dcd82036264251ae45bf7f1774347884c5ef5d4ae76d4c15d017d4,included,,2019/Ordinance No. 0685-19 (1).txt,dfff947fe01a2cbec9afa10e374169fa84899e7f17007f1876687cbac6447f73,2019,user_verified_folder
2022/Ordinance No. 000854-22.txt,854-22,2022,9b9f105886872099773e706fa7db517a36f7e5943c32d8cfff2eaaecb889f2a4,included,,2022/Ordinance No. 000854-22.txt,e01a0e786534849a16d2230b021a3fc5ffe9e3e2b0ffb50f745d436e5421d1d0,2022,user_verified_folder
2023/Ordinance No. 0217-23 (2).txt,217-23,2023,599abb6fc949c7597a42c459f073aab559aefcc3a8a8dbee8d4f66170292f30c,included,,2023/Ordinance No. 0217-23 (2).txt,e038fb93bc7dc84766399046a32fb4896c687e090c4f88ca1bf36ae1c7f28de7,2023,user_verified_folder
"2023/Ordinance No. 0255-23 Deed of Sale, B. Pesidas (2).txt",255-23,2023,6af278d4d1ff857c3be88472fc8bc0da6ffcd72d21fdd3268257601a99252958,included,,"2023/Ordinance No. 0255-23 Deed of Sale, B. Pesidas (2).txt",e05361848066626e1d539d55a3468a75c401d7b6627be53a5997f73e4e361d4f,2023,user_verified_folder
2020/Ordinance No. 0320-20.txt,320-20,2020,ed5d1bca7b351026cea64a59990060377c9f351e8d579829f10f0c9b9da4ecc0,included,,2020/Ordinance No. 0320-20.txt,e05b6237a2e1351866f642cad42c6a7b44e2b17086987a71b3019bea62179c33,2020,user_verified_folder
2018/Ordinance No. 0555-18.txt,555-18,2018,34130c88aad9f06d0b0dd6a4633581c66811ad90a55d193fed09a8981c8815ba,included,,2018/Ordinance No. 0555-18.txt,e07ac4a8701510a465c2bce7c469cf272235c759d8946c2217f6aae4578e6c29,2018,user_verified_folder
2021/Ordinance No. 0522-21.txt,522-21,2021,30b340e61d94f2c340e7c3c86f18d6e864abe0437a6aca65cb8b61197aa39360,included,,2021/Ordinance No. 0522-21.txt,e08b0a96f7db319ff94160b4a414f08914de5559d69694fd03bacd1717bef9e3,2021,user_verified_folder
2016/Ordinance No. 0515-16.txt,515-16,2016,ba75e13053c6a707a8644869eb8ddfc6c4bd3ef8b0cfea557833cb24d75c595a,included,,2016/Ordinance No. 0515-16.txt,e0ae32d5fbd1fab7b98714071c4169c0f2726ac6e96a7535f88bcf1b9ef0d1ea,2016,user_verified_folder
2016/Ordinance No. 037-16.txt,37-16,2016,83793b8d1e630752fa66c52f0dfb79ced17ff94604848c7b1a336688a542a732,included,,2016/Ordinance No. 037-16.txt,e0af3f23650a0c8dd84f86646910a8f5e10c226d3c8a020fbe717a5ea3dc5e10,2016,user_verified_folder
2016/Ordinance No. 0115-16.txt,115-16,2016,45b6c3f142145bac50a118e2cd48f58130875237df585d495b6d6ae363512113,included,,2016/Ordinance No. 0115-16.txt,e0b0e2c59ac8a92f46630853fdb3f8c13d84cf338f7c44ad03b91b41a28d3e49,2016,user_verified_folder
2019/Ordinance No. 0688-19 (1).txt,688-19,2019,e27174d23fa21f95ddbb41d3277370f006db7900e15de0d936de8c56918f2248,included,,2019/Ordinance No. 0688-19 (1).txt,e0b90bffda8ca619943c51eea44631c2df1b46e6b4253f6f0549455306a93c11,2019,user_verified_folder
2024/Ordinance No. 0691-24 QRF Province of Albay (1).txt,691-24,2024,1e8ea12ccf4453242fd42ca6271f97316e405c504c2ef55ec170ca8a3da2e8ff,included,,2024/Ordinance No. 0691-24 QRF Province of Albay (1).txt,e0d51b841a3f3e25f8640fc72179467313879cb9a06d4f68a9c97562bfe7d76c,2024,user_verified_folder
2023/Ordinance No. 0188-23 (2).txt,188-23,2023,8178823f04478ad5e6daef87e0d5236a08caf3d28e199988fdcec56bf8c4436b,included,,2023/Ordinance No. 0188-23 (2).txt,e0e8dc9d2717e0cf90c31a3aa0f055879ed7fe2b94b5a73bd55b2b6f86ad5b2f,2023,user_verified_folder
2017/Ordinance No. 0368-17.txt,368-17,2017,a2df43921c968bbf77ca428ddb29d88b41f1a1ef72c8be64338714f00a8c69a9,included,,2017/Ordinance No. 0368-17.txt,e106a2b6ca3c2681ef447f8d0840fc3de7488dba4a61b44ace51f199c99c3d91,2017,user_verified_folder
2016/Ordinance No. 0472-16.txt,472-16,2016,e0bfd98ce99c2bcdab9fc8897279593551448d47bb74a626dda41afedae1edbc,included,,2016/Ordinance No. 0472-16.txt,e1142fa1aa75b3d6087c2b07a275d84800b21a3d9cf42088f9a198a899e145ad,2016,user_verified_folder
2023/Ordinance No. 0291-23 (2).txt,291-23,2023,5dd84797da4eb1242449c7f3d2423c1e0378f137eafd4df02bdbe2cdaa1266b0,included,,2023/Ordinance No. 0291-23 (2).txt,e1206635430d99892c3765b621370cfa49f9ae2db14136e799e94835446c321f,2023,user_verified_folder
2023/Ordinance No. 0236-23 10 or more employees (2).txt,236-23,2023,32078530e92d3cd1b8f9db449c5a484f6d2cafddaaa57ccd26e245d6c62f730c,included,,2023/Ordinance No. 0236-23 10 or more employees (2).txt,e13219650fd5c25d92bb739215f348faea4f99c557f1290c017f45d1df7b9c7e,2023,user_verified_folder
2023/Ordinance No. 0315-23 (2).txt,315-23,2023,67749968bc4a1ec3ae97184a8a22a1b9c221e90a4bce9936a3f895c706a1d863,included,,2023/Ordinance No. 0315-23 (2).txt,e16c9fe294b5cfca3cbea9b328cadcddae33e260a6f357766004f17051a62b08,2023,user_verified_folder
2017/Ordinance No. 0346-17.txt,346-17,2017,4411fe61b6560c7842a9cc1059c9653eb09648dc13382307f69c4a2aa3d2df68,included,,2017/Ordinance No. 0346-17.txt,e19605703ee0ac175ba187dbdf873e57832e01414e644811b63c584f3437691b,2017,user_verified_folder
2022/Ordinance No. 053-22.txt,53-22,2022,cb084a5c5b141b97c922e0db70cb0cf13041a29130884c6e24bc549aff67de13,included,,2022/Ordinance No. 053-22.txt,e1ba512b9bfc13bffb7f8c798836205abada3911731caa60de61ff910415869d,2022,user_verified_folder
2022/Ordinance No. 062-22.txt,62-22,2022,ccd1fdbd88b11c1f97e9d26e122fdcbaeab53a2b5ce688fef1f0aa117c8a5c81,included,,2022/Ordinance No. 062-22.txt,e1d789142d6a37ce5580631ca5995ddd07ad1b751ef92e793c1793de1c67e354,2022,user_verified_folder
2020/Ordinance No. 0314-20.txt,314-20,2020,92a5d05d972dab6d8a9cd1ede91d57aa70299ba91d1a96efdac5b43d3be5fd89,included,,2020/Ordinance No. 0314-20.txt,e1f0043e39b4f24cef4e773fff37945b400975da9327cce9290a3643338e08b7,2020,user_verified_folder
2020/Ordinance No. 0212-20.txt,212-20,2020,01b995472be4ee6b453142b7ffec199c69710861aa12dead8cfd040a765c1610,included,,2020/Ordinance No. 0212-20.txt,e21c7a141eadd04c771c4c6c313cf1cdb3c2d49526049c312e6d470c56c2a479,2020,user_verified_folder
2016/Ordinance No. 0512-16.txt,512-16,2016,39a3733491d17a9651bd11eb2aa0398ca7d05aff170473d2b3a2362490a8c065,included,,2016/Ordinance No. 0512-16.txt,e2350664ea62096da86a3a61e3cbeb0e3dcbf135aa231d6ac6b58437862e629a,2016,user_verified_folder
2022/Ordinance No. 0133-22.txt,133-22,2022,2f3312bc8901e1c0c30bbcfbd5d79d9b3054c9e89e22b1adc31d27186c3a9cca,included,,2022/Ordinance No. 0133-22.txt,e280549c31862afe33566e0a67e06cfb84e0bc53f3cc44e4f1f0dd488a6ea955,2022,user_verified_folder
2018/Ordinance No. 0588-18.txt,588-18,2018,02952b269af071ac5633591288dbdb2a2a05d256b8a93f331eb64f3a085ecacc,included,,2018/Ordinance No. 0588-18.txt,e2d097c55d82e4709f62abe8d1b19e2960fc1f68135e1be600201cd7490c34d4,2018,user_verified_folder
2023/Ordinance No. 0192-23 Anti-Bullying (2).txt,192-23,2023,9c3671d27ed36a6d84300b034ba0e8b2288d6389f91f5893cc6455210492170f,included,,2023/Ordinance No. 0192-23 Anti-Bullying (2).txt,e2dc55b8f67bdb0738feca38356772db013006f2c1557cd82198a9719562fce3,2025,human_year_override
2024/Ordinance No. 0559-24 (1).txt,559-24,2024,13cd01af8e419ff3e7ca48c39f1656f0a6e3e73ae20f377e6a10d1a8dd0062cb,included,,2024/Ordinance No. 0559-24 (1).txt,e3130f9addf353d9bb730e0e0efb5e22f610085f415a7dbb02c3f0e796f3d3ea,2024,user_verified_folder
2017/Ordinance No. 0333-17.txt,333-17,2017,91f47ed22dfc924ad242eda0c3e9201d841a458e3059489c16230bb2e5e100d6,duplicate_copy,,2018/Ordinance No. 0333-17.txt,e34b2d74463e6d4ddea4ce226d6d46d46eddf05c245f8d1feeede7a40fdc0d26,2018,human_year_override
2018/Ordinance No. 0333-17.txt,333-17,2018,91f47ed22dfc924ad242eda0c3e9201d841a458e3059489c16230bb2e5e100d6,included,,2018/Ordinance No. 0333-17.txt,e34b2d74463e6d4ddea4ce226d6d46d46eddf05c245f8d1feeede7a40fdc0d26,2018,human_year_override
2025/Ordinance No. 0765-25.txt,765-25,2025,8f92e9bd9e088a97bf0f2cf083239722fbf1f386cdcf787b14f859ba7cf53bd4,included,,2025/Ordinance No. 0765-25.txt,e378ab52f3530b6e189bb8db8cb591e1415af88c37ddad2637bb6590e242e41a,2025,user_verified_folder
2023/Ordinance No. 0327-23 (2).txt,327-23,2023,5808772c4bf8602b76d16cacf8d577286bdec21c3f495bacc29cf522be2bbc94,included,,2023/Ordinance No. 0327-23 (2).txt,e38b18eb88c4051a0d7ff975faab48448305810f6c55d0cc73e3666e7c44fa7b,2023,user_verified_folder
2022/Ordinance No. 000924-22.txt,924-22,2022,beff2b68b9b4d2ef95c3b2b2325abc012f936dd7c695dee32992b4e05aa575ff,included,,2022/Ordinance No. 000924-22.txt,e3b75299ad0699ca7ff0f9a47d80884197be09be4cad5047af8f78861893d5a9,2022,user_verified_folder
2022/Ordinance No. 0924-22.txt,924-22,2022,beff2b68b9b4d2ef95c3b2b2325abc012f936dd7c695dee32992b4e05aa575ff,duplicate_copy,,2022/Ordinance No. 000924-22.txt,e3b75299ad0699ca7ff0f9a47d80884197be09be4cad5047af8f78861893d5a9,2022,user_verified_folder
2018/Ordinance No. 0476-18.txt,476-18,2018,0a1e63577b63e593a0e4f34fefea2877ee5fbe88598f0dc047d0a73738511fb3,included,,2018/Ordinance No. 0476-18.txt,e3fa8e094d6bc65ef340e9674e5ff06a28d2aeddeb918ae79928bdd55c61ee14,2018,user_verified_folder
2017/Ordinance No. 0149-17.txt,149-17,2017,039d1587dd666a4bc97267906458673b3b597818f50e75f25985d8bd9b414573,included,,2017/Ordinance No. 0149-17.txt,e40e58da575baa1fdb18b532ce43e9baa878ba29e5b0ab7d8262fe2092167a42,2017,user_verified_folder
"2024/Ordinance No. 0473-24 MOA, Davao Doctors College, Inc. (1).txt",473-24,2024,bcc38eb540d88f3e8483116a68c841339bea7ac4065eefe399e544c7c62934c8,included,,"2024/Ordinance No. 0473-24 MOA, Davao Doctors College, Inc. (1).txt",e41b33d2cc000d2803be157dbeed1e5c448df6ed10da453fadb5314cd1cce0ed,2024,user_verified_folder
2021/Ordinance No. 0663-21.txt,663-21,2021,6463dd201b20d9c02bce05f2dd4eb20110487ae4763d5edca0438a8705aaae2b,included,,2021/Ordinance No. 0663-21.txt,e4678d57df374dc23af85e302b595b1daf1ca4082d88a9f02ac49a24a83b5546,2021,user_verified_folder
2017/Ordinance No. 0179-17.txt,179-17,2017,8f9133c1a2b28748814aa0a6c540ad0573406146c933a61693120bb4dc0fd52d,included,,2017/Ordinance No. 0179-17.txt,e475570e6e0efed1635156739715bf64f93b6ce8d655393520d97e28de8fdf8c,2017,user_verified_folder
2019/Ordinance No. 0679-19 (1).txt,679-19,2019,2b567c4e26888792267f2421c7512eb01ba881d7c5ee3d57f5e7757453895155,included,,2019/Ordinance No. 0679-19 (1).txt,e480a1e83aac3debd8c6e78a4910ea4bb1778aaa80de4fd94c1af44490e72f50,2019,user_verified_folder
2016/Ordinance No. 075-16.txt,75-16,2016,0ae970d8f03fd9e67696e9a5d93b5c80221b3a7d170c862f94bf055bd0ca9ad9,included,,2016/Ordinance No. 075-16.txt,e4b3939474f9cb7b749ee553151b01c873435697c7a8ec8efe3409f5375b2fbc,2016,user_verified_folder
2021/Ordinance No. 000750-21.txt,750-21,2021,f17ec641996f0ca1bc17dddbe1be667e5e836b40ad36f29826dcbb81c49af694,included,,2021/Ordinance No. 000750-21.txt,e4cd91df7b67c6c36bbbc449d3464843f8bd1ca81a02d90b4457c2736ae199b8,2021,user_verified_folder
"2024/Ordinance No. 0497-24 MOU AdDU, Huaqiao University (1).txt",497-24,2024,2f2a92d8a98b4d1633043cc8b92b2f0bfc293f04f457e017ce8f580b56aa77ea,included,,"2024/Ordinance No. 0497-24 MOU AdDU, Huaqiao University (1).txt",e4fd2f34f3e9439218a68354a2175483cf195e407391b4f2d68830b3cfacd795,2024,user_verified_folder
2018/Ordinance No. 0637-18.txt,637-18,2018,d12c027b2ce932e050af4b1aa8f932d56bfca565201f7174c5bec7a43856a1ae,included,,2018/Ordinance No. 0637-18.txt,e533e2102889f793a3f6d8b913ee900217380d6307fe21125a7da022508575e5,2018,user_verified_folder
2020/Ordinance No. 0225-20.txt,225-20,2020,1771b1db8638a3a5b0fdc30be1ac7913e2962a6c61936abca05200f372afa5c8,included,,2020/Ordinance No. 0225-20.txt,e5c6907074ba48f96e476273d892a2c1955c46942581151fc579cf7e2d81d623,2020,user_verified_folder
2020/Ordinance No. 0310-20.txt,310-20,2020,e794a31e8b9698746b03ab04ccf8ce1276a6f08d8084bf6c82d3cd08fc602765,included,,2020/Ordinance No. 0310-20.txt,e5c7dcd1cda559e01d25e96e6d9a86324a094115b798a08d1629f8838a5fdfa7,2020,user_verified_folder
2021/Ordinance No. 000704-21.txt,704-21,2021,987cb3574e4b74c4a6720fc9f4ab38226bb0989916c1e9078d1929fcbc7640f6,included,,2021/Ordinance No. 000704-21.txt,e6634051a66095218d3a52d841b9187cc102159b738152ff227d50a1d7217394,2021,user_verified_folder
2021/Ordinance No. 000683-21.txt,683-21,2021,84f315668e24a10cd8ab26e7c07983d654a55caca0643be6cb0bc623a368b18c,included,,2021/Ordinance No. 000683-21.txt,e66931b97b73284ded8d134edd906840b9463ae2d8749ca8cac70794584c19b9,2021,user_verified_folder
2021/Ordinance No. 000845-21.txt,845-21,2021,ae27bef90204ef806c29efcdceba842259e4359a726506409df531abce9a5539,included,,2021/Ordinance No. 000845-21.txt,e691a075a8a753a480492f04b5251a063f5e2f0937a858195b9fa44445611a8b,2021,user_verified_folder
2024/Ordinance No. 0659-24 MOA AdDU-AOSF (1).txt,659-24,2024,9ab4910014d4b4bc776438e04727fdc9ee5c62e834bdd66206e6372a8cfee555,included,,2024/Ordinance No. 0659-24 MOA AdDU-AOSF (1).txt,e6c048f09904a50f55d95cb22669172a77285913b681df21a09edf699bb4b60b,2024,user_verified_folder
2020/Ordinance No. 0321-20.txt,321-20,2020,719f126945ee918a26d1c74fc25f4297fe5690966ba20d5fea99693caed56a04,included,,2020/Ordinance No. 0321-20.txt,e6e74a54416586873429a6503d59650cc1cf442cc106242b0de79e4f6a5708b2,2020,user_verified_folder
2018/Ordinance No. 0557-18.txt,557-18,2018,191c0909b7e2d7ce01ab3ee212f024307e01f4089e8d478b86990f0ae4db1b9e,included,,2018/Ordinance No. 0557-18.txt,e6ea07580d51491d96021248b24c24c8bc9a6f80caebebb46a14b0a17e342eee,2018,user_verified_folder
2022/Ordinance No. 000863-22.txt,863-22,2022,888269976ce4fd5012c48a06a732f3ec0213a37ab3023401cf39438b52006ab3,included,,2022/Ordinance No. 000863-22.txt,e71579705e87ba96d5fe6e74ff7e1dfa0f0ee91c904a0addb31f4081b3f993b1,2022,user_verified_folder
2022/Ordinance No. 0863-22.txt,863-22,2022,888269976ce4fd5012c48a06a732f3ec0213a37ab3023401cf39438b52006ab3,duplicate_copy,,2022/Ordinance No. 000863-22.txt,e71579705e87ba96d5fe6e74ff7e1dfa0f0ee91c904a0addb31f4081b3f993b1,2022,user_verified_folder
2023/Ordinance No. 0363-23 (2).txt,363-23,2023,3c44cbb7e4fb4c348c4eb51a530269341944e588998bdc7995233573c4a632ac,included,,2023/Ordinance No. 0363-23 (2).txt,e728e113bf89ed64de808bc9e610d194e57a406f5815724d741765fa53781098,2023,user_verified_folder
2018/Ordinance No. 0634-18.txt,634-18,2018,f44678f5b1b52f3a53a42149ad49c71f39c8531596eca01830189b29eefa67dd,included,,2018/Ordinance No. 0634-18.txt,e733a066e76a7bfc4a0c1455a16d312cb1fa5d25e2bfe131161e990146ba5a65,2018,user_verified_folder
2022/Ordinance No. 0120-22.txt,120-22,2022,531a8baffed2699ec7d9106c33e11ba1d604b21262f700533c42e85515235ca9,included,,2022/Ordinance No. 0120-22.txt,e73e05b3eb31c9fefef83a2fb32d61cac9cd9e2fee938559947adc274aed8f13,2022,user_verified_folder
2016/Ordinance No. 050-16.txt,50-16,2016,9a767b867723431a13e93e34642cf0a483c2ff9eaa7ed8d627717b497294d786,included,,2016/Ordinance No. 050-16.txt,e77916de730f6dca5867f53d216a2d2bfc012c0fa459bbfd7a558a3f02121228,2016,user_verified_folder
2016/Ordinance No. 100-16.txt,100-16,2016,06b9dff0bde810708011704b2a5f2d5bb019b516b11131c51f3e48dbfbc7a8e6,included,,2016/Ordinance No. 100-16.txt,e7a404f772caf0f00495e0f40f620c10f6fec54c108e5b7be2038fc85da74135,2016,user_verified_folder
2024/Ordinance No. 0579-24 Allow Request of Carol T. Labit (1).txt,579-24,2024,d7e6f8d0c52a016b798f23e7ab6939102b3c66c20b58b6298bd8219dba44e772,included,,2024/Ordinance No. 0579-24 Allow Request of Carol T. Labit (1).txt,e7c979dd914bc68a1dc27955ef71610b88ac194d0dc69d911f44168b697514e5,2024,user_verified_folder
2024/Ordinance No. 0600-24 QRF Quezon City (1).txt,600-24,2024,f2758a0a677ea9e92a298a83a6ae63fe797d0a4ba6eed4796d672e4a9f576d5f,included,,2024/Ordinance No. 0600-24 QRF Quezon City (1).txt,e7d3434edd231d2df6afba9a5cc69a332043e377e27642d66430c66ff5d49be3,2024,user_verified_folder
2022/Ordinance No. 0856-22.txt,856-22,2022,e2c2c626bf9ef0cb58f5ba331610cb9a4c6f9785b9212eccebf0882af53f816c,included,,2022/Ordinance No. 0856-22.txt,e81d6baf3f339c22146677a42adc749aca48f88943b41e32b8361a1e3a19a907,2022,user_verified_folder
2019/Ordinance No. 0732-19 (1).txt,732-19,2019,a0c99e8b7b132aac31b230c27fd07de1fd0a804f58fd2064e65f03d326bb1925,included,,2019/Ordinance No. 0732-19 (1).txt,e822241983f15848ccf9c7a1bc77382fd62cb1d71d743392fc632eb36d677d11,2019,user_verified_folder
2019/Ordinance No. 007-19 (1).txt,7-19,2019,49a8b24cf8503ff9d72c3371c836849b4b9deeab2049f660d7bb5200b29c5cba,included,,2019/Ordinance No. 007-19 (1).txt,e85f3438b93880054d9220ce7e16b8e09965d587e71217e3be5de8773ab2115f,2019,user_verified_folder
2022/Ordinance No. 022-22.txt,22-22,2022,846a8fc6e81c402e93ba7813ebf3904c6c68ad6c0cf9eb04996d1c0de1a113c2,included,,2022/Ordinance No. 022-22.txt,e879c65418b80ae20ed63773623469118df9b4fa66c7b6979428940bb533eee1,2022,user_verified_folder
2018/Ordinance No. 0390-18.txt,390-18,2018,81023fb81255796a28e89a83eb953478ac2e726f93bb26c5166d49f70ebf4d8a,included,,2018/Ordinance No. 0390-18.txt,e8bf464e268a432e1d41a5c7919e67cd8fd4be501e0ed0fc6bc8248cb6164100,2018,user_verified_folder
2022/Ordinance No. 025-22 Org. Structure CDRRMO.txt,25-22,2022,4e5be2113f0b99ccd28a6840d895313d00a43f56186f4d61f5d677756b8d7fce,included,,2022/Ordinance No. 025-22 Org. Structure CDRRMO.txt,e8c0a1fb5f2a9b2817033a2f8ecc9b35e5c70f084f70a1ba575489a26297af83,2022,user_verified_folder
2018/Ordinance No. 0443-18.txt,443-18,2018,cf45d38a1c0ff5c26ead25ff33053b37f1f352f12074e55c4ed9d30f4d2f616a,included,,2018/Ordinance No. 0443-18.txt,e8ce226b4f68152342397109ed4560c760666c2142a3006d0e90fee43e23516f,2018,user_verified_folder
2020/Ordinance No. 0285-20.txt,285-20,2020,6fb89e29a975765df7710b642f088d60d6567e1d0e191c52305cc8bf70672a68,included,,2020/Ordinance No. 0285-20.txt,e8dfdaf78524aa58d36f7e01eaa6eb9fe3574855654745fff11fd29e40de7ace,2020,user_verified_folder
2021/Ordinance No. 000722-21.txt,722-21,2021,5d0762747bd961e3e997d13aabe91dd0ca9aa06e2160a403521d3d6ecba22d5c,included,,2021/Ordinance No. 000722-21.txt,e8ee32c223065887095ec12f46af04d378c06c83b1fb09fd2d291f889aeb054b,2021,user_verified_folder
2023/Ordinance No. 0220-23 (2).txt,220-23,2023,507edb346c1d14a6b7e411b8fa6f158f282b0ae89ee036d397d6f4d488e98d99,included,,2023/Ordinance No. 0220-23 (2).txt,e9649246e8e144ebee79358437b4741006935fafdb4cf3423bab20927b31b344,2023,user_verified_folder
2021/Ordinance No. 000851-21.txt,851-21,2021,28bff4e337d4e3908d4ccddee58e834b0f8a9c8c35495479682845c8f4383143,included,,2021/Ordinance No. 000851-21.txt,e97602712036b31770e769990ca715adc90ff8a6e79f8dedf9188e3843a3fd5b,2021,user_verified_folder
2024/Ordinance No. 0708-24 Amend Charter of City College (1).txt,708-24,2024,a38cc5a8981c00b856608f993e37132aaa5df7ab5f7c681ca11913c983b2d801,included,,2024/Ordinance No. 0708-24 Amend Charter of City College (1).txt,e976a9ba80775e4590db68c99266f950f686a5391e72b3e12090655c906a36df,2024,user_verified_folder
2023/Ordinance No. 0221-23 MOU DSWD-RSCC (2).txt,221-23,2023,e4798b87dd5a245361ec46dc9534b51894aae70d75cae964c39fd01a8bbfa6a2,included,,2023/Ordinance No. 0221-23 MOU DSWD-RSCC (2).txt,e985e6cb701a3ee202bba4160d70d597102369fbfa090cd741d060d1ffa04024,2023,user_verified_folder
2021/Ordinance No. 000810-21.txt,810-21,2021,3c7182c44df9a81f0ac76fc0650ba7a439b8a89289d1830fb13e12c8dc2cb9ef,included,,2021/Ordinance No. 000810-21.txt,e99c3fb577261fce2d5c93ed2680ce17ddbd861762ca1905e7da9848e24653a5,2021,user_verified_folder
2016/Ordinance No. 089-16.txt,89-16,2016,15255d1410cef4bdc0e8c122f366b0e53e4f55eb4885df5bca91f50b646db4de,included,,2016/Ordinance No. 089-16.txt,e9af7e0d1222c81a2250201206666acd0dd7450df6909c378433ae5469b406db,2016,user_verified_folder
2024/Ordinance No. 0436-24 -Amendment Mental Health (1).txt,436-24,2024,245de574ea09673a1114a4fa0ff08f12646908ff6c0288b856d4ede3c84aee0f,included,,2024/Ordinance No. 0436-24 -Amendment Mental Health (1).txt,e9bf5cd66d8f863b25eeeaf816c3d98ac9d264013a7f2ce92fdcbc44e30c84c1,2024,user_verified_folder
2016/Ordinance No. 014-16.txt,14-16,2016,3a27682741b967efb87a247db67f767cc5026edea75ae11095f1b70f6ca1681d,included,,2016/Ordinance No. 014-16.txt,e9c2793f918a47211d380240af2ffe944cee6f1290e920aca7b83291c7c5987d,2016,user_verified_folder
"2024/Ordinance No. 0496-24 Service Contract Agreement,LTFRB Nfinite IT  (1).txt",496-24,2024,119d90d0d897b7bcda50b14b7d2ce7e80eb6e28adbdc373fe1dba71a9ef1de79,included,,"2024/Ordinance No. 0496-24 Service Contract Agreement,LTFRB Nfinite IT  (1).txt",ea210a59c858abc2e8b3126d743413a360364f06ba1eea5d03109bca41512647,2024,user_verified_folder
2021/Ordinance No. 0593-21.txt,593-21,2021,1bfd87c0c449aaa738e890b55b18f29940ccbc2208c82a4880e24d8aa6ecebed,included,,2021/Ordinance No. 0593-21.txt,ea2f93887f005d9cad241f23b67ec9fb5f79954e2d659477de5fd9f5270ca8b0,2021,user_verified_folder
2016/Ordinance No. 094-16.txt,94-16,2016,315835b0f9ec4fe3c5a5cd9e3eb84d486d6b13410e1635f5a1a9f5efaf3f6a80,included,,2016/Ordinance No. 094-16.txt,ea30007a807de654fe9107b89aee59e5d332a7c54ff63ad30638ee2b0f4e2744,2016,user_verified_folder
2020/Ordinance No. 0215-20.txt,215-20,2020,126d001933f40d8d36127a26ed5db98bf07e5cd557b28cafb3774009746c3461,included,,2020/Ordinance No. 0215-20.txt,ea5486253ebfb5532209cc07b25ce22a50986440ff45426ffd1785dacd7d923a,2020,user_verified_folder
2022/Ordinance No. 000937-22.txt,937-22,2022,ff56dd7e15bd85c56f76966d2ac1ff40f12b57688bd128dcff98f257f003fb12,included,,2022/Ordinance No. 000937-22.txt,ea988bdc138b4e173956eb922ae732b11f3b32abe605cd958d04f9029840f719,2022,user_verified_folder
2022/Ordinance No. 0937-22.txt,937-22,2022,ff56dd7e15bd85c56f76966d2ac1ff40f12b57688bd128dcff98f257f003fb12,duplicate_copy,,2022/Ordinance No. 000937-22.txt,ea988bdc138b4e173956eb922ae732b11f3b32abe605cd958d04f9029840f719,2022,user_verified_folder
2024/Ordinance No. 0725-24 SB3 (1).txt,725-24,2024,d26b55368e83b18932a2787fa0137d72bab12139412647a05a6e2d6cb19500c6,included,,2024/Ordinance No. 0725-24 SB3 (1).txt,eac42e395cf8d8ebed1e61bb363ab9a1e8484b60dd733d8c8e75b0e704becf53,2024,user_verified_folder
2019/Ordinance No. 034-19 (1).txt,34-19,2019,23c49a710b4b5d9125c50dcb40c28ee1292df829d6bffd6a6b1ef2b014273058,included,,2019/Ordinance No. 034-19 (1).txt,eae25b18a8b9bfb31a227c40faa5216f24d6e0d4b1433bf31ce4f1651016cc4e,2019,user_verified_folder
2021/Ordinance No. 000830-21.txt,830-21,2021,a43402bf35bb7cc985e693ebdd6b895d3fa98722e77bb04c8b566c6fb410e88e,included,,2021/Ordinance No. 000830-21.txt,eb0b5c8f402f4be197ba464f5a6c187fcae1933a784b79404c70c5ced1384d20,2021,user_verified_folder
2021/Ordinance No. 000820-21.txt,820-21,2021,3aa3dd536d5c23a6608b22858c009484bafd12e699bf99484639df143a14cdf7,included,,2021/Ordinance No. 000820-21.txt,eb327ba477798c42fc739e73967bca0c5042e4f5abf1eb7769dc7ed3d25b73ac,2021,user_verified_folder
2021/Ordinance No. 0628-21.txt,628-21,2021,882f147a58f3e33550276552b21596dc788525b71dbf40bfeddf2d0e1097df9d,included,,2021/Ordinance No. 0628-21.txt,eb493b6737f71da0c16f7507b8572b0b0d7d067684949897d64baff1c05e94d3,2021,user_verified_folder
2024/Ordinance No. 0541-24 (1).txt,541-24,2024,4b59f7d574373762c0f6c22aae35f71407ad9d9e76f5d07e2237562395139af7,included,,2024/Ordinance No. 0541-24 (1).txt,eb64a128be6d185f66f98a3851014949c56a9379537450cb975941809569a66d,2024,user_verified_folder
2021/Ordinance No. 000703-21.txt,703-21,2021,36c4ebeec7b060d7cfb367ec2b442798c49129700780c82deb8e39743171950b,included,,2021/Ordinance No. 000703-21.txt,ebb2e15c9f1d5e604faa6a858f0ff62251cb19a66b2677bbb7e8e19faa1c4fdb,2021,user_verified_folder
2017/Ordinance No. 0144-17.txt,144-17,2017,1ead6fc6e6bc99dd3ff10c44fa12e12ada4f79a1e711dd8c474404a02763d6d8,included,,2017/Ordinance No. 0144-17.txt,ebb8aa03a7646c1a7328705b2da21a0cb996871b11432efda6d0af23aeb82d5e,2017,user_verified_folder
2016/Ordinance No. 0475-16.txt,475-16,2016,586defc9ac43455be2d14004e4c0bae107b1b665a5703b617f1dcf1570a9f16b,included,,2016/Ordinance No. 0475-16.txt,ebe609ee3421eb6f87982d242b5aee3141bd81c61fae0a7b03cbc60cca2c1268,2016,user_verified_folder
2022/Ordinance No. 076-22.txt,76-22,2022,00cbba2e145c1a2c4323e870a414a39ebcb4c294995b552ce5ffbf657aee7878,included,,2022/Ordinance No. 076-22.txt,ec034bf1fbf403ef8b522674429a02cd18cf1c07154c5d2f094adf2ad930f6ca,2022,user_verified_folder
2021/Ordinance No. 000826-21.txt,826-21,2021,30db40251788ace3df96025780cb87c1d059241fdddae77c72325077a8c2f84a,included,,2021/Ordinance No. 000826-21.txt,ec03dae5dbf3014650feebf81f8b63edf14cef7ec5ce16bfc8150fcfb409a4ce,2021,user_verified_folder
2017/Ordinance No. 0257-17.txt,257-17,2017,bdea3d26489779b6fb5834f78a18cdb57748f9d1841c72a1e7631634537becdd,included,,2017/Ordinance No. 0257-17.txt,ec3cbfbcc97a464135c6c3a2a6c5ea53ed472fab878d661cac0c5824e6906f0a,2017,user_verified_folder
2017/Ordinance No. 0221-17.txt,221-17,2017,15400d5e362eae5c7ab0205c80045c6410443e83d5ddd5c7e1b414ba4a0fac5d,included,,2017/Ordinance No. 0221-17.txt,ec69cc1319b4c933a9b3529f63bbef61a895bab75e98027430c52b6eedc097e7,2017,user_verified_folder
2022/Ordinance No. 000032-22.txt,32-22,2022,5dc5f35f557574b4e58dfefc7985bd23977275a671644952bd42d5d73d899b2f,included,,2022/Ordinance No. 000032-22.txt,eca7a9063c139fcc555907138f4c4ca004ff2584447049ce7e31206500645cb1,2022,user_verified_folder
2024/Ordinance No. 0512-24 DOAS Myrna Pudadera (1).txt,512-24,2024,17d8c434541ab4a7cfd408657f3888cb6c08cf724f9355baa6ba7599042a10d0,included,,2024/Ordinance No. 0512-24 DOAS Myrna Pudadera (1).txt,ed09c563aceb5c0746db3e4074f483eaee68be94deac8aae6d048e218baba5c9,2024,user_verified_folder
2018/Ordinance No. 0647-18.txt,647-18,2018,c1a3c90e814dd260a8e60db0eaed7d582b545da1417b818cf1f2521aa346cd31,duplicate_copy,,2019/Ordinance No. 0647-18.txt,ed520e594945971189f8f07b831d8069b26d01c403b26db7814066f58c2a5433,2019,human_year_override
2019/Ordinance No. 0647-18.txt,647-18,2019,c1a3c90e814dd260a8e60db0eaed7d582b545da1417b818cf1f2521aa346cd31,included,,2019/Ordinance No. 0647-18.txt,ed520e594945971189f8f07b831d8069b26d01c403b26db7814066f58c2a5433,2019,human_year_override
"2024/Ordinance No. 0667-24 QRF San Pascual, Batangas (1).txt",667-24,2024,89f6255e550b4bfef5f97ea0ea4c8cdf7f9613f9ddef889cc7a794a0089f6743,included,,"2024/Ordinance No. 0667-24 QRF San Pascual, Batangas (1).txt",ed704f95bbc9359b67369b63f9755b4b67509a109e0ab4c02c0354a1abfaf7f4,2024,user_verified_folder
2019/Ordinance No. 010-19 (1).txt,10-19,2019,413bf063384fa3ed576e2190973a2245aeaa3a3c8832f438e1cea73ac53e0f59,included,,2019/Ordinance No. 010-19 (1).txt,ed7ca738aa79e14967fc1175377182f37f04efa4e160ab6a3aea8b1c4341195a,2019,user_verified_folder
2018/Ordinance No. 0673-18.txt,673-18,2018,608896345cc6866c66449c315668992d69fed779252beadd9d0d777f76eeeed2,duplicate_copy,,2020/Ordinance No. 0673-18.txt,ed9c3fd604d7b5919b4b6cfeb2b924f46f1406b6316516d470e7008ccb51288b,2020,human_year_override
2020/Ordinance No. 0673-18.txt,673-18,2020,608896345cc6866c66449c315668992d69fed779252beadd9d0d777f76eeeed2,included,,2020/Ordinance No. 0673-18.txt,ed9c3fd604d7b5919b4b6cfeb2b924f46f1406b6316516d470e7008ccb51288b,2020,human_year_override
2024/Ordinance No. 0607-24 QRF Pasay City (1).txt,607-24,2024,3585862f946e6b3fe8238b4477f18e059ed1ab68497d5f479f8043c19a19300f,included,,2024/Ordinance No. 0607-24 QRF Pasay City (1).txt,eda6cdf09f90fec0a409505bf29d1b91af8a4579d2a6c380e227e69fb04fb3a9,2024,user_verified_folder
2017/Ordinance No. 0148-17.txt,148-17,2017,3bfad8a11afb209d4014845443269d6181adf25cb8a75d4d2c6fb40b9b1b768e,included,,2017/Ordinance No. 0148-17.txt,edb68279328420a781c51843163422662837d3b836c43fe16cfdf203a26ed937,2017,user_verified_folder
2022/Ordinance No. 000927-22.txt,927-22,2022,3b5d222e3ea6c4a85cbd96274292f3f8b764c83d7c1371d29794569ea08f5ab7,included,,2022/Ordinance No. 000927-22.txt,edcf54d40c2aa02b50f94a035412c23e3c9cedd47ecf6c701a7a44a7aabb410f,2022,user_verified_folder
2022/Ordinance No. 0927-22.txt,927-22,2022,3b5d222e3ea6c4a85cbd96274292f3f8b764c83d7c1371d29794569ea08f5ab7,duplicate_copy,,2022/Ordinance No. 000927-22.txt,edcf54d40c2aa02b50f94a035412c23e3c9cedd47ecf6c701a7a44a7aabb410f,2022,user_verified_folder
2024/Ordinance No. 0724-24 (1).txt,724-24,2024,94572b069d1b3482e63a664a834d61c470f112f8580e22f7c603edd8bc3cc8d9,excluded,outside 2016-2025 after human date correction,2024/Ordinance No. 0724-24 (1).txt,ee3d86b8736379a23cb13fab24c04948d38321510a7da09eda96cc4fc9ee0a1f,1991,human_year_override
2024/Ordinance No. 0635-24 (1).txt,635-24,2024,6db964175988967e7c8f44c230c22fd0d128ccffdce651faeb8f5df5d89cc311,included,,2024/Ordinance No. 0635-24 (1).txt,efa43ff055bba5ae1deae7a5ba5da76fb25318cfbcedabdd19e64b43168316ac,2024,user_verified_folder
2016/Ordinance No. 002-16.txt,2-16,2016,7281025572491aacbbcbfc2c562fe2e84e702f369466e0bf1b98a93f30a4f34c,included,,2016/Ordinance No. 002-16.txt,efb09f3e3351a67c60e844dbe98f9322e32f84b5102f6174f52b1cf05ba7a4ae,2016,user_verified_folder
2021/Ordinance No. 0634-21.txt,634-21,2021,73e546664186d2c28c17ae6bcda9f00cc407e1686fb7321ca218aaf265b03ae0,included,,2021/Ordinance No. 0634-21.txt,efbeb883321c621b2bb59affa8e98f8012483866c422e610037546d90fac2830,2021,user_verified_folder
2019/Ordinance No. 0126-19 (1).txt,126-19,2019,eb936807b8b130399bfec77e1f5528e549a49b5d0bf231a8d4a83ef9541727ff,duplicate_copy,,2020/Ordinance No. 0126-19 (1).txt,efc387d97dd39d831cec9f330e14d22657d8cbf7df22ce59bd1f6b5d361efd32,2020,human_year_override
2020/Ordinance No. 0126-19 (1).txt,126-19,2020,eb936807b8b130399bfec77e1f5528e549a49b5d0bf231a8d4a83ef9541727ff,included,,2020/Ordinance No. 0126-19 (1).txt,efc387d97dd39d831cec9f330e14d22657d8cbf7df22ce59bd1f6b5d361efd32,2020,human_year_override
2018/Ordinance No. 0423-18.txt,423-18,2018,8d12100bf7f1ed590f0e1f78b3ae5b33a3f6493bd62e6e20c869d324ca99753b,included,,2018/Ordinance No. 0423-18.txt,efc9695d1c94bf4b9f14d8e9fee432b33e39268f1ea5ea1b14f69fd9b5eebf50,2018,user_verified_folder
2016/Ordinance No. 0499-16.txt,499-16,2016,71dcf0af11e42e9dcea9786a50fba4367207d48b73a391575da82da21420af09,included,,2016/Ordinance No. 0499-16.txt,efd36108268f0f58a07bb817975d590a6d8e5c71ee1a157f1aef1410b3a78311,2016,user_verified_folder
2023/Ordinance No. 0275-23 (2).txt,275-23,2023,6d54855458912f55065d85828d4f895c14e99e4e745f8f1c87f6eab06edfa6bc,included,,2023/Ordinance No. 0275-23 (2).txt,efdc14c998bbec089b8b1423115cdff3ecfba35ac606237446fb42f8e97df310,2023,user_verified_folder
2024/Ordinance No. 0492-24 Exemption of Special Permit Fees (1).txt,492-24,2024,bc1f89bdc7b4840fcdcdcdb64cf149573c6375f4ff99be87ba40ed431eed6fdf,included,,2024/Ordinance No. 0492-24 Exemption of Special Permit Fees (1).txt,efff8ac6aa4e969420489c0892a6ffae6fe34c21813080ee76c11d6253c424e7,2024,user_verified_folder
2020/Ordinance No. 0244-20.txt,244-20,2020,26eb3a3b7cf0c075a2f63744e074421b1997064d02798f49aee51ecb4766d760,included,,2020/Ordinance No. 0244-20.txt,f00887b3a9839cd63d09d7e5eeb175b75b1c30ce1aad1ae952f579a1ee14530f,2020,user_verified_folder
2019/Ordinance No. 0752-19 (1).txt,752-19,2019,3d8ea4640aefe76909398c5ba1a6c6c9a0ea1e26264204f35b0be6e24fd29e3a,included,,2019/Ordinance No. 0752-19 (1).txt,f01649bef4a3ee7146a157992e45e26b1c37476e153fc21da8f08039f81089c1,2019,user_verified_folder
"2023/Ordinance No. 0162-23 -MOA, RMHC Bahay Bulilit (2).txt",162-23,2023,1f367e3dd46c57e54a1c7d5cc1a157c673743300aeb717d16505e22c3a04e36a,included,,"2023/Ordinance No. 0162-23 -MOA, RMHC Bahay Bulilit (2).txt",f02b3912c83e9eb53110f8dc16d0c6519dcbb0efed7b0ffcff481469d025d6e6,2023,user_verified_folder
2021/Ordinance No. 000692-21.txt,692-21,2021,420acc03ccad2246e3910247100f4d43b1d6f06fbf14d6408bd36d788cb63a81,included,,2021/Ordinance No. 000692-21.txt,f031d7d72ac2de646baefe39e61f2f3957231c4244347fceddde0c15b2402b3a,2021,user_verified_folder
2024/Ordinance No. 0728-24 DOD DOH-CHD (1).txt,728-24,2024,df5961015cec3455df04c53714142247611585352ebbd81bff9121ea8b04c15a,included,,2024/Ordinance No. 0728-24 DOD DOH-CHD (1).txt,f042f8124ed353b980d0791f97ae508b58c20376aa3da6e88ed4fe3a29a88f75,2024,user_verified_folder
2017/Ordinance No. 0367-17.txt,367-17,2017,f8697a4ddd2fc21a59107b861de79bd66c82a3b67feb5439b634a6a2b39e0db6,included,,2017/Ordinance No. 0367-17.txt,f0461bffc435986111680f2f996b93719ca940fc260cfbc2190223fd079bb27e,2017,user_verified_folder
2019/Ordinance No. 028-19 (1).txt,28-19,2019,226549d49d51b521f0c331148be1ccf05e85f88b009d08466f2290be4d777ee4,included,,2019/Ordinance No. 028-19 (1).txt,f07729be3eb452e72a59fafd838e93ded7dadbb861e1f1f3ae6dc92d1db3bfa8,2019,user_verified_folder
2020/Ordinance No. 0203-20.txt,203-20,2020,9b08d55a1b10cfbec29a38b50e780681bacd4f2c6e9b9115c6f330cae0346309,included,,2020/Ordinance No. 0203-20.txt,f0a1e60a5cce8fcf6c3b613f8e2d1246873c3f7c5ed2b7c4caa912f5ace9e87b,2020,user_verified_folder
2018/Ordinance No. 0477-18.txt,477-18,2018,e0383f87df146f12cfd9f7a33ee9ad1b3390699b74618cf2bcb1d500d2b90005,included,,2018/Ordinance No. 0477-18.txt,f0cd52cd66716f49f642465c3ce57f225e236ae8e32d69eca62ac7d106f70987,2018,user_verified_folder
2019/Ordinance No. 000812-21.txt,812-21,2019,dc7e129d979ae57b3403c8da56cfb7b55416745490f00eb8c067b60c866e1ec4,included,,2019/Ordinance No. 000812-21.txt,f0eff366456197ba76c96ad80d3026d7a87bf24d9caa0fcea4e94243067d8f16,2019,human_year_override
2021/Ordinance No. 000812-21.txt,812-21,2021,dc7e129d979ae57b3403c8da56cfb7b55416745490f00eb8c067b60c866e1ec4,duplicate_copy,,2019/Ordinance No. 000812-21.txt,f0eff366456197ba76c96ad80d3026d7a87bf24d9caa0fcea4e94243067d8f16,2019,human_year_override
2018/Ordinance No. 0523-18.txt,523-18,2018,b0d344b569c848801a10bd602c68050ff9ada804c1cd0dbc998f204e048ef478,included,,2018/Ordinance No. 0523-18.txt,f0f1624cc4283fdb1f8af775cf8d0c93d8a0dcb350867380cbe0d9413415677b,2018,user_verified_folder
2021/Ordinance No. 000789-21.txt,789-21,2021,a5195f22d5636a46176974971eb79604d0b50298ca373d0b9ccc29323fc5ecac,duplicate_copy,,2022/Ordinance No. 000789-21.txt,f0f4ef91c62800202d0f07bfffb5c12d02b71af75d2a98f02153ac13f5b10ffa,2022,human_year_override
2022/Ordinance No. 000789-21.txt,789-21,2022,a5195f22d5636a46176974971eb79604d0b50298ca373d0b9ccc29323fc5ecac,included,,2022/Ordinance No. 000789-21.txt,f0f4ef91c62800202d0f07bfffb5c12d02b71af75d2a98f02153ac13f5b10ffa,2022,human_year_override
"2024/Ordinance No. 0682-24 QRF Calbayog City, Samar (1).txt",682-24,2024,10aa274f68f5bc99aeccb488ce1aade45155098679ba6a45ab822574b2ab98ca,included,,"2024/Ordinance No. 0682-24 QRF Calbayog City, Samar (1).txt",f101d99a7a0829a327daa6ae449eb877cb60c91dbbac9209fe8b5c9bc26e6ab8,2024,user_verified_folder
"2024/Ordinance No. 0682-24 QRF Calbayog City, Samar - Copy (1).txt",682-24,2024,10aa274f68f5bc99aeccb488ce1aade45155098679ba6a45ab822574b2ab98ca,duplicate_copy,,"2024/Ordinance No. 0682-24 QRF Calbayog City, Samar (1).txt",f101d99a7a0829a327daa6ae449eb877cb60c91dbbac9209fe8b5c9bc26e6ab8,2024,user_verified_folder
2020/Ordinance No. 0266-20.txt,266-20,2020,3aec48e9fba83705033e6693ab95ba42a99d85868bcd083d237d18442c836416,included,,2020/Ordinance No. 0266-20.txt,f10e7ca5978244388ec3c4661b4fe224482413f5c601e61765dbbb73853b85bd,2020,user_verified_folder
2022/Ordinance No. 060-22.txt,60-22,2022,76393b5b2edb99046db5aca20fafbeec0ba8879067f23b78383d7199d51c421e,included,,2022/Ordinance No. 060-22.txt,f1166b3525639603e615dff409bf255c49db070e823e06b4dbe6659ba348c876,2022,user_verified_folder
2017/Ordinance No. 0287-17.txt,287-17,2017,b9ff286ddf1e0fdb13efeb4a54aa8b67bac426a156c70466c60b82d39e1d1055,included,,2017/Ordinance No. 0287-17.txt,f170207f86f656f788663855159886079c613618705dbdc6bbbf07d40b5d772c,2017,user_verified_folder
2023/Ordinance No. 0202-23 DCDRRMFIP (2).txt,202-23,2023,beeff5cd8c4bc82019314c989ab94a802737f11a8ee7268625eaccf02aa3cb38,included,,2023/Ordinance No. 0202-23 DCDRRMFIP (2).txt,f1735a2b953a8cedafd83cc71dadc4d19e58e20bcebd7d4f88c201071b50fb96,2023,user_verified_folder
2018/Ordinance No. 0404-18.txt,404-18,2018,d5d356872d40f708ed49efbf0cbe559b218af603403cf349f7b70a317a30e226,included,,2018/Ordinance No. 0404-18.txt,f173dbd51aba4972456ff0354fe87f1dd9a6c9f240bf473ad07bafdde8281602,2018,user_verified_folder
2022/Ordinance No. 000862-22.txt,862-22,2022,62a96bf0ceef1b3fb5556376b46aa9516d841a4b01ed96b57d0da461a12273cc,included,,2022/Ordinance No. 000862-22.txt,f1a8cb5f88efa41e045cdc07f00718bbd6f8d6edfcf0f1d6391990eac75f9944,2022,user_verified_folder
2022/Ordinance No. 0862-22.txt,862-22,2022,62a96bf0ceef1b3fb5556376b46aa9516d841a4b01ed96b57d0da461a12273cc,duplicate_copy,,2022/Ordinance No. 000862-22.txt,f1a8cb5f88efa41e045cdc07f00718bbd6f8d6edfcf0f1d6391990eac75f9944,2022,user_verified_folder
"2024/Ordinance No. 0707-24 Amend Prevention, Treatment, Care and Support (1).txt",707-24,2024,1edc1d08a38bcc56adff6184159d701711d3baf5f93f492af16d3bf3b661885c,included,,"2024/Ordinance No. 0707-24 Amend Prevention, Treatment, Care and Support (1).txt",f1c10907125dad2b44e0f9866eabc9353846058e0400f2c0bf29388bddea2fb2,2024,user_verified_folder
2024/Ordinance No. 0604-24 QRF Navotas City (1).txt,604-24,2024,98ab9d00bb236b0545b2660ea1422ad2ad1b6d5cffb4d75dfe5d15d42d64d389,included,,2024/Ordinance No. 0604-24 QRF Navotas City (1).txt,f1e01f371fa370d331b191031e020c91075ef4b68290f24b6fbca61f44e233e8,2024,user_verified_folder
2016/Ordinance No. 091-16.txt,91-16,2016,5581e7e762b2e1c77cc2bba1727e6ce030a556db121da6f2bce98085cf6fdf86,included,,2016/Ordinance No. 091-16.txt,f1e37a8f2e928a3b14a62264e8a5cda93869a161c3de8574765af7d6b8ccc22d,2016,user_verified_folder
2019/Ordinance No. 0701-19 (1).txt,701-19,2019,68323c1d11447ee62b81f13c1b65a14884a46f34feca8b568dcaf9ba15601567,included,,2019/Ordinance No. 0701-19 (1).txt,f1e95664a8e22c649ff786b6dd131bd57d732c01a044952f151dd23fe1d4555b,2019,user_verified_folder
2024/Ordinance No. 0719-24 (1).txt,719-24,2024,3f68f23b3a0c9fa82863f00a84de7161299dd6cee8ab309d58a0ad666448bc0a,included,,2024/Ordinance No. 0719-24 (1).txt,f20982e720a395b804083b554a3f40e47074fc40e20ec91dacf0e1654f17c5e7,2024,user_verified_folder
2021/Ordinance No. 000846-21.txt,846-21,2021,4b5f1af9c66a639be017a1d35c6e8f935b7f0ad39c108dc428a460cc7491a71b,included,,2021/Ordinance No. 000846-21.txt,f23d31bbae6e55e48908fecb26fa2dbf4802b2f330423b677ce6e6578c2dd64a,2021,user_verified_folder
2022/Ordinance No. 0880-22.txt,880-22,2022,df943036ea447ee9985b7537139ef88e825bc007bbe059d788fc4419a6c6a450,included,,2022/Ordinance No. 0880-22.txt,f243ecf129700463f4f5248ee8ecf883e5d03777cf6f16beb06c3b765fbea371,2022,user_verified_folder
2021/Ordinance No. 000834-21.txt,834-21,2021,11f42197145c6259eb32f0a884f8aeee340da3b9d2a41d24e64bd4673f920240,included,,2021/Ordinance No. 000834-21.txt,f2653a62e358fd83594b5a26afeec5aaeec14f68534d8210dd90b2e7474fd288,2021,user_verified_folder
2022/Ordinance No. 033-22.txt,33-22,2022,8c5d4dd95fc5eb684b5c34ac8811647aa85bb77abb201f656d38e7e16b0d4db6,included,,2022/Ordinance No. 033-22.txt,f2a04e161d65d97bafe8eae235b3c6cd8772b3558fca3f7356c26cae14502691,2022,user_verified_folder
2019/Ordinance No. 0698-19 (1).txt,698-19,2019,f65fab300380f37ba06d691b2cd3af60c138eda471b4d4b7c2068b706650e2a5,included,,2019/Ordinance No. 0698-19 (1).txt,f2b4985e5f6621d2f22ab402918a3448c2f571afccbcf298e22703e6121099e8,2019,user_verified_folder
2024/Ordinance No. 0619-24 (1).txt,619-24,2024,4ad0d244e1c01588f824dc362ec7ab94bbd0e9c71543d273808c55c26206e9b0,included,,2024/Ordinance No. 0619-24 (1).txt,f2c28454c63d2bb089d7bfb28bad34ec0fafe0d5a5ea9240bd3d49b02260e493,2024,user_verified_folder
"2024/Ordinance No. 0399-24 -MOA, C. Iglesias (1).txt",399-24,2024,7c6e4fb26f41bdf7ddf3464330f7dc6ac9680a17c6b7c32aeeb27b1aa3767469,included,,"2024/Ordinance No. 0399-24 -MOA, C. Iglesias (1).txt",f2e5e764137a564a4d2aee4cf482afd772eaba6a2b583680f76e3efe21fa80e7,2024,user_verified_folder
2017/Ordinance No. 0380-17.txt,380-17,2017,7317a33cdac9d3f4a4bf39c2b975a39c9ba175e7dce7007599186396bcc66e93,duplicate_copy,,2018/Ordinance No. 0380-17.txt,f31077e629a983049bdd6cf159547d67f9c0d4e33143528427daa959e4e7f92c,2018,human_year_override
2018/Ordinance No. 0380-17.txt,380-17,2018,7317a33cdac9d3f4a4bf39c2b975a39c9ba175e7dce7007599186396bcc66e93,included,,2018/Ordinance No. 0380-17.txt,f31077e629a983049bdd6cf159547d67f9c0d4e33143528427daa959e4e7f92c,2018,human_year_override
2024/Ordinance No. 0521-24 Partnership Agreement PCW (1).txt,521-24,2024,ce083dadfd548bcfb774612c25b2f131e2327b16bea7a43409f54458861d2e99,included,,2024/Ordinance No. 0521-24 Partnership Agreement PCW (1).txt,f3469c3b1181e90bd03c99625556c07dd8832047c85ffc41c57a09884dfc8b94,2024,user_verified_folder
2022/Ordinance No. 0871-22.txt,871-22,2022,5e0083800029bca0a75257f57c3a398576281e09872a14935b500dae6d47d801,included,,2022/Ordinance No. 0871-22.txt,f349ebc818aa8e770dc41dd64254205d6dc5d1d728406d993918a76327cffc9a,2022,user_verified_folder
2022/Ordinance No. 077-22.txt,77-22,2022,d0eb8450cd684a4f8f0d3e4ceb5abe80294f57b8b26f807ec4db7edc3a5f3be7,included,,2022/Ordinance No. 077-22.txt,f366f8695b9257f5ee7d92cfc0bba6b5fcca618ff21e85c6569c7dec1e8558b9,2022,user_verified_folder
2017/Ordinance No. 0302-17.txt,302-17,2017,11e206446d696ff3a3e6681e867c55939c0e24008bcc988b5fc768c75c3b3602,included,,2017/Ordinance No. 0302-17.txt,f3784890a4c911f16b21bda49607f61a79831a34b9f5551ca2c01b537c932f2f,2017,user_verified_folder
2024/Ordinance No. 0509-24 Addendum DOAS M. Cabido (1).txt,509-24,2024,4fc2514bd27c9f5b9c16c8d5caf4d820f051bcaca8cabdb25deea8a881b0cc74,included,,2024/Ordinance No. 0509-24 Addendum DOAS M. Cabido (1).txt,f3981559dc747f01a0222931645bf1cb976c8c653c8b9c33ed59c3efb25b9dbc,2024,user_verified_folder
2018/Ordinance No. 0513-18.txt,513-18,2018,35b4ad98fedd9710e72cbe3fce485486db3d54acd2b5c5f679b121b19a4425e1,included,,2018/Ordinance No. 0513-18.txt,f3adf8abbcbf0e326f94fa41a75bf375bc56b5e25de2c5ccb703fa42205d58a5,2018,user_verified_folder
2024/Ordinance No. 0558-24 (1).txt,558-24,2024,31104cba6b370e98618d6f3999fc6d568c347368e8c222484f96a90ae18a557b,included,,2024/Ordinance No. 0558-24 (1).txt,f3d7ed5fb719b7908beb66c352dd462c8686ce2c10663811d3497cb887fe6230,2024,user_verified_folder
2019/Ordinance No. 0730-19 (1).txt,730-19,2019,203542735b37284d04f4c726809705a81bfa599ad68d723a899e84bc71d4f275,included,,2019/Ordinance No. 0730-19 (1).txt,f3d9ece9e78139043db581217d259d1721e6e5c3fc9a0794f4168c7852251c3f,2019,user_verified_folder
2022/Ordinance No. 0990-22.txt,990-22,2022,e7a1241f03813cbfaeb83db22e653a64fd8fa3ff3139b9cf7c8e7443bf860418,included,,2022/Ordinance No. 0990-22.txt,f3e307fad5aa62d4cc53704b03d17b8e06e969803e581e09812597d61fd9b205,2022,user_verified_folder
2025/Ordinance No. 0774-25.txt,774-25,2025,5db951b2edbd08a151da54ad47f797f900def2efa4885e89a514c27ebad8702e,included,,2025/Ordinance No. 0774-25.txt,f3e63d465f71bbdb6bd3fef375a72490d100edacca234bd2f7a32f6746f3c8dd,2025,user_verified_folder
2023/Ordinance No. 0226-23 (2).txt,226-23,2023,06b7b01f39b579274c3ba37de9225b61d58a5e2e74cb2a188c6909ffb2d88fda,included,,2023/Ordinance No. 0226-23 (2).txt,f3fd2a264750994199e472eceaac9ebc8359cbde96eada2f09cfb335eaa36587,2023,user_verified_folder
2017/Ordinance No. 0327-17.txt,327-17,2017,ce21bda512da6ca668eaa08f64885ca5d2bf06ba8480be090ad38824d03c645c,duplicate_copy,,2018/Ordinance No. 0327-17.txt,f42e838c4d719902a8724e299fea3fee407db5e12f36c2c322e0053c7af60329,2018,human_year_override
2018/Ordinance No. 0327-17.txt,327-17,2018,ce21bda512da6ca668eaa08f64885ca5d2bf06ba8480be090ad38824d03c645c,included,,2018/Ordinance No. 0327-17.txt,f42e838c4d719902a8724e299fea3fee407db5e12f36c2c322e0053c7af60329,2018,human_year_override
2018/Ordinance No. 0421-18.txt,421-18,2018,246e45bafaa923512316f5fc044c7c3ef287ca43b50a7b381b837abc4c019a40,included,,2018/Ordinance No. 0421-18.txt,f4c599e3c12bdb12877d84ad237b50f726be657f43c7e9d347cc13a09055d010,2018,user_verified_folder
2018/Ordinance No. 0620-18.txt,620-18,2018,a0476ea10a6b3fe0b0d1503ef6cf45eb4615e01ab7ae7a10048805570de3ae21,included,,2018/Ordinance No. 0620-18.txt,f4dd3f7ea20746287851b67819f2e4c5d45945aea72c2e31f76a44be3c34e13c,2018,user_verified_folder
2023/Ordinance No. 0156-23 -Healthy and Productive Aging of Senior (2).txt,156-23,2023,1cbfcbb9b266f666d30c28c43a0459160643ab48a4f392cd066fe00f19d60b57,included,,2023/Ordinance No. 0156-23 -Healthy and Productive Aging of Senior (2).txt,f4eca47c9e7350263690908489e22583182e100c9d8b916db050575b966ead4b,2023,user_verified_folder
2021/Ordinance No. 0477-21.txt,477-21,2021,a7450ba617b7881d656af6bd3aff4f6c8cfb260347581a3edee995df245108a6,excluded,outside 2016-2025 after human date correction,2021/Ordinance No. 0477-21.txt,f50893342f8f8e9f32608ecce2762c86173004d44160e10f5884dac27840b204,2027,human_year_override
2019/Ordinance No. 0792-19 (1).txt,792-19,2019,7f662d196f99a2bc525290f38e36bb58292cd6bc59e31d7f217ed10c6807ee39,included,,2019/Ordinance No. 0792-19 (1).txt,f5380680bf7d9e167d5b37c3145ff14fd0a6ba5d08da9598fbea762507ce32da,2019,user_verified_folder
2022/Ordinance No. 037-22.txt,37-22,2022,e87f2324d22f86324e72d75f7ec10f044ae98a2f6398b99265e7950ea2b3a9e5,included,,2022/Ordinance No. 037-22.txt,f5a7704c6cf89099545a715a7d599981df9d1020182ef33799a6893dc03b6158,2022,user_verified_folder
2023/Ordinance No. 0344-23 (2).txt,344-23,2023,d1d923ad28874a6fc19fc5d5048e78f3877696584baa4f348b3729cdf3a90422,included,,2023/Ordinance No. 0344-23 (2).txt,f5affe7a4b8be99bb7edc132d9c88fed2dbe9d0f145dbf54806d544b18f4a50b,2023,user_verified_folder
2023/Ordinance No. 0141-23 -QRF Misamis Occidental (2).txt,141-23,2023,5ca02392842ec7b149c092e71f1d89a1c15fe381baf3784e45132acea111de00,included,,2023/Ordinance No. 0141-23 -QRF Misamis Occidental (2).txt,f5b8875f8cb624879b0e8cb6d7a4d7fd65397c254973e6f59c9877e6236970ba,2023,user_verified_folder
2019/Ordinance No. 0786-19 (1).txt,786-19,2019,341438085f2eceb6aa64b6cdc2a53694c2f48fa48884605a645d7f9337d50f54,included,,2019/Ordinance No. 0786-19 (1).txt,f5b8a56067180e3e90efb3f965f5cad1c8d53ada1c96cd5f9a2e25d0a23af252,2019,user_verified_folder
2020/Ordinance No. 0309-20.txt,309-20,2020,c26e4eea28fa5364b8fff3c559e51a960a4076c861d33eba8d9a25fffb2a9928,included,,2020/Ordinance No. 0309-20.txt,f618a6a646bc42d2587beb6e26b5ea55ba57f8eb785c044391e05001562fe840,2020,user_verified_folder
2020/Ordinance No. 0193-20.txt,193-20,2020,12010f802d4219672c5bc6a6ac1c7090054a9f35cd858df3937f878ade3d405e,included,,2020/Ordinance No. 0193-20.txt,f62e1abcc29bdafce172e45a728d702ccfad3bda1c8cfc64bb6e4ebd7d38131b,2020,user_verified_folder
2023/Ordinance No. 0167-23 -Registration of Ownership and Inventory (2).txt,167-23,2023,f3152fd73aa8994d0cb0dd75812b2a1eb2cd2d38ea21afc6689d87585c666b24,included,,2023/Ordinance No. 0167-23 -Registration of Ownership and Inventory (2).txt,f64899504d95843fef8d2e9eec24992e640a1a564c709189a8244a3673abe7ab,2023,user_verified_folder
"2024/Ordinance No. 0431-24 -Loan Agreement, Tugbok Progressive Coop (1).txt",431-24,2024,b624c78efb3b2cb6d2023e55d812c780749d9ac8566320f46bd2cf9fa48a8d4b,included,,"2024/Ordinance No. 0431-24 -Loan Agreement, Tugbok Progressive Coop (1).txt",f65e521e58add9ed4580c86498207ab5feb66d5cda5705c5ec11185ed3a3fed2,2024,user_verified_folder
2021/Ordinance No. 0525-21.txt,525-21,2021,54c119223ad30644f80e2ab085206fbc0a535d7cba805526f69706140cf7207c,included,,2021/Ordinance No. 0525-21.txt,f67c39c5b3a3dd32a79b08c903f871015a56071b3b6e8c0c41be6c89312182cb,2021,user_verified_folder
2019/Ordinance No. 070-19 (1).txt,70-19,2019,1b860c4cc017ba40d57bc38b3848d3ab3a763259a0afe6d1cc24a120ad2cf974,included,,2019/Ordinance No. 070-19 (1).txt,f68c2032996e46163144944fb45a4ab64353d3927564c326ccf4634077ebfc8c,2019,user_verified_folder
2024/Ordinance No. 0392-24 Renewal of Contract of Lease D. Porio  (1).txt,392-24,2024,374467dd6a2cb4ad02f9053b9a3f87f0917e9d82f8e059524e7510030696548e,included,,2024/Ordinance No. 0392-24 Renewal of Contract of Lease D. Porio  (1).txt,f69c88517dc2f7dc79d721f9299089025dabb13a03571629f99c82b9f2f8e816,2024,user_verified_folder
2022/Ordinance No. 011-22.txt,11-22,2022,0b6d698e9bed112d71c79d8a904dac1f60757f7d5320fb8a84e87e4f08bbc3a8,included,,2022/Ordinance No. 011-22.txt,f6b90a933f15184bef03f9498693dbad699feb04e7e905e9888ae93c70f841a9,2022,user_verified_folder
2021/Ordinance No. 0736-21001.txt,ordinance no. 0736-21001,2021,e4897b25f6f23f0ba433e057d24832b2a96152d5fd5bcf4e82f1ac1c47d9248c,excluded,outside 2016-2025 after human date correction,2021/Ordinance No. 0736-21001.txt,f6c2748b5b93a6e9a817058cc46f832be74bad4ff3dc40b9c7ab201e570771de,1991,human_year_override
2016/Ordinance No. 059-16.txt,59-16,2016,0a648ff6cf8ce5f28f922a631e4b982c6e1b9357eea133dfad0a7e02eea68783,included,,2016/Ordinance No. 059-16.txt,f6e3e8f974b7a3c493bfb7207804164ea8bce9812ebf9d65cc566547bad604c4,2016,user_verified_folder
2024/Ordinance No. 0613-24 QRF Province of Bulacan (1).txt,613-24,2024,ea729b03325d67f50206aacbbea4131adf90a99805ac9a6110f207cc181a0fc7,included,,2024/Ordinance No. 0613-24 QRF Province of Bulacan (1).txt,f6fe9591bc0a71ed435e7e9b12a5bca01b7b3b8a2f31c73b32671e57ff647033,2024,user_verified_folder
2018/Ordinance No. 0474-18.txt,474-18,2018,69289dd71a95423c0eb28d3f7e26cf96d3908f6cb3891c72d31c0487f263c649,included,,2018/Ordinance No. 0474-18.txt,f71aae7150b0857a7cfb6ec3405ec5e513d2e74cfe6c512ac0dd539193861d66,2018,user_verified_folder
2016/Ordinance No. 060-16.txt,60-16,2016,bc579c7faadebf3a5f53618437fcdee3e9222e6b5c05bae3a4d720fadd0effba,included,,2016/Ordinance No. 060-16.txt,f76cad113475d6f66006a2773b7320185b1341045471f1b45142a64132c72d04,2016,user_verified_folder
2021/Ordinance No. 0552-21.txt,552-21,2021,22131ca8553b349a2a6c12e2076e4588ccc0614d5643e51cee54160031999f76,included,,2021/Ordinance No. 0552-21.txt,f78ef24eb510f45c5d60ab456d760c479ea92cdeee66ca331d00fbea1ecdbfe1,2021,user_verified_folder
"2024/Ordinance No. 0669-24 QRF Lemery, Batangas (1).txt",669-24,2024,aa8c41e707951b3341a6660654eb05c89d400b209da302cd4a43a02259d30384,included,,"2024/Ordinance No. 0669-24 QRF Lemery, Batangas (1).txt",f790c5c79aaa97bf2465f0ce855fd0e801a6744b0a906e673a533514076d0566,2024,user_verified_folder
2021/Ordinance No. 000782-21.txt,782-21,2021,2e4e2eebc13efc08d577d43bf20eada696c003d6284400f716f855d010f36e2d,duplicate_copy,,2022/Ordinance No. 000782-21.txt,f7a4d5b65b4d2fe08d1fd8a1bba84c367b33b5c1246a50951803925b0b317ac1,2022,human_year_override
2022/Ordinance No. 000782-21.txt,782-21,2022,2e4e2eebc13efc08d577d43bf20eada696c003d6284400f716f855d010f36e2d,included,,2022/Ordinance No. 000782-21.txt,f7a4d5b65b4d2fe08d1fd8a1bba84c367b33b5c1246a50951803925b0b317ac1,2022,human_year_override
2022/Ordinance No. 000990-22.txt,990-22,2022,772bedc90a994d6c90584328edc56b0fa55a91c710b55c8e27a1f41d7364610b,included,,2022/Ordinance No. 000990-22.txt,f7de904cbe024ec64e7ec22784001b9943b9250533507a348f17a9345c247476,2022,user_verified_folder
2024/Ordinance No. 0466-24 (1).txt,466-24,2024,de5341b67d86f83af1025ae2e1476d1887eb44c624b52d00f11439beeba02059,included,,2024/Ordinance No. 0466-24 (1).txt,f7ee36a13f1c4bd679fd419d494e3fc515868df329bc7e168a3dc0cacabb8a8d,2024,user_verified_folder
2022/Ordinance No. 000877-22.txt,877-22,2022,dece49f72b2f679a07eb61f90cb971766db3772bdb617bb0d03d97232770ed58,included,,2022/Ordinance No. 000877-22.txt,f7f399572a3261d7ea5067b0d6bc9bab9c673ab16568e0fef252f6c2c19c011a,2022,user_verified_folder
2024/Ordinance No. 0505-24 Addendum DOAS with Extrajudicial Settlement A. Tabar (1).txt,505-24,2024,dab9df354ba5479400c925ffea5495cd644e5868fa30802d753c20fe6e90be1f,included,,2024/Ordinance No. 0505-24 Addendum DOAS with Extrajudicial Settlement A. Tabar (1).txt,f8045672b065d2ddc8f3f009090cf0d5f1ca941d007120287cddbdcecc85d9b6,2024,user_verified_folder
2024/Ordinance No. 0630-24 Contract of Lease Carmen Locsin (1).txt,630-24,2024,490969221b3b7bac372ca1a74220ec8cc5bc53ccf74f418a944eaf23cf796784,included,,2024/Ordinance No. 0630-24 Contract of Lease Carmen Locsin (1).txt,f80cd672f05e99019d04b3f699702c7eeb6991c90c75bc3379f783130fad1829,2024,user_verified_folder
2023/Ordinance No. 0307-23 DCYDC creation (2).txt,307-23,2023,9fa026a1a3b7878b8c4c88d5873d236d55c596199afb8c0e7c796b2cc42459b9,included,,2023/Ordinance No. 0307-23 DCYDC creation (2).txt,f8146ed6ab86f0e0696d84d02f7ab3607f1cb4c107ee585683acd622b4bee8ec,2023,user_verified_folder
2022/Ordinance No. 0940-22.txt,940-22,2022,cc9e0af58187fe2c0c99f50c7af05a5e12668ab874e6860beef3e0a92fa93d57,included,,2022/Ordinance No. 0940-22.txt,f8ddd0276942f997528d3fb9bd97505710305b107e0d7e1efeeb901be96dbb41,2022,user_verified_folder
2023/Ordinance No. 0336-23 (2).txt,336-23,2023,1598d12f55ba488d26bc8dfd556038029e692de607cb4d5f6f06e18e53f822ca,included,,2023/Ordinance No. 0336-23 (2).txt,f8ebbed57fbf733ab2b757a778d0551612a0b5307e0a2ec206b14f59bc73b219,2023,user_verified_folder
2019/Ordinance No. 0169-19 (1).txt,169-19,2019,2a8738563b1d4e4cc26366c21f1332e6777668cbc1b77a240164f39bed55bc25,included,,2019/Ordinance No. 0169-19 (1).txt,f8ee31b92648233d85b72a7ca998c67ebfe3b740fe215fe44f64f9892529ab5b,2019,user_verified_folder
2019/Ordinance No. 0744-19 (1).txt,744-19,2019,3f63849ca2e5d8096f7bf52fec3b812b3ac1a2cb7e1ae928881a92ab89d8d256,included,,2019/Ordinance No. 0744-19 (1).txt,f9030db73ff91efde369412726fb848ba6d4be26554ff83e18b17db88d268c06,2019,user_verified_folder
2018/Ordinance No. 0389-18.txt,389-18,2018,e100492e43cc42c16719e609c264e7e369551628f0da0a7cfe0d659b03a3e11d,included,,2018/Ordinance No. 0389-18.txt,f936e83a6c6ee2f3d4563ac8e100a09c4ba7a8638617d2381fdc7e105ac6fc38,2018,user_verified_folder
2021/Ordinance No. 0496-21.txt,496-21,2021,feff8253a1e2bfbc9b8dc77dcda205a511f51d4adc61f7c25f356b48baa6986f,included,,2021/Ordinance No. 0496-21.txt,f93e78fff1c988f1f8387d1d1ced155e6e93bba522ce0b86698d11149222cd7e,2021,user_verified_folder
2021/Ordinance No. 000708-21.txt,708-21,2021,ff696bc2e44c5f143b536c20d24933e2e73dd6952dab27e64366eba72136234b,included,,2021/Ordinance No. 000708-21.txt,f99052a1abc069b06d2900e6d0316bfe7d460b64b4ccadf458d4c6fb62de6b25,2021,user_verified_folder
"2024/Ordinance No. 0689-24 QRF Biñan, Laguna (1).txt",689-24,2024,973cbd2cd77a3ec4e804a3f08dcfb95b18f3eda3a2438246bfcb977595dc2e6d,included,,"2024/Ordinance No. 0689-24 QRF Biñan, Laguna (1).txt",f9c4fd2533f5d05036ebe57b50ed4e055d591968117e0046c9ab45c324cd84fc,2024,user_verified_folder
"2024/Ordinance No. 0689-24 QRF Biñan, Laguna - Copy (1).txt",689-24,2024,973cbd2cd77a3ec4e804a3f08dcfb95b18f3eda3a2438246bfcb977595dc2e6d,duplicate_copy,,"2024/Ordinance No. 0689-24 QRF Biñan, Laguna (1).txt",f9c4fd2533f5d05036ebe57b50ed4e055d591968117e0046c9ab45c324cd84fc,2024,user_verified_folder
"2024/Ordinance No. 0401-24 -MOA, M. Robleda (1).txt",401-24,2024,96a573424c3014c9744be0d172c39dfd2cd70f33fcfbf2b6a5f124a4ffe0dfe8,included,,"2024/Ordinance No. 0401-24 -MOA, M. Robleda (1).txt",f9ea24481075d9628ef269f8dcf99dfebeebf172e59f57f2b14ad920023144d2,2024,user_verified_folder
2019/Ordinance No. 098-19 (1).txt,98-19,2019,250ec64eb8a5f09c8f0e92f0e2c41aa74235c47a432d3cbb30c5bac1db39b5e0,included,,2019/Ordinance No. 098-19 (1).txt,fa1ab4988ac131b1cd64a38eab0f9fea23d7b37770da87726d9c94a27863cfd1,2019,user_verified_folder
2024/Ordinance No. 0627-24 (1).txt,627-24,2024,3de06b7db601c65a1b7075e8b30d00958ed0789d8a3de6ab83a7113949688b11,included,,2024/Ordinance No. 0627-24 (1).txt,fa4bf43dcf7a450ead73869d1bc689ae22f4d7bf04c76cd0bfa099c153b63035,2024,user_verified_folder
2024/Ordinance No. 0569-24 DOD 8990 Housing DHRR Phase 1 and 2 (1).txt,569-24,2024,35560702eeee05e8ac423761739cd54fcf62020a805ef168d0322141589a6025,included,,2024/Ordinance No. 0569-24 DOD 8990 Housing DHRR Phase 1 and 2 (1).txt,fa4d4a8131967f316ecae570b38b4ee9eebc0105b8b2e450461b672a14a60b76,2024,user_verified_folder
2016/Ordinance No. 063-16.txt,63-16,2016,839308d3c24d4628e21d98890b3d80fb178c22acbe4e3faf4cd16ac336576ad2,included,,2016/Ordinance No. 063-16.txt,fa52db1983494d70d554b012cfff59eeb9a89b37ee77a19228e8460301e188f2,2016,user_verified_folder
2018/Ordinance No. 0652-18.txt,652-18,2018,ed989b86208c8bb2ef68eac06028105a7cea2e3cbdf15e078104d5deba34718d,included,,2018/Ordinance No. 0652-18.txt,fa60bfe2303dc70e8ea902409a5a7197c4447aba6ca080cafb841eca7e1be915,2018,user_verified_folder
2022/Ordinance No. 061-22.txt,61-22,2022,f3298dbf28f775a2329c06c7761e513054bbcf10b8a94d07e81a118729c80d94,included,,2022/Ordinance No. 061-22.txt,fa78a83a2f0d37657b98c1339648506ddaf700078f7b88613f4b454e739e60a8,2022,user_verified_folder
2024/Ordinance No. 0710-24 Amend Traffic Code (1).txt,710-24,2024,270b9756cacc5270f5443bffce890a6a3fa6c85fb2acebf5fbac32eaf241d432,included,,2024/Ordinance No. 0710-24 Amend Traffic Code (1).txt,fa951701ef60fce49574325e3ae861321b8994ec571f9b0471db0dd86bd759cb,2024,user_verified_folder
2021/Ordinance No. 0584-21.txt,584-21,2021,60e7f7eb18b59c6bf48ea55302764928dec3a7fe229c036361d57fe4b19cafe7,included,,2021/Ordinance No. 0584-21.txt,faa3475c29af546ceb8f8dde924a8ba63df54347e33f00233891ef5570ef83ea,2021,user_verified_folder
2022/Ordinance No. 032-22.txt,32-22,2022,7d4b8fc43533ce057bbf1b52c27bdd1cff90dc7d550ef4344913e9a58d731d48,included,,2022/Ordinance No. 032-22.txt,faf6d31e9bf57c718218359adeacf562329f5ac1a97a9006f1e8f7467e5a87c1,2022,user_verified_folder
2017/Ordinance No. 0340-17.txt,340-17,2017,e1d967c7187486fa091a11017478cd734017549bc8f15d1bdc702b1fcd28f913,included,,2017/Ordinance No. 0340-17.txt,fb6206e79c6f8f0adb128f5eaae60cd0edc56a6c08329e5e62c6858ed51d9e59,2017,user_verified_folder
2023/Ordinance No. 0247-23 (2).txt,247-23,2023,d083d2b331f4e4f9dbecf36f90e103e447a84a49d43f0bcfd2c8e87be52ba275,included,,2023/Ordinance No. 0247-23 (2).txt,fb64e435537f3b5dea4f48aa667797a2861fcd35c1f997eecab8bde22b1574bb,2023,user_verified_folder
2020/Ordinance No. 0287-20.txt,287-20,2020,4c493fe2a6c8d4bcec3325308bb8da1a5c1c85f0b495d7247a40d9d9cebbe703,included,,2020/Ordinance No. 0287-20.txt,fb78258e57e2e0b336283d7b5e0f53df11b2f179d8dcdfd5f7fc15bae3a1dfd2,2020,user_verified_folder
2018/Ordinance No. 0512-18.txt,512-18,2018,3c687b807b43c003ba9d59c2aa23979b96e9d0d425b0baf2a3140e3d386d18eb,included,,2018/Ordinance No. 0512-18.txt,fb9b60a3958783e94fdf8457d702e95c7b00e7fb4671de70c1f42fc5ab37af5c,2018,user_verified_folder
"2024/Ordinance No. 0414-24 -QRF, Sto. Tomas (1).txt",414-24,2024,09b01d71e79d89c06af6cccce20ebed75d8768cce23a30b3bae456ca333e2803,included,,"2024/Ordinance No. 0414-24 -QRF, Sto. Tomas (1).txt",fbae6b5f5b1cc39aa112754d721c05f1cfdaa6f832043da75f6e741c02dc64ca,2024,user_verified_folder
2022/Ordinance No. 000887-22.txt,887-22,2022,5dc35787b0b01489dee2275f42e0e1673c7fc733c8da99ee2301ef93e706942a,included,,2022/Ordinance No. 000887-22.txt,fbe52ec13a1b22e80078c8a51e978f34158bb5295f721acbf182e191301abf54,2022,user_verified_folder
2022/Ordinance No. 0887-22.txt,887-22,2022,5dc35787b0b01489dee2275f42e0e1673c7fc733c8da99ee2301ef93e706942a,duplicate_copy,,2022/Ordinance No. 000887-22.txt,fbe52ec13a1b22e80078c8a51e978f34158bb5295f721acbf182e191301abf54,2022,user_verified_folder
"2024/Ordinance No. 0670-24 QRF Agoncillo, Batangas (1).txt",670-24,2024,1aaf081120a881bbf1bf91ae08b65f9a09b8d03d5b62d8d9ab2806b59aad5ac1,included,,"2024/Ordinance No. 0670-24 QRF Agoncillo, Batangas (1).txt",fbf2ddca329c18b581f4f0b745285aebacf3bb96b61c8f9770ceb13e0ac3d4cf,2024,user_verified_folder
2016/Ordinance No. 012-16.txt,12-16,2016,89f6c481301a7ff95903b15b470529067d4c726a94c29d0f3e63479123845155,included,,2016/Ordinance No. 012-16.txt,fc12dc57679e1c3c1e65e0590398e0a129bf6b28457001b941accab55b0dd56e,2016,user_verified_folder
2021/Ordinance No. 0538-21.txt,538-21,2021,43d4c0e0b77a87c1a49d14dce689b4c696d5351b274941c940961ce8f15d5e3d,included,,2021/Ordinance No. 0538-21.txt,fc3ab33eb968c2820174958f6f89789c6f41b166f7bf88aadc5478360cb96663,2021,user_verified_folder
2019/Ordinance No. 000791-21.txt,791-21,2019,85f69546aaf958a62a26e8731437799f7efb6f0f0b9a449dbb3f3eaf991e6ae5,included,,2019/Ordinance No. 000791-21.txt,fc41cb73eb1cdbd5a3a769b0376dbd094adb35fae6785a069854d7f44f041a91,2019,human_year_override
2021/Ordinance No. 000791-21.txt,791-21,2021,85f69546aaf958a62a26e8731437799f7efb6f0f0b9a449dbb3f3eaf991e6ae5,duplicate_copy,,2019/Ordinance No. 000791-21.txt,fc41cb73eb1cdbd5a3a769b0376dbd094adb35fae6785a069854d7f44f041a91,2019,human_year_override
2018/Ordinance No. 0632-18.txt,632-18,2018,6c7e59b9324fc118ea3659be1cf7943812008456f9569970fbeb9881bbcc9158,duplicate_copy,,2019/Ordinance No. 0632-18.txt,fcb5958d1d4094864c42670290e0816c1142b117acc5b5eb61455a08ed8efc89,2019,human_year_override
2019/Ordinance No. 0632-18.txt,632-18,2019,6c7e59b9324fc118ea3659be1cf7943812008456f9569970fbeb9881bbcc9158,included,,2019/Ordinance No. 0632-18.txt,fcb5958d1d4094864c42670290e0816c1142b117acc5b5eb61455a08ed8efc89,2019,human_year_override
2018/Ordinance No. 0622-18.txt,622-18,2018,59c97ffd4fee32552b371fe650ccda78628a0db4d723ca25eed257985fff75de,included,,2018/Ordinance No. 0622-18.txt,fcc5c58ba9a269096a433c40d6a6e375f87b7011907c0fe82257c56370f941a6,2018,user_verified_folder
2018/Ordinance No. 0592-18.txt,592-18,2018,3b59c1581c877f87ce2f0e228ead72960be12039e1cdd7ce4cb64b84966632f8,duplicate_copy,,2019/Ordinance No. 0592-18.txt,fcc73b43a9c4ad04732f4ecf1b0be12d85aca7030029e1016ed9df5264807fc3,2019,human_year_override
2019/Ordinance No. 0592-18.txt,592-18,2019,3b59c1581c877f87ce2f0e228ead72960be12039e1cdd7ce4cb64b84966632f8,included,,2019/Ordinance No. 0592-18.txt,fcc73b43a9c4ad04732f4ecf1b0be12d85aca7030029e1016ed9df5264807fc3,2019,human_year_override
2017/Ordinance No. 0365-17.txt,365-17,2017,81c93f4671d35651f1e57233b7b4b73c8de385febef8774e12391f511d7f2902,included,,2017/Ordinance No. 0365-17.txt,fcd68e256c441ad68a0f34462ce79391748b0934f0cc3d384d2f3763caf71b88,2017,user_verified_folder
2024/Ordinance No. 0660-24 MOU USeP (1).txt,660-24,2024,ebea3e466f2c57bd29bb1312655dd5a26b5754ac89eff339d4159ae4c3aa74fa,included,,2024/Ordinance No. 0660-24 MOU USeP (1).txt,fd0dc65c2a18f7cdb303e3404a0090ede994f3eb56dd467aaf223e79a927bf19,2024,user_verified_folder
2020/Ordinance No. 0233-20.txt,233-20,2020,3ce42061fea9a83d5162b55a961bc709407e3c5286acd9dff44e8b4af85e7c4b,included,,2020/Ordinance No. 0233-20.txt,fd189b3a15c3f6d7928f3a4212c23d5da9f471e7028699ec86dc3ffd4281b683,2020,user_verified_folder
2023/Ordinance No. 0263-23 (2).txt,263-23,2023,b7d133e3d68d4bb8642f5995f2f0c8145160af03dd3089954787faabe1c16ea4,included,,2023/Ordinance No. 0263-23 (2).txt,fd397a296a15055c85ca2f9dbb95c5e33e8b18fdf17b6a2b5632acc2b2aba32c,2023,user_verified_folder
2024/Ordinance No. 0458-24 -Granting Request of Z. Estimada (1).txt,458-24,2024,1d806bc152d34348f099cd150b4a5854713bf281db2004217e6c7e18d7346ec3,included,,2024/Ordinance No. 0458-24 -Granting Request of Z. Estimada (1).txt,fd4c463a8304c4447c50c44662a64cbf485300cdddcfb8adffa476fa48b3d081,2024,user_verified_folder
2018/Ordinance No. 0548-18.txt,548-18,2018,5eeb96cbd778e2fe84eba12f81f54a29ee57ca79618bcc4b6639871d982689de,included,,2018/Ordinance No. 0548-18.txt,fd88cdd15fb765e14f85b8af569d699e5192360f46b834e7b28ad64c96e75b5f,2018,user_verified_folder
2017/Ordinance No. 0281-17.txt,281-17,2017,db9d53e2df93ecffdb0873ba45d7ed0c91c57daf912a718b72517e5f2fb97295,included,,2017/Ordinance No. 0281-17.txt,fd9c5395e27defca3f90a7fed8d40b322a9d03e54673d1bba47f45c1fe9b9696,2017,user_verified_folder
2024/Ordinance No. 0504-24 Addendum DOAS with Extrajudicial Settlement Archdiocesan (1).txt,504-24,2024,d42be7e226a8a83fe0595da7c1cf20ccc3bb87602ee08ada477525480f7c71d3,included,,2024/Ordinance No. 0504-24 Addendum DOAS with Extrajudicial Settlement Archdiocesan (1).txt,fda9d122f6eaf74b80825b6a9e8db5d5bfeddcf339e9a50da00cde60c1dce6f4,2024,user_verified_folder
2020/Ordinance No. 0182-20.txt,182-20,2020,36a4eff0f384b8bbfc3a2d8c6d59ffcb011337125797e1b6b15bbfd432d9f0a8,included,,2020/Ordinance No. 0182-20.txt,fddcdc285e5135a3dc7367eb545d3361effafd0347361a95919e57b91f333ca5,2020,user_verified_folder
2018/Ordinance No. 0624-18.txt,624-18,2018,5b942aeb88fda7e09ea3f63214319de7c8a9c691f233fda06a7e76b28f58a5c4,included,,2018/Ordinance No. 0624-18.txt,fe0fc0761ca0efc3841c3d6b44672fc77eb778d6df92ec6189ce2dfc94edb48d,2018,user_verified_folder
2019/Ordinance No. 069-19 (1).txt,69-19,2019,11b4eb9123cfd4f945f6ae40e93fbabb4f3c598e5727caf096f3939b16260aa4,included,,2019/Ordinance No. 069-19 (1).txt,fe4c7d879d163f68f98365997af031ef6d7b4d479b78deca8bd785ed2728b91b,2019,user_verified_folder
"2024/Ordinance No. 0478-24 MOA, DOH-CHD E. Morta (1).txt",478-24,2024,a7520f33df012436c0220560319462a92627ebb81068546a2b67059678edd6d4,included,,"2024/Ordinance No. 0478-24 MOA, DOH-CHD E. Morta (1).txt",fe799f63ea32176f9ea39346536244e6b46148243d8ae62cd8e06bc4098cd548,2024,user_verified_folder
2019/Ordinance No. 0141-19 (1).txt,141-19,2019,8402cd7ca6a5ae13589b01e6ef10507ac3b3e3e61ed70598b1880215065668b8,included,,2019/Ordinance No. 0141-19 (1).txt,fe7f16cba863f410b1b21152d224c864eed4e4ff0efdcc89f468ef47cdbee099,2019,user_verified_folder
2017/Ordinance No. 0224-17.txt,224-17,2017,57490f38b05a98d8a0ae3597eeb0da9d36f31382aaa88a82a8ac9d66fdf4d94f,included,,2017/Ordinance No. 0224-17.txt,fe8b6156c39c0902c580caff875f922cb49ecf8faccb535ef3b7130996e42652,2017,user_verified_folder
2021/Ordinance No. 000747-21.txt,747-21,2021,55cdaa6ae437adb77686319af7ed784d5a232888f8d769a9cf40dd2c79a150e4,included,,2021/Ordinance No. 000747-21.txt,fe99ca5a09888bc8947d798234eaa4dfb2720ecab841119a7069d8191759cba0,2021,user_verified_folder
2022/Ordinance No. 000901-22.txt,901-22,2022,5437c2b128d65f1959a479e40f0936e3b9cc112ca6684f0004fff576f52b59fc,included,,2022/Ordinance No. 000901-22.txt,fecf79a6fd12245690346b615fde237e2945d5e67df4de07248ba73f10028ecb,2022,user_verified_folder
2022/Ordinance No. 0901-22.txt,901-22,2022,5437c2b128d65f1959a479e40f0936e3b9cc112ca6684f0004fff576f52b59fc,duplicate_copy,,2022/Ordinance No. 000901-22.txt,fecf79a6fd12245690346b615fde237e2945d5e67df4de07248ba73f10028ecb,2022,user_verified_folder
2022/Ordinance No. 081-22.txt,81-22,2022,b49e5b8b0184a46a54d292987ce259ef09a5066f9c7fd0d590ca814d3bab443a,included,,2022/Ordinance No. 081-22.txt,ff1dcffb6a03ef2697aafa57bdf04639d7684edecf437b08be3f633d19961fd7,2022,user_verified_folder
2022/Ordinance No. 048-22 Safety and Security Measures.txt,48-22,2022,d7f1cc6cd7af4517125a7c4a2baf03bbda7a8246460eb7ea0103cf7580e70878,included,,2022/Ordinance No. 048-22 Safety and Security Measures.txt,ff21a4eda280360aee257aed9cb4ed97ffa1170bde425778cdf9e82f6e9acc7d,2022,user_verified_folder
2018/Ordinance No. 0577-18.txt,577-18,2018,fd06739c1eb20a7b00a489379b45ed1d4040d6e57c9e2f6d8c479bd44af0d709,included,,2018/Ordinance No. 0577-18.txt,ff567dfc8132312450694b67a9b30a6bcadc13b15a98235e872ceb02a28979b8,2018,user_verified_folder
2022/Ordinance No. 000870-22.txt,870-22,2022,3dddb9f9b6b58d173573ea66b56cc557a4dd69a33ea51037582ee3942006c6e4,included,,2022/Ordinance No. 000870-22.txt,ff7fa1c4d429ee11f58be881154f3264da4f829290cfad1ca2503340f2866453,2022,user_verified_folder
"2023/Ordinance No. 0378-23 MOA, DOH (2).txt",378-23,2023,7dea05c2fc688e2eda94998ec8365692e01b2ff6a86b75e4217ab3132bbecb76,included,,"2023/Ordinance No. 0378-23 MOA, DOH (2).txt",ff898d54f8b90f539a615c24e891c38e6149172af631f7031bea8f4da580395a,2023,user_verified_folder
2022/Ordinance No. 0102-22 (Reward for athletes).txt,102-22,2022,1a96fa6feb2aaf63eca1c55ec913aabcf88ad2ffe28f07235716e989b8a7a73b,included,,2022/Ordinance No. 0102-22 (Reward for athletes).txt,ff9239122e6f70bb5981eb222a1884a154e8b778b1402ab28c969adaa67e69ae,2022,user_verified_folder
2024/Ordinance No. 0634-24 (1).txt,634-24,2024,425d5917a20449a2f3938c98eac25f830ccc739a5770c13104dea2576bc2a361,included,,2024/Ordinance No. 0634-24 (1).txt,ff998b36716ae0add401463dbaab9a4b82d7b36cb732aa4f6cb729bae89c089c,2024,user_verified_folder
2017/Ordinance No. 0250-17.txt,250-17,2017,757f1a5f70de19f1965f6ccb5661647095c4e043bb69ac044343f6e73fc86e70,included,,2017/Ordinance No. 0250-17.txt,ffaf9972c60ffcfd9ab895f6628bc62a0f83415ca0e86bbf12e7170d710f85e1,2017,user_verified_folder
"2024/Ordinance No. 0441-24 -MOA, CFO Balinkbayan (1).txt",441-24,2024,9768876c2bf9ba0c3845b204b9b79ab07c795b02573e07e6dda1b58fff49394c,included,,"2024/Ordinance No. 0441-24 -MOA, CFO Balinkbayan (1).txt",ffe8d1d048dd70596207b794a0598627c64f5c3d00672b532b5685a9fd3909ed,2024,user_verified_folder
