source_note,ordinance_id,status,reason,detected_sections,declared_sections
Thesis_Obsidian\Ordinances\2016\Ordinance No. 001-16.md,001-16,included,,3,3.0
Thesis_Obsidian\Ordinances\2016\Ordinance No. 002-16.md,,excluded,no explicit SECTION blocks detected,0,
Thesis_Obsidian\Ordinances\2016\Ordinance No. 003-16.md,,excluded,no explicit SECTION blocks detected,0,
Thesis_Obsidian\Ordinances\2016\Ordinance No. 004-16.md,,excluded,no explicit SECTION blocks detected,0,
Thesis_Obsidian\Ordinances\2016\Ordinance No. 005-16.md,,excluded,no explicit SECTION blocks detected,0,
Thesis_Obsidian\Ordinances\2016\Ordinance No. 006-16.md,006-16,included,"declared section_count=5, detected=4",4,5.0
Thesis_Obsidian\Ordinances\2016\Ordinance No. 007-16.md,007-16,included,"declared section_count=2, detected=1",1,2.0
Thesis_Obsidian\Ordinances\2016\Ordinance No. 008-16.md,008-16,included,,1,1.0
Thesis_Obsidian\Ordinances\2016\Ordinance No. 009-16.md,009-16,included,,1,1.0
Thesis_Obsidian\Ordinances\2016\Ordinance No. 010-16.md,,excluded,no explicit SECTION blocks detected,0,
Thesis_Obsidian\Ordinances\2016\Ordinance No. 0101-16.md,0101-16,included,,1,1.0
Thesis_Obsidian\Ordinances\2016\Ordinance No. 0102-16.md,,excluded,no explicit SECTION blocks detected,0,
Thesis_Obsidian\Ordinances\2016\Ordinance No. 0105-16.md,0105-16,included,,5,5.0
Thesis_Obsidian\Ordinances\2016\Ordinance No. 0106-16.md,,excluded,no explicit SECTION blocks detected,0,
Thesis_Obsidian\Ordinances\2016\Ordinance No. 0107-16.md,,excluded,no explicit SECTION blocks detected,0,
Thesis_Obsidian\Ordinances\2016\Ordinance No. 0108-16.md,0108-16,included,,5,5.0
Thesis_Obsidian\Ordinances\2016\Ordinance No. 0109-16.md,0109-16,included,,5,5.0
Thesis_Obsidian\Ordinances\2016\Ordinance No. 011-16.md,011-16,included,"declared section_count=2, detected=1",1,2.0
Thesis_Obsidian\Ordinances\2016\Ordinance No. 0110-16.md,0110-16,included,,5,5.0
Thesis_Obsidian\Ordinances\2016\Ordinance No. 0111-16.md,0111-16,included,,5,5.0
Thesis_Obsidian\Ordinances\2016\Ordinance No. 0112-16.md,0112-16,included,,5,5.0
Thesis_Obsidian\Ordinances\2016\Ordinance No. 0113-16.md,,excluded,no explicit SECTION blocks detected,0,
Thesis_Obsidian\Ordinances\2016\Ordinance No. 0115-16.md,,excluded,no explicit SECTION blocks detected,0,
Thesis_Obsidian\Ordinances\2016\Ordinance No. 0116-16.md,,excluded,no explicit SECTION blocks detected,0,
Thesis_Obsidian\Ordinances\2016\Ordinance No. 0117-16.md,0117-16,included,,1,1.0
Thesis_Obsidian\Ordinances\2016\Ordinance No. 0118-16.md,,excluded,no explicit SECTION blocks detected,0,
Thesis_Obsidian\Ordinances\2016\Ordinance No. 0119-16.md,,excluded,no explicit SECTION blocks detected,0,
Thesis_Obsidian\Ordinances\2016\Ordinance No. 012-16.md,012-16,included,,1,1.0
Thesis_Obsidian\Ordinances\2016\Ordinance No. 0120-16.md,,excluded,no explicit SECTION blocks detected,0,
Thesis_Obsidian\Ordinances\2016\Ordinance No. 0121-16.md,,excluded,duplicate section identifiers detected; review OCR/section parsing,0,
Thesis_Obsidian\Ordinances\2016\Ordinance No. 0123-16.md,,excluded,no explicit SECTION blocks detected,0,
Thesis_Obsidian\Ordinances\2016\Ordinance No. 0124-16.md,,excluded,no explicit SECTION blocks detected,0,
Thesis_Obsidian\Ordinances\2016\Ordinance No. 0126-16.md,,excluded,no explicit SECTION blocks detected,0,
Thesis_Obsidian\Ordinances\2016\Ordinance No. 0127-16.md,0127-16,included,,5,5.0
Thesis_Obsidian\Ordinances\2016\Ordinance No. 0128-16.md,0128-16,included,,5,5.0
Thesis_Obsidian\Ordinances\2016\Ordinance No. 0129-16.md,0129-16,included,,5,5.0
Thesis_Obsidian\Ordinances\2016\Ordinance No. 013-16.md,,excluded,no explicit SECTION blocks detected,0,
Thesis_Obsidian\Ordinances\2016\Ordinance No. 0130-16.md,,excluded,no explicit SECTION blocks detected,0,
Thesis_Obsidian\Ordinances\2016\Ordinance No. 0131-16.md,0131-16,included,,1,1.0
Thesis_Obsidian\Ordinances\2016\Ordinance No. 0132-16.md,0132-16,included,,1,1.0
Thesis_Obsidian\Ordinances\2016\Ordinance No. 0133-16.md,,excluded,no explicit SECTION blocks detected,0,
Thesis_Obsidian\Ordinances\2016\Ordinance No. 0135-16.md,,excluded,duplicate section identifiers detected; review OCR/section parsing,0,
Thesis_Obsidian\Ordinances\2016\Ordinance No. 0136-16.md,0136-16,included,,5,5.0
Thesis_Obsidian\Ordinances\2016\Ordinance No. 0137-16.md,,excluded,no explicit SECTION blocks detected,0,
Thesis_Obsidian\Ordinances\2016\Ordinance No. 0138-16.md,0138-16,included,,1,1.0
Thesis_Obsidian\Ordinances\2016\Ordinance No. 014-16.md,,excluded,no explicit SECTION blocks detected,0,
Thesis_Obsidian\Ordinances\2016\Ordinance No. 015-16.md,015-16,included,,1,1.0
Thesis_Obsidian\Ordinances\2016\Ordinance No. 016-16.md,016-16,included,,5,5.0
Thesis_Obsidian\Ordinances\2016\Ordinance No. 017-16.md,017-16,included,,5,5.0
Thesis_Obsidian\Ordinances\2016\Ordinance No. 018-16.md,018-16,included,,5,5.0
Thesis_Obsidian\Ordinances\2016\Ordinance No. 019-16.md,019-16,included,,4,4.0
Thesis_Obsidian\Ordinances\2016\Ordinance No. 020-16.md,,excluded,no explicit SECTION blocks detected,0,
Thesis_Obsidian\Ordinances\2016\Ordinance No. 021-16.md,021-16,included,,4,4.0
Thesis_Obsidian\Ordinances\2016\Ordinance No. 022-16.md,,excluded,no explicit SECTION blocks detected,0,
Thesis_Obsidian\Ordinances\2016\Ordinance No. 023-16.md,,excluded,no explicit SECTION blocks detected,0,
Thesis_Obsidian\Ordinances\2016\Ordinance No. 024-16.md,024-16,included,,2,2.0
Thesis_Obsidian\Ordinances\2016\Ordinance No. 025-16.md,025-16,included,,5,5.0
Thesis_Obsidian\Ordinances\2016\Ordinance No. 026-16.md,,excluded,no explicit SECTION blocks detected,0,
Thesis_Obsidian\Ordinances\2016\Ordinance No. 027-16.md,,excluded,no explicit SECTION blocks detected,0,
Thesis_Obsidian\Ordinances\2016\Ordinance No. 028-16.md,028-16,included,,1,1.0
Thesis_Obsidian\Ordinances\2016\Ordinance No. 029-16.md,,excluded,no explicit SECTION blocks detected,0,
Thesis_Obsidian\Ordinances\2016\Ordinance No. 030-16.md,,excluded,no explicit SECTION blocks detected,0,
Thesis_Obsidian\Ordinances\2016\Ordinance No. 031-16.md,,excluded,no explicit SECTION blocks detected,0,
Thesis_Obsidian\Ordinances\2016\Ordinance No. 032-16.md,,excluded,no explicit SECTION blocks detected,0,
Thesis_Obsidian\Ordinances\2016\Ordinance No. 033-16.md,,excluded,no explicit SECTION blocks detected,0,
Thesis_Obsidian\Ordinances\2016\Ordinance No. 034-16.md,,excluded,no explicit SECTION blocks detected,0,
Thesis_Obsidian\Ordinances\2016\Ordinance No. 035-16.md,,excluded,no explicit SECTION blocks detected,0,
Thesis_Obsidian\Ordinances\2016\Ordinance No. 036-16.md,,excluded,no explicit SECTION blocks detected,0,
Thesis_Obsidian\Ordinances\2016\Ordinance No. 037-16.md,,excluded,no explicit SECTION blocks detected,0,
Thesis_Obsidian\Ordinances\2016\Ordinance No. 038-16.md,,excluded,no explicit SECTION blocks detected,0,
Thesis_Obsidian\Ordinances\2016\Ordinance No. 039-16.md,039-16,included,,1,1.0
Thesis_Obsidian\Ordinances\2016\Ordinance No. 040-16.md,,excluded,no explicit SECTION blocks detected,0,
Thesis_Obsidian\Ordinances\2016\Ordinance No. 041-16.md,,excluded,no explicit SECTION blocks detected,0,
Thesis_Obsidian\Ordinances\2016\Ordinance No. 042-16.md,,excluded,no explicit SECTION blocks detected,0,
Thesis_Obsidian\Ordinances\2016\Ordinance No. 043-16.md,,excluded,no explicit SECTION blocks detected,0,
Thesis_Obsidian\Ordinances\2016\Ordinance No. 044-16.md,,excluded,no explicit SECTION blocks detected,0,
Thesis_Obsidian\Ordinances\2016\Ordinance No. 046-16.md,,excluded,no explicit SECTION blocks detected,0,
Thesis_Obsidian\Ordinances\2016\Ordinance No. 047-16.md,,excluded,no explicit SECTION blocks detected,0,
Thesis_Obsidian\Ordinances\2016\Ordinance No. 0472-16.md,0472-16,included,,6,6.0
Thesis_Obsidian\Ordinances\2016\Ordinance No. 0473-16.md,,excluded,no explicit SECTION blocks detected,0,
Thesis_Obsidian\Ordinances\2016\Ordinance No. 0474-16.md,,excluded,no explicit SECTION blocks detected,0,
Thesis_Obsidian\Ordinances\2016\Ordinance No. 0475-16.md,,excluded,temporal_status='review' is not included,0,
Thesis_Obsidian\Ordinances\2016\Ordinance No. 0476-16.md,,excluded,no explicit SECTION blocks detected,0,
Thesis_Obsidian\Ordinances\2016\Ordinance No. 0477-16.md,,excluded,no explicit SECTION blocks detected,0,
Thesis_Obsidian\Ordinances\2016\Ordinance No. 0478-16.md,,excluded,no explicit SECTION blocks detected,0,
Thesis_Obsidian\Ordinances\2016\Ordinance No. 0479-16.md,0479-16,included,"declared section_count=2, detected=1",1,2.0
Thesis_Obsidian\Ordinances\2016\Ordinance No. 048-16.md,048-16,included,"declared section_count=7, detected=5",5,7.0
Thesis_Obsidian\Ordinances\2016\Ordinance No. 0480-16.md,,excluded,no explicit SECTION blocks detected,0,
Thesis_Obsidian\Ordinances\2016\Ordinance No. 0481-16.md,,excluded,no explicit SECTION blocks detected,0,
Thesis_Obsidian\Ordinances\2016\Ordinance No. 0482-16.md,,excluded,no explicit SECTION blocks detected,0,
Thesis_Obsidian\Ordinances\2016\Ordinance No. 0483-16.md,,excluded,no explicit SECTION blocks detected,0,
Thesis_Obsidian\Ordinances\2016\Ordinance No. 0484-16.md,0484-16,included,,1,1.0
Thesis_Obsidian\Ordinances\2016\Ordinance No. 0485-16.md,,excluded,no explicit SECTION blocks detected,0,
Thesis_Obsidian\Ordinances\2016\Ordinance No. 0486-16.md,,excluded,no explicit SECTION blocks detected,0,
Thesis_Obsidian\Ordinances\2016\Ordinance No. 0487-16.md,,excluded,no explicit SECTION blocks detected,0,
Thesis_Obsidian\Ordinances\2016\Ordinance No. 0488-16.md,,excluded,no explicit SECTION blocks detected,0,
Thesis_Obsidian\Ordinances\2016\Ordinance No. 0489-16.md,,excluded,no explicit SECTION blocks detected,0,
Thesis_Obsidian\Ordinances\2016\Ordinance No. 049-16.md,,excluded,no explicit SECTION blocks detected,0,
Thesis_Obsidian\Ordinances\2016\Ordinance No. 0490-16.md,,excluded,no explicit SECTION blocks detected,0,
Thesis_Obsidian\Ordinances\2016\Ordinance No. 0491-16.md,,excluded,no explicit SECTION blocks detected,0,
Thesis_Obsidian\Ordinances\2016\Ordinance No. 0492-16.md,0492-16,included,,1,1.0
Thesis_Obsidian\Ordinances\2016\Ordinance No. 0493-16.md,,excluded,no explicit SECTION blocks detected,0,
Thesis_Obsidian\Ordinances\2016\Ordinance No. 0494-16.md,,excluded,no explicit SECTION blocks detected,0,
Thesis_Obsidian\Ordinances\2016\Ordinance No. 0495-16.md,,excluded,no explicit SECTION blocks detected,0,
Thesis_Obsidian\Ordinances\2016\Ordinance No. 0496-16.md,,excluded,no explicit SECTION blocks detected,0,
Thesis_Obsidian\Ordinances\2016\Ordinance No. 0497-16.md,,excluded,no explicit SECTION blocks detected,0,
Thesis_Obsidian\Ordinances\2016\Ordinance No. 0498-16.md,,excluded,no explicit SECTION blocks detected,0,
Thesis_Obsidian\Ordinances\2016\Ordinance No. 0499-16.md,0499-16,included,,1,1.0
Thesis_Obsidian\Ordinances\2016\Ordinance No. 050-16.md,,excluded,no explicit SECTION blocks detected,0,
Thesis_Obsidian\Ordinances\2016\Ordinance No. 0500-16.md,,excluded,no explicit SECTION blocks detected,0,
Thesis_Obsidian\Ordinances\2016\Ordinance No. 0501-16.md,0501-16,included,,1,1.0
Thesis_Obsidian\Ordinances\2016\Ordinance No. 0502-16.md,,excluded,no explicit SECTION blocks detected,0,
Thesis_Obsidian\Ordinances\2016\Ordinance No. 0503-16.md,,excluded,no explicit SECTION blocks detected,0,
Thesis_Obsidian\Ordinances\2016\Ordinance No. 0504-16.md,,excluded,no explicit SECTION blocks detected,0,
Thesis_Obsidian\Ordinances\2016\Ordinance No. 0505-16.md,,excluded,no explicit SECTION blocks detected,0,
Thesis_Obsidian\Ordinances\2016\Ordinance No. 0506-16.md,,excluded,no explicit SECTION blocks detected,0,
Thesis_Obsidian\Ordinances\2016\Ordinance No. 0507-16.md,,excluded,no explicit SECTION blocks detected,0,
Thesis_Obsidian\Ordinances\2016\Ordinance No. 0508-16.md,,excluded,no explicit SECTION blocks detected,0,
Thesis_Obsidian\Ordinances\2016\Ordinance No. 0509-16.md,,excluded,no explicit SECTION blocks detected,0,
Thesis_Obsidian\Ordinances\2016\Ordinance No. 051-16.md,,excluded,duplicate section identifiers detected; review OCR/section parsing,0,
Thesis_Obsidian\Ordinances\2016\Ordinance No. 0510-16.md,,excluded,no explicit SECTION blocks detected,0,
Thesis_Obsidian\Ordinances\2016\Ordinance No. 0511-16.md,0511-16,included,,5,5.0
Thesis_Obsidian\Ordinances\2016\Ordinance No. 0512-16.md,,excluded,no explicit SECTION blocks detected,0,
Thesis_Obsidian\Ordinances\2016\Ordinance No. 0513-16.md,,excluded,no explicit SECTION blocks detected,0,
Thesis_Obsidian\Ordinances\2016\Ordinance No. 0514-16.md,0514-16,included,,8,8.0
Thesis_Obsidian\Ordinances\2016\Ordinance No. 0515-16.md,,excluded,duplicate section identifiers detected; review OCR/section parsing,0,
Thesis_Obsidian\Ordinances\2016\Ordinance No. 0516-16.md,0516-16,included,,1,1.0
Thesis_Obsidian\Ordinances\2016\Ordinance No. 0517-16.md,0517-16,included,,1,1.0
Thesis_Obsidian\Ordinances\2016\Ordinance No. 0518-16.md,,excluded,no explicit SECTION blocks detected,0,
Thesis_Obsidian\Ordinances\2016\Ordinance No. 0519-16.md,,excluded,no explicit SECTION blocks detected,0,
Thesis_Obsidian\Ordinances\2016\Ordinance No. 052-16.md,052-16,included,,5,5.0
Thesis_Obsidian\Ordinances\2016\Ordinance No. 0520-16.md,,excluded,no explicit SECTION blocks detected,0,
Thesis_Obsidian\Ordinances\2016\Ordinance No. 0521-16.md,,excluded,no explicit SECTION blocks detected,0,
Thesis_Obsidian\Ordinances\2016\Ordinance No. 053-16.md,053-16,included,,3,3.0
Thesis_Obsidian\Ordinances\2016\Ordinance No. 054-16.md,,excluded,no explicit SECTION blocks detected,0,
Thesis_Obsidian\Ordinances\2016\Ordinance No. 0548-16.md,,excluded,no explicit SECTION blocks detected,0,
Thesis_Obsidian\Ordinances\2016\Ordinance No. 055-16.md,,excluded,no explicit SECTION blocks detected,0,
Thesis_Obsidian\Ordinances\2016\Ordinance No. 0554-16.md,,excluded,no explicit SECTION blocks detected,0,
Thesis_Obsidian\Ordinances\2016\Ordinance No. 056-16.md,056-16,included,,4,4.0
Thesis_Obsidian\Ordinances\2016\Ordinance No. 057-16.md,057-16,included,,4,4.0
Thesis_Obsidian\Ordinances\2016\Ordinance No. 058-16.md,,excluded,no explicit SECTION blocks detected,0,
Thesis_Obsidian\Ordinances\2016\Ordinance No. 059-16.md,,excluded,no explicit SECTION blocks detected,0,
Thesis_Obsidian\Ordinances\2016\Ordinance No. 060-16.md,,excluded,no explicit SECTION blocks detected,0,
Thesis_Obsidian\Ordinances\2016\Ordinance No. 061-16.md,061-16,included,"declared section_count=3, detected=1",1,3.0
Thesis_Obsidian\Ordinances\2016\Ordinance No. 062-16.md,062-16,included,"declared section_count=6, detected=4",4,6.0
Thesis_Obsidian\Ordinances\2016\Ordinance No. 063-16.md,,excluded,no explicit SECTION blocks detected,0,
Thesis_Obsidian\Ordinances\2016\Ordinance No. 064-16.md,064-16,included,,1,1.0
Thesis_Obsidian\Ordinances\2016\Ordinance No. 065-16.md,,excluded,no explicit SECTION blocks detected,0,
Thesis_Obsidian\Ordinances\2016\Ordinance No. 066-16.md,,excluded,no explicit SECTION blocks detected,0,
Thesis_Obsidian\Ordinances\2016\Ordinance No. 067-16.md,067-16,included,,5,5.0
Thesis_Obsidian\Ordinances\2016\Ordinance No. 069-16.md,,excluded,no explicit SECTION blocks detected,0,
Thesis_Obsidian\Ordinances\2016\Ordinance No. 070-16.md,070-16,included,,2,2.0
Thesis_Obsidian\Ordinances\2016\Ordinance No. 071-16.md,071-16,included,,2,2.0
Thesis_Obsidian\Ordinances\2016\Ordinance No. 072-16.md,072-16,included,,3,3.0
Thesis_Obsidian\Ordinances\2016\Ordinance No. 073-16.md,073-16,included,,2,2.0
Thesis_Obsidian\Ordinances\2016\Ordinance No. 074-16.md,,excluded,no explicit SECTION blocks detected,0,
Thesis_Obsidian\Ordinances\2016\Ordinance No. 075-16.md,075-16,included,,1,1.0
Thesis_Obsidian\Ordinances\2016\Ordinance No. 076-16.md,076-16,included,"declared section_count=2, detected=1",1,2.0
Thesis_Obsidian\Ordinances\2016\Ordinance No. 077-16.md,077-16,included,,4,4.0
Thesis_Obsidian\Ordinances\2016\Ordinance No. 078-16.md,078-16,included,,4,4.0
Thesis_Obsidian\Ordinances\2016\Ordinance No. 080-16.md,,excluded,no explicit SECTION blocks detected,0,
Thesis_Obsidian\Ordinances\2016\Ordinance No. 081-16.md,081-16,included,,1,1.0
Thesis_Obsidian\Ordinances\2016\Ordinance No. 082-16.md,082-16,included,,1,1.0
Thesis_Obsidian\Ordinances\2016\Ordinance No. 083-16.md,,excluded,no explicit SECTION blocks detected,0,
Thesis_Obsidian\Ordinances\2016\Ordinance No. 086-16.md,,excluded,no explicit SECTION blocks detected,0,
Thesis_Obsidian\Ordinances\2016\Ordinance No. 087-16.md,087-16,included,,6,6.0
Thesis_Obsidian\Ordinances\2016\Ordinance No. 088-16.md,088-16,included,,5,5.0
Thesis_Obsidian\Ordinances\2016\Ordinance No. 089-16.md,089-16,included,"declared section_count=7, detected=5",5,7.0
Thesis_Obsidian\Ordinances\2016\Ordinance No. 090-16.md,,excluded,no explicit SECTION blocks detected,0,
Thesis_Obsidian\Ordinances\2016\Ordinance No. 091-16.md,091-16,included,"declared section_count=4, detected=3",3,4.0
Thesis_Obsidian\Ordinances\2016\Ordinance No. 092-16.md,,excluded,no explicit SECTION blocks detected,0,
Thesis_Obsidian\Ordinances\2016\Ordinance No. 093-16.md,,excluded,no explicit SECTION blocks detected,0,
Thesis_Obsidian\Ordinances\2016\Ordinance No. 094-16.md,094-16,included,,5,5.0
Thesis_Obsidian\Ordinances\2016\Ordinance No. 095-16.md,095-16,included,,5,5.0
Thesis_Obsidian\Ordinances\2016\Ordinance No. 096-16.md,,excluded,no explicit SECTION blocks detected,0,
Thesis_Obsidian\Ordinances\2016\Ordinance No. 097-16.md,,excluded,temporal_status='review' is not included,0,
Thesis_Obsidian\Ordinances\2016\Ordinance No. 098-16.md,,excluded,no explicit SECTION blocks detected,0,
Thesis_Obsidian\Ordinances\2016\Ordinance No. 099-16.md,,excluded,no explicit SECTION blocks detected,0,
Thesis_Obsidian\Ordinances\2016\Ordinance No. 100-16.md,100-16,included,,4,4.0
Thesis_Obsidian\Ordinances\2017\Ordinance No. 0134-16.md,0134-16,included,,6,6.0
Thesis_Obsidian\Ordinances\2017\Ordinance No. 0135-16.md,,excluded,duplicate section identifiers detected; review OCR/section parsing,0,
Thesis_Obsidian\Ordinances\2017\Ordinance No. 0137-16.md,,excluded,no explicit SECTION blocks detected,0,
Thesis_Obsidian\Ordinances\2017\Ordinance No. 0139-17.md,,excluded,duplicate section identifiers detected; review OCR/section parsing,0,
Thesis_Obsidian\Ordinances\2017\Ordinance No. 0140-17.md,,excluded,no explicit SECTION blocks detected,0,
Thesis_Obsidian\Ordinances\2017\Ordinance No. 0141-17.md,0141-17,included,,2,2.0
Thesis_Obsidian\Ordinances\2017\Ordinance No. 0142-17.md,,excluded,no explicit SECTION blocks detected,0,
Thesis_Obsidian\Ordinances\2017\Ordinance No. 0144-17.md,,excluded,no explicit SECTION blocks detected,0,
Thesis_Obsidian\Ordinances\2017\Ordinance No. 0145-17.md,,excluded,duplicate section identifiers detected; review OCR/section parsing,0,
Thesis_Obsidian\Ordinances\2017\Ordinance No. 0146-17.md,,excluded,duplicate section identifiers detected; review OCR/section parsing,0,
Thesis_Obsidian\Ordinances\2017\Ordinance No. 0147-17.md,,excluded,duplicate section identifiers detected; review OCR/section parsing,0,
Thesis_Obsidian\Ordinances\2017\Ordinance No. 0148-17.md,0148-17,included,,4,4.0
Thesis_Obsidian\Ordinances\2017\Ordinance No. 0149-17.md,0149-17,included,,1,1.0
Thesis_Obsidian\Ordinances\2017\Ordinance No. 0150-17.md,0150-17,included,,1,1.0
Thesis_Obsidian\Ordinances\2017\Ordinance No. 0151-17.md,0151-17,included,,1,1.0
Thesis_Obsidian\Ordinances\2017\Ordinance No. 0152-17.md,,excluded,temporal_status='review' is not included,0,
Thesis_Obsidian\Ordinances\2017\Ordinance No. 0153-17.md,,excluded,no explicit SECTION blocks detected,0,
Thesis_Obsidian\Ordinances\2017\Ordinance No. 0154-17.md,0154-17,included,"declared section_count=2, detected=1",1,2.0
Thesis_Obsidian\Ordinances\2017\Ordinance No. 0155-17.md,,excluded,no explicit SECTION blocks detected,0,
Thesis_Obsidian\Ordinances\2017\Ordinance No. 0156-17.md,,excluded,no explicit SECTION blocks detected,0,
Thesis_Obsidian\Ordinances\2017\Ordinance No. 0157-17.md,,excluded,duplicate section identifiers detected; review OCR/section parsing,0,
Thesis_Obsidian\Ordinances\2017\Ordinance No. 0159-17.md,,excluded,no explicit SECTION blocks detected,0,
Thesis_Obsidian\Ordinances\2017\Ordinance No. 0160-17.md,,excluded,no explicit SECTION blocks detected,0,
Thesis_Obsidian\Ordinances\2017\Ordinance No. 0161-17.md,,excluded,no explicit SECTION blocks detected,0,
Thesis_Obsidian\Ordinances\2017\Ordinance No. 0162-17.md,,excluded,no explicit SECTION blocks detected,0,
Thesis_Obsidian\Ordinances\2017\Ordinance No. 0163-17.md,,excluded,no explicit SECTION blocks detected,0,
Thesis_Obsidian\Ordinances\2017\Ordinance No. 0164-17.md,0164-17,included,,5,5.0
Thesis_Obsidian\Ordinances\2017\Ordinance No. 0165-17.md,0165-17,included,,5,5.0
Thesis_Obsidian\Ordinances\2017\Ordinance No. 0166-17.md,,excluded,no explicit SECTION blocks detected,0,
Thesis_Obsidian\Ordinances\2017\Ordinance No. 0167-17.md,,excluded,no explicit SECTION blocks detected,0,
Thesis_Obsidian\Ordinances\2017\Ordinance No. 0169-17.md,0169-17,included,,1,1.0
Thesis_Obsidian\Ordinances\2017\Ordinance No. 0170-17.md,,excluded,no explicit SECTION blocks detected,0,
Thesis_Obsidian\Ordinances\2017\Ordinance No. 0171-17.md,0171-17,included,,5,5.0
Thesis_Obsidian\Ordinances\2017\Ordinance No. 0172-17.md,0172-17,included,,5,5.0
Thesis_Obsidian\Ordinances\2017\Ordinance No. 0173-17.md,0173-17,included,,3,3.0
Thesis_Obsidian\Ordinances\2017\Ordinance No. 0174-17.md,,excluded,no explicit SECTION blocks detected,0,
Thesis_Obsidian\Ordinances\2017\Ordinance No. 0175-17.md,,excluded,duplicate section identifiers detected; review OCR/section parsing,0,
Thesis_Obsidian\Ordinances\2017\Ordinance No. 0176-17.md,,excluded,no explicit SECTION blocks detected,0,
Thesis_Obsidian\Ordinances\2017\Ordinance No. 0177-14.md,,excluded,no explicit SECTION blocks detected,0,
Thesis_Obsidian\Ordinances\2017\Ordinance No. 0177-17.md,0177-17,included,,5,5.0
Thesis_Obsidian\Ordinances\2017\Ordinance No. 0178-17.md,0178-17,included,,2,2.0
Thesis_Obsidian\Ordinances\2017\Ordinance No. 0179-17.md,,excluded,duplicate section identifiers detected; review OCR/section parsing,0,
Thesis_Obsidian\Ordinances\2017\Ordinance No. 0180-17.md,,excluded,no explicit SECTION blocks detected,0,
Thesis_Obsidian\Ordinances\2017\Ordinance No. 0181-17.md,,excluded,duplicate section identifiers detected; review OCR/section parsing,0,
Thesis_Obsidian\Ordinances\2017\Ordinance No. 0182-17.md,,excluded,no explicit SECTION blocks detected,0,
Thesis_Obsidian\Ordinances\2017\Ordinance No. 0183-17.md,0183-17,included,,1,1.0
Thesis_Obsidian\Ordinances\2017\Ordinance No. 0185-17.md,,excluded,no explicit SECTION blocks detected,0,
Thesis_Obsidian\Ordinances\2017\Ordinance No. 0186-17.md,,excluded,no explicit SECTION blocks detected,0,
Thesis_Obsidian\Ordinances\2017\Ordinance No. 0188-17.md,,excluded,no explicit SECTION blocks detected,0,
Thesis_Obsidian\Ordinances\2017\Ordinance No. 0189-17.md,0189-17,included,,6,6.0
Thesis_Obsidian\Ordinances\2017\Ordinance No. 0190-17.md,,excluded,no explicit SECTION blocks detected,0,
Thesis_Obsidian\Ordinances\2017\Ordinance No. 0191-17.md,0191-17,included,,2,2.0
Thesis_Obsidian\Ordinances\2017\Ordinance No. 0192-17.md,0192-17,included,,6,6.0
Thesis_Obsidian\Ordinances\2017\Ordinance No. 0193-17.md,0193-17,included,"declared section_count=7, detected=6",6,7.0
Thesis_Obsidian\Ordinances\2017\Ordinance No. 0194-17.md,0194-17,included,,6,6.0
Thesis_Obsidian\Ordinances\2017\Ordinance No. 0195-17.md,0195-17,included,,6,6.0
Thesis_Obsidian\Ordinances\2017\Ordinance No. 0196-17.md,,excluded,no explicit SECTION blocks detected,0,
Thesis_Obsidian\Ordinances\2017\Ordinance No. 0197-17.md,,excluded,no explicit SECTION blocks detected,0,
Thesis_Obsidian\Ordinances\2017\Ordinance No. 0198-17.md,0198-17,included,,1,1.0
Thesis_Obsidian\Ordinances\2017\Ordinance No. 0199-17.md,,excluded,no explicit SECTION blocks detected,0,
Thesis_Obsidian\Ordinances\2017\Ordinance No. 0200-17.md,,excluded,no explicit SECTION blocks detected,0,
Thesis_Obsidian\Ordinances\2017\Ordinance No. 0201-17.md,,excluded,no explicit SECTION blocks detected,0,
Thesis_Obsidian\Ordinances\2017\Ordinance No. 0202-17.md,0202-17,included,,5,5.0
Thesis_Obsidian\Ordinances\2017\Ordinance No. 0203-17.md,,excluded,no explicit SECTION blocks detected,0,
Thesis_Obsidian\Ordinances\2017\Ordinance No. 0204-17.md,,excluded,no explicit SECTION blocks detected,0,
Thesis_Obsidian\Ordinances\2017\Ordinance No. 0205-17.md,,excluded,no explicit SECTION blocks detected,0,
Thesis_Obsidian\Ordinances\2017\Ordinance No. 0206-17.md,,excluded,no explicit SECTION blocks detected,0,
Thesis_Obsidian\Ordinances\2017\Ordinance No. 0207-17.md,0207-17,included,,1,1.0
Thesis_Obsidian\Ordinances\2017\Ordinance No. 0208-17.md,0208-17,included,,3,3.0
Thesis_Obsidian\Ordinances\2017\Ordinance No. 0209-17.md,0209-17,included,"declared section_count=2, detected=1",1,2.0
Thesis_Obsidian\Ordinances\2017\Ordinance No. 0210-17.md,,excluded,no explicit SECTION blocks detected,0,
Thesis_Obsidian\Ordinances\2017\Ordinance No. 0212-17.md,,excluded,temporal_status='review' is not included,0,
Thesis_Obsidian\Ordinances\2017\Ordinance No. 0213-17.md,,excluded,no explicit SECTION blocks detected,0,
Thesis_Obsidian\Ordinances\2017\Ordinance No. 0214-17.md,,excluded,duplicate section identifiers detected; review OCR/section parsing,0,
Thesis_Obsidian\Ordinances\2017\Ordinance No. 0215-17.md,,excluded,no explicit SECTION blocks detected,0,
Thesis_Obsidian\Ordinances\2017\Ordinance No. 0216-17.md,0216-17,included,,5,5.0
Thesis_Obsidian\Ordinances\2017\Ordinance No. 0218-17.md,,excluded,no explicit SECTION blocks detected,0,
Thesis_Obsidian\Ordinances\2017\Ordinance No. 0219-17.md,,excluded,no explicit SECTION blocks detected,0,
Thesis_Obsidian\Ordinances\2017\Ordinance No. 0220-17.md,0220-17,included,,5,5.0
Thesis_Obsidian\Ordinances\2017\Ordinance No. 0221-17.md,,excluded,no explicit SECTION blocks detected,0,
Thesis_Obsidian\Ordinances\2017\Ordinance No. 0222-17.md,,excluded,no explicit SECTION blocks detected,0,
Thesis_Obsidian\Ordinances\2017\Ordinance No. 0223-17.md,,excluded,no explicit SECTION blocks detected,0,
Thesis_Obsidian\Ordinances\2017\Ordinance No. 0224-17.md,,excluded,no explicit SECTION blocks detected,0,
Thesis_Obsidian\Ordinances\2017\Ordinance No. 0225-17.md,0225-17,included,,5,5.0
Thesis_Obsidian\Ordinances\2017\Ordinance No. 0226-17.md,0226-17,included,,1,1.0
Thesis_Obsidian\Ordinances\2017\Ordinance No. 0227-17.md,,excluded,no explicit SECTION blocks detected,0,
Thesis_Obsidian\Ordinances\2017\Ordinance No. 0229-17.md,,excluded,no explicit SECTION blocks detected,0,
Thesis_Obsidian\Ordinances\2017\Ordinance No. 0230-17.md,0230-17,included,,7,7.0
Thesis_Obsidian\Ordinances\2017\Ordinance No. 0231-17.md,,excluded,no explicit SECTION blocks detected,0,
Thesis_Obsidian\Ordinances\2017\Ordinance No. 0232-17.md,,excluded,no explicit SECTION blocks detected,0,
Thesis_Obsidian\Ordinances\2017\Ordinance No. 0233-17.md,0233-17,included,,6,6.0
Thesis_Obsidian\Ordinances\2017\Ordinance No. 0239-17.md,,excluded,no explicit SECTION blocks detected,0,
Thesis_Obsidian\Ordinances\2017\Ordinance No. 0241-17.md,0241-17,included,"declared section_count=4, detected=3",3,4.0
Thesis_Obsidian\Ordinances\2017\Ordinance No. 0242-17.md,0242-17,included,,1,1.0
Thesis_Obsidian\Ordinances\2017\Ordinance No. 0243-17.md,0243-17,included,,3,3.0
Thesis_Obsidian\Ordinances\2017\Ordinance No. 0244-17.md,,excluded,no explicit SECTION blocks detected,0,
Thesis_Obsidian\Ordinances\2017\Ordinance No. 0245-17.md,,excluded,no explicit SECTION blocks detected,0,
Thesis_Obsidian\Ordinances\2017\Ordinance No. 0246-17.md,,excluded,no explicit SECTION blocks detected,0,
Thesis_Obsidian\Ordinances\2017\Ordinance No. 0247-17.md,,excluded,no explicit SECTION blocks detected,0,
Thesis_Obsidian\Ordinances\2017\Ordinance No. 0248-17.md,0248-17,included,,5,5.0
Thesis_Obsidian\Ordinances\2017\Ordinance No. 0249-17.md,,excluded,temporal_status='review' is not included,0,
Thesis_Obsidian\Ordinances\2017\Ordinance No. 0250-17.md,,excluded,no explicit SECTION blocks detected,0,
Thesis_Obsidian\Ordinances\2017\Ordinance No. 0251-17.md,,excluded,no explicit SECTION blocks detected,0,
Thesis_Obsidian\Ordinances\2017\Ordinance No. 0252-17.md,0252-17,included,,5,5.0
Thesis_Obsidian\Ordinances\2017\Ordinance No. 0253-17.md,0253-17,included,,5,5.0
Thesis_Obsidian\Ordinances\2017\Ordinance No. 0254-17.md,,excluded,no explicit SECTION blocks detected,0,
Thesis_Obsidian\Ordinances\2017\Ordinance No. 0256-17.md,,excluded,no explicit SECTION blocks detected,0,
Thesis_Obsidian\Ordinances\2017\Ordinance No. 0257-17.md,0257-17,included,,12,12.0
Thesis_Obsidian\Ordinances\2017\Ordinance No. 0258-17.md,,excluded,no explicit SECTION blocks detected,0,
Thesis_Obsidian\Ordinances\2017\Ordinance No. 0259-17.md,,excluded,no explicit SECTION blocks detected,0,
Thesis_Obsidian\Ordinances\2017\Ordinance No. 0260-17.md,0260-17,included,,2,2.0
Thesis_Obsidian\Ordinances\2017\Ordinance No. 0261-17.md,0261-17,included,,5,5.0
Thesis_Obsidian\Ordinances\2017\Ordinance No. 0262-17.md,,excluded,no explicit SECTION blocks detected,0,
Thesis_Obsidian\Ordinances\2017\Ordinance No. 0263-17.md,,excluded,no explicit SECTION blocks detected,0,
Thesis_Obsidian\Ordinances\2017\Ordinance No. 0265-17.md,0265-17,included,,5,5.0
Thesis_Obsidian\Ordinances\2017\Ordinance No. 0266-17.md,,excluded,no explicit SECTION blocks detected,0,
Thesis_Obsidian\Ordinances\2017\Ordinance No. 0267-17.md,,excluded,no explicit SECTION blocks detected,0,
Thesis_Obsidian\Ordinances\2017\Ordinance No. 0268-17.md,,excluded,no explicit SECTION blocks detected,0,
Thesis_Obsidian\Ordinances\2017\Ordinance No. 0269-17.md,0269-17,included,,1,1.0
Thesis_Obsidian\Ordinances\2017\Ordinance No. 0270-17.md,0270-17,included,,2,2.0
Thesis_Obsidian\Ordinances\2017\Ordinance No. 0271-17.md,0271-17,included,"declared section_count=2, detected=1",1,2.0
Thesis_Obsidian\Ordinances\2017\Ordinance No. 0272-17.md,,excluded,no explicit SECTION blocks detected,0,
Thesis_Obsidian\Ordinances\2017\Ordinance No. 0273-17.md,0273-17,included,,1,1.0
Thesis_Obsidian\Ordinances\2017\Ordinance No. 0274-17.md,,excluded,no explicit SECTION blocks detected,0,
Thesis_Obsidian\Ordinances\2017\Ordinance No. 0275-17.md,,excluded,no explicit SECTION blocks detected,0,
Thesis_Obsidian\Ordinances\2017\Ordinance No. 0276-17.md,0276-17,included,,4,4.0
Thesis_Obsidian\Ordinances\2017\Ordinance No. 0277-17.md,,excluded,no explicit SECTION blocks detected,0,
Thesis_Obsidian\Ordinances\2017\Ordinance No. 0278-17.md,,excluded,no explicit SECTION blocks detected,0,
Thesis_Obsidian\Ordinances\2017\Ordinance No. 0279-17.md,0279-17,included,,7,7.0
Thesis_Obsidian\Ordinances\2017\Ordinance No. 0280-17.md,0280-17,included,,5,5.0
Thesis_Obsidian\Ordinances\2017\Ordinance No. 0281-17.md,,excluded,no explicit SECTION blocks detected,0,
Thesis_Obsidian\Ordinances\2017\Ordinance No. 0282-17.md,,excluded,no explicit SECTION blocks detected,0,
Thesis_Obsidian\Ordinances\2017\Ordinance No. 0283-17.md,0283-17,included,,5,5.0
Thesis_Obsidian\Ordinances\2017\Ordinance No. 0284-17.md,0284-17,included,,5,5.0
Thesis_Obsidian\Ordinances\2017\Ordinance No. 0285-17.md,0285-17,included,,2,2.0
Thesis_Obsidian\Ordinances\2017\Ordinance No. 0286-17.md,0286-17,included,,1,1.0
Thesis_Obsidian\Ordinances\2017\Ordinance No. 0287-17.md,0287-17,included,"declared section_count=6, detected=5",5,6.0
Thesis_Obsidian\Ordinances\2017\Ordinance No. 0288-17.md,,excluded,no explicit SECTION blocks detected,0,
Thesis_Obsidian\Ordinances\2017\Ordinance No. 0289-17.md,,excluded,duplicate section identifiers detected; review OCR/section parsing,0,
Thesis_Obsidian\Ordinances\2017\Ordinance No. 0291-17.md,,excluded,duplicate section identifiers detected; review OCR/section parsing,0,
Thesis_Obsidian\Ordinances\2017\Ordinance No. 0292-17.md,,excluded,no explicit SECTION blocks detected,0,
Thesis_Obsidian\Ordinances\2017\Ordinance No. 0293-17.md,0293-17,included,,5,5.0
Thesis_Obsidian\Ordinances\2017\Ordinance No. 0294-17.md,,excluded,no explicit SECTION blocks detected,0,
Thesis_Obsidian\Ordinances\2017\Ordinance No. 0295-17.md,,excluded,no explicit SECTION blocks detected,0,
Thesis_Obsidian\Ordinances\2017\Ordinance No. 0296-17.md,,excluded,no explicit SECTION blocks detected,0,
Thesis_Obsidian\Ordinances\2017\Ordinance No. 0297-17.md,0297-17,included,,5,5.0
Thesis_Obsidian\Ordinances\2017\Ordinance No. 0299-17.md,0299-17,included,,4,4.0
Thesis_Obsidian\Ordinances\2017\Ordinance No. 0300-17.md,,excluded,no explicit SECTION blocks detected,0,
Thesis_Obsidian\Ordinances\2017\Ordinance No. 0301-17.md,,excluded,no explicit SECTION blocks detected,0,
Thesis_Obsidian\Ordinances\2017\Ordinance No. 0302-17.md,,excluded,duplicate section identifiers detected; review OCR/section parsing,0,
Thesis_Obsidian\Ordinances\2017\Ordinance No. 0303-17.md,0303-17,included,,6,6.0
Thesis_Obsidian\Ordinances\2017\Ordinance No. 0304-17.md,0304-17,included,,5,5.0
Thesis_Obsidian\Ordinances\2017\Ordinance No. 0305-17.md,0305-17,included,,2,2.0
Thesis_Obsidian\Ordinances\2017\Ordinance No. 0306-17.md,0306-17,included,,1,1.0
Thesis_Obsidian\Ordinances\2017\Ordinance No. 0307-17.md,,excluded,no explicit SECTION blocks detected,0,
Thesis_Obsidian\Ordinances\2017\Ordinance No. 0308-17.md,0308-17,included,"declared section_count=6, detected=5",5,6.0
Thesis_Obsidian\Ordinances\2017\Ordinance No. 0309-17.md,0309-17,included,,5,5.0
Thesis_Obsidian\Ordinances\2017\Ordinance No. 0310-17.md,0310-17,included,,11,11.0
Thesis_Obsidian\Ordinances\2017\Ordinance No. 0311-17.md,,excluded,no explicit SECTION blocks detected,0,
Thesis_Obsidian\Ordinances\2017\Ordinance No. 0312-17.md,,excluded,no explicit SECTION blocks detected,0,
Thesis_Obsidian\Ordinances\2017\Ordinance No. 0313-17.md,0313-17,included,,5,5.0
Thesis_Obsidian\Ordinances\2017\Ordinance No. 0314-17.md,0314-17,included,,5,5.0
Thesis_Obsidian\Ordinances\2017\Ordinance No. 0316-17.md,0316-17,included,"declared section_count=5, detected=4",4,5.0
Thesis_Obsidian\Ordinances\2017\Ordinance No. 0317-17.md,0317-17,included,"declared section_count=6, detected=5",5,6.0
Thesis_Obsidian\Ordinances\2017\Ordinance No. 0319-17.md,,excluded,no explicit SECTION blocks detected,0,
Thesis_Obsidian\Ordinances\2017\Ordinance No. 0320-17.md,,excluded,no explicit SECTION blocks detected,0,
Thesis_Obsidian\Ordinances\2017\Ordinance No. 0322-17.md,0322-17,included,,5,5.0
Thesis_Obsidian\Ordinances\2017\Ordinance No. 0324-17.md,0324-17,included,,6,6.0
Thesis_Obsidian\Ordinances\2017\Ordinance No. 0325-17.md,0325-17,included,,5,5.0
Thesis_Obsidian\Ordinances\2017\Ordinance No. 0326-17.md,,excluded,temporal_status='review' is not included,0,
Thesis_Obsidian\Ordinances\2017\Ordinance No. 0327-17.md,,excluded,temporal_status='review' is not included,0,
Thesis_Obsidian\Ordinances\2017\Ordinance No. 0328-17.md,,excluded,temporal_status='review' is not included,0,
Thesis_Obsidian\Ordinances\2017\Ordinance No. 0329-17.md,,excluded,temporal_status='review' is not included,0,
Thesis_Obsidian\Ordinances\2017\Ordinance No. 033-16.md,,excluded,no explicit SECTION blocks detected,0,
Thesis_Obsidian\Ordinances\2017\Ordinance No. 0330-17.md,0330-17,included,,5,5.0
Thesis_Obsidian\Ordinances\2017\Ordinance No. 0331-17.md,,excluded,duplicate section identifiers detected; review OCR/section parsing,0,
Thesis_Obsidian\Ordinances\2017\Ordinance No. 0332-17.md,0332-17,included,,5,5.0
Thesis_Obsidian\Ordinances\2017\Ordinance No. 0333-17.md,,excluded,temporal_status='review' is not included,0,
Thesis_Obsidian\Ordinances\2017\Ordinance No. 0335-17.md,0335-17,included,"declared section_count=6, detected=5",5,6.0
Thesis_Obsidian\Ordinances\2017\Ordinance No. 0336-17.md,0336-17,included,,6,6.0
Thesis_Obsidian\Ordinances\2017\Ordinance No. 0337-17.md,0337-17,included,,1,1.0
Thesis_Obsidian\Ordinances\2017\Ordinance No. 0338-17.md,0338-17,included,,2,2.0
Thesis_Obsidian\Ordinances\2017\Ordinance No. 034-16.md,,excluded,no explicit SECTION blocks detected,0,
Thesis_Obsidian\Ordinances\2017\Ordinance No. 0340-17.md,,excluded,no explicit SECTION blocks detected,0,
Thesis_Obsidian\Ordinances\2017\Ordinance No. 0341-17.md,,excluded,no explicit SECTION blocks detected,0,
Thesis_Obsidian\Ordinances\2017\Ordinance No. 0342-17.md,0342-17,included,,5,5.0
Thesis_Obsidian\Ordinances\2017\Ordinance No. 0343-17.md,,excluded,no explicit SECTION blocks detected,0,
Thesis_Obsidian\Ordinances\2017\Ordinance No. 0345-17.md,0345-17,included,,5,5.0
Thesis_Obsidian\Ordinances\2017\Ordinance No. 0346-17.md,0346-17,included,,5,5.0
Thesis_Obsidian\Ordinances\2017\Ordinance No. 0347-17.md,0347-17,included,,5,5.0
Thesis_Obsidian\Ordinances\2017\Ordinance No. 0348-17.md,0348-17,included,,4,4.0
Thesis_Obsidian\Ordinances\2017\Ordinance No. 0349-17.md,,excluded,no explicit SECTION blocks detected,0,
Thesis_Obsidian\Ordinances\2017\Ordinance No. 0350-17.md,0350-17,included,,4,4.0
Thesis_Obsidian\Ordinances\2017\Ordinance No. 0351-17.md,0351-17,included,,6,6.0
Thesis_Obsidian\Ordinances\2017\Ordinance No. 0353-17.md,0353-17,included,,5,5.0
Thesis_Obsidian\Ordinances\2017\Ordinance No. 0355-17.md,,excluded,no explicit SECTION blocks detected,0,
Thesis_Obsidian\Ordinances\2017\Ordinance No. 0357-17.md,,excluded,no explicit SECTION blocks detected,0,
Thesis_Obsidian\Ordinances\2017\Ordinance No. 0358-17.md,0358-17,included,,7,7.0
Thesis_Obsidian\Ordinances\2017\Ordinance No. 0359-17.md,,excluded,no explicit SECTION blocks detected,0,
Thesis_Obsidian\Ordinances\2017\Ordinance No. 0360-17.md,,excluded,no explicit SECTION blocks detected,0,
Thesis_Obsidian\Ordinances\2017\Ordinance No. 0361-17.md,,excluded,temporal_status='review' is not included,0,
Thesis_Obsidian\Ordinances\2017\Ordinance No. 0362-17.md,,excluded,duplicate section identifiers detected; review OCR/section parsing,0,
Thesis_Obsidian\Ordinances\2017\Ordinance No. 0363-17.md,0363-17,included,,5,5.0
Thesis_Obsidian\Ordinances\2017\Ordinance No. 0364-17.md,0364-17,included,,5,5.0
Thesis_Obsidian\Ordinances\2017\Ordinance No. 0365-17.md,,excluded,no explicit SECTION blocks detected,0,
Thesis_Obsidian\Ordinances\2017\Ordinance No. 0366-17.md,,excluded,no explicit SECTION blocks detected,0,
Thesis_Obsidian\Ordinances\2017\Ordinance No. 0367-17.md,0367-17,included,"declared section_count=6, detected=4",4,6.0
Thesis_Obsidian\Ordinances\2017\Ordinance No. 0368-17.md,0368-17,included,,5,5.0
Thesis_Obsidian\Ordinances\2017\Ordinance No. 0369-17.md,,excluded,no explicit SECTION blocks detected,0,
Thesis_Obsidian\Ordinances\2017\Ordinance No. 0370-17.md,,excluded,no explicit SECTION blocks detected,0,
Thesis_Obsidian\Ordinances\2017\Ordinance No. 0371-17.md,,excluded,no explicit SECTION blocks detected,0,
Thesis_Obsidian\Ordinances\2017\Ordinance No. 0372-17.md,,excluded,no explicit SECTION blocks detected,0,
Thesis_Obsidian\Ordinances\2017\Ordinance No. 0373-17.md,,excluded,no explicit SECTION blocks detected,0,
Thesis_Obsidian\Ordinances\2017\Ordinance No. 0374-17.md,,excluded,no explicit SECTION blocks detected,0,
Thesis_Obsidian\Ordinances\2017\Ordinance No. 0375-17.md,,excluded,no explicit SECTION blocks detected,0,
Thesis_Obsidian\Ordinances\2017\Ordinance No. 0376-17.md,,excluded,no explicit SECTION blocks detected,0,
Thesis_Obsidian\Ordinances\2017\Ordinance No. 0377-17.md,0377-17,included,,5,5.0
Thesis_Obsidian\Ordinances\2017\Ordinance No. 0378-17.md,0378-17,included,,5,5.0
Thesis_Obsidian\Ordinances\2017\Ordinance No. 0379-17.md,,excluded,duplicate section identifiers detected; review OCR/section parsing,0,
Thesis_Obsidian\Ordinances\2017\Ordinance No. 0380-17.md,,excluded,no explicit SECTION blocks detected,0,
Thesis_Obsidian\Ordinances\2017\Ordinance No. 0381-17.md,,excluded,duplicate section identifiers detected; review OCR/section parsing,0,
Thesis_Obsidian\Ordinances\2017\Ordinance No. 040-16.md,,excluded,no explicit SECTION blocks detected,0,
Thesis_Obsidian\Ordinances\2018\Ordinance No. 0170-17.md,,excluded,no explicit SECTION blocks detected,0,
Thesis_Obsidian\Ordinances\2018\Ordinance No. 0249-17.md,,excluded,temporal_status='review' is not included,0,
Thesis_Obsidian\Ordinances\2018\Ordinance No. 0262-17.md,,excluded,no explicit SECTION blocks detected,0,
Thesis_Obsidian\Ordinances\2018\Ordinance No. 0319-17.md,,excluded,no explicit SECTION blocks detected,0,
Thesis_Obsidian\Ordinances\2018\Ordinance No. 0320-17.md,,excluded,no explicit SECTION blocks detected,0,
Thesis_Obsidian\Ordinances\2018\Ordinance No. 0326-17.md,0326-17,included,,5,5.0
Thesis_Obsidian\Ordinances\2018\Ordinance No. 0327-17.md,0327-17,included,,4,4.0
Thesis_Obsidian\Ordinances\2018\Ordinance No. 0328-17.md,0328-17,included,,4,4.0
Thesis_Obsidian\Ordinances\2018\Ordinance No. 0329-17.md,0329-17,included,,5,5.0
Thesis_Obsidian\Ordinances\2018\Ordinance No. 0333-17.md,0333-17,included,,6,6.0
Thesis_Obsidian\Ordinances\2018\Ordinance No. 0361-17.md,0361-17,included,,1,1.0
Thesis_Obsidian\Ordinances\2018\Ordinance No. 0369-17.md,,excluded,no explicit SECTION blocks detected,0,
Thesis_Obsidian\Ordinances\2018\Ordinance No. 0370-17.md,,excluded,no explicit SECTION blocks detected,0,
Thesis_Obsidian\Ordinances\2018\Ordinance No. 0371-17.md,,excluded,no explicit SECTION blocks detected,0,
Thesis_Obsidian\Ordinances\2018\Ordinance No. 0375-17.md,,excluded,no explicit SECTION blocks detected,0,
Thesis_Obsidian\Ordinances\2018\Ordinance No. 0376-17.md,,excluded,no explicit SECTION blocks detected,0,
Thesis_Obsidian\Ordinances\2018\Ordinance No. 0380-17.md,,excluded,no explicit SECTION blocks detected,0,
Thesis_Obsidian\Ordinances\2018\Ordinance No. 0382-18.md,,excluded,duplicate section identifiers detected; review OCR/section parsing,0,
Thesis_Obsidian\Ordinances\2018\Ordinance No. 0383-18.md,0383-18,included,,10,10.0
Thesis_Obsidian\Ordinances\2018\Ordinance No. 0385-18.md,0385-18,included,,7,7.0
Thesis_Obsidian\Ordinances\2018\Ordinance No. 0386-18.md,0386-18,included,,1,1.0
Thesis_Obsidian\Ordinances\2018\Ordinance No. 0387-18.md,0387-18,included,,5,5.0
Thesis_Obsidian\Ordinances\2018\Ordinance No. 0388-18.md,0388-18,included,,7,7.0
Thesis_Obsidian\Ordinances\2018\Ordinance No. 0389-18.md,0389-18,included,,5,5.0
Thesis_Obsidian\Ordinances\2018\Ordinance No. 0390-18.md,,excluded,no explicit SECTION blocks detected,0,
Thesis_Obsidian\Ordinances\2018\Ordinance No. 0391-18.md,,excluded,no explicit SECTION blocks detected,0,
Thesis_Obsidian\Ordinances\2018\Ordinance No. 0392-18.md,,excluded,no explicit SECTION blocks detected,0,
Thesis_Obsidian\Ordinances\2018\Ordinance No. 0393-18.md,,excluded,no explicit SECTION blocks detected,0,
Thesis_Obsidian\Ordinances\2018\Ordinance No. 0394-18.md,0394-18,included,,5,5.0
Thesis_Obsidian\Ordinances\2018\Ordinance No. 0396-18.md,0396-18,included,,6,6.0
Thesis_Obsidian\Ordinances\2018\Ordinance No. 0397-18.md,,excluded,no explicit SECTION blocks detected,0,
Thesis_Obsidian\Ordinances\2018\Ordinance No. 0398-18.md,0398-18,included,,5,5.0
Thesis_Obsidian\Ordinances\2018\Ordinance No. 0399-18.md,0399-18,included,,5,5.0
Thesis_Obsidian\Ordinances\2018\Ordinance No. 0400-18.md,,excluded,no explicit SECTION blocks detected,0,
Thesis_Obsidian\Ordinances\2018\Ordinance No. 0401-18.md,0401-18,included,,1,1.0
Thesis_Obsidian\Ordinances\2018\Ordinance No. 0402-18.md,,excluded,no explicit SECTION blocks detected,0,
Thesis_Obsidian\Ordinances\2018\Ordinance No. 0403-18.md,,excluded,no explicit SECTION blocks detected,0,
Thesis_Obsidian\Ordinances\2018\Ordinance No. 0404-18.md,0404-18,included,,2,2.0
Thesis_Obsidian\Ordinances\2018\Ordinance No. 0405-18.md,0405-18,included,,3,3.0
Thesis_Obsidian\Ordinances\2018\Ordinance No. 0407-18.md,0407-18,included,,4,4.0
Thesis_Obsidian\Ordinances\2018\Ordinance No. 0409-18.md,,excluded,no explicit SECTION blocks detected,0,
Thesis_Obsidian\Ordinances\2018\Ordinance No. 0410-18.md,,excluded,no explicit SECTION blocks detected,0,
Thesis_Obsidian\Ordinances\2018\Ordinance No. 0411-18.md,0411-18,included,,4,4.0
Thesis_Obsidian\Ordinances\2018\Ordinance No. 0412-18.md,0412-18,included,,5,5.0
Thesis_Obsidian\Ordinances\2018\Ordinance No. 0413-18.md,0413-18,included,,4,4.0
Thesis_Obsidian\Ordinances\2018\Ordinance No. 0415-18.md,0415-18,included,,5,5.0
Thesis_Obsidian\Ordinances\2018\Ordinance No. 0416-18.md,0416-18,included,,5,5.0
Thesis_Obsidian\Ordinances\2018\Ordinance No. 0417-18.md,,excluded,no explicit SECTION blocks detected,0,
Thesis_Obsidian\Ordinances\2018\Ordinance No. 0418-18.md,0418-18,included,,4,4.0
Thesis_Obsidian\Ordinances\2018\Ordinance No. 0420-18.md,,excluded,no explicit SECTION blocks detected,0,
Thesis_Obsidian\Ordinances\2018\Ordinance No. 0421-18.md,0421-18,included,,5,5.0
Thesis_Obsidian\Ordinances\2018\Ordinance No. 0422-18.md,0422-18,included,,5,5.0
Thesis_Obsidian\Ordinances\2018\Ordinance No. 0423-18.md,,excluded,no explicit SECTION blocks detected,0,
Thesis_Obsidian\Ordinances\2018\Ordinance No. 0424-18.md,,excluded,no explicit SECTION blocks detected,0,
Thesis_Obsidian\Ordinances\2018\Ordinance No. 0425-18.md,0425-18,included,,2,2.0
Thesis_Obsidian\Ordinances\2018\Ordinance No. 0426-18.md,0426-18,included,"declared section_count=4, detected=3",3,4.0
Thesis_Obsidian\Ordinances\2018\Ordinance No. 0427-18.md,0427-18,included,,5,5.0
Thesis_Obsidian\Ordinances\2018\Ordinance No. 0428-18.md,,excluded,no explicit SECTION blocks detected,0,
Thesis_Obsidian\Ordinances\2018\Ordinance No. 0429-18.md,,excluded,no explicit SECTION blocks detected,0,
Thesis_Obsidian\Ordinances\2018\Ordinance No. 0430-18.md,0430-18,included,"declared section_count=6, detected=5",5,6.0
Thesis_Obsidian\Ordinances\2018\Ordinance No. 0431-18.md,0431-18,included,,2,2.0
Thesis_Obsidian\Ordinances\2018\Ordinance No. 0432-18.md,,excluded,duplicate section identifiers detected; review OCR/section parsing,0,
Thesis_Obsidian\Ordinances\2018\Ordinance No. 0433-18.md,,excluded,no explicit SECTION blocks detected,0,
Thesis_Obsidian\Ordinances\2018\Ordinance No. 0436-18.md,,excluded,no explicit SECTION blocks detected,0,
Thesis_Obsidian\Ordinances\2018\Ordinance No. 0437-18.md,,excluded,no explicit SECTION blocks detected,0,
Thesis_Obsidian\Ordinances\2018\Ordinance No. 0439-18.md,0439-18,included,,1,1.0
Thesis_Obsidian\Ordinances\2018\Ordinance No. 0440-18.md,,excluded,no explicit SECTION blocks detected,0,
Thesis_Obsidian\Ordinances\2018\Ordinance No. 0441-18.md,,excluded,no explicit SECTION blocks detected,0,
Thesis_Obsidian\Ordinances\2018\Ordinance No. 0442-18.md,0442-18,included,,5,5.0
Thesis_Obsidian\Ordinances\2018\Ordinance No. 0443-18.md,,excluded,no explicit SECTION blocks detected,0,
Thesis_Obsidian\Ordinances\2018\Ordinance No. 0444-18.md,,excluded,no explicit SECTION blocks detected,0,
Thesis_Obsidian\Ordinances\2018\Ordinance No. 0445-18.md,0445-18,included,,5,5.0
Thesis_Obsidian\Ordinances\2018\Ordinance No. 0448-18.md,,excluded,no explicit SECTION blocks detected,0,
Thesis_Obsidian\Ordinances\2018\Ordinance No. 0449-18.md,0449-18,included,,1,1.0
Thesis_Obsidian\Ordinances\2018\Ordinance No. 0450-18.md,0450-18,included,,1,1.0
Thesis_Obsidian\Ordinances\2018\Ordinance No. 0453-18.md,,excluded,no explicit SECTION blocks detected,0,
Thesis_Obsidian\Ordinances\2018\Ordinance No. 0458-18.md,0458-18,included,"declared section_count=10, detected=8",8,10.0
Thesis_Obsidian\Ordinances\2018\Ordinance No. 0459-18.md,,excluded,no explicit SECTION blocks detected,0,
Thesis_Obsidian\Ordinances\2018\Ordinance No. 0460-18.md,0460-18,included,,1,1.0
Thesis_Obsidian\Ordinances\2018\Ordinance No. 0461-18.md,,excluded,duplicate section identifiers detected; review OCR/section parsing,0,
Thesis_Obsidian\Ordinances\2018\Ordinance No. 0465-18.md,0465-18,included,,1,1.0
Thesis_Obsidian\Ordinances\2018\Ordinance No. 0466-18.md,0466-18,included,,3,3.0
Thesis_Obsidian\Ordinances\2018\Ordinance No. 0467-18.md,0467-18,included,,5,5.0
Thesis_Obsidian\Ordinances\2018\Ordinance No. 0468-18.md,0468-18,included,,3,3.0
Thesis_Obsidian\Ordinances\2018\Ordinance No. 0469-18.md,,excluded,no explicit SECTION blocks detected,0,
Thesis_Obsidian\Ordinances\2018\Ordinance No. 0470-18.md,,excluded,no explicit SECTION blocks detected,0,
Thesis_Obsidian\Ordinances\2018\Ordinance No. 0472-18.md,,excluded,no explicit SECTION blocks detected,0,
Thesis_Obsidian\Ordinances\2018\Ordinance No. 0473-18.md,0473-18,included,,3,3.0
Thesis_Obsidian\Ordinances\2018\Ordinance No. 0474-18.md,0474-18,included,,7,7.0
Thesis_Obsidian\Ordinances\2018\Ordinance No. 0475-18.md,,excluded,no explicit SECTION blocks detected,0,
Thesis_Obsidian\Ordinances\2018\Ordinance No. 0476-18.md,,excluded,no explicit SECTION blocks detected,0,
Thesis_Obsidian\Ordinances\2018\Ordinance No. 0477-18.md,0477-18,included,,5,5.0
Thesis_Obsidian\Ordinances\2018\Ordinance No. 0478-18.md,0478-18,included,,5,5.0
Thesis_Obsidian\Ordinances\2018\Ordinance No. 0479-18.md,,excluded,no explicit SECTION blocks detected,0,
Thesis_Obsidian\Ordinances\2018\Ordinance No. 0483-18.md,,excluded,no explicit SECTION blocks detected,0,
Thesis_Obsidian\Ordinances\2018\Ordinance No. 0486-18.md,,excluded,no explicit SECTION blocks detected,0,
Thesis_Obsidian\Ordinances\2018\Ordinance No. 0487-18.md,,excluded,no explicit SECTION blocks detected,0,
Thesis_Obsidian\Ordinances\2018\Ordinance No. 0488-18.md,,excluded,no explicit SECTION blocks detected,0,
Thesis_Obsidian\Ordinances\2018\Ordinance No. 0489-18.md,,excluded,no explicit SECTION blocks detected,0,
Thesis_Obsidian\Ordinances\2018\Ordinance No. 0490-18.md,,excluded,no explicit SECTION blocks detected,0,
Thesis_Obsidian\Ordinances\2018\Ordinance No. 0491-18.md,0491-18,included,,1,1.0
Thesis_Obsidian\Ordinances\2018\Ordinance No. 0492-18.md,,excluded,no explicit SECTION blocks detected,0,
Thesis_Obsidian\Ordinances\2018\Ordinance No. 0493-18.md,0493-18,included,,6,6.0
Thesis_Obsidian\Ordinances\2018\Ordinance No. 0494-18.md,0494-18,included,,1,1.0
Thesis_Obsidian\Ordinances\2018\Ordinance No. 0496-18.md,,excluded,no explicit SECTION blocks detected,0,
Thesis_Obsidian\Ordinances\2018\Ordinance No. 0497-18.md,,excluded,no explicit SECTION blocks detected,0,
Thesis_Obsidian\Ordinances\2018\Ordinance No. 0498-18.md,0498-18,included,,4,4.0
Thesis_Obsidian\Ordinances\2018\Ordinance No. 0499-18.md,,excluded,duplicate section identifiers detected; review OCR/section parsing,0,
Thesis_Obsidian\Ordinances\2018\Ordinance No. 0500-18.md,0500-18,included,,6,6.0
Thesis_Obsidian\Ordinances\2018\Ordinance No. 0501-18.md,0501-18,included,,4,4.0
Thesis_Obsidian\Ordinances\2018\Ordinance No. 0502-18.md,,excluded,duplicate section identifiers detected; review OCR/section parsing,0,
Thesis_Obsidian\Ordinances\2018\Ordinance No. 0503-18.md,,excluded,duplicate section identifiers detected; review OCR/section parsing,0,
Thesis_Obsidian\Ordinances\2018\Ordinance No. 0504-18.md,,excluded,duplicate section identifiers detected; review OCR/section parsing,0,
Thesis_Obsidian\Ordinances\2018\Ordinance No. 0505-18.md,,excluded,no explicit SECTION blocks detected,0,
Thesis_Obsidian\Ordinances\2018\Ordinance No. 0506-18.md,0506-18,included,,3,3.0
Thesis_Obsidian\Ordinances\2018\Ordinance No. 0507-18.md,,excluded,no explicit SECTION blocks detected,0,
Thesis_Obsidian\Ordinances\2018\Ordinance No. 0508-18.md,0508-18,included,,5,5.0
Thesis_Obsidian\Ordinances\2018\Ordinance No. 0509-18.md,0509-18,included,"declared section_count=6, detected=5",5,6.0
Thesis_Obsidian\Ordinances\2018\Ordinance No. 0510-18.md,0510-18,included,"declared section_count=6, detected=5",5,6.0
Thesis_Obsidian\Ordinances\2018\Ordinance No. 0511-18.md,0511-18,included,,5,5.0
Thesis_Obsidian\Ordinances\2018\Ordinance No. 0512-18.md,0512-18,included,,5,5.0
Thesis_Obsidian\Ordinances\2018\Ordinance No. 0513-18.md,0513-18,included,,5,5.0
Thesis_Obsidian\Ordinances\2018\Ordinance No. 0514-18.md,,excluded,no explicit SECTION blocks detected,0,
Thesis_Obsidian\Ordinances\2018\Ordinance No. 0515-18.md,,excluded,no explicit SECTION blocks detected,0,
Thesis_Obsidian\Ordinances\2018\Ordinance No. 0516-18.md,,excluded,no explicit SECTION blocks detected,0,
Thesis_Obsidian\Ordinances\2018\Ordinance No. 0518-18.md,,excluded,duplicate section identifiers detected; review OCR/section parsing,0,
Thesis_Obsidian\Ordinances\2018\Ordinance No. 0519-18.md,,excluded,no explicit SECTION blocks detected,0,
Thesis_Obsidian\Ordinances\2018\Ordinance No. 0520-18.md,0520-18,included,"declared section_count=6, detected=5",5,6.0
Thesis_Obsidian\Ordinances\2018\Ordinance No. 0521-18.md,,excluded,no explicit SECTION blocks detected,0,
Thesis_Obsidian\Ordinances\2018\Ordinance No. 0523-18.md,0523-18,included,,6,6.0
Thesis_Obsidian\Ordinances\2018\Ordinance No. 0524-18.md,,excluded,no explicit SECTION blocks detected,0,
Thesis_Obsidian\Ordinances\2018\Ordinance No. 0525-18.md,,excluded,no explicit SECTION blocks detected,0,
Thesis_Obsidian\Ordinances\2018\Ordinance No. 0526-18.md,,excluded,no explicit SECTION blocks detected,0,
Thesis_Obsidian\Ordinances\2018\Ordinance No. 0527-18.md,0527-18,included,,5,5.0
Thesis_Obsidian\Ordinances\2018\Ordinance No. 0528-18.md,0528-18,included,,4,4.0
Thesis_Obsidian\Ordinances\2018\Ordinance No. 0529-18.md,,excluded,no explicit SECTION blocks detected,0,
Thesis_Obsidian\Ordinances\2018\Ordinance No. 0530-18.md,,excluded,no explicit SECTION blocks detected,0,
Thesis_Obsidian\Ordinances\2018\Ordinance No. 0532-18.md,0532-18,included,"declared section_count=24, detected=21",21,24.0
Thesis_Obsidian\Ordinances\2018\Ordinance No. 0533-18.md,,excluded,no explicit SECTION blocks detected,0,
Thesis_Obsidian\Ordinances\2018\Ordinance No. 0534-18.md,,excluded,no explicit SECTION blocks detected,0,
Thesis_Obsidian\Ordinances\2018\Ordinance No. 0536-18.md,0536-18,included,,1,1.0
Thesis_Obsidian\Ordinances\2018\Ordinance No. 0538-18.md,0538-18,included,,4,4.0
Thesis_Obsidian\Ordinances\2018\Ordinance No. 0540-18.md,,excluded,duplicate section identifiers detected; review OCR/section parsing,0,
Thesis_Obsidian\Ordinances\2018\Ordinance No. 0544-18.md,,excluded,duplicate section identifiers detected; review OCR/section parsing,0,
Thesis_Obsidian\Ordinances\2018\Ordinance No. 0545-18.md,0545-18,included,,4,4.0
Thesis_Obsidian\Ordinances\2018\Ordinance No. 0546-18.md,0546-18,included,,5,5.0
Thesis_Obsidian\Ordinances\2018\Ordinance No. 0547-18.md,,excluded,no explicit SECTION blocks detected,0,
Thesis_Obsidian\Ordinances\2018\Ordinance No. 0548-18.md,0548-18,included,,5,5.0
Thesis_Obsidian\Ordinances\2018\Ordinance No. 0549-18.md,0549-18,included,,5,5.0
Thesis_Obsidian\Ordinances\2018\Ordinance No. 0550-18.md,,excluded,no explicit SECTION blocks detected,0,
Thesis_Obsidian\Ordinances\2018\Ordinance No. 0551-18.md,,excluded,duplicate section identifiers detected; review OCR/section parsing,0,
Thesis_Obsidian\Ordinances\2018\Ordinance No. 0552-18.md,,excluded,no explicit SECTION blocks detected,0,
Thesis_Obsidian\Ordinances\2018\Ordinance No. 0553-18.md,,excluded,no explicit SECTION blocks detected,0,
Thesis_Obsidian\Ordinances\2018\Ordinance No. 0555-18.md,0555-18,included,,5,5.0
Thesis_Obsidian\Ordinances\2018\Ordinance No. 0556-18.md,,excluded,no explicit SECTION blocks detected,0,
Thesis_Obsidian\Ordinances\2018\Ordinance No. 0557-18.md,0557-18,included,,2,2.0
Thesis_Obsidian\Ordinances\2018\Ordinance No. 0558-18.md,,excluded,no explicit SECTION blocks detected,0,
Thesis_Obsidian\Ordinances\2018\Ordinance No. 0559-18.md,,excluded,no explicit SECTION blocks detected,0,
Thesis_Obsidian\Ordinances\2018\Ordinance No. 0561-18.md,,excluded,duplicate section identifiers detected; review OCR/section parsing,0,
Thesis_Obsidian\Ordinances\2018\Ordinance No. 0562-18.md,,excluded,duplicate section identifiers detected; review OCR/section parsing,0,
Thesis_Obsidian\Ordinances\2018\Ordinance No. 0564-18.md,0564-18,included,,5,5.0
Thesis_Obsidian\Ordinances\2018\Ordinance No. 0565-18.md,0565-18,included,,5,5.0
Thesis_Obsidian\Ordinances\2018\Ordinance No. 0566-18.md,0566-18,included,,5,5.0
Thesis_Obsidian\Ordinances\2018\Ordinance No. 0567-18.md,0567-18,included,,5,5.0
Thesis_Obsidian\Ordinances\2018\Ordinance No. 0568-18.md,0568-18,included,,4,4.0
Thesis_Obsidian\Ordinances\2018\Ordinance No. 0569-18.md,0569-18,included,,5,5.0
Thesis_Obsidian\Ordinances\2018\Ordinance No. 0570-18.md,,excluded,no explicit SECTION blocks detected,0,
Thesis_Obsidian\Ordinances\2018\Ordinance No. 0571-18.md,0571-18,included,,8,8.0
Thesis_Obsidian\Ordinances\2018\Ordinance No. 0572-18.md,0572-18,included,"declared section_count=8, detected=7",7,8.0
Thesis_Obsidian\Ordinances\2018\Ordinance No. 0573-18.md,,excluded,no explicit SECTION blocks detected,0,
Thesis_Obsidian\Ordinances\2018\Ordinance No. 0574-18.md,0574-18,included,,5,5.0
Thesis_Obsidian\Ordinances\2018\Ordinance No. 0575-18.md,,excluded,duplicate section identifiers detected; review OCR/section parsing,0,
Thesis_Obsidian\Ordinances\2018\Ordinance No. 0577-18.md,0577-18,included,,6,6.0
Thesis_Obsidian\Ordinances\2018\Ordinance No. 0578-18.md,0578-18,included,,5,5.0
Thesis_Obsidian\Ordinances\2018\Ordinance No. 0579-18.md,0579-18,included,,5,5.0
Thesis_Obsidian\Ordinances\2018\Ordinance No. 0580-18.md,0580-18,included,,5,5.0
Thesis_Obsidian\Ordinances\2018\Ordinance No. 0581-18.md,,excluded,duplicate section identifiers detected; review OCR/section parsing,0,
Thesis_Obsidian\Ordinances\2018\Ordinance No. 0583-18.md,0583-18,included,"declared section_count=8, detected=6",6,8.0
Thesis_Obsidian\Ordinances\2018\Ordinance No. 0584-18.md,0584-18,included,"declared section_count=7, detected=6",6,7.0
Thesis_Obsidian\Ordinances\2018\Ordinance No. 0586-18.md,,excluded,duplicate section identifiers detected; review OCR/section parsing,0,
Thesis_Obsidian\Ordinances\2018\Ordinance No. 0587-18.md,0587-18,included,"declared section_count=11, detected=7",7,11.0
Thesis_Obsidian\Ordinances\2018\Ordinance No. 0588-18.md,0588-18,included,,4,4.0
Thesis_Obsidian\Ordinances\2018\Ordinance No. 0589-18.md,,excluded,duplicate section identifiers detected; review OCR/section parsing,0,
Thesis_Obsidian\Ordinances\2018\Ordinance No. 0590-18.md,,excluded,duplicate section identifiers detected; review OCR/section parsing,0,
Thesis_Obsidian\Ordinances\2018\Ordinance No. 0591-18.md,,excluded,duplicate section identifiers detected; review OCR/section parsing,0,
Thesis_Obsidian\Ordinances\2018\Ordinance No. 0592-18.md,,excluded,no explicit SECTION blocks detected,0,
Thesis_Obsidian\Ordinances\2018\Ordinance No. 0593-18.md,,excluded,duplicate section identifiers detected; review OCR/section parsing,0,
Thesis_Obsidian\Ordinances\2018\Ordinance No. 0594-18.md,0594-18,included,,5,5.0
Thesis_Obsidian\Ordinances\2018\Ordinance No. 0595-18.md,0595-18,included,,5,5.0
Thesis_Obsidian\Ordinances\2018\Ordinance No. 0596-18.md,0596-18,included,,3,3.0
Thesis_Obsidian\Ordinances\2018\Ordinance No. 0597-18.md,0597-18,included,,5,5.0
Thesis_Obsidian\Ordinances\2018\Ordinance No. 0598-18.md,0598-18,included,,5,5.0
Thesis_Obsidian\Ordinances\2018\Ordinance No. 0600-18.md,0600-18,included,,5,5.0
Thesis_Obsidian\Ordinances\2018\Ordinance No. 0601-18.md,0601-18,included,,3,3.0
Thesis_Obsidian\Ordinances\2018\Ordinance No. 0602-18.md,0602-18,included,"declared section_count=10, detected=9",9,10.0
Thesis_Obsidian\Ordinances\2018\Ordinance No. 0603-18.md,0603-18,included,,7,7.0
Thesis_Obsidian\Ordinances\2018\Ordinance No. 0604-18.md,0604-18,included,"declared section_count=5, detected=4",4,5.0
Thesis_Obsidian\Ordinances\2018\Ordinance No. 0605-18.md,,excluded,duplicate section identifiers detected; review OCR/section parsing,0,
Thesis_Obsidian\Ordinances\2018\Ordinance No. 0606-18.md,,excluded,no explicit SECTION blocks detected,0,
Thesis_Obsidian\Ordinances\2018\Ordinance No. 0607-18.md,,excluded,duplicate section identifiers detected; review OCR/section parsing,0,
Thesis_Obsidian\Ordinances\2018\Ordinance No. 0608-18.md,0608-18,included,,5,5.0
Thesis_Obsidian\Ordinances\2018\Ordinance No. 0610-18.md,,excluded,duplicate section identifiers detected; review OCR/section parsing,0,
Thesis_Obsidian\Ordinances\2018\Ordinance No. 0611-18.md,,excluded,duplicate section identifiers detected; review OCR/section parsing,0,
Thesis_Obsidian\Ordinances\2018\Ordinance No. 0612-18.md,0612-18,included,"declared section_count=12, detected=9",9,12.0
Thesis_Obsidian\Ordinances\2018\Ordinance No. 0613-18.md,,excluded,duplicate section identifiers detected; review OCR/section parsing,0,
Thesis_Obsidian\Ordinances\2018\Ordinance No. 0614-18.md,,excluded,duplicate section identifiers detected; review OCR/section parsing,0,
Thesis_Obsidian\Ordinances\2018\Ordinance No. 0616-18.md,,excluded,duplicate section identifiers detected; review OCR/section parsing,0,
Thesis_Obsidian\Ordinances\2018\Ordinance No. 0617-18.md,0617-18,included,,2,2.0
Thesis_Obsidian\Ordinances\2018\Ordinance No. 0618-18.md,0618-18,included,"declared section_count=2, detected=1",1,2.0
Thesis_Obsidian\Ordinances\2018\Ordinance No. 0619-18.md,0619-18,included,,4,4.0
Thesis_Obsidian\Ordinances\2018\Ordinance No. 0620-18.md,0620-18,included,"declared section_count=3, detected=2",2,3.0
Thesis_Obsidian\Ordinances\2018\Ordinance No. 0621-18.md,0621-18,included,"declared section_count=4, detected=3",3,4.0
Thesis_Obsidian\Ordinances\2018\Ordinance No. 0622-18.md,0622-18,included,"declared section_count=4, detected=3",3,4.0
Thesis_Obsidian\Ordinances\2018\Ordinance No. 0623-18.md,0623-18,included,"declared section_count=4, detected=3",3,4.0
Thesis_Obsidian\Ordinances\2018\Ordinance No. 0624-18.md,0624-18,included,,10,10.0
Thesis_Obsidian\Ordinances\2018\Ordinance No. 0625-18.md,,excluded,duplicate section identifiers detected; review OCR/section parsing,0,
Thesis_Obsidian\Ordinances\2018\Ordinance No. 0626-18.md,,excluded,duplicate section identifiers detected; review OCR/section parsing,0,
Thesis_Obsidian\Ordinances\2018\Ordinance No. 0627-18.md,0627-18,included,"declared section_count=6, detected=5",5,6.0
Thesis_Obsidian\Ordinances\2018\Ordinance No. 0628-18.md,,excluded,duplicate section identifiers detected; review OCR/section parsing,0,
Thesis_Obsidian\Ordinances\2018\Ordinance No. 0629-18.md,0629-18,included,,8,8.0
Thesis_Obsidian\Ordinances\2018\Ordinance No. 0630-18.md,0630-18,included,,5,5.0
Thesis_Obsidian\Ordinances\2018\Ordinance No. 0633-18.md,0633-18,included,,5,5.0
Thesis_Obsidian\Ordinances\2018\Ordinance No. 0634-18.md,0634-18,included,,5,5.0
Thesis_Obsidian\Ordinances\2018\Ordinance No. 0635-18.md,0635-18,included,,5,5.0
Thesis_Obsidian\Ordinances\2018\Ordinance No. 0636-18.md,0636-18,included,,5,5.0
Thesis_Obsidian\Ordinances\2018\Ordinance No. 0637-18.md,0637-18,included,,5,5.0
Thesis_Obsidian\Ordinances\2018\Ordinance No. 0638-18.md,0638-18,included,,5,5.0
Thesis_Obsidian\Ordinances\2018\Ordinance No. 0639-18.md,0639-18,included,,4,4.0
Thesis_Obsidian\Ordinances\2018\Ordinance No. 0640-18.md,0640-18,included,,4,4.0
Thesis_Obsidian\Ordinances\2018\Ordinance No. 0641-18.md,0641-18,included,,5,5.0
Thesis_Obsidian\Ordinances\2018\Ordinance No. 0643-18.md,,excluded,temporal_status='review' is not included,0,
Thesis_Obsidian\Ordinances\2018\Ordinance No. 0644-18.md,,excluded,temporal_status='review' is not included,0,
Thesis_Obsidian\Ordinances\2018\Ordinance No. 0645-18.md,,excluded,temporal_status='review' is not included,0,
Thesis_Obsidian\Ordinances\2018\Ordinance No. 0646-18.md,0646-18,included,,4,4.0
Thesis_Obsidian\Ordinances\2018\Ordinance No. 0648-18.md,,excluded,temporal_status='review' is not included,0,
Thesis_Obsidian\Ordinances\2018\Ordinance No. 0649-18.md,0649-18,included,,5,5.0
Thesis_Obsidian\Ordinances\2018\Ordinance No. 0650-18.md,0650-18,included,,5,5.0
Thesis_Obsidian\Ordinances\2018\Ordinance No. 0651-18.md,0651-18,included,,4,4.0
Thesis_Obsidian\Ordinances\2018\Ordinance No. 0652-18.md,0652-18,included,,4,4.0
Thesis_Obsidian\Ordinances\2018\Ordinance No. 0654-18.md,0654-18,included,"declared section_count=5, detected=4",4,5.0
Thesis_Obsidian\Ordinances\2018\Ordinance No. 0655-18.md,,excluded,temporal_status='review' is not included,0,
Thesis_Obsidian\Ordinances\2018\Ordinance No. 0656-18.md,0656-18,included,"declared section_count=4, detected=3",3,4.0
Thesis_Obsidian\Ordinances\2018\Ordinance No. 0659-18.md,0659-18,included,,4,4.0
Thesis_Obsidian\Ordinances\2018\Ordinance No. 0660-18.md,0660-18,included,,5,5.0
Thesis_Obsidian\Ordinances\2018\Ordinance No. 0661-18.md,0661-18,included,,3,3.0
Thesis_Obsidian\Ordinances\2018\Ordinance No. 0662-18.md,0662-18,included,,5,5.0
Thesis_Obsidian\Ordinances\2018\Ordinance No. 0663-18.md,0663-18,included,,5,5.0
Thesis_Obsidian\Ordinances\2018\Ordinance No. 0664-18.md,0664-18,included,,5,5.0
Thesis_Obsidian\Ordinances\2018\Ordinance No. 0665-18.md,0665-18,included,,2,2.0
Thesis_Obsidian\Ordinances\2018\Ordinance No. 0666-18.md,0666-18,included,"declared section_count=5, detected=4",4,5.0
Thesis_Obsidian\Ordinances\2018\Ordinance No. 0667-18.md,0667-18,included,,5,5.0
Thesis_Obsidian\Ordinances\2018\Ordinance No. 0670-18.md,0670-18,included,,4,4.0
Thesis_Obsidian\Ordinances\2018\Ordinance No. 0672-18.md,,excluded,no explicit SECTION blocks detected,0,
Thesis_Obsidian\Ordinances\2018\Ordinance No. 0673-18.md,,excluded,temporal_status='review' is not included,0,
Thesis_Obsidian\Ordinances\2018\Ordinance No. 0674-18.md,,excluded,no explicit SECTION blocks detected,0,
Thesis_Obsidian\Ordinances\2018\Ordinance No. 0675-18.md,0675-18,included,,5,5.0
Thesis_Obsidian\Ordinances\2018\Ordinance No. 0676-18.md,0676-18,included,,5,5.0
Thesis_Obsidian\Ordinances\2019\Davao City Forest Land Use Plan (2019-2023) (1).md,,excluded,no explicit SECTION blocks detected,0,
Thesis_Obsidian\Ordinances\2019\Ordinance No. 000757-21.md,Ordinance No. 000757-21,included,,5,5.0
Thesis_Obsidian\Ordinances\2019\Ordinance No. 000766-21.md,Ordinance No. 000766-21,included,,5,5.0
Thesis_Obsidian\Ordinances\2019\Ordinance No. 000780-21.md,Ordinance No. 000780-21,included,,5,5.0
Thesis_Obsidian\Ordinances\2019\Ordinance No. 000791-21.md,Ordinance No. 000791-21,included,,4,4.0
Thesis_Obsidian\Ordinances\2019\Ordinance No. 000812-21.md,,excluded,duplicate section identifiers detected; review OCR/section parsing,0,
Thesis_Obsidian\Ordinances\2019\Ordinance No. 000832-21.md,,excluded,duplicate section identifiers detected; review OCR/section parsing,0,
Thesis_Obsidian\Ordinances\2019\Ordinance No. 000843-21.md,Ordinance No. 000843-21,included,,7,7.0
Thesis_Obsidian\Ordinances\2019\Ordinance No. 001-19.md,001-19,included,,4,4.0
Thesis_Obsidian\Ordinances\2019\Ordinance No. 002-19.md,002-19,included,,5,5.0
Thesis_Obsidian\Ordinances\2019\Ordinance No. 003-19.md,003-19,included,,3,3.0
Thesis_Obsidian\Ordinances\2019\Ordinance No. 004-19.md,004-19,included,,2,2.0
Thesis_Obsidian\Ordinances\2019\Ordinance No. 005-19.md,,excluded,duplicate section identifiers detected; review OCR/section parsing,0,
Thesis_Obsidian\Ordinances\2019\Ordinance No. 006-19.md,006-19,included,,5,5.0
Thesis_Obsidian\Ordinances\2019\Ordinance No. 007-19.md,007-19,included,,4,4.0
Thesis_Obsidian\Ordinances\2019\Ordinance No. 008-19.md,008-19,included,,5,5.0
Thesis_Obsidian\Ordinances\2019\Ordinance No. 009-19.md,009-19,included,,4,4.0
Thesis_Obsidian\Ordinances\2019\Ordinance No. 010-19.md,010-19,included,"declared section_count=6, detected=5",5,6.0
Thesis_Obsidian\Ordinances\2019\Ordinance No. 0102-19.md,0102-19,included,,6,6.0
Thesis_Obsidian\Ordinances\2019\Ordinance No. 0106-19.md,,excluded,no explicit SECTION blocks detected,0,
Thesis_Obsidian\Ordinances\2019\Ordinance No. 0107-19.md,0107-19,included,,4,4.0
Thesis_Obsidian\Ordinances\2019\Ordinance No. 0108-19.md,0108-19,included,,5,5.0
Thesis_Obsidian\Ordinances\2019\Ordinance No. 0109-19.md,0109-19,included,,3,3.0
Thesis_Obsidian\Ordinances\2019\Ordinance No. 011-19.md,011-19,included,,2,2.0
Thesis_Obsidian\Ordinances\2019\Ordinance No. 0110-19.md,,excluded,duplicate section identifiers detected; review OCR/section parsing,0,
Thesis_Obsidian\Ordinances\2019\Ordinance No. 0111-19.md,0111-19,included,,4,4.0
Thesis_Obsidian\Ordinances\2019\Ordinance No. 0112-19.md,0112-19,included,,5,5.0
Thesis_Obsidian\Ordinances\2019\Ordinance No. 0113-19.md,0113-19,included,,3,3.0
Thesis_Obsidian\Ordinances\2019\Ordinance No. 0115-19.md,0115-19,included,,4,4.0
Thesis_Obsidian\Ordinances\2019\Ordinance No. 0116-19.md,,excluded,duplicate section identifiers detected; review OCR/section parsing,0,
Thesis_Obsidian\Ordinances\2019\Ordinance No. 0117-19.md,0117-19,included,,4,4.0
Thesis_Obsidian\Ordinances\2019\Ordinance No. 0118-19.md,0118-19,included,,6,6.0
Thesis_Obsidian\Ordinances\2019\Ordinance No. 0119-19.md,0119-19,included,,5,5.0
Thesis_Obsidian\Ordinances\2019\Ordinance No. 012-19.md,012-19,included,,5,5.0
Thesis_Obsidian\Ordinances\2019\Ordinance No. 0120-19.md,0120-19,included,,3,3.0
Thesis_Obsidian\Ordinances\2019\Ordinance No. 0122-19.md,0122-19,included,,5,5.0
Thesis_Obsidian\Ordinances\2019\Ordinance No. 0127-19.md,,excluded,no explicit SECTION blocks detected,0,
Thesis_Obsidian\Ordinances\2019\Ordinance No. 0128-19.md,,excluded,no explicit SECTION blocks detected,0,
Thesis_Obsidian\Ordinances\2019\Ordinance No. 013-19.md,013-19,included,,5,5.0
Thesis_Obsidian\Ordinances\2019\Ordinance No. 0131-19.md,,excluded,duplicate section identifiers detected; review OCR/section parsing,0,
Thesis_Obsidian\Ordinances\2019\Ordinance No. 0134-19.md,0134-19,included,,7,7.0
Thesis_Obsidian\Ordinances\2019\Ordinance No. 0136-19.md,0136-19,included,"declared section_count=6, detected=5",5,6.0
Thesis_Obsidian\Ordinances\2019\Ordinance No. 0137-19.md,0137-19,included,"declared section_count=7, detected=6",6,7.0
Thesis_Obsidian\Ordinances\2019\Ordinance No. 0138-19.md,0138-19,included,,2,2.0
Thesis_Obsidian\Ordinances\2019\Ordinance No. 0139-19.md,,excluded,duplicate section identifiers detected; review OCR/section parsing,0,
Thesis_Obsidian\Ordinances\2019\Ordinance No. 014-19.md,014-19,included,,4,4.0
Thesis_Obsidian\Ordinances\2019\Ordinance No. 0140-19.md,0140-19,included,,4,4.0
Thesis_Obsidian\Ordinances\2019\Ordinance No. 0141-19.md,0141-19,included,,6,6.0
Thesis_Obsidian\Ordinances\2019\Ordinance No. 0144-19.md,0144-19,included,,6,6.0
Thesis_Obsidian\Ordinances\2019\Ordinance No. 0145-19.md,0145-19,included,,2,2.0
Thesis_Obsidian\Ordinances\2019\Ordinance No. 0146-19.md,,excluded,duplicate section identifiers detected; review OCR/section parsing,0,
Thesis_Obsidian\Ordinances\2019\Ordinance No. 0147-19.md,,excluded,duplicate section identifiers detected; review OCR/section parsing,0,
Thesis_Obsidian\Ordinances\2019\Ordinance No. 0148-19.md,0148-19,included,,6,6.0
Thesis_Obsidian\Ordinances\2019\Ordinance No. 0149-19.md,0149-19,included,,6,6.0
Thesis_Obsidian\Ordinances\2019\Ordinance No. 015-19.md,015-19,included,,5,5.0
Thesis_Obsidian\Ordinances\2019\Ordinance No. 0151-19.md,0151-19,included,,5,5.0
Thesis_Obsidian\Ordinances\2019\Ordinance No. 0152-19.md,0152-19,included,,5,5.0
Thesis_Obsidian\Ordinances\2019\Ordinance No. 0153-19.md,0153-19,included,"declared section_count=6, detected=5",5,6.0
Thesis_Obsidian\Ordinances\2019\Ordinance No. 0154-19.md,0154-19,included,,5,5.0
Thesis_Obsidian\Ordinances\2019\Ordinance No. 0155-19.md,0155-19,included,,4,4.0
Thesis_Obsidian\Ordinances\2019\Ordinance No. 0157-19.md,0157-19,included,,5,5.0
Thesis_Obsidian\Ordinances\2019\Ordinance No. 0158-19.md,0158-19,included,"declared section_count=6, detected=5",5,6.0
Thesis_Obsidian\Ordinances\2019\Ordinance No. 0159-19.md,,excluded,no explicit SECTION blocks detected,0,
Thesis_Obsidian\Ordinances\2019\Ordinance No. 016-19.md,016-19,included,,6,6.0
Thesis_Obsidian\Ordinances\2019\Ordinance No. 0160-19.md,,excluded,duplicate section identifiers detected; review OCR/section parsing,0,
Thesis_Obsidian\Ordinances\2019\Ordinance No. 0162-19.md,,excluded,duplicate section identifiers detected; review OCR/section parsing,0,
Thesis_Obsidian\Ordinances\2019\Ordinance No. 0163-19.md,0163-19,included,"declared section_count=7, detected=5",5,7.0
Thesis_Obsidian\Ordinances\2019\Ordinance No. 0164-19.md,0164-19,included,,4,4.0
Thesis_Obsidian\Ordinances\2019\Ordinance No. 0165-19.md,0165-19,included,"declared section_count=7, detected=6",6,7.0
Thesis_Obsidian\Ordinances\2019\Ordinance No. 0166-19.md,,excluded,duplicate section identifiers detected; review OCR/section parsing,0,
Thesis_Obsidian\Ordinances\2019\Ordinance No. 0169-19.md,0169-19,included,"declared section_count=3, detected=2",2,3.0
Thesis_Obsidian\Ordinances\2019\Ordinance No. 0170-19.md,0170-19,included,,6,6.0
Thesis_Obsidian\Ordinances\2019\Ordinance No. 0171-19.md,0171-19,included,,5,5.0
Thesis_Obsidian\Ordinances\2019\Ordinance No. 0173-19.md,0173-19,included,,5,5.0
Thesis_Obsidian\Ordinances\2019\Ordinance No. 0175-19.md,0175-19,included,,6,6.0
Thesis_Obsidian\Ordinances\2019\Ordinance No. 0176-19.md,0176-19,included,"declared section_count=7, detected=6",6,7.0
Thesis_Obsidian\Ordinances\2019\Ordinance No. 018-19.md,018-19,included,,9,9.0
Thesis_Obsidian\Ordinances\2019\Ordinance No. 019-19.md,019-19,included,,5,5.0
Thesis_Obsidian\Ordinances\2019\Ordinance No. 020-19.md,020-19,included,"declared section_count=5, detected=4",4,5.0
Thesis_Obsidian\Ordinances\2019\Ordinance No. 021-19.md,021-19,included,"declared section_count=7, detected=6",6,7.0
Thesis_Obsidian\Ordinances\2019\Ordinance No. 022-19.md,022-19,included,,6,6.0
Thesis_Obsidian\Ordinances\2019\Ordinance No. 023-19.md,023-19,included,,8,8.0
Thesis_Obsidian\Ordinances\2019\Ordinance No. 024-19.md,024-19,included,,6,6.0
Thesis_Obsidian\Ordinances\2019\Ordinance No. 025-19.md,025-19,included,,6,6.0
Thesis_Obsidian\Ordinances\2019\Ordinance No. 026-19.md,026-19,included,"declared section_count=8, detected=6",6,8.0
Thesis_Obsidian\Ordinances\2019\Ordinance No. 027-19.md,,excluded,duplicate section identifiers detected; review OCR/section parsing,0,
Thesis_Obsidian\Ordinances\2019\Ordinance No. 028-19.md,,excluded,duplicate section identifiers detected; review OCR/section parsing,0,
Thesis_Obsidian\Ordinances\2019\Ordinance No. 029-19.md,,excluded,duplicate section identifiers detected; review OCR/section parsing,0,
Thesis_Obsidian\Ordinances\2019\Ordinance No. 030-19.md,,excluded,duplicate section identifiers detected; review OCR/section parsing,0,
Thesis_Obsidian\Ordinances\2019\Ordinance No. 031-19.md,,excluded,duplicate section identifiers detected; review OCR/section parsing,0,
Thesis_Obsidian\Ordinances\2019\Ordinance No. 032-19.md,,excluded,duplicate section identifiers detected; review OCR/section parsing,0,
Thesis_Obsidian\Ordinances\2019\Ordinance No. 033-19.md,033-19,included,,1,1.0
Thesis_Obsidian\Ordinances\2019\Ordinance No. 034-19.md,034-19,included,,5,5.0
Thesis_Obsidian\Ordinances\2019\Ordinance No. 035-19.md,035-19,included,,4,4.0
Thesis_Obsidian\Ordinances\2019\Ordinance No. 037-19.md,037-19,included,,6,6.0
Thesis_Obsidian\Ordinances\2019\Ordinance No. 038-19.md,038-19,included,,4,4.0
Thesis_Obsidian\Ordinances\2019\Ordinance No. 039-19.md,039-19,included,,5,5.0
Thesis_Obsidian\Ordinances\2019\Ordinance No. 040-19.md,040-19,included,,5,5.0
Thesis_Obsidian\Ordinances\2019\Ordinance No. 041-19.md,041-19,included,,3,3.0
Thesis_Obsidian\Ordinances\2019\Ordinance No. 042-19.md,,excluded,duplicate section identifiers detected; review OCR/section parsing,0,
Thesis_Obsidian\Ordinances\2019\Ordinance No. 043-19.md,043-19,included,,3,3.0
Thesis_Obsidian\Ordinances\2019\Ordinance No. 045-19.md,045-19,included,,5,5.0
Thesis_Obsidian\Ordinances\2019\Ordinance No. 047-19.md,047-19,included,"declared section_count=6, detected=5",5,6.0
Thesis_Obsidian\Ordinances\2019\Ordinance No. 048-19.md,048-19,included,"declared section_count=49, detected=7",7,49.0
Thesis_Obsidian\Ordinances\2019\Ordinance No. 049-19.md,,excluded,duplicate section identifiers detected; review OCR/section parsing,0,
Thesis_Obsidian\Ordinances\2019\Ordinance No. 050-19.md,050-19,included,"declared section_count=5, detected=4",4,5.0
Thesis_Obsidian\Ordinances\2019\Ordinance No. 051-19.md,051-19,included,,5,5.0
Thesis_Obsidian\Ordinances\2019\Ordinance No. 052-19.md,052-19,included,,6,6.0
Thesis_Obsidian\Ordinances\2019\Ordinance No. 053-19.md,053-19,included,"declared section_count=6, detected=5",5,6.0
Thesis_Obsidian\Ordinances\2019\Ordinance No. 054-19.md,054-19,included,,5,5.0
Thesis_Obsidian\Ordinances\2019\Ordinance No. 055-19.md,055-19,included,,5,5.0
Thesis_Obsidian\Ordinances\2019\Ordinance No. 056-19.md,056-19,included,,5,5.0
Thesis_Obsidian\Ordinances\2019\Ordinance No. 057-19.md,057-19,included,,4,4.0
Thesis_Obsidian\Ordinances\2019\Ordinance No. 058-19.md,058-19,included,,4,4.0
Thesis_Obsidian\Ordinances\2019\Ordinance No. 059-19.md,059-19,included,,5,5.0
Thesis_Obsidian\Ordinances\2019\Ordinance No. 0592-18.md,,excluded,no explicit SECTION blocks detected,0,
Thesis_Obsidian\Ordinances\2019\Ordinance No. 060-19.md,060-19,included,,5,5.0
Thesis_Obsidian\Ordinances\2019\Ordinance No. 061-19.md,061-19,included,,3,3.0
Thesis_Obsidian\Ordinances\2019\Ordinance No. 062-19.md,062-19,included,,2,2.0
Thesis_Obsidian\Ordinances\2019\Ordinance No. 0631-18.md,0631-18,included,,5,5.0
Thesis_Obsidian\Ordinances\2019\Ordinance No. 0632-18.md,0632-18,included,,5,5.0
Thesis_Obsidian\Ordinances\2019\Ordinance No. 064-19.md,064-19,included,,3,3.0
Thesis_Obsidian\Ordinances\2019\Ordinance No. 0642-18.md,0642-18,included,,5,5.0
Thesis_Obsidian\Ordinances\2019\Ordinance No. 0643-18.md,0643-18,included,,4,4.0
Thesis_Obsidian\Ordinances\2019\Ordinance No. 0644-18.md,0644-18,included,,3,3.0
Thesis_Obsidian\Ordinances\2019\Ordinance No. 0645-18.md,0645-18,included,,2,2.0
Thesis_Obsidian\Ordinances\2019\Ordinance No. 0647-18.md,0647-18,included,,4,4.0
Thesis_Obsidian\Ordinances\2019\Ordinance No. 0648-18.md,0648-18,included,,5,5.0
Thesis_Obsidian\Ordinances\2019\Ordinance No. 0653-18.md,0653-18,included,"declared section_count=5, detected=4",4,5.0
Thesis_Obsidian\Ordinances\2019\Ordinance No. 0655-18.md,0655-18,included,,4,4.0
Thesis_Obsidian\Ordinances\2019\Ordinance No. 0657-18.md,0657-18,included,,4,4.0
Thesis_Obsidian\Ordinances\2019\Ordinance No. 0658-18.md,0658-18,included,"declared section_count=5, detected=4",4,5.0
Thesis_Obsidian\Ordinances\2019\Ordinance No. 066-19.md,066-19,included,,7,7.0
Thesis_Obsidian\Ordinances\2019\Ordinance No. 0668-18.md,0668-18,included,,5,5.0
Thesis_Obsidian\Ordinances\2019\Ordinance No. 067-19.md,067-19,included,,6,6.0
Thesis_Obsidian\Ordinances\2019\Ordinance No. 0672-18.md,,excluded,no explicit SECTION blocks detected,0,
Thesis_Obsidian\Ordinances\2019\Ordinance No. 0677-19.md,0677-19,included,,7,7.0
Thesis_Obsidian\Ordinances\2019\Ordinance No. 0678-19.md,,excluded,duplicate section identifiers detected; review OCR/section parsing,0,
Thesis_Obsidian\Ordinances\2019\Ordinance No. 0679-19.md,,excluded,duplicate section identifiers detected; review OCR/section parsing,0,
Thesis_Obsidian\Ordinances\2019\Ordinance No. 068-19.md,068-19,included,"declared section_count=18, detected=17",17,18.0
Thesis_Obsidian\Ordinances\2019\Ordinance No. 0680-19.md,0680-19,included,"declared section_count=7, detected=6",6,7.0
Thesis_Obsidian\Ordinances\2019\Ordinance No. 0681-19.md,,excluded,duplicate section identifiers detected; review OCR/section parsing,0,
Thesis_Obsidian\Ordinances\2019\Ordinance No. 0682-19.md,,excluded,duplicate section identifiers detected; review OCR/section parsing,0,
Thesis_Obsidian\Ordinances\2019\Ordinance No. 0683-19.md,0683-19,included,,5,5.0
Thesis_Obsidian\Ordinances\2019\Ordinance No. 0684-19.md,,excluded,no explicit SECTION blocks detected,0,
Thesis_Obsidian\Ordinances\2019\Ordinance No. 0685-19.md,0685-19,included,,7,7.0
Thesis_Obsidian\Ordinances\2019\Ordinance No. 0687-19.md,0687-19,included,,5,5.0
Thesis_Obsidian\Ordinances\2019\Ordinance No. 0688-19.md,0688-19,included,,6,6.0
Thesis_Obsidian\Ordinances\2019\Ordinance No. 069-19.md,069-19,included,,5,5.0
Thesis_Obsidian\Ordinances\2019\Ordinance No. 0691-19.md,0691-19,included,,4,4.0
Thesis_Obsidian\Ordinances\2019\Ordinance No. 0692-19.md,0692-19,included,,5,5.0
Thesis_Obsidian\Ordinances\2019\Ordinance No. 0693-19.md,0693-19,included,,6,6.0
Thesis_Obsidian\Ordinances\2019\Ordinance No. 0694-19.md,0694-19,included,,6,6.0
Thesis_Obsidian\Ordinances\2019\Ordinance No. 0695-19.md,0695-19,included,,7,7.0
Thesis_Obsidian\Ordinances\2019\Ordinance No. 0696-19.md,0696-19,included,"declared section_count=8, detected=6",6,8.0
Thesis_Obsidian\Ordinances\2019\Ordinance No. 0697-19.md,,excluded,duplicate section identifiers detected; review OCR/section parsing,0,
Thesis_Obsidian\Ordinances\2019\Ordinance No. 0698-19.md,0698-19,included,,1,1.0
Thesis_Obsidian\Ordinances\2019\Ordinance No. 0699-19.md,,excluded,duplicate section identifiers detected; review OCR/section parsing,0,
Thesis_Obsidian\Ordinances\2019\Ordinance No. 070-19.md,070-19,included,,5,5.0
Thesis_Obsidian\Ordinances\2019\Ordinance No. 0700-19.md,0700-19,included,,3,3.0
Thesis_Obsidian\Ordinances\2019\Ordinance No. 0701-19.md,0701-19,included,,5,5.0
Thesis_Obsidian\Ordinances\2019\Ordinance No. 0702-19.md,0702-19,included,,5,5.0
Thesis_Obsidian\Ordinances\2019\Ordinance No. 0703-19.md,0703-19,included,,8,8.0
Thesis_Obsidian\Ordinances\2019\Ordinance No. 0704-19.md,0704-19,included,,4,4.0
Thesis_Obsidian\Ordinances\2019\Ordinance No. 0705-19.md,0705-19,included,,5,5.0
Thesis_Obsidian\Ordinances\2019\Ordinance No. 0706-19.md,0706-19,included,,4,4.0
Thesis_Obsidian\Ordinances\2019\Ordinance No. 0707-19.md,0707-19,included,,5,5.0
Thesis_Obsidian\Ordinances\2019\Ordinance No. 0708-19.md,0708-19,included,,7,7.0
Thesis_Obsidian\Ordinances\2019\Ordinance No. 0709-19.md,0709-19,included,,5,5.0
Thesis_Obsidian\Ordinances\2019\Ordinance No. 0710-19.md,0710-19,included,,3,3.0
Thesis_Obsidian\Ordinances\2019\Ordinance No. 0711-19.md,0711-19,included,,4,4.0
Thesis_Obsidian\Ordinances\2019\Ordinance No. 0712-19.md,0712-19,included,,4,4.0
Thesis_Obsidian\Ordinances\2019\Ordinance No. 0713-19.md,0713-19,included,,4,4.0
Thesis_Obsidian\Ordinances\2019\Ordinance No. 0715-19.md,0715-19,included,,4,4.0
Thesis_Obsidian\Ordinances\2019\Ordinance No. 0716-19.md,0716-19,included,,4,4.0
Thesis_Obsidian\Ordinances\2019\Ordinance No. 0717-19.md,0717-19,included,"declared section_count=6, detected=5",5,6.0
Thesis_Obsidian\Ordinances\2019\Ordinance No. 0718-19.md,0718-19,included,"declared section_count=5, detected=4",4,5.0
Thesis_Obsidian\Ordinances\2019\Ordinance No. 0719-19.md,0719-19,included,,6,6.0
Thesis_Obsidian\Ordinances\2019\Ordinance No. 072-19.md,,excluded,duplicate section identifiers detected; review OCR/section parsing,0,
Thesis_Obsidian\Ordinances\2019\Ordinance No. 0720-19.md,0720-19,included,,5,5.0
Thesis_Obsidian\Ordinances\2019\Ordinance No. 0722-19.md,0722-19,included,,2,2.0
Thesis_Obsidian\Ordinances\2019\Ordinance No. 0723-19.md,0723-19,included,,4,4.0
Thesis_Obsidian\Ordinances\2019\Ordinance No. 0724-19.md,0724-19,included,,4,4.0
Thesis_Obsidian\Ordinances\2019\Ordinance No. 0727-19.md,0727-19,included,,5,5.0
Thesis_Obsidian\Ordinances\2019\Ordinance No. 0729-19.md,0729-19,included,,11,11.0
Thesis_Obsidian\Ordinances\2019\Ordinance No. 073-19.md,073-19,included,"declared section_count=4, detected=3",3,4.0
Thesis_Obsidian\Ordinances\2019\Ordinance No. 0730-19.md,0730-19,included,,5,5.0
Thesis_Obsidian\Ordinances\2019\Ordinance No. 0732-19.md,0732-19,included,,5,5.0
Thesis_Obsidian\Ordinances\2019\Ordinance No. 0733-19.md,0733-19,included,,5,5.0
Thesis_Obsidian\Ordinances\2019\Ordinance No. 0735-19.md,0735-19,included,,6,6.0
Thesis_Obsidian\Ordinances\2019\Ordinance No. 0737-19.md,,excluded,duplicate section identifiers detected; review OCR/section parsing,0,
Thesis_Obsidian\Ordinances\2019\Ordinance No. 0738-19.md,0738-19,included,,4,4.0
Thesis_Obsidian\Ordinances\2019\Ordinance No. 0739-19.md,0739-19,included,,4,4.0
Thesis_Obsidian\Ordinances\2019\Ordinance No. 074-19.md,074-19,included,,3,3.0
Thesis_Obsidian\Ordinances\2019\Ordinance No. 0740-19.md,,excluded,duplicate section identifiers detected; review OCR/section parsing,0,
Thesis_Obsidian\Ordinances\2019\Ordinance No. 0741-19.md,,excluded,duplicate section identifiers detected; review OCR/section parsing,0,
Thesis_Obsidian\Ordinances\2019\Ordinance No. 0742-19.md,,excluded,duplicate section identifiers detected; review OCR/section parsing,0,
Thesis_Obsidian\Ordinances\2019\Ordinance No. 0743-19.md,0743-19,included,,5,5.0
Thesis_Obsidian\Ordinances\2019\Ordinance No. 0744-19.md,0744-19,included,,5,5.0
Thesis_Obsidian\Ordinances\2019\Ordinance No. 0745-19.md,,excluded,duplicate section identifiers detected; review OCR/section parsing,0,
Thesis_Obsidian\Ordinances\2019\Ordinance No. 0746-19.md,0746-19,included,,4,4.0
Thesis_Obsidian\Ordinances\2019\Ordinance No. 0748-19.md,0748-19,included,"declared section_count=7, detected=6",6,7.0
Thesis_Obsidian\Ordinances\2019\Ordinance No. 0749-19.md,,excluded,duplicate section identifiers detected; review OCR/section parsing,0,
Thesis_Obsidian\Ordinances\2019\Ordinance No. 0750-19.md,0750-19,included,,6,6.0
Thesis_Obsidian\Ordinances\2019\Ordinance No. 0751-19.md,0751-19,included,,6,6.0
Thesis_Obsidian\Ordinances\2019\Ordinance No. 0752-19.md,0752-19,included,"declared section_count=6, detected=4",4,6.0
Thesis_Obsidian\Ordinances\2019\Ordinance No. 0753-19.md,0753-19,included,"declared section_count=4, detected=3",3,4.0
Thesis_Obsidian\Ordinances\2019\Ordinance No. 0754-19.md,,excluded,no explicit SECTION blocks detected,0,
Thesis_Obsidian\Ordinances\2019\Ordinance No. 0755-19.md,0755-19,included,"declared section_count=3, detected=2",2,3.0
Thesis_Obsidian\Ordinances\2019\Ordinance No. 0756-19.md,0756-19,included,,3,3.0
Thesis_Obsidian\Ordinances\2019\Ordinance No. 0757-19.md,0757-19,included,"declared section_count=4, detected=3",3,4.0
Thesis_Obsidian\Ordinances\2019\Ordinance No. 0758-19.md,0758-19,included,"declared section_count=4, detected=3",3,4.0
Thesis_Obsidian\Ordinances\2019\Ordinance No. 0759-19.md,0759-19,included,,3,3.0
Thesis_Obsidian\Ordinances\2019\Ordinance No. 076-19.md,076-19,included,,3,3.0
Thesis_Obsidian\Ordinances\2019\Ordinance No. 0760-19.md,0760-19,included,"declared section_count=5, detected=3",3,5.0
Thesis_Obsidian\Ordinances\2019\Ordinance No. 0761-19.md,0761-19,included,,5,5.0
Thesis_Obsidian\Ordinances\2019\Ordinance No. 0763-19.md,0763-19,included,,5,5.0
Thesis_Obsidian\Ordinances\2019\Ordinance No. 0764-19.md,,excluded,duplicate section identifiers detected; review OCR/section parsing,0,
Thesis_Obsidian\Ordinances\2019\Ordinance No. 0765-19.md,0765-19,included,,7,7.0
Thesis_Obsidian\Ordinances\2019\Ordinance No. 0767-19.md,0767-19,included,,6,6.0
Thesis_Obsidian\Ordinances\2019\Ordinance No. 0768-19.md,0768-19,included,,4,4.0
Thesis_Obsidian\Ordinances\2019\Ordinance No. 077-19.md,077-19,included,,5,5.0
Thesis_Obsidian\Ordinances\2019\Ordinance No. 0772-19.md,0772-19,included,,5,5.0
Thesis_Obsidian\Ordinances\2019\Ordinance No. 0773-19.md,0773-19,included,,5,5.0
Thesis_Obsidian\Ordinances\2019\Ordinance No. 0774-19.md,,excluded,duplicate section identifiers detected; review OCR/section parsing,0,
Thesis_Obsidian\Ordinances\2019\Ordinance No. 0775-19.md,,excluded,duplicate section identifiers detected; review OCR/section parsing,0,
Thesis_Obsidian\Ordinances\2019\Ordinance No. 0776-19.md,,excluded,duplicate section identifiers detected; review OCR/section parsing,0,
Thesis_Obsidian\Ordinances\2019\Ordinance No. 0777-19.md,0777-19,included,,5,5.0
Thesis_Obsidian\Ordinances\2019\Ordinance No. 078-19.md,078-19,included,,6,6.0
Thesis_Obsidian\Ordinances\2019\Ordinance No. 0780-19.md,0780-19,included,,5,5.0
Thesis_Obsidian\Ordinances\2019\Ordinance No. 0781-19.md,0781-19,included,"declared section_count=9, detected=8",8,9.0
Thesis_Obsidian\Ordinances\2019\Ordinance No. 0782-19.md,0782-19,included,,12,12.0
Thesis_Obsidian\Ordinances\2019\Ordinance No. 0783-19.md,,excluded,duplicate section identifiers detected; review OCR/section parsing,0,
Thesis_Obsidian\Ordinances\2019\Ordinance No. 0784-19.md,0784-19,included,,5,5.0
Thesis_Obsidian\Ordinances\2019\Ordinance No. 0785-19.md,,excluded,duplicate section identifiers detected; review OCR/section parsing,0,
Thesis_Obsidian\Ordinances\2019\Ordinance No. 0786-19.md,0786-19,included,,4,4.0
Thesis_Obsidian\Ordinances\2019\Ordinance No. 0787-19.md,0787-19,included,,6,6.0
Thesis_Obsidian\Ordinances\2019\Ordinance No. 0788-19.md,0788-19,included,,4,4.0
Thesis_Obsidian\Ordinances\2019\Ordinance No. 0789-19.md,0789-19,included,"declared section_count=5, detected=4",4,5.0
Thesis_Obsidian\Ordinances\2019\Ordinance No. 0790-19.md,0790-19,included,,5,5.0
Thesis_Obsidian\Ordinances\2019\Ordinance No. 0792-19.md,0792-19,included,,5,5.0
Thesis_Obsidian\Ordinances\2019\Ordinance No. 0793-19.md,0793-19,included,"declared section_count=5, detected=4",4,5.0
Thesis_Obsidian\Ordinances\2019\Ordinance No. 0794-19.md,0794-19,included,,4,4.0
Thesis_Obsidian\Ordinances\2019\Ordinance No. 0795-19.md,,excluded,duplicate section identifiers detected; review OCR/section parsing,0,
Thesis_Obsidian\Ordinances\2019\Ordinance No. 0796-19.md,0796-19,included,,5,5.0
Thesis_Obsidian\Ordinances\2019\Ordinance No. 0797-19.md,0797-19,included,,5,5.0
Thesis_Obsidian\Ordinances\2019\Ordinance No. 0798-19.md,0798-19,included,,5,5.0
Thesis_Obsidian\Ordinances\2019\Ordinance No. 0799-19.md,0799-19,included,,4,4.0
Thesis_Obsidian\Ordinances\2019\Ordinance No. 081-19.md,,excluded,duplicate section identifiers detected; review OCR/section parsing,0,
Thesis_Obsidian\Ordinances\2019\Ordinance No. 082-19.md,,excluded,duplicate section identifiers detected; review OCR/section parsing,0,
Thesis_Obsidian\Ordinances\2019\Ordinance No. 083-19.md,083-19,included,"declared section_count=5, detected=4",4,5.0
Thesis_Obsidian\Ordinances\2019\Ordinance No. 084-19.md,084-19,included,,3,3.0
Thesis_Obsidian\Ordinances\2019\Ordinance No. 085-19.md,085-19,included,,2,2.0
Thesis_Obsidian\Ordinances\2019\Ordinance No. 086-19.md,086-19,included,,6,6.0
Thesis_Obsidian\Ordinances\2019\Ordinance No. 088-19.md,088-19,included,,5,5.0
Thesis_Obsidian\Ordinances\2019\Ordinance No. 089-19.md,089-19,included,"declared section_count=5, detected=4",4,5.0
Thesis_Obsidian\Ordinances\2019\Ordinance No. 090-19.md,,excluded,duplicate section identifiers detected; review OCR/section parsing,0,
Thesis_Obsidian\Ordinances\2019\Ordinance No. 091-19.md,091-19,included,"declared section_count=5, detected=3",3,5.0
Thesis_Obsidian\Ordinances\2019\Ordinance No. 092-19.md,092-19,included,,3,3.0
Thesis_Obsidian\Ordinances\2019\Ordinance No. 093-19.md,093-19,included,,5,5.0
Thesis_Obsidian\Ordinances\2019\Ordinance No. 094-19.md,094-19,included,,5,5.0
Thesis_Obsidian\Ordinances\2019\Ordinance No. 095-19.md,095-19,included,,6,6.0
Thesis_Obsidian\Ordinances\2019\Ordinance No. 096-19.md,096-19,included,,6,6.0
Thesis_Obsidian\Ordinances\2019\Ordinance No. 097-19.md,097-19,included,,5,5.0
Thesis_Obsidian\Ordinances\2019\Ordinance No. 098-19.md,098-19,included,,5,5.0
Thesis_Obsidian\Ordinances\2019\RESOLUTION NO 03253-19_Adopting CDP.md,RESOLUTION NO 03253-19_Adopting CDP,included,,7,7.0
Thesis_Obsidian\Ordinances\2020\Ordinance No. 000850-21.md,,excluded,duplicate section identifiers detected; review OCR/section parsing,0,
Thesis_Obsidian\Ordinances\2020\Ordinance No. 0100-19.md,,excluded,duplicate section identifiers detected; review OCR/section parsing,0,
Thesis_Obsidian\Ordinances\2020\Ordinance No. 0103-19.md,0103-19,included,"declared section_count=5, detected=4",4,5.0
Thesis_Obsidian\Ordinances\2020\Ordinance No. 0114-19.md,,excluded,no explicit SECTION blocks detected,0,
Thesis_Obsidian\Ordinances\2020\Ordinance No. 0121-19.md,0121-19,included,,7,7.0
Thesis_Obsidian\Ordinances\2020\Ordinance No. 0123-19.md,,excluded,duplicate section identifiers detected; review OCR/section parsing,0,
Thesis_Obsidian\Ordinances\2020\Ordinance No. 0124-19.md,0124-19,included,,4,4.0
Thesis_Obsidian\Ordinances\2020\Ordinance No. 0125-19.md,,excluded,no explicit SECTION blocks detected,0,
Thesis_Obsidian\Ordinances\2020\Ordinance No. 0126-19.md,,excluded,no explicit SECTION blocks detected,0,
Thesis_Obsidian\Ordinances\2020\Ordinance No. 0129-19.md,,excluded,no explicit SECTION blocks detected,0,
Thesis_Obsidian\Ordinances\2020\Ordinance No. 0130-19.md,0130-19,included,,4,4.0
Thesis_Obsidian\Ordinances\2020\Ordinance No. 0133-19.md,0133-19,included,"declared section_count=5, detected=4",4,5.0
Thesis_Obsidian\Ordinances\2020\Ordinance No. 0142-19.md,0142-19,included,,4,4.0
Thesis_Obsidian\Ordinances\2020\Ordinance No. 0143-19.md,0143-19,included,,3,3.0
Thesis_Obsidian\Ordinances\2020\Ordinance No. 0150-19.md,0150-19,included,"declared section_count=6, detected=5",5,6.0
Thesis_Obsidian\Ordinances\2020\Ordinance No. 0156-19.md,0156-19,included,,6,6.0
Thesis_Obsidian\Ordinances\2020\Ordinance No. 0167-19.md,0167-19,included,,4,4.0
Thesis_Obsidian\Ordinances\2020\Ordinance No. 0176-20.md,0176-20,included,"declared section_count=6, detected=5",5,6.0
Thesis_Obsidian\Ordinances\2020\Ordinance No. 0177-20.md,0177-20,included,,4,4.0
Thesis_Obsidian\Ordinances\2020\Ordinance No. 0178-20.md,0178-20,included,,6,6.0
Thesis_Obsidian\Ordinances\2020\Ordinance No. 0179-20.md,0179-20,included,,5,5.0
Thesis_Obsidian\Ordinances\2020\Ordinance No. 0180-20.md,0180-20,included,,4,4.0
Thesis_Obsidian\Ordinances\2020\Ordinance No. 0181-20.md,0181-20,included,"declared section_count=5, detected=4",4,5.0
Thesis_Obsidian\Ordinances\2020\Ordinance No. 0182-20.md,0182-20,included,,5,5.0
Thesis_Obsidian\Ordinances\2020\Ordinance No. 0183-20.md,0183-20,included,,4,4.0
Thesis_Obsidian\Ordinances\2020\Ordinance No. 0184-20.md,0184-20,included,"declared section_count=5, detected=4",4,5.0
Thesis_Obsidian\Ordinances\2020\Ordinance No. 0185-20.md,0185-20,included,"declared section_count=4, detected=3",3,4.0
Thesis_Obsidian\Ordinances\2020\Ordinance No. 0186-20.md,0186-20,included,,5,5.0
Thesis_Obsidian\Ordinances\2020\Ordinance No. 0187-20.md,0187-20,included,,3,3.0
Thesis_Obsidian\Ordinances\2020\Ordinance No. 0188-20.md,0188-20,included,,5,5.0
Thesis_Obsidian\Ordinances\2020\Ordinance No. 0189-20.md,0189-20,included,,5,5.0
Thesis_Obsidian\Ordinances\2020\Ordinance No. 0190-20.md,0190-20,included,,5,5.0
Thesis_Obsidian\Ordinances\2020\Ordinance No. 0191-20.md,0191-20,included,,4,4.0
Thesis_Obsidian\Ordinances\2020\Ordinance No. 0193-20.md,0193-20,included,,5,5.0
Thesis_Obsidian\Ordinances\2020\Ordinance No. 0194-20.md,0194-20,included,,5,5.0
Thesis_Obsidian\Ordinances\2020\Ordinance No. 0195-20.md,0195-20,included,,5,5.0
Thesis_Obsidian\Ordinances\2020\Ordinance No. 0196-20.md,0196-20,included,,5,5.0
Thesis_Obsidian\Ordinances\2020\Ordinance No. 0197-20.md,0197-20,included,,4,4.0
Thesis_Obsidian\Ordinances\2020\Ordinance No. 0198-20.md,,excluded,duplicate section identifiers detected; review OCR/section parsing,0,
Thesis_Obsidian\Ordinances\2020\Ordinance No. 0199-20.md,0199-20,included,,4,4.0
Thesis_Obsidian\Ordinances\2020\Ordinance No. 0201-20.md,0201-20,included,,6,6.0
Thesis_Obsidian\Ordinances\2020\Ordinance No. 0202-20.md,0202-20,included,,5,5.0
Thesis_Obsidian\Ordinances\2020\Ordinance No. 0203-20.md,0203-20,included,"declared section_count=8, detected=7",7,8.0
Thesis_Obsidian\Ordinances\2020\Ordinance No. 0204-20.md,,excluded,duplicate section identifiers detected; review OCR/section parsing,0,
Thesis_Obsidian\Ordinances\2020\Ordinance No. 0205-20.md,0205-20,included,,7,7.0
Thesis_Obsidian\Ordinances\2020\Ordinance No. 0206-20.md,0206-20,included,,9,9.0
Thesis_Obsidian\Ordinances\2020\Ordinance No. 0207-20.md,0207-20,included,"declared section_count=7, detected=6",6,7.0
Thesis_Obsidian\Ordinances\2020\Ordinance No. 0208-20.md,0208-20,included,,5,5.0
Thesis_Obsidian\Ordinances\2020\Ordinance No. 0209-20.md,0209-20,included,,6,6.0
Thesis_Obsidian\Ordinances\2020\Ordinance No. 0210-20.md,0210-20,included,,13,13.0
Thesis_Obsidian\Ordinances\2020\Ordinance No. 0211-20.md,0211-20,included,,5,5.0
Thesis_Obsidian\Ordinances\2020\Ordinance No. 0212-20.md,0212-20,included,,6,6.0
Thesis_Obsidian\Ordinances\2020\Ordinance No. 0214-20.md,0214-20,included,,2,2.0
Thesis_Obsidian\Ordinances\2020\Ordinance No. 0215-20.md,0215-20,included,,5,5.0
Thesis_Obsidian\Ordinances\2020\Ordinance No. 0216-20.md,0216-20,included,"declared section_count=9, detected=8",8,9.0
Thesis_Obsidian\Ordinances\2020\Ordinance No. 0218-20.md,0218-20,included,,10,10.0
Thesis_Obsidian\Ordinances\2020\Ordinance No. 0219-20.md,0219-20,included,"declared section_count=5, detected=4",4,5.0
Thesis_Obsidian\Ordinances\2020\Ordinance No. 0220-20.md,0220-20,included,,5,5.0
Thesis_Obsidian\Ordinances\2020\Ordinance No. 0221-20.md,0221-20,included,,7,7.0
Thesis_Obsidian\Ordinances\2020\Ordinance No. 0222-20.md,0222-20,included,,3,3.0
Thesis_Obsidian\Ordinances\2020\Ordinance No. 0223-20.md,0223-20,included,,5,5.0
Thesis_Obsidian\Ordinances\2020\Ordinance No. 0224-20.md,,excluded,duplicate section identifiers detected; review OCR/section parsing,0,
Thesis_Obsidian\Ordinances\2020\Ordinance No. 0225-20.md,0225-20,included,,6,6.0
Thesis_Obsidian\Ordinances\2020\Ordinance No. 0226-20.md,0226-20,included,,7,7.0
Thesis_Obsidian\Ordinances\2020\Ordinance No. 0228-20.md,0228-20,included,,5,5.0
Thesis_Obsidian\Ordinances\2020\Ordinance No. 0229-20.md,0229-20,included,,9,9.0
Thesis_Obsidian\Ordinances\2020\Ordinance No. 0230-20.md,0230-20,included,,23,23.0
Thesis_Obsidian\Ordinances\2020\Ordinance No. 0231-20.md,0231-20,included,,5,5.0
Thesis_Obsidian\Ordinances\2020\Ordinance No. 0233-20.md,0233-20,included,"declared section_count=8, detected=7",7,8.0
Thesis_Obsidian\Ordinances\2020\Ordinance No. 0234-20.md,0234-20,included,,6,6.0
Thesis_Obsidian\Ordinances\2020\Ordinance No. 0235-20.md,0235-20,included,,5,5.0
Thesis_Obsidian\Ordinances\2020\Ordinance No. 0237-20.md,0237-20,included,,4,4.0
Thesis_Obsidian\Ordinances\2020\Ordinance No. 0239-20.md,,excluded,duplicate section identifiers detected; review OCR/section parsing,0,
Thesis_Obsidian\Ordinances\2020\Ordinance No. 0242-20.md,0242-20,included,,7,7.0
Thesis_Obsidian\Ordinances\2020\Ordinance No. 0243-20.md,0243-20,included,,6,6.0
Thesis_Obsidian\Ordinances\2020\Ordinance No. 0244-20.md,0244-20,included,,7,7.0
Thesis_Obsidian\Ordinances\2020\Ordinance No. 0245-20.md,0245-20,included,,5,5.0
Thesis_Obsidian\Ordinances\2020\Ordinance No. 0246-20.md,0246-20,included,,5,5.0
Thesis_Obsidian\Ordinances\2020\Ordinance No. 0247-20.md,,excluded,duplicate section identifiers detected; review OCR/section parsing,0,
Thesis_Obsidian\Ordinances\2020\Ordinance No. 0250-20.md,0250-20,included,"declared section_count=10, detected=9",9,10.0
Thesis_Obsidian\Ordinances\2020\Ordinance No. 0251-20.md,,excluded,duplicate section identifiers detected; review OCR/section parsing,0,
Thesis_Obsidian\Ordinances\2020\Ordinance No. 0253-20.md,0253-20,included,"declared section_count=7, detected=6",6,7.0
Thesis_Obsidian\Ordinances\2020\Ordinance No. 0254-20.md,0254-20,included,,6,6.0
Thesis_Obsidian\Ordinances\2020\Ordinance No. 0255-20.md,0255-20,included,"declared section_count=7, detected=5",5,7.0
Thesis_Obsidian\Ordinances\2020\Ordinance No. 0256-20.md,0256-20,included,,19,19.0
Thesis_Obsidian\Ordinances\2020\Ordinance No. 0257-20.md,0257-20,included,,7,7.0
Thesis_Obsidian\Ordinances\2020\Ordinance No. 0258-20.md,0258-20,included,,5,5.0
Thesis_Obsidian\Ordinances\2020\Ordinance No. 0259-20.md,0259-20,included,"declared section_count=7, detected=6",6,7.0
Thesis_Obsidian\Ordinances\2020\Ordinance No. 0260-20.md,0260-20,included,,8,8.0
Thesis_Obsidian\Ordinances\2020\Ordinance No. 0261-20.md,,excluded,duplicate section identifiers detected; review OCR/section parsing,0,
Thesis_Obsidian\Ordinances\2020\Ordinance No. 0262-20.md,,excluded,duplicate section identifiers detected; review OCR/section parsing,0,
Thesis_Obsidian\Ordinances\2020\Ordinance No. 0263-20.md,,excluded,duplicate section identifiers detected; review OCR/section parsing,0,
Thesis_Obsidian\Ordinances\2020\Ordinance No. 0264-20.md,,excluded,duplicate section identifiers detected; review OCR/section parsing,0,
Thesis_Obsidian\Ordinances\2020\Ordinance No. 0265-20.md,,excluded,duplicate section identifiers detected; review OCR/section parsing,0,
Thesis_Obsidian\Ordinances\2020\Ordinance No. 0266-20.md,,excluded,duplicate section identifiers detected; review OCR/section parsing,0,
Thesis_Obsidian\Ordinances\2020\Ordinance No. 0267-20.md,0267-20,included,,7,7.0
Thesis_Obsidian\Ordinances\2020\Ordinance No. 0268-20.md,,excluded,duplicate section identifiers detected; review OCR/section parsing,0,
Thesis_Obsidian\Ordinances\2020\Ordinance No. 0270-20.md,0270-20,included,,17,17.0
Thesis_Obsidian\Ordinances\2020\Ordinance No. 0274-20.md,0274-20,included,,5,5.0
Thesis_Obsidian\Ordinances\2020\Ordinance No. 0275-20.md,0275-20,included,"declared section_count=6, detected=5",5,6.0
Thesis_Obsidian\Ordinances\2020\Ordinance No. 0276-20.md,0276-20,included,"declared section_count=6, detected=5",5,6.0
Thesis_Obsidian\Ordinances\2020\Ordinance No. 0277-20.md,,excluded,duplicate section identifiers detected; review OCR/section parsing,0,
Thesis_Obsidian\Ordinances\2020\Ordinance No. 0278-20.md,,excluded,duplicate section identifiers detected; review OCR/section parsing,0,
Thesis_Obsidian\Ordinances\2020\Ordinance No. 0279-20.md,0279-20,included,,5,5.0
Thesis_Obsidian\Ordinances\2020\Ordinance No. 0281-20.md,0281-20,included,,5,5.0
Thesis_Obsidian\Ordinances\2020\Ordinance No. 0283-20.md,0283-20,included,,4,4.0
Thesis_Obsidian\Ordinances\2020\Ordinance No. 0284-20.md,0284-20,included,,5,5.0
Thesis_Obsidian\Ordinances\2020\Ordinance No. 0285-20.md,0285-20,included,,5,5.0
Thesis_Obsidian\Ordinances\2020\Ordinance No. 0286-20.md,0286-20,included,,5,5.0
Thesis_Obsidian\Ordinances\2020\Ordinance No. 0287-20.md,0287-20,included,,6,6.0
Thesis_Obsidian\Ordinances\2020\Ordinance No. 0288-20.md,0288-20,included,,6,6.0
Thesis_Obsidian\Ordinances\2020\Ordinance No. 0289-20.md,0289-20,included,,5,5.0
Thesis_Obsidian\Ordinances\2020\Ordinance No. 0290-20.md,0290-20,included,,4,4.0
Thesis_Obsidian\Ordinances\2020\Ordinance No. 0291-20.md,0291-20,included,"declared section_count=6, detected=5",5,6.0
Thesis_Obsidian\Ordinances\2020\Ordinance No. 0292-20.md,0292-20,included,,5,5.0
Thesis_Obsidian\Ordinances\2020\Ordinance No. 0293-20.md,0293-20,included,,4,4.0
Thesis_Obsidian\Ordinances\2020\Ordinance No. 0294-20.md,0294-20,included,,5,5.0
Thesis_Obsidian\Ordinances\2020\Ordinance No. 0295-20.md,0295-20,included,,5,5.0
Thesis_Obsidian\Ordinances\2020\Ordinance No. 0296-20.md,0296-20,included,,5,5.0
Thesis_Obsidian\Ordinances\2020\Ordinance No. 0297-20.md,0297-20,included,,4,4.0
Thesis_Obsidian\Ordinances\2020\Ordinance No. 0298-20.md,0298-20,included,,5,5.0
Thesis_Obsidian\Ordinances\2020\Ordinance No. 0299-20.md,0299-20,included,,4,4.0
Thesis_Obsidian\Ordinances\2020\Ordinance No. 0300-20.md,0300-20,included,,6,6.0
Thesis_Obsidian\Ordinances\2020\Ordinance No. 0302-20.md,0302-20,included,,5,5.0
Thesis_Obsidian\Ordinances\2020\Ordinance No. 0304-20.md,0304-20,included,"declared section_count=5, detected=4",4,5.0
Thesis_Obsidian\Ordinances\2020\Ordinance No. 0305-20.md,0305-20,included,,8,8.0
Thesis_Obsidian\Ordinances\2020\Ordinance No. 0306-20.md,0306-20,included,,7,7.0
Thesis_Obsidian\Ordinances\2020\Ordinance No. 0307-20.md,,excluded,duplicate section identifiers detected; review OCR/section parsing,0,
Thesis_Obsidian\Ordinances\2020\Ordinance No. 0308-20.md,0308-20,included,,5,5.0
Thesis_Obsidian\Ordinances\2020\Ordinance No. 0309-20.md,0309-20,included,,6,6.0
Thesis_Obsidian\Ordinances\2020\Ordinance No. 0310-20.md,0310-20,included,,6,6.0
Thesis_Obsidian\Ordinances\2020\Ordinance No. 0311-20.md,0311-20,included,,11,11.0
Thesis_Obsidian\Ordinances\2020\Ordinance No. 0312-20.md,,excluded,duplicate section identifiers detected; review OCR/section parsing,0,
Thesis_Obsidian\Ordinances\2020\Ordinance No. 0313-20.md,,excluded,duplicate section identifiers detected; review OCR/section parsing,0,
Thesis_Obsidian\Ordinances\2020\Ordinance No. 0314-20.md,,excluded,duplicate section identifiers detected; review OCR/section parsing,0,
Thesis_Obsidian\Ordinances\2020\Ordinance No. 0315-20.md,0315-20,included,,6,6.0
Thesis_Obsidian\Ordinances\2020\Ordinance No. 0316-20.md,0316-20,included,,7,7.0
Thesis_Obsidian\Ordinances\2020\Ordinance No. 0317-20.md,,excluded,duplicate section identifiers detected; review OCR/section parsing,0,
Thesis_Obsidian\Ordinances\2020\Ordinance No. 0318-20.md,,excluded,duplicate section identifiers detected; review OCR/section parsing,0,
Thesis_Obsidian\Ordinances\2020\Ordinance No. 0319-20.md,0319-20,included,,4,4.0
Thesis_Obsidian\Ordinances\2020\Ordinance No. 0320-20.md,0320-20,included,,5,5.0
Thesis_Obsidian\Ordinances\2020\Ordinance No. 0321-20.md,0321-20,included,,5,5.0
Thesis_Obsidian\Ordinances\2020\Ordinance No. 0322-20.md,0322-20,included,"declared section_count=6, detected=5",5,6.0
Thesis_Obsidian\Ordinances\2020\Ordinance No. 0323-20.md,0323-20,included,,4,4.0
Thesis_Obsidian\Ordinances\2020\Ordinance No. 0324-20.md,0324-20,included,,5,5.0
Thesis_Obsidian\Ordinances\2020\Ordinance No. 0325-20.md,0325-20,included,,12,12.0
Thesis_Obsidian\Ordinances\2020\Ordinance No. 0326-20.md,0326-20,included,,4,4.0
Thesis_Obsidian\Ordinances\2020\Ordinance No. 0327-20.md,0327-20,included,,4,4.0
Thesis_Obsidian\Ordinances\2020\Ordinance No. 0328-20.md,0328-20,included,,4,4.0
Thesis_Obsidian\Ordinances\2020\Ordinance No. 0329-20.md,0329-20,included,,4,4.0
Thesis_Obsidian\Ordinances\2020\Ordinance No. 0330-20.md,0330-20,included,,12,12.0
Thesis_Obsidian\Ordinances\2020\Ordinance No. 0331-20.md,0331-20,included,,7,7.0
Thesis_Obsidian\Ordinances\2020\Ordinance No. 0332-20.md,,excluded,duplicate section identifiers detected; review OCR/section parsing,0,
Thesis_Obsidian\Ordinances\2020\Ordinance No. 0333-20.md,,excluded,duplicate section identifiers detected; review OCR/section parsing,0,
Thesis_Obsidian\Ordinances\2020\Ordinance No. 0334-20.md,0334-20,included,,7,7.0
Thesis_Obsidian\Ordinances\2020\Ordinance No. 0335-20.md,0335-20,included,,5,5.0
Thesis_Obsidian\Ordinances\2020\Ordinance No. 0336-20.md,0336-20,included,,5,5.0
Thesis_Obsidian\Ordinances\2020\Ordinance No. 0337-20.md,,excluded,duplicate section identifiers detected; review OCR/section parsing,0,
Thesis_Obsidian\Ordinances\2020\Ordinance No. 0338-20.md,0338-20,included,,4,4.0
Thesis_Obsidian\Ordinances\2020\Ordinance No. 0339-20.md,0339-20,included,,4,4.0
Thesis_Obsidian\Ordinances\2020\Ordinance No. 0340-20.md,,excluded,duplicate section identifiers detected; review OCR/section parsing,0,
Thesis_Obsidian\Ordinances\2020\Ordinance No. 063-19.md,063-19,included,,3,3.0
Thesis_Obsidian\Ordinances\2020\Ordinance No. 065-19.md,065-19,included,"declared section_count=4, detected=3",3,4.0
Thesis_Obsidian\Ordinances\2020\Ordinance No. 0673-18.md,,excluded,temporal_status='review' is not included,0,
Thesis_Obsidian\Ordinances\2020\Ordinance No. 075-19.md,075-19,included,,3,3.0
Thesis_Obsidian\Ordinances\2021\Ordinance No. 000667-21.md,Ordinance No. 000667-21,included,,3,3.0
Thesis_Obsidian\Ordinances\2021\Ordinance No. 000670-21.md,,excluded,temporal_status='unresolved' is not included,0,
Thesis_Obsidian\Ordinances\2021\Ordinance No. 000671-21.md,Ordinance No. 000671-21,included,,11,11.0
Thesis_Obsidian\Ordinances\2021\Ordinance No. 000673-21.md,Ordinance No. 000673-21,included,,6,6.0
Thesis_Obsidian\Ordinances\2021\Ordinance No. 000675-21.md,,excluded,temporal_status='unresolved' is not included,0,
Thesis_Obsidian\Ordinances\2021\Ordinance No. 000676-21.md,Ordinance No. 000676-21,included,,4,4.0
Thesis_Obsidian\Ordinances\2021\Ordinance No. 000677-21.md,Ordinance No. 000677-21,included,,6,6.0
Thesis_Obsidian\Ordinances\2021\Ordinance No. 000678-21.md,Ordinance No. 000678-21,included,,7,7.0
Thesis_Obsidian\Ordinances\2021\Ordinance No. 000681-21.md,Ordinance No. 000681-21,included,,6,6.0
Thesis_Obsidian\Ordinances\2021\Ordinance No. 000682-21.md,Ordinance No. 000682-21,included,,6,6.0
Thesis_Obsidian\Ordinances\2021\Ordinance No. 000683-21.md,Ordinance No. 000683-21,included,,6,6.0
Thesis_Obsidian\Ordinances\2021\Ordinance No. 000684-21.md,,excluded,temporal_status='review' is not included,0,
Thesis_Obsidian\Ordinances\2021\Ordinance No. 000687-21.md,,excluded,duplicate section identifiers detected; review OCR/section parsing,0,
Thesis_Obsidian\Ordinances\2021\Ordinance No. 000689-19.md,Ordinance No. 000689-19,included,,14,14.0
Thesis_Obsidian\Ordinances\2021\Ordinance No. 000691-21.md,,excluded,temporal_status='review' is not included,0,
Thesis_Obsidian\Ordinances\2021\Ordinance No. 000692-21.md,Ordinance No. 000692-21,included,,4,4.0
Thesis_Obsidian\Ordinances\2021\Ordinance No. 000693-21.md,Ordinance No. 000693-21,included,"declared section_count=5, detected=4",4,5.0
Thesis_Obsidian\Ordinances\2021\Ordinance No. 000694-21.md,Ordinance No. 000694-21,included,,4,4.0
Thesis_Obsidian\Ordinances\2021\Ordinance No. 000695-21.md,,excluded,duplicate section identifiers detected; review OCR/section parsing,0,
Thesis_Obsidian\Ordinances\2021\Ordinance No. 000696-21.md,,excluded,temporal_status='unresolved' is not included,0,
Thesis_Obsidian\Ordinances\2021\Ordinance No. 000698-21.md,Ordinance No. 000698-21,included,"declared section_count=6, detected=5",5,6.0
Thesis_Obsidian\Ordinances\2021\Ordinance No. 000699-21.md,Ordinance No. 000699-21,included,,6,6.0
Thesis_Obsidian\Ordinances\2021\Ordinance No. 000700-21.md,,excluded,temporal_status='unresolved' is not included,0,
Thesis_Obsidian\Ordinances\2021\Ordinance No. 000701-21.md,Ordinance No. 000701-21,included,,7,7.0
Thesis_Obsidian\Ordinances\2021\Ordinance No. 000703-21.md,,excluded,duplicate section identifiers detected; review OCR/section parsing,0,
Thesis_Obsidian\Ordinances\2021\Ordinance No. 000704-21.md,Ordinance No. 000704-21,included,,6,6.0
Thesis_Obsidian\Ordinances\2021\Ordinance No. 000705-21.md,,excluded,temporal_status='unresolved' is not included,0,
Thesis_Obsidian\Ordinances\2021\Ordinance No. 000707-21.md,,excluded,duplicate section identifiers detected; review OCR/section parsing,0,
Thesis_Obsidian\Ordinances\2021\Ordinance No. 000708-21.md,,excluded,temporal_status='review' is not included,0,
Thesis_Obsidian\Ordinances\2021\Ordinance No. 000709-21.md,Ordinance No. 000709-21,included,,4,4.0
Thesis_Obsidian\Ordinances\2021\Ordinance No. 000710-21.md,Ordinance No. 000710-21,included,,4,4.0
Thesis_Obsidian\Ordinances\2021\Ordinance No. 000712-21.md,Ordinance No. 000712-21,included,,4,4.0
Thesis_Obsidian\Ordinances\2021\Ordinance No. 000713-21.md,Ordinance No. 000713-21,included,,4,4.0
Thesis_Obsidian\Ordinances\2021\Ordinance No. 000714-21.md,Ordinance No. 000714-21,included,,4,4.0
Thesis_Obsidian\Ordinances\2021\Ordinance No. 000715-21.md,Ordinance No. 000715-21,included,,4,4.0
Thesis_Obsidian\Ordinances\2021\Ordinance No. 000716-21.md,Ordinance No. 000716-21,included,"declared section_count=4, detected=3",3,4.0
Thesis_Obsidian\Ordinances\2021\Ordinance No. 000717-21.md,Ordinance No. 000717-21,included,,4,4.0
Thesis_Obsidian\Ordinances\2021\Ordinance No. 000718-21.md,Ordinance No. 000718-21,included,,4,4.0
Thesis_Obsidian\Ordinances\2021\Ordinance No. 000719-21.md,,excluded,duplicate section identifiers detected; review OCR/section parsing,0,
Thesis_Obsidian\Ordinances\2021\Ordinance No. 000721-21.md,,excluded,duplicate section identifiers detected; review OCR/section parsing,0,
Thesis_Obsidian\Ordinances\2021\Ordinance No. 000722-21.md,Ordinance No. 000722-21,included,,7,7.0
Thesis_Obsidian\Ordinances\2021\Ordinance No. 000723-21.md,Ordinance No. 000723-21,included,,5,5.0
Thesis_Obsidian\Ordinances\2021\Ordinance No. 000724-21.md,Ordinance No. 000724-21,included,,5,5.0
Thesis_Obsidian\Ordinances\2021\Ordinance No. 000725-21.md,Ordinance No. 000725-21,included,"declared section_count=5, detected=2",2,5.0
Thesis_Obsidian\Ordinances\2021\Ordinance No. 000727-21.md,Ordinance No. 000727-21,included,,8,8.0
Thesis_Obsidian\Ordinances\2021\Ordinance No. 000728-21.md,Ordinance No. 000728-21,included,,13,13.0
Thesis_Obsidian\Ordinances\2021\Ordinance No. 000729-21.md,,excluded,temporal_status='review' is not included,0,
Thesis_Obsidian\Ordinances\2021\Ordinance No. 000730-21.md,,excluded,temporal_status='unresolved' is not included,0,
Thesis_Obsidian\Ordinances\2021\Ordinance No. 000734-21.md,Ordinance No. 000734-21,included,,7,7.0
Thesis_Obsidian\Ordinances\2021\Ordinance No. 000736-21.md,Ordinance No. 000736-21,included,"declared section_count=30, detected=29",29,30.0
Thesis_Obsidian\Ordinances\2021\Ordinance No. 000740-21.md,Ordinance No. 000740-21,included,,7,7.0
Thesis_Obsidian\Ordinances\2021\Ordinance No. 000742-21.md,,excluded,duplicate section identifiers detected; review OCR/section parsing,0,
Thesis_Obsidian\Ordinances\2021\Ordinance No. 000745-21.md,,excluded,duplicate section identifiers detected; review OCR/section parsing,0,
Thesis_Obsidian\Ordinances\2021\Ordinance No. 000747-21.md,Ordinance No. 000747-21,included,,5,5.0
Thesis_Obsidian\Ordinances\2021\Ordinance No. 000749-21.md,,excluded,duplicate section identifiers detected; review OCR/section parsing,0,
Thesis_Obsidian\Ordinances\2021\Ordinance No. 000750-21.md,Ordinance No. 000750-21,included,"declared section_count=6, detected=5",5,6.0
Thesis_Obsidian\Ordinances\2021\Ordinance No. 000752-21.md,Ordinance No. 000752-21,included,,5,5.0
Thesis_Obsidian\Ordinances\2021\Ordinance No. 000755-21.md,Ordinance No. 000755-21,included,,5,5.0
Thesis_Obsidian\Ordinances\2021\Ordinance No. 000756-21.md,,excluded,duplicate section identifiers detected; review OCR/section parsing,0,
Thesis_Obsidian\Ordinances\2021\Ordinance No. 000758-21.md,,excluded,duplicate section identifiers detected; review OCR/section parsing,0,
Thesis_Obsidian\Ordinances\2021\Ordinance No. 000762-21.md,Ordinance No. 000762-21,included,,7,7.0
Thesis_Obsidian\Ordinances\2021\Ordinance No. 000765-21.md,Ordinance No. 000765-21,included,,6,6.0
Thesis_Obsidian\Ordinances\2021\Ordinance No. 000767-21.md,Ordinance No. 000767-21,included,,9,9.0
Thesis_Obsidian\Ordinances\2021\Ordinance No. 000768-21.md,Ordinance No. 000768-21,included,,6,6.0
Thesis_Obsidian\Ordinances\2021\Ordinance No. 000770-21.md,Ordinance No. 000770-21,included,,6,6.0
Thesis_Obsidian\Ordinances\2021\Ordinance No. 000772-21.md,Ordinance No. 000772-21,included,,4,4.0
Thesis_Obsidian\Ordinances\2021\Ordinance No. 000778-21.md,Ordinance No. 000778-21,included,,13,13.0
Thesis_Obsidian\Ordinances\2021\Ordinance No. 000781-21.md,Ordinance No. 000781-21,included,,5,5.0
Thesis_Obsidian\Ordinances\2021\Ordinance No. 000783-21.md,Ordinance No. 000783-21,included,,16,16.0
Thesis_Obsidian\Ordinances\2021\Ordinance No. 000785-21.md,Ordinance No. 000785-21,included,,4,4.0
Thesis_Obsidian\Ordinances\2021\Ordinance No. 000788-21.md,Ordinance No. 000788-21,included,,4,4.0
Thesis_Obsidian\Ordinances\2021\Ordinance No. 000792-21.md,Ordinance No. 000792-21,included,,5,5.0
Thesis_Obsidian\Ordinances\2021\Ordinance No. 000793-21.md,Ordinance No. 000793-21,included,,5,5.0
Thesis_Obsidian\Ordinances\2021\Ordinance No. 000797-21.md,Ordinance No. 000797-21,included,"declared section_count=6, detected=5",5,6.0
Thesis_Obsidian\Ordinances\2021\Ordinance No. 000798-21.md,Ordinance No. 000798-21,included,,6,6.0
Thesis_Obsidian\Ordinances\2021\Ordinance No. 000799-21.md,Ordinance No. 000799-21,included,,7,7.0
Thesis_Obsidian\Ordinances\2021\Ordinance No. 000800-21.md,Ordinance No. 000800-21,included,,5,5.0
Thesis_Obsidian\Ordinances\2021\Ordinance No. 000801-21.md,Ordinance No. 000801-21,included,,5,5.0
Thesis_Obsidian\Ordinances\2021\Ordinance No. 000806-21.md,,excluded,duplicate section identifiers detected; review OCR/section parsing,0,
Thesis_Obsidian\Ordinances\2021\Ordinance No. 000807-21.md,,excluded,duplicate section identifiers detected; review OCR/section parsing,0,
Thesis_Obsidian\Ordinances\2021\Ordinance No. 000810-21.md,Ordinance No. 000810-21,included,,6,6.0
Thesis_Obsidian\Ordinances\2021\Ordinance No. 000814-21.md,,excluded,duplicate section identifiers detected; review OCR/section parsing,0,
Thesis_Obsidian\Ordinances\2021\Ordinance No. 000815-21.md,Ordinance No. 000815-21,included,,5,5.0
Thesis_Obsidian\Ordinances\2021\Ordinance No. 000816-21.md,,excluded,duplicate section identifiers detected; review OCR/section parsing,0,
Thesis_Obsidian\Ordinances\2021\Ordinance No. 000817-21.md,,excluded,temporal_status='unresolved' is not included,0,
Thesis_Obsidian\Ordinances\2021\Ordinance No. 000818-21.md,Ordinance No. 000818-21,included,,11,11.0
Thesis_Obsidian\Ordinances\2021\Ordinance No. 000819-21.md,Ordinance No. 000819-21,included,,6,6.0
Thesis_Obsidian\Ordinances\2021\Ordinance No. 000820-21.md,,excluded,temporal_status='unresolved' is not included,0,
Thesis_Obsidian\Ordinances\2021\Ordinance No. 000821-21.md,Ordinance No. 000821-21,included,"declared section_count=3, detected=2",2,3.0
Thesis_Obsidian\Ordinances\2021\Ordinance No. 000823-21.md,,excluded,duplicate section identifiers detected; review OCR/section parsing,0,
Thesis_Obsidian\Ordinances\2021\Ordinance No. 000824-21.md,,excluded,duplicate section identifiers detected; review OCR/section parsing,0,
Thesis_Obsidian\Ordinances\2021\Ordinance No. 000826-21.md,,excluded,duplicate section identifiers detected; review OCR/section parsing,0,
Thesis_Obsidian\Ordinances\2021\Ordinance No. 000827-21.md,Ordinance No. 000827-21,included,,4,4.0
Thesis_Obsidian\Ordinances\2021\Ordinance No. 000830-21.md,,excluded,duplicate section identifiers detected; review OCR/section parsing,0,
Thesis_Obsidian\Ordinances\2021\Ordinance No. 000831-21.md,,excluded,duplicate section identifiers detected; review OCR/section parsing,0,
Thesis_Obsidian\Ordinances\2021\Ordinance No. 000833-21.md,,excluded,duplicate section identifiers detected; review OCR/section parsing,0,
Thesis_Obsidian\Ordinances\2021\Ordinance No. 000834-21.md,,excluded,duplicate section identifiers detected; review OCR/section parsing,0,
Thesis_Obsidian\Ordinances\2021\Ordinance No. 000835-21.md,,excluded,duplicate section identifiers detected; review OCR/section parsing,0,
Thesis_Obsidian\Ordinances\2021\Ordinance No. 000839-21.md,Ordinance No. 000839-21,included,,6,6.0
Thesis_Obsidian\Ordinances\2021\Ordinance No. 000840-21.md,,excluded,duplicate section identifiers detected; review OCR/section parsing,0,
Thesis_Obsidian\Ordinances\2021\Ordinance No. 000841-21.md,Ordinance No. 000841-21,included,,7,7.0
Thesis_Obsidian\Ordinances\2021\Ordinance No. 000842-21.md,,excluded,temporal_status='unresolved' is not included,0,
Thesis_Obsidian\Ordinances\2021\Ordinance No. 000845-21.md,Ordinance No. 000845-21,included,,6,6.0
Thesis_Obsidian\Ordinances\2021\Ordinance No. 000848-21.md,Ordinance No. 000848-21,included,,6,6.0
Thesis_Obsidian\Ordinances\2021\Ordinance No. 000851-21.md,Ordinance No. 000851-21,included,,4,4.0
Thesis_Obsidian\Ordinances\2021\Ordinance No. 002336-21.md,,excluded,no explicit SECTION blocks detected,0,
Thesis_Obsidian\Ordinances\2021\Ordinance No. 0174-19.md,,excluded,temporal_status='review' is not included,0,
Thesis_Obsidian\Ordinances\2021\Ordinance No. 0361-10.md,0361-10,included,,7,7.0
Thesis_Obsidian\Ordinances\2021\Ordinance No. 0464-21.md,0464-21,included,"declared section_count=12, detected=10",10,12.0
Thesis_Obsidian\Ordinances\2021\Ordinance No. 0466-21.md,0466-21,included,,6,6.0
Thesis_Obsidian\Ordinances\2021\Ordinance No. 0468-21.md,0468-21,included,,5,5.0
Thesis_Obsidian\Ordinances\2021\Ordinance No. 0470-21.md,,excluded,duplicate section identifiers detected; review OCR/section parsing,0,
Thesis_Obsidian\Ordinances\2021\Ordinance No. 0473-21.md,,excluded,duplicate section identifiers detected; review OCR/section parsing,0,
Thesis_Obsidian\Ordinances\2021\Ordinance No. 0474-21.md,0474-21,included,,29,29.0
Thesis_Obsidian\Ordinances\2021\Ordinance No. 0476-21.md,0476-21,included,,11,11.0
Thesis_Obsidian\Ordinances\2021\Ordinance No. 0478-21.md,0478-21,included,"declared section_count=22, detected=20",20,22.0
Thesis_Obsidian\Ordinances\2021\Ordinance No. 0480-21.md,0480-21,included,,6,6.0
Thesis_Obsidian\Ordinances\2021\Ordinance No. 0484-21.md,,excluded,duplicate section identifiers detected; review OCR/section parsing,0,
Thesis_Obsidian\Ordinances\2021\Ordinance No. 0485-21.md,,excluded,duplicate section identifiers detected; review OCR/section parsing,0,
Thesis_Obsidian\Ordinances\2021\Ordinance No. 0488-21.md,0488-21,included,,5,5.0
Thesis_Obsidian\Ordinances\2021\Ordinance No. 0490-21.md,0490-21,included,,6,6.0
Thesis_Obsidian\Ordinances\2021\Ordinance No. 0491-21.md,0491-21,included,,6,6.0
Thesis_Obsidian\Ordinances\2021\Ordinance No. 0494-21.md,0494-21,included,,5,5.0
Thesis_Obsidian\Ordinances\2021\Ordinance No. 0495-21.md,0495-21,included,,12,12.0
Thesis_Obsidian\Ordinances\2021\Ordinance No. 0496-21.md,,excluded,duplicate section identifiers detected; review OCR/section parsing,0,
Thesis_Obsidian\Ordinances\2021\Ordinance No. 0497-21.md,0497-21,included,,5,5.0
Thesis_Obsidian\Ordinances\2021\Ordinance No. 0498-21.md,,excluded,duplicate section identifiers detected; review OCR/section parsing,0,
Thesis_Obsidian\Ordinances\2021\Ordinance No. 0500-21.md,,excluded,duplicate section identifiers detected; review OCR/section parsing,0,
Thesis_Obsidian\Ordinances\2021\Ordinance No. 0501-21.md,0501-21,included,,8,8.0
Thesis_Obsidian\Ordinances\2021\Ordinance No. 0503-21.md,,excluded,duplicate section identifiers detected; review OCR/section parsing,0,
Thesis_Obsidian\Ordinances\2021\Ordinance No. 0505-21.md,0505-21,included,,5,5.0
Thesis_Obsidian\Ordinances\2021\Ordinance No. 0506-21.md,0506-21,included,,4,4.0
Thesis_Obsidian\Ordinances\2021\Ordinance No. 0510-21.md,0510-21,included,,5,5.0
Thesis_Obsidian\Ordinances\2021\Ordinance No. 0511-21.md,0511-21,included,,5,5.0
Thesis_Obsidian\Ordinances\2021\Ordinance No. 0513-21.md,0513-21,included,"declared section_count=6, detected=4",4,6.0
Thesis_Obsidian\Ordinances\2021\Ordinance No. 0514-21.md,,excluded,duplicate section identifiers detected; review OCR/section parsing,0,
Thesis_Obsidian\Ordinances\2021\Ordinance No. 0515-21.md,,excluded,duplicate section identifiers detected; review OCR/section parsing,0,
Thesis_Obsidian\Ordinances\2021\Ordinance No. 0517-21.md,0517-21,included,,6,6.0
Thesis_Obsidian\Ordinances\2021\Ordinance No. 0521-21.md,,excluded,duplicate section identifiers detected; review OCR/section parsing,0,
Thesis_Obsidian\Ordinances\2021\Ordinance No. 0522-21.md,,excluded,duplicate section identifiers detected; review OCR/section parsing,0,
Thesis_Obsidian\Ordinances\2021\Ordinance No. 0523-21.md,,excluded,duplicate section identifiers detected; review OCR/section parsing,0,
Thesis_Obsidian\Ordinances\2021\Ordinance No. 0524-21.md,0524-21,included,,5,5.0
Thesis_Obsidian\Ordinances\2021\Ordinance No. 0525-21.md,0525-21,included,,4,4.0
Thesis_Obsidian\Ordinances\2021\Ordinance No. 0527-21.md,0527-21,included,"declared section_count=7, detected=5",5,7.0
Thesis_Obsidian\Ordinances\2021\Ordinance No. 0528-21.md,0528-21,included,,18,18.0
Thesis_Obsidian\Ordinances\2021\Ordinance No. 0529-21.md,0529-21,included,,3,3.0
Thesis_Obsidian\Ordinances\2021\Ordinance No. 0531-21.md,0531-21,included,,5,5.0
Thesis_Obsidian\Ordinances\2021\Ordinance No. 0533-21.md,,excluded,duplicate section identifiers detected; review OCR/section parsing,0,
Thesis_Obsidian\Ordinances\2021\Ordinance No. 0534-21.md,,excluded,duplicate section identifiers detected; review OCR/section parsing,0,
Thesis_Obsidian\Ordinances\2021\Ordinance No. 0535-21.md,0535-21,included,"declared section_count=6, detected=4",4,6.0
Thesis_Obsidian\Ordinances\2021\Ordinance No. 0538-21.md,0538-21,included,,5,5.0
Thesis_Obsidian\Ordinances\2021\Ordinance No. 0539-21.md,,excluded,duplicate section identifiers detected; review OCR/section parsing,0,
Thesis_Obsidian\Ordinances\2021\Ordinance No. 0543-21.md,0543-21,included,"declared section_count=6, detected=5",5,6.0
Thesis_Obsidian\Ordinances\2021\Ordinance No. 0544-21.md,0544-21,included,,17,17.0
Thesis_Obsidian\Ordinances\2021\Ordinance No. 0545-21.md,,excluded,duplicate section identifiers detected; review OCR/section parsing,0,
Thesis_Obsidian\Ordinances\2021\Ordinance No. 0546-21.md,0546-21,included,,11,11.0
Thesis_Obsidian\Ordinances\2021\Ordinance No. 0548-21.md,,excluded,duplicate section identifiers detected; review OCR/section parsing,0,
Thesis_Obsidian\Ordinances\2021\Ordinance No. 0550-21.md,0550-21,included,,6,6.0
Thesis_Obsidian\Ordinances\2021\Ordinance No. 0551-21.md,0551-21,included,,7,7.0
Thesis_Obsidian\Ordinances\2021\Ordinance No. 0552-21.md,0552-21,included,,5,5.0
Thesis_Obsidian\Ordinances\2021\Ordinance No. 0555-21.md,0555-21,included,,5,5.0
Thesis_Obsidian\Ordinances\2021\Ordinance No. 0556-21.md,,excluded,duplicate section identifiers detected; review OCR/section parsing,0,
Thesis_Obsidian\Ordinances\2021\Ordinance No. 0563-21.md,,excluded,duplicate section identifiers detected; review OCR/section parsing,0,
Thesis_Obsidian\Ordinances\2021\Ordinance No. 0565-21.md,0565-21,included,,5,5.0
Thesis_Obsidian\Ordinances\2021\Ordinance No. 0575-21.md,,excluded,duplicate section identifiers detected; review OCR/section parsing,0,
Thesis_Obsidian\Ordinances\2021\Ordinance No. 0576-21.md,0576-21,included,"declared section_count=10, detected=9",9,10.0
Thesis_Obsidian\Ordinances\2021\Ordinance No. 0577-21.md,0577-21,included,,7,7.0
Thesis_Obsidian\Ordinances\2021\Ordinance No. 0580-21.md,0580-21,included,"declared section_count=6, detected=5",5,6.0
Thesis_Obsidian\Ordinances\2021\Ordinance No. 0581-21.md,,excluded,duplicate section identifiers detected; review OCR/section parsing,0,
Thesis_Obsidian\Ordinances\2021\Ordinance No. 0582-21.md,0582-21,included,,5,5.0
Thesis_Obsidian\Ordinances\2021\Ordinance No. 0583-21.md,0583-21,included,,5,5.0
Thesis_Obsidian\Ordinances\2021\Ordinance No. 0584-21.md,,excluded,duplicate section identifiers detected; review OCR/section parsing,0,
Thesis_Obsidian\Ordinances\2021\Ordinance No. 0585-21.md,0585-21,included,"declared section_count=11, detected=10",10,11.0
Thesis_Obsidian\Ordinances\2021\Ordinance No. 0586-21.md,0586-21,included,"declared section_count=8, detected=6",6,8.0
Thesis_Obsidian\Ordinances\2021\Ordinance No. 0587-21.md,0587-21,included,,5,5.0
Thesis_Obsidian\Ordinances\2021\Ordinance No. 0588-21.md,0588-21,included,,4,4.0
Thesis_Obsidian\Ordinances\2021\Ordinance No. 0589-21.md,0589-21,included,"declared section_count=5, detected=4",4,5.0
Thesis_Obsidian\Ordinances\2021\Ordinance No. 0590-21.md,0590-21,included,,4,4.0
Thesis_Obsidian\Ordinances\2021\Ordinance No. 0591-21.md,0591-21,included,,5,5.0
Thesis_Obsidian\Ordinances\2021\Ordinance No. 0592-21.md,,excluded,duplicate section identifiers detected; review OCR/section parsing,0,
Thesis_Obsidian\Ordinances\2021\Ordinance No. 0593-21.md,0593-21,included,"declared section_count=8, detected=6",6,8.0
Thesis_Obsidian\Ordinances\2021\Ordinance No. 0594-21.md,0594-21,included,"declared section_count=7, detected=5",5,7.0
Thesis_Obsidian\Ordinances\2021\Ordinance No. 0601-21.md,0601-21,included,,6,6.0
Thesis_Obsidian\Ordinances\2021\Ordinance No. 0602-21.md,0602-21,included,,7,7.0
Thesis_Obsidian\Ordinances\2021\Ordinance No. 0604-21.md,0604-21,included,"declared section_count=6, detected=5",5,6.0
Thesis_Obsidian\Ordinances\2021\Ordinance No. 0605-21.md,0605-21,included,"declared section_count=7, detected=6",6,7.0
Thesis_Obsidian\Ordinances\2021\Ordinance No. 0610-21.md,,excluded,duplicate section identifiers detected; review OCR/section parsing,0,
Thesis_Obsidian\Ordinances\2021\Ordinance No. 0611-21.md,0611-21,included,,5,5.0
Thesis_Obsidian\Ordinances\2021\Ordinance No. 0612-21.md,,excluded,duplicate section identifiers detected; review OCR/section parsing,0,
Thesis_Obsidian\Ordinances\2021\Ordinance No. 0613-21.md,0613-21,included,"declared section_count=8, detected=6",6,8.0
Thesis_Obsidian\Ordinances\2021\Ordinance No. 0614-21.md,0614-21,included,,5,5.0
Thesis_Obsidian\Ordinances\2021\Ordinance No. 0615-21.md,0615-21,included,"declared section_count=8, detected=6",6,8.0
Thesis_Obsidian\Ordinances\2021\Ordinance No. 0616-21.md,0616-21,included,,5,5.0
Thesis_Obsidian\Ordinances\2021\Ordinance No. 0617-21.md,0617-21,included,,5,5.0
Thesis_Obsidian\Ordinances\2021\Ordinance No. 0619-21.md,,excluded,duplicate section identifiers detected; review OCR/section parsing,0,
Thesis_Obsidian\Ordinances\2021\Ordinance No. 0620-21.md,,excluded,duplicate section identifiers detected; review OCR/section parsing,0,
Thesis_Obsidian\Ordinances\2021\Ordinance No. 0622-21.md,,excluded,duplicate section identifiers detected; review OCR/section parsing,0,
Thesis_Obsidian\Ordinances\2021\Ordinance No. 0628-21.md,,excluded,duplicate section identifiers detected; review OCR/section parsing,0,
Thesis_Obsidian\Ordinances\2021\Ordinance No. 0629-21.md,0629-21,included,,5,5.0
Thesis_Obsidian\Ordinances\2021\Ordinance No. 0633-21.md,,excluded,duplicate section identifiers detected; review OCR/section parsing,0,
Thesis_Obsidian\Ordinances\2021\Ordinance No. 0634-21.md,,excluded,duplicate section identifiers detected; review OCR/section parsing,0,
Thesis_Obsidian\Ordinances\2021\Ordinance No. 0635-21.md,0635-21,included,,7,7.0
Thesis_Obsidian\Ordinances\2021\Ordinance No. 0636-21.md,0636-21,included,,6,6.0
Thesis_Obsidian\Ordinances\2021\Ordinance No. 0636-24.md,,excluded,duplicate section identifiers detected; review OCR/section parsing,0,
Thesis_Obsidian\Ordinances\2021\Ordinance No. 0637-21.md,0637-21,included,,8,8.0
Thesis_Obsidian\Ordinances\2021\Ordinance No. 0638-21.md,0638-21,included,,7,7.0
Thesis_Obsidian\Ordinances\2021\Ordinance No. 0639-21.md,0639-21,included,"declared section_count=7, detected=6",6,7.0
Thesis_Obsidian\Ordinances\2021\Ordinance No. 0640-21.md,0640-21,included,,7,7.0
Thesis_Obsidian\Ordinances\2021\Ordinance No. 0641-21.md,0641-21,included,"declared section_count=7, detected=6",6,7.0
Thesis_Obsidian\Ordinances\2021\Ordinance No. 0642-21.md,0642-21,included,,7,7.0
Thesis_Obsidian\Ordinances\2021\Ordinance No. 0643-21.md,0643-21,included,,2,2.0
Thesis_Obsidian\Ordinances\2021\Ordinance No. 0644-21.md,0644-21,included,,7,7.0
Thesis_Obsidian\Ordinances\2021\Ordinance No. 0645-21.md,0645-21,included,"declared section_count=8, detected=7",7,8.0
Thesis_Obsidian\Ordinances\2021\Ordinance No. 0649-21.md,,excluded,duplicate section identifiers detected; review OCR/section parsing,0,
Thesis_Obsidian\Ordinances\2021\Ordinance No. 0650-21.md,0650-21,included,,6,6.0
Thesis_Obsidian\Ordinances\2021\Ordinance No. 0651-21.md,,excluded,duplicate section identifiers detected; review OCR/section parsing,0,
Thesis_Obsidian\Ordinances\2021\Ordinance No. 0653-21.md,0653-21,included,,6,6.0
Thesis_Obsidian\Ordinances\2021\Ordinance No. 0654-21.md,0654-21,included,,5,5.0
Thesis_Obsidian\Ordinances\2021\Ordinance No. 0657-21.md,0657-21,included,,6,6.0
Thesis_Obsidian\Ordinances\2021\Ordinance No. 0658-21.md,0658-21,included,,7,7.0
Thesis_Obsidian\Ordinances\2021\Ordinance No. 0659-21.md,0659-21,included,,6,6.0
Thesis_Obsidian\Ordinances\2021\Ordinance No. 0660-21.md,0660-21,included,"declared section_count=7, detected=6",6,7.0
Thesis_Obsidian\Ordinances\2021\Ordinance No. 0662-21.md,,excluded,duplicate section identifiers detected; review OCR/section parsing,0,
Thesis_Obsidian\Ordinances\2021\Ordinance No. 0663-21.md,0663-21,included,,6,6.0
Thesis_Obsidian\Ordinances\2021\Ordinance No. 0665-21.md,0665-21,included,,4,4.0
Thesis_Obsidian\Ordinances\2021\Ordinance No. 0669-21.md,0669-21,included,,6,6.0
Thesis_Obsidian\Ordinances\2021\Ordinance No. 0680-21.md,0680-21,included,,19,19.0
Thesis_Obsidian\Ordinances\2021\Ordinance No. 0685-21.md,0685-21,included,,1,1.0
Thesis_Obsidian\Ordinances\2021\Ordinance No. 0690-21.md,0690-21,included,,5,5.0
Thesis_Obsidian\Ordinances\2021\Ordinance No. 0711-21.md,0711-21,included,,4,4.0
Thesis_Obsidian\Ordinances\2021\Ordinance No. 0741-21.md,,excluded,duplicate section identifiers detected; review OCR/section parsing,0,
Thesis_Obsidian\Ordinances\2021\Ordinance No. 0846-21.md,0846-21,included,"declared section_count=6, detected=5",5,6.0
Thesis_Obsidian\Ordinances\2021\Ordinance No. 087-19.md,087-19,included,,6,6.0
Thesis_Obsidian\Ordinances\2022\Ordinance No. 000003-22.md,Ordinance No. 000003-22,included,,5,5.0
Thesis_Obsidian\Ordinances\2022\Ordinance No. 000004-22.md,Ordinance No. 000004-22,included,,5,5.0
Thesis_Obsidian\Ordinances\2022\Ordinance No. 000007-22.md,Ordinance No. 000007-22,included,,5,5.0
Thesis_Obsidian\Ordinances\2022\Ordinance No. 000008-22.md,Ordinance No. 000008-22,included,,5,5.0
Thesis_Obsidian\Ordinances\2022\Ordinance No. 000010-22.md,Ordinance No. 000010-22,included,,5,5.0
Thesis_Obsidian\Ordinances\2022\Ordinance No. 000011-22.md,Ordinance No. 000011-22,included,,3,3.0
Thesis_Obsidian\Ordinances\2022\Ordinance No. 000013-22.md,Ordinance No. 000013-22,included,,5,5.0
Thesis_Obsidian\Ordinances\2022\Ordinance No. 000014-22.md,Ordinance No. 000014-22,included,,5,5.0
Thesis_Obsidian\Ordinances\2022\Ordinance No. 000029-22.md,,excluded,duplicate section identifiers detected; review OCR/section parsing,0,
Thesis_Obsidian\Ordinances\2022\Ordinance No. 000030-22.md,Ordinance No. 000030-22,included,"declared section_count=6, detected=5",5,6.0
Thesis_Obsidian\Ordinances\2022\Ordinance No. 000031-22.md,,excluded,duplicate section identifiers detected; review OCR/section parsing,0,
Thesis_Obsidian\Ordinances\2022\Ordinance No. 000032-22.md,,excluded,duplicate section identifiers detected; review OCR/section parsing,0,
Thesis_Obsidian\Ordinances\2022\Ordinance No. 000033-22.md,,excluded,duplicate section identifiers detected; review OCR/section parsing,0,
Thesis_Obsidian\Ordinances\2022\Ordinance No. 000039-22.md,,excluded,duplicate section identifiers detected; review OCR/section parsing,0,
Thesis_Obsidian\Ordinances\2022\Ordinance No. 000041-22.md,,excluded,duplicate section identifiers detected; review OCR/section parsing,0,
Thesis_Obsidian\Ordinances\2022\Ordinance No. 000111-22.md,,excluded,duplicate section identifiers detected; review OCR/section parsing,0,
Thesis_Obsidian\Ordinances\2022\Ordinance No. 000114-22.md,,excluded,duplicate section identifiers detected; review OCR/section parsing,0,
Thesis_Obsidian\Ordinances\2022\Ordinance No. 000782-21.md,,excluded,duplicate section identifiers detected; review OCR/section parsing,0,
Thesis_Obsidian\Ordinances\2022\Ordinance No. 000789-21.md,Ordinance No. 000789-21,included,,2,2.0
Thesis_Obsidian\Ordinances\2022\Ordinance No. 000808-21.md,,excluded,duplicate section identifiers detected; review OCR/section parsing,0,
Thesis_Obsidian\Ordinances\2022\Ordinance No. 000853-22.md,,excluded,duplicate section identifiers detected; review OCR/section parsing,0,
Thesis_Obsidian\Ordinances\2022\Ordinance No. 000854-22.md,Ordinance No. 000854-22,included,,27,27.0
Thesis_Obsidian\Ordinances\2022\Ordinance No. 000856-22.md,Ordinance No. 000856-22,included,,5,5.0
Thesis_Obsidian\Ordinances\2022\Ordinance No. 000862-22.md,,excluded,duplicate section identifiers detected; review OCR/section parsing,0,
Thesis_Obsidian\Ordinances\2022\Ordinance No. 000866-22.md,,excluded,duplicate section identifiers detected; review OCR/section parsing,0,
Thesis_Obsidian\Ordinances\2022\Ordinance No. 000868-22.md,,excluded,duplicate section identifiers detected; review OCR/section parsing,0,
Thesis_Obsidian\Ordinances\2022\Ordinance No. 000869-22.md,Ordinance No. 000869-22,included,,7,7.0
Thesis_Obsidian\Ordinances\2022\Ordinance No. 000870-22.md,Ordinance No. 000870-22,included,,7,7.0
Thesis_Obsidian\Ordinances\2022\Ordinance No. 000871-22.md,,excluded,duplicate section identifiers detected; review OCR/section parsing,0,
Thesis_Obsidian\Ordinances\2022\Ordinance No. 000877-22.md,Ordinance No. 000877-22,included,,5,5.0
Thesis_Obsidian\Ordinances\2022\Ordinance No. 000878-22.md,Ordinance No. 000878-22,included,"declared section_count=5, detected=4",4,5.0
Thesis_Obsidian\Ordinances\2022\Ordinance No. 000882-22.md,Ordinance No. 000882-22,included,"declared section_count=3, detected=2",2,3.0
Thesis_Obsidian\Ordinances\2022\Ordinance No. 000883-22.md,Ordinance No. 000883-22,included,,2,2.0
Thesis_Obsidian\Ordinances\2022\Ordinance No. 000886-22.md,Ordinance No. 000886-22,included,"declared section_count=4, detected=3",3,4.0
Thesis_Obsidian\Ordinances\2022\Ordinance No. 000887-22.md,Ordinance No. 000887-22,included,,6,6.0
Thesis_Obsidian\Ordinances\2022\Ordinance No. 000888-22.md,,excluded,duplicate section identifiers detected; review OCR/section parsing,0,
Thesis_Obsidian\Ordinances\2022\Ordinance No. 000890-22.md,Ordinance No. 000890-22,included,,8,8.0
Thesis_Obsidian\Ordinances\2022\Ordinance No. 000891-22.md,Ordinance No. 000891-22,included,,17,17.0
Thesis_Obsidian\Ordinances\2022\Ordinance No. 000894-22.md,Ordinance No. 000894-22,included,,6,6.0
Thesis_Obsidian\Ordinances\2022\Ordinance No. 000896-22.md,Ordinance No. 000896-22,included,,5,5.0
Thesis_Obsidian\Ordinances\2022\Ordinance No. 000898-22.md,Ordinance No. 000898-22,included,,15,15.0
Thesis_Obsidian\Ordinances\2022\Ordinance No. 000899-22.md,Ordinance No. 000899-22,included,,8,8.0
Thesis_Obsidian\Ordinances\2022\Ordinance No. 000900-22.md,,excluded,duplicate section identifiers detected; review OCR/section parsing,0,
Thesis_Obsidian\Ordinances\2022\Ordinance No. 000901-22.md,Ordinance No. 000901-22,included,,5,5.0
Thesis_Obsidian\Ordinances\2022\Ordinance No. 000902-22.md,,excluded,temporal_status='review' is not included,0,
Thesis_Obsidian\Ordinances\2022\Ordinance No. 000903-22.md,,excluded,duplicate section identifiers detected; review OCR/section parsing,0,
Thesis_Obsidian\Ordinances\2022\Ordinance No. 000909-22.md,Ordinance No. 000909-22,included,,2,2.0
Thesis_Obsidian\Ordinances\2022\Ordinance No. 000910-22.md,Ordinance No. 000910-22,included,,5,5.0
Thesis_Obsidian\Ordinances\2022\Ordinance No. 000914-22.md,,excluded,duplicate section identifiers detected; review OCR/section parsing,0,
Thesis_Obsidian\Ordinances\2022\Ordinance No. 000917-22.md,Ordinance No. 000917-22,included,"declared section_count=5, detected=4",4,5.0
Thesis_Obsidian\Ordinances\2022\Ordinance No. 000918-22.md,,excluded,duplicate section identifiers detected; review OCR/section parsing,0,
Thesis_Obsidian\Ordinances\2022\Ordinance No. 000919-22.md,Ordinance No. 000919-22,included,"declared section_count=18, detected=17",17,18.0
Thesis_Obsidian\Ordinances\2022\Ordinance No. 000924-22.md,Ordinance No. 000924-22,included,,5,5.0
Thesis_Obsidian\Ordinances\2022\Ordinance No. 000928-22.md,Ordinance No. 000928-22,included,,6,6.0
Thesis_Obsidian\Ordinances\2022\Ordinance No. 000930-22.md,Ordinance No. 000930-22,included,,4,4.0
Thesis_Obsidian\Ordinances\2022\Ordinance No. 000931-22.md,Ordinance No. 000931-22,included,,5,5.0
Thesis_Obsidian\Ordinances\2022\Ordinance No. 000933-22.md,Ordinance No. 000933-22,included,,7,7.0
Thesis_Obsidian\Ordinances\2022\Ordinance No. 000935-22.md,Ordinance No. 000935-22,included,,3,3.0
Thesis_Obsidian\Ordinances\2022\Ordinance No. 000936-22.md,Ordinance No. 000936-22,included,,5,5.0
Thesis_Obsidian\Ordinances\2022\Ordinance No. 000937-22.md,Ordinance No. 000937-22,included,,5,5.0
Thesis_Obsidian\Ordinances\2022\Ordinance No. 000938-22.md,Ordinance No. 000938-22,included,"declared section_count=5, detected=4",4,5.0
Thesis_Obsidian\Ordinances\2022\Ordinance No. 000940-22.md,Ordinance No. 000940-22,included,,5,5.0
Thesis_Obsidian\Ordinances\2022\Ordinance No. 000943-22.md,Ordinance No. 000943-22,included,,3,3.0
Thesis_Obsidian\Ordinances\2022\Ordinance No. 000950-22.md,Ordinance No. 000950-22,included,,13,13.0
Thesis_Obsidian\Ordinances\2022\Ordinance No. 000954-22.md,Ordinance No. 000954-22,included,,13,13.0
Thesis_Obsidian\Ordinances\2022\Ordinance No. 000974-22.md,Ordinance No. 000974-22,included,"declared section_count=9, detected=8",8,9.0
Thesis_Obsidian\Ordinances\2022\Ordinance No. 000980-22.md,Ordinance No. 000980-22,included,,5,5.0
Thesis_Obsidian\Ordinances\2022\Ordinance No. 000987-22.md,,excluded,duplicate section identifiers detected; review OCR/section parsing,0,
Thesis_Obsidian\Ordinances\2022\Ordinance No. 000989-22.md,Ordinance No. 000989-22,included,,5,5.0
Thesis_Obsidian\Ordinances\2022\Ordinance No. 000990-22.md,Ordinance No. 000990-22,included,,5,5.0
Thesis_Obsidian\Ordinances\2022\Ordinance No. 000991-22.md,Ordinance No. 000991-22,included,,4,4.0
Thesis_Obsidian\Ordinances\2022\Ordinance No. 001-22.md,001-22,included,,4,4.0
Thesis_Obsidian\Ordinances\2022\Ordinance No. 001000-22.md,Ordinance No. 001000-22,included,,5,5.0
Thesis_Obsidian\Ordinances\2022\Ordinance No. 002-22.md,002-22,included,,6,6.0
Thesis_Obsidian\Ordinances\2022\Ordinance No. 003-22.md,003-22,included,,4,4.0
Thesis_Obsidian\Ordinances\2022\Ordinance No. 004-22.md,004-22,included,,5,5.0
Thesis_Obsidian\Ordinances\2022\Ordinance No. 006-22.md,006-22,included,,4,4.0
Thesis_Obsidian\Ordinances\2022\Ordinance No. 007-22.md,007-22,included,,5,5.0
Thesis_Obsidian\Ordinances\2022\Ordinance No. 008-22.md,008-22,included,,4,4.0
Thesis_Obsidian\Ordinances\2022\Ordinance No. 009-22.md,009-22,included,,5,5.0
Thesis_Obsidian\Ordinances\2022\Ordinance No. 00912-22.md,,excluded,duplicate section identifiers detected; review OCR/section parsing,0,
Thesis_Obsidian\Ordinances\2022\Ordinance No. 010-22.md,010-22,included,,4,4.0
Thesis_Obsidian\Ordinances\2022\Ordinance No. 0100-22.md,0100-22,included,,8,8.0
Thesis_Obsidian\Ordinances\2022\Ordinance No. 01000-22.md,01000-22,included,,6,6.0
Thesis_Obsidian\Ordinances\2022\Ordinance No. 01001-22.md,01001-22,included,,6,6.0
Thesis_Obsidian\Ordinances\2022\Ordinance No. 01002-22.md,01002-22,included,,2,2.0
Thesis_Obsidian\Ordinances\2022\Ordinance No. 01004-22.md,01004-22,included,,7,7.0
Thesis_Obsidian\Ordinances\2022\Ordinance No. 01005-22.md,01005-22,included,,5,5.0
Thesis_Obsidian\Ordinances\2022\Ordinance No. 01006-22.md,01006-22,included,"declared section_count=4, detected=3",3,4.0
Thesis_Obsidian\Ordinances\2022\Ordinance No. 01007-22.md,01007-22,included,,6,6.0
Thesis_Obsidian\Ordinances\2022\Ordinance No. 0101-22.md,0101-22,included,"declared section_count=10, detected=9",9,10.0
Thesis_Obsidian\Ordinances\2022\Ordinance No. 0102-22.md,,excluded,duplicate section identifiers detected; review OCR/section parsing,0,
Thesis_Obsidian\Ordinances\2022\Ordinance No. 0103-22.md,0103-22,included,,4,4.0
Thesis_Obsidian\Ordinances\2022\Ordinance No. 0104-22.md,0104-22,included,,3,3.0
Thesis_Obsidian\Ordinances\2022\Ordinance No. 0107-22.md,,excluded,duplicate section identifiers detected; review OCR/section parsing,0,
Thesis_Obsidian\Ordinances\2022\Ordinance No. 0108-22.md,,excluded,duplicate section identifiers detected; review OCR/section parsing,0,
Thesis_Obsidian\Ordinances\2022\Ordinance No. 0109-22.md,0109-22,included,,4,4.0
Thesis_Obsidian\Ordinances\2022\Ordinance No. 011-22.md,011-22,included,"declared section_count=3, detected=2",2,3.0
Thesis_Obsidian\Ordinances\2022\Ordinance No. 0110-22.md,0110-22,included,,6,6.0
Thesis_Obsidian\Ordinances\2022\Ordinance No. 0112-22.md,0112-22,included,,5,5.0
Thesis_Obsidian\Ordinances\2022\Ordinance No. 0113-22.md,0113-22,included,,8,8.0
Thesis_Obsidian\Ordinances\2022\Ordinance No. 0115-22.md,0115-22,included,,5,5.0
Thesis_Obsidian\Ordinances\2022\Ordinance No. 0116-22.md,0116-22,included,,9,9.0
Thesis_Obsidian\Ordinances\2022\Ordinance No. 0117-22.md,0117-22,included,"declared section_count=4, detected=3",3,4.0
Thesis_Obsidian\Ordinances\2022\Ordinance No. 0118-22.md,,excluded,duplicate section identifiers detected; review OCR/section parsing,0,
Thesis_Obsidian\Ordinances\2022\Ordinance No. 0119-22.md,0119-22,included,,4,4.0
Thesis_Obsidian\Ordinances\2022\Ordinance No. 0120-22.md,0120-22,included,"declared section_count=5, detected=4",4,5.0
Thesis_Obsidian\Ordinances\2022\Ordinance No. 0121-22.md,0121-22,included,"declared section_count=3, detected=2",2,3.0
Thesis_Obsidian\Ordinances\2022\Ordinance No. 0122-22.md,0122-22,included,,3,3.0
Thesis_Obsidian\Ordinances\2022\Ordinance No. 0123-22.md,,excluded,duplicate section identifiers detected; review OCR/section parsing,0,
Thesis_Obsidian\Ordinances\2022\Ordinance No. 0125-22.md,0125-22,included,,4,4.0
Thesis_Obsidian\Ordinances\2022\Ordinance No. 0126-22.md,0126-22,included,,4,4.0
Thesis_Obsidian\Ordinances\2022\Ordinance No. 0127-22.md,0127-22,included,,4,4.0
Thesis_Obsidian\Ordinances\2022\Ordinance No. 0128-22.md,0128-22,included,"declared section_count=6, detected=5",5,6.0
Thesis_Obsidian\Ordinances\2022\Ordinance No. 013-22.md,013-22,included,,5,5.0
Thesis_Obsidian\Ordinances\2022\Ordinance No. 0130-22.md,0130-22,included,,6,6.0
Thesis_Obsidian\Ordinances\2022\Ordinance No. 0132-22.md,0132-22,included,,3,3.0
Thesis_Obsidian\Ordinances\2022\Ordinance No. 0133-22.md,0133-22,included,,5,5.0
Thesis_Obsidian\Ordinances\2022\Ordinance No. 0134-22.md,0134-22,included,,5,5.0
Thesis_Obsidian\Ordinances\2022\Ordinance No. 0135-22.md,0135-22,included,,5,5.0
Thesis_Obsidian\Ordinances\2022\Ordinance No. 014-22.md,014-22,included,,5,5.0
Thesis_Obsidian\Ordinances\2022\Ordinance No. 015-22.md,015-22,included,"declared section_count=6, detected=5",5,6.0
Thesis_Obsidian\Ordinances\2022\Ordinance No. 016-22.md,016-22,included,"declared section_count=6, detected=5",5,6.0
Thesis_Obsidian\Ordinances\2022\Ordinance No. 017-22.md,017-22,included,,5,5.0
Thesis_Obsidian\Ordinances\2022\Ordinance No. 018-22.md,,excluded,duplicate section identifiers detected; review OCR/section parsing,0,
Thesis_Obsidian\Ordinances\2022\Ordinance No. 019-22.md,019-22,included,,5,5.0
Thesis_Obsidian\Ordinances\2022\Ordinance No. 020-22.md,020-22,included,,4,4.0
Thesis_Obsidian\Ordinances\2022\Ordinance No. 021-22.md,021-22,included,,4,4.0
Thesis_Obsidian\Ordinances\2022\Ordinance No. 022-22.md,022-22,included,,4,4.0
Thesis_Obsidian\Ordinances\2022\Ordinance No. 023-22.md,023-22,included,,4,4.0
Thesis_Obsidian\Ordinances\2022\Ordinance No. 024-22.md,024-22,included,,3,3.0
Thesis_Obsidian\Ordinances\2022\Ordinance No. 025-22.md,,excluded,duplicate section identifiers detected; review OCR/section parsing,0,
Thesis_Obsidian\Ordinances\2022\Ordinance No. 026-22.md,,excluded,duplicate section identifiers detected; review OCR/section parsing,0,
Thesis_Obsidian\Ordinances\2022\Ordinance No. 027-22.md,027-22,included,"declared section_count=4, detected=3",3,4.0
Thesis_Obsidian\Ordinances\2022\Ordinance No. 028-22.md,028-22,included,,6,6.0
Thesis_Obsidian\Ordinances\2022\Ordinance No. 029-22.md,029-22,included,"declared section_count=5, detected=3",3,5.0
Thesis_Obsidian\Ordinances\2022\Ordinance No. 030-22.md,,excluded,duplicate section identifiers detected; review OCR/section parsing,0,
Thesis_Obsidian\Ordinances\2022\Ordinance No. 031-22.md,,excluded,duplicate section identifiers detected; review OCR/section parsing,0,
Thesis_Obsidian\Ordinances\2022\Ordinance No. 032-22.md,032-22,included,"declared section_count=6, detected=5",5,6.0
Thesis_Obsidian\Ordinances\2022\Ordinance No. 033-22.md,,excluded,duplicate section identifiers detected; review OCR/section parsing,0,
Thesis_Obsidian\Ordinances\2022\Ordinance No. 034-22.md,034-22,included,"declared section_count=7, detected=5",5,7.0
Thesis_Obsidian\Ordinances\2022\Ordinance No. 035-22.md,,excluded,duplicate section identifiers detected; review OCR/section parsing,0,
Thesis_Obsidian\Ordinances\2022\Ordinance No. 036-22.md,,excluded,duplicate section identifiers detected; review OCR/section parsing,0,
Thesis_Obsidian\Ordinances\2022\Ordinance No. 037-22.md,037-22,included,"declared section_count=7, detected=6",6,7.0
Thesis_Obsidian\Ordinances\2022\Ordinance No. 038-22.md,,excluded,duplicate section identifiers detected; review OCR/section parsing,0,
Thesis_Obsidian\Ordinances\2022\Ordinance No. 039-22.md,039-22,included,"declared section_count=7, detected=6",6,7.0
Thesis_Obsidian\Ordinances\2022\Ordinance No. 040-22.md,,excluded,duplicate section identifiers detected; review OCR/section parsing,0,
Thesis_Obsidian\Ordinances\2022\Ordinance No. 041-22.md,041-22,included,"declared section_count=7, detected=5",5,7.0
Thesis_Obsidian\Ordinances\2022\Ordinance No. 042-22.md,042-22,included,,5,5.0
Thesis_Obsidian\Ordinances\2022\Ordinance No. 043-22.md,043-22,included,,13,13.0
Thesis_Obsidian\Ordinances\2022\Ordinance No. 044-22.md,044-22,included,,4,4.0
Thesis_Obsidian\Ordinances\2022\Ordinance No. 046-22.md,,excluded,duplicate section identifiers detected; review OCR/section parsing,0,
Thesis_Obsidian\Ordinances\2022\Ordinance No. 047-22.md,047-22,included,,3,3.0
Thesis_Obsidian\Ordinances\2022\Ordinance No. 048-22.md,048-22,included,"declared section_count=16, detected=15",15,16.0
Thesis_Obsidian\Ordinances\2022\Ordinance No. 049-22.md,049-22,included,,4,4.0
Thesis_Obsidian\Ordinances\2022\Ordinance No. 050-22.md,050-22,included,,3,3.0
Thesis_Obsidian\Ordinances\2022\Ordinance No. 051-22.md,051-22,included,,4,4.0
Thesis_Obsidian\Ordinances\2022\Ordinance No. 052-22.md,052-22,included,,2,2.0
Thesis_Obsidian\Ordinances\2022\Ordinance No. 053-22.md,053-22,included,"declared section_count=5, detected=4",4,5.0
Thesis_Obsidian\Ordinances\2022\Ordinance No. 054-22.md,054-22,included,"declared section_count=6, detected=5",5,6.0
Thesis_Obsidian\Ordinances\2022\Ordinance No. 055-22.md,,excluded,duplicate section identifiers detected; review OCR/section parsing,0,
Thesis_Obsidian\Ordinances\2022\Ordinance No. 056-22.md,,excluded,duplicate section identifiers detected; review OCR/section parsing,0,
Thesis_Obsidian\Ordinances\2022\Ordinance No. 057-22.md,,excluded,duplicate section identifiers detected; review OCR/section parsing,0,
Thesis_Obsidian\Ordinances\2022\Ordinance No. 058-22.md,,excluded,duplicate section identifiers detected; review OCR/section parsing,0,
Thesis_Obsidian\Ordinances\2022\Ordinance No. 059-22.md,,excluded,duplicate section identifiers detected; review OCR/section parsing,0,
Thesis_Obsidian\Ordinances\2022\Ordinance No. 060-22.md,,excluded,duplicate section identifiers detected; review OCR/section parsing,0,
Thesis_Obsidian\Ordinances\2022\Ordinance No. 061-22.md,,excluded,duplicate section identifiers detected; review OCR/section parsing,0,
Thesis_Obsidian\Ordinances\2022\Ordinance No. 062-22.md,062-22,included,"declared section_count=7, detected=5",5,7.0
Thesis_Obsidian\Ordinances\2022\Ordinance No. 063-22.md,,excluded,duplicate section identifiers detected; review OCR/section parsing,0,
Thesis_Obsidian\Ordinances\2022\Ordinance No. 064-22.md,,excluded,duplicate section identifiers detected; review OCR/section parsing,0,
Thesis_Obsidian\Ordinances\2022\Ordinance No. 065-22.md,,excluded,duplicate section identifiers detected; review OCR/section parsing,0,
Thesis_Obsidian\Ordinances\2022\Ordinance No. 066-22.md,,excluded,duplicate section identifiers detected; review OCR/section parsing,0,
Thesis_Obsidian\Ordinances\2022\Ordinance No. 067-22.md,067-22,included,"declared section_count=7, detected=6",6,7.0
Thesis_Obsidian\Ordinances\2022\Ordinance No. 068-22.md,068-22,included,"declared section_count=7, detected=6",6,7.0
Thesis_Obsidian\Ordinances\2022\Ordinance No. 069-22.md,,excluded,duplicate section identifiers detected; review OCR/section parsing,0,
Thesis_Obsidian\Ordinances\2022\Ordinance No. 070-22.md,070-22,included,"declared section_count=6, detected=5",5,6.0
Thesis_Obsidian\Ordinances\2022\Ordinance No. 071-22.md,,excluded,duplicate section identifiers detected; review OCR/section parsing,0,
Thesis_Obsidian\Ordinances\2022\Ordinance No. 072-22.md,,excluded,duplicate section identifiers detected; review OCR/section parsing,0,
Thesis_Obsidian\Ordinances\2022\Ordinance No. 073-22.md,,excluded,duplicate section identifiers detected; review OCR/section parsing,0,
Thesis_Obsidian\Ordinances\2022\Ordinance No. 074-22.md,074-22,included,"declared section_count=4, detected=3",3,4.0
Thesis_Obsidian\Ordinances\2022\Ordinance No. 075-22.md,,excluded,duplicate section identifiers detected; review OCR/section parsing,0,
Thesis_Obsidian\Ordinances\2022\Ordinance No. 076-22.md,,excluded,duplicate section identifiers detected; review OCR/section parsing,0,
Thesis_Obsidian\Ordinances\2022\Ordinance No. 077-22.md,,excluded,duplicate section identifiers detected; review OCR/section parsing,0,
Thesis_Obsidian\Ordinances\2022\Ordinance No. 078-22.md,,excluded,duplicate section identifiers detected; review OCR/section parsing,0,
Thesis_Obsidian\Ordinances\2022\Ordinance No. 079-22.md,,excluded,duplicate section identifiers detected; review OCR/section parsing,0,
Thesis_Obsidian\Ordinances\2022\Ordinance No. 080-22.md,,excluded,duplicate section identifiers detected; review OCR/section parsing,0,
Thesis_Obsidian\Ordinances\2022\Ordinance No. 081-22.md,,excluded,duplicate section identifiers detected; review OCR/section parsing,0,
Thesis_Obsidian\Ordinances\2022\Ordinance No. 082-22.md,082-22,included,,6,6.0
Thesis_Obsidian\Ordinances\2022\Ordinance No. 083-22.md,,excluded,duplicate section identifiers detected; review OCR/section parsing,0,
Thesis_Obsidian\Ordinances\2022\Ordinance No. 084-22.md,084-22,included,,5,5.0
Thesis_Obsidian\Ordinances\2022\Ordinance No. 085-22.md,085-22,included,"declared section_count=5, detected=4",4,5.0
Thesis_Obsidian\Ordinances\2022\Ordinance No. 0854-22.md,0854-22,included,,26,26.0
Thesis_Obsidian\Ordinances\2022\Ordinance No. 0855-22.md,,excluded,duplicate section identifiers detected; review OCR/section parsing,0,
Thesis_Obsidian\Ordinances\2022\Ordinance No. 0856-22.md,0856-22,included,,3,3.0
Thesis_Obsidian\Ordinances\2022\Ordinance No. 0857-22.md,0857-22,included,,6,6.0
Thesis_Obsidian\Ordinances\2022\Ordinance No. 0858-22.md,0858-22,included,,3,3.0
Thesis_Obsidian\Ordinances\2022\Ordinance No. 0859-22.md,0859-22,included,,4,4.0
Thesis_Obsidian\Ordinances\2022\Ordinance No. 086-22.md,086-22,included,,9,9.0
Thesis_Obsidian\Ordinances\2022\Ordinance No. 0860-22.md,0860-22,included,,7,7.0
Thesis_Obsidian\Ordinances\2022\Ordinance No. 0863-22.md,0863-22,included,,5,5.0
Thesis_Obsidian\Ordinances\2022\Ordinance No. 0868-22.md,,excluded,duplicate section identifiers detected; review OCR/section parsing,0,
Thesis_Obsidian\Ordinances\2022\Ordinance No. 0869-22.md,0869-22,included,,7,7.0
Thesis_Obsidian\Ordinances\2022\Ordinance No. 0870-22.md,0870-22,included,,7,7.0
Thesis_Obsidian\Ordinances\2022\Ordinance No. 0871-22.md,,excluded,duplicate section identifiers detected; review OCR/section parsing,0,
Thesis_Obsidian\Ordinances\2022\Ordinance No. 0872-22.md,,excluded,duplicate section identifiers detected; review OCR/section parsing,0,
Thesis_Obsidian\Ordinances\2022\Ordinance No. 0873-22.md,0873-22,included,,13,13.0
Thesis_Obsidian\Ordinances\2022\Ordinance No. 0874-22.md,0874-22,included,"declared section_count=6, detected=4",4,6.0
Thesis_Obsidian\Ordinances\2022\Ordinance No. 0875-22.md,0875-22,included,,5,5.0
Thesis_Obsidian\Ordinances\2022\Ordinance No. 0876-22.md,0876-22,included,,6,6.0
Thesis_Obsidian\Ordinances\2022\Ordinance No. 0877-22.md,0877-22,included,"declared section_count=5, detected=4",4,5.0
Thesis_Obsidian\Ordinances\2022\Ordinance No. 0878-22.md,0878-22,included,,5,5.0
Thesis_Obsidian\Ordinances\2022\Ordinance No. 088-22.md,088-22,included,,4,4.0
Thesis_Obsidian\Ordinances\2022\Ordinance No. 0880-22.md,0880-22,included,,3,3.0
Thesis_Obsidian\Ordinances\2022\Ordinance No. 0881-22.md,0881-22,included,,3,3.0
Thesis_Obsidian\Ordinances\2022\Ordinance No. 0882-22.md,0882-22,included,"declared section_count=3, detected=2",2,3.0
Thesis_Obsidian\Ordinances\2022\Ordinance No. 0885-22.md,,excluded,duplicate section identifiers detected; review OCR/section parsing,0,
Thesis_Obsidian\Ordinances\2022\Ordinance No. 0888-22.md,,excluded,duplicate section identifiers detected; review OCR/section parsing,0,
Thesis_Obsidian\Ordinances\2022\Ordinance No. 089-22.md,089-22,included,,6,6.0
Thesis_Obsidian\Ordinances\2022\Ordinance No. 0892-22.md,0892-22,included,,5,5.0
Thesis_Obsidian\Ordinances\2022\Ordinance No. 0893-22.md,0893-22,included,,15,15.0
Thesis_Obsidian\Ordinances\2022\Ordinance No. 0895-22.md,0895-22,included,,12,12.0
Thesis_Obsidian\Ordinances\2022\Ordinance No. 0896-22.md,0896-22,included,,5,5.0
Thesis_Obsidian\Ordinances\2022\Ordinance No. 0897-22.md,0897-22,included,,36,36.0
Thesis_Obsidian\Ordinances\2022\Ordinance No. 090-22.md,090-22,included,,5,5.0
Thesis_Obsidian\Ordinances\2022\Ordinance No. 0906-22.md,0906-22,included,,6,6.0
Thesis_Obsidian\Ordinances\2022\Ordinance No. 091-22.md,091-22,included,,5,5.0
Thesis_Obsidian\Ordinances\2022\Ordinance No. 0911-22.md,0911-22,included,,4,4.0
Thesis_Obsidian\Ordinances\2022\Ordinance No. 0915-22.md,0915-22,included,,4,4.0
Thesis_Obsidian\Ordinances\2022\Ordinance No. 0923-22.md,0923-22,included,,5,5.0
Thesis_Obsidian\Ordinances\2022\Ordinance No. 0925-22.md,0925-22,included,,6,6.0
Thesis_Obsidian\Ordinances\2022\Ordinance No. 0926-22.md,0926-22,included,,5,5.0
Thesis_Obsidian\Ordinances\2022\Ordinance No. 0927-22.md,,excluded,duplicate section identifiers detected; review OCR/section parsing,0,
Thesis_Obsidian\Ordinances\2022\Ordinance No. 0928-22.md,0928-22,included,,6,6.0
Thesis_Obsidian\Ordinances\2022\Ordinance No. 0929-22.md,0929-22,included,,6,6.0
Thesis_Obsidian\Ordinances\2022\Ordinance No. 093-22.md,093-22,included,,3,3.0
Thesis_Obsidian\Ordinances\2022\Ordinance No. 0932-22.md,,excluded,duplicate section identifiers detected; review OCR/section parsing,0,
Thesis_Obsidian\Ordinances\2022\Ordinance No. 0939-22.md,0939-22,included,,3,3.0
Thesis_Obsidian\Ordinances\2022\Ordinance No. 094-22.md,094-22,included,,5,5.0
Thesis_Obsidian\Ordinances\2022\Ordinance No. 0940-22.md,0940-22,included,,3,3.0
Thesis_Obsidian\Ordinances\2022\Ordinance No. 0943-22.md,0943-22,included,,2,2.0
Thesis_Obsidian\Ordinances\2022\Ordinance No. 0944-22.md,0944-22,included,,6,6.0
Thesis_Obsidian\Ordinances\2022\Ordinance No. 0947-22.md,0947-22,included,,5,5.0
Thesis_Obsidian\Ordinances\2022\Ordinance No. 0948-22.md,0948-22,included,"declared section_count=4, detected=3",3,4.0
Thesis_Obsidian\Ordinances\2022\Ordinance No. 095-22.md,095-22,included,,6,6.0
Thesis_Obsidian\Ordinances\2022\Ordinance No. 0951-22.md,0951-22,included,,5,5.0
Thesis_Obsidian\Ordinances\2022\Ordinance No. 0952-22.md,0952-22,included,,5,5.0
Thesis_Obsidian\Ordinances\2022\Ordinance No. 0953-22.md,,excluded,duplicate section identifiers detected; review OCR/section parsing,0,
Thesis_Obsidian\Ordinances\2022\Ordinance No. 0955-22.md,0955-22,included,"declared section_count=6, detected=5",5,6.0
Thesis_Obsidian\Ordinances\2022\Ordinance No. 0956-22.md,0956-22,included,,5,5.0
Thesis_Obsidian\Ordinances\2022\Ordinance No. 0957-22.md,0957-22,included,,3,3.0
Thesis_Obsidian\Ordinances\2022\Ordinance No. 0958-22.md,0958-22,included,,3,3.0
Thesis_Obsidian\Ordinances\2022\Ordinance No. 0959-22.md,0959-22,included,"declared section_count=5, detected=4",4,5.0
Thesis_Obsidian\Ordinances\2022\Ordinance No. 096-22.md,096-22,included,,5,5.0
Thesis_Obsidian\Ordinances\2022\Ordinance No. 097-22.md,097-22,included,,5,5.0
Thesis_Obsidian\Ordinances\2022\Ordinance No. 0975-22.md,0975-22,included,,4,4.0
Thesis_Obsidian\Ordinances\2022\Ordinance No. 0976-22.md,0976-22,included,,5,5.0
Thesis_Obsidian\Ordinances\2022\Ordinance No. 0978-22.md,0978-22,included,,4,4.0
Thesis_Obsidian\Ordinances\2022\Ordinance No. 0979-22.md,0979-22,included,,8,8.0
Thesis_Obsidian\Ordinances\2022\Ordinance No. 098-22.md,098-22,included,,3,3.0
Thesis_Obsidian\Ordinances\2022\Ordinance No. 0981-22.md,0981-22,included,"declared section_count=6, detected=5",5,6.0
Thesis_Obsidian\Ordinances\2022\Ordinance No. 0984-22.md,0984-22,included,"declared section_count=5, detected=4",4,5.0
Thesis_Obsidian\Ordinances\2022\Ordinance No. 0988-22.md,0988-22,included,,13,13.0
Thesis_Obsidian\Ordinances\2022\Ordinance No. 0989-22.md,0989-22,included,,4,4.0
Thesis_Obsidian\Ordinances\2022\Ordinance No. 099-22.md,099-22,included,,5,5.0
Thesis_Obsidian\Ordinances\2022\Ordinance No. 0990-22.md,0990-22,included,,4,4.0
Thesis_Obsidian\Ordinances\2022\Ordinance No. 0991-22.md,0991-22,included,,5,5.0
Thesis_Obsidian\Ordinances\2022\Ordinance No. 0993-22.md,0993-22,included,,6,6.0
Thesis_Obsidian\Ordinances\2022\Ordinance No. 0994-22.md,0994-22,included,,7,7.0
Thesis_Obsidian\Ordinances\2022\Ordinance No. 0995-22.md,,excluded,duplicate section identifiers detected; review OCR/section parsing,0,
Thesis_Obsidian\Ordinances\2022\Ordinance No. 0996-22.md,0996-22,included,,3,3.0
Thesis_Obsidian\Ordinances\2022\Ordinance No. 0997-22.md,0997-22,included,,3,3.0
Thesis_Obsidian\Ordinances\2022\Ordinance No. 0998-22.md,0998-22,included,"declared section_count=33, detected=32",32,33.0
Thesis_Obsidian\Ordinances\2022\Ordinance No. 0999-22.md,,excluded,duplicate section identifiers detected; review OCR/section parsing,0,
Thesis_Obsidian\Ordinances\2023\Ordinance No. 000141-23 (2).md,Ordinance No. 000141-23 (2),included,"declared section_count=7, detected=6",6,7.0
Thesis_Obsidian\Ordinances\2023\Ordinance No. 000147-23 (2).md,Ordinance No. 000147-23 (2),included,"declared section_count=6, detected=4",4,6.0
Thesis_Obsidian\Ordinances\2023\Ordinance No. 000152-23 (2).md,Ordinance No. 000152-23 (2),included,"declared section_count=6, detected=5",5,6.0
Thesis_Obsidian\Ordinances\2023\Ordinance No. 000166-23 (2).md,Ordinance No. 000166-23 (2),included,,4,4.0
Thesis_Obsidian\Ordinances\2023\Ordinance No. 0136-23.md,0136-23,included,,5,5.0
Thesis_Obsidian\Ordinances\2023\Ordinance No. 0137-23.md,0137-23,included,,5,5.0
Thesis_Obsidian\Ordinances\2023\Ordinance No. 0140-23.md,0140-23,included,,2,2.0
Thesis_Obsidian\Ordinances\2023\Ordinance No. 0141-23.md,0141-23,included,,7,7.0
Thesis_Obsidian\Ordinances\2023\Ordinance No. 0142-23.md,0142-23,included,"declared section_count=7, detected=6",6,7.0
Thesis_Obsidian\Ordinances\2023\Ordinance No. 0143-23.md,0143-23,included,"declared section_count=7, detected=5",5,7.0
Thesis_Obsidian\Ordinances\2023\Ordinance No. 0144-23.md,0144-23,included,"declared section_count=7, detected=5",5,7.0
Thesis_Obsidian\Ordinances\2023\Ordinance No. 0145-23.md,0145-23,included,"declared section_count=7, detected=5",5,7.0
Thesis_Obsidian\Ordinances\2023\Ordinance No. 0146-23.md,0146-23,included,"declared section_count=7, detected=6",6,7.0
Thesis_Obsidian\Ordinances\2023\Ordinance No. 0147-23.md,0147-23,included,"declared section_count=6, detected=5",5,6.0
Thesis_Obsidian\Ordinances\2023\Ordinance No. 0148-23.md,0148-23,included,"declared section_count=6, detected=5",5,6.0
Thesis_Obsidian\Ordinances\2023\Ordinance No. 0149-23.md,0149-23,included,"declared section_count=7, detected=6",6,7.0
Thesis_Obsidian\Ordinances\2023\Ordinance No. 0150-23.md,0150-23,included,"declared section_count=7, detected=5",5,7.0
Thesis_Obsidian\Ordinances\2023\Ordinance No. 0151-23.md,0151-23,included,"declared section_count=4, detected=3",3,4.0
Thesis_Obsidian\Ordinances\2023\Ordinance No. 0152-23.md,0152-23,included,"declared section_count=6, detected=5",5,6.0
Thesis_Obsidian\Ordinances\2023\Ordinance No. 0153-23.md,0153-23,included,,7,7.0
Thesis_Obsidian\Ordinances\2023\Ordinance No. 0154-23.md,0154-23,included,"declared section_count=6, detected=5",5,6.0
Thesis_Obsidian\Ordinances\2023\Ordinance No. 0155-23.md,0155-23,included,,9,9.0
Thesis_Obsidian\Ordinances\2023\Ordinance No. 0156-23.md,0156-23,included,,9,9.0
Thesis_Obsidian\Ordinances\2023\Ordinance No. 0157-23.md,0157-23,included,,4,4.0
Thesis_Obsidian\Ordinances\2023\Ordinance No. 0158-23.md,0158-23,included,,4,4.0
Thesis_Obsidian\Ordinances\2023\Ordinance No. 0161-23.md,0161-23,included,,4,4.0
Thesis_Obsidian\Ordinances\2023\Ordinance No. 0162-23.md,0162-23,included,,4,4.0
Thesis_Obsidian\Ordinances\2023\Ordinance No. 0163-23.md,0163-23,included,,5,5.0
Thesis_Obsidian\Ordinances\2023\Ordinance No. 0164-23.md,0164-23,included,,4,4.0
Thesis_Obsidian\Ordinances\2023\Ordinance No. 0165-23.md,0165-23,included,,7,7.0
Thesis_Obsidian\Ordinances\2023\Ordinance No. 0166-23.md,0166-23,included,,4,4.0
Thesis_Obsidian\Ordinances\2023\Ordinance No. 0167-23.md,,excluded,duplicate section identifiers detected; review OCR/section parsing,0,
Thesis_Obsidian\Ordinances\2023\Ordinance No. 0168-23.md,0168-23,included,,4,4.0
Thesis_Obsidian\Ordinances\2023\Ordinance No. 0169-23.md,0169-23,included,,4,4.0
Thesis_Obsidian\Ordinances\2023\Ordinance No. 0171-23.md,0171-23,included,,5,5.0
Thesis_Obsidian\Ordinances\2023\Ordinance No. 0173-23.md,0173-23,included,,5,5.0
Thesis_Obsidian\Ordinances\2023\Ordinance No. 0174-23.md,0174-23,included,,1,1.0
Thesis_Obsidian\Ordinances\2023\Ordinance No. 0175-23.md,0175-23,included,,7,7.0
Thesis_Obsidian\Ordinances\2023\Ordinance No. 0176-23.md,0176-23,included,,5,5.0
Thesis_Obsidian\Ordinances\2023\Ordinance No. 0177-23.md,0177-23,included,,1,1.0
Thesis_Obsidian\Ordinances\2023\Ordinance No. 0178-23.md,0178-23,included,,6,6.0
Thesis_Obsidian\Ordinances\2023\Ordinance No. 0179-23.md,0179-23,included,"declared section_count=6, detected=5",5,6.0
Thesis_Obsidian\Ordinances\2023\Ordinance No. 0180-23.md,0180-23,included,,4,4.0
Thesis_Obsidian\Ordinances\2023\Ordinance No. 0181-23.md,0181-23,included,,4,4.0
Thesis_Obsidian\Ordinances\2023\Ordinance No. 0182-23.md,0182-23,included,,3,3.0
Thesis_Obsidian\Ordinances\2023\Ordinance No. 0183-23.md,0183-23,included,,3,3.0
Thesis_Obsidian\Ordinances\2023\Ordinance No. 0184-23.md,0184-23,included,"declared section_count=5, detected=4",4,5.0
Thesis_Obsidian\Ordinances\2023\Ordinance No. 0185-23.md,,excluded,duplicate section identifiers detected; review OCR/section parsing,0,
Thesis_Obsidian\Ordinances\2023\Ordinance No. 0186-23.md,0186-23,included,,4,4.0
Thesis_Obsidian\Ordinances\2023\Ordinance No. 0188-23.md,0188-23,included,,5,5.0
Thesis_Obsidian\Ordinances\2023\Ordinance No. 0189-23.md,0189-23,included,,6,6.0
Thesis_Obsidian\Ordinances\2023\Ordinance No. 0190-23.md,0190-23,included,,4,4.0
Thesis_Obsidian\Ordinances\2023\Ordinance No. 0191-23.md,0191-23,included,,4,4.0
Thesis_Obsidian\Ordinances\2023\Ordinance No. 0192-23.md,0192-23,included,,24,24.0
Thesis_Obsidian\Ordinances\2023\Ordinance No. 0193-23.md,0193-23,included,,6,6.0
Thesis_Obsidian\Ordinances\2023\Ordinance No. 0197-23.md,0197-23,included,,4,4.0
Thesis_Obsidian\Ordinances\2023\Ordinance No. 0198-23.md,0198-23,included,,3,3.0
Thesis_Obsidian\Ordinances\2023\Ordinance No. 0199-23.md,0199-23,included,,1,1.0
Thesis_Obsidian\Ordinances\2023\Ordinance No. 0200-23.md,0200-23,included,,3,3.0
Thesis_Obsidian\Ordinances\2023\Ordinance No. 0201-23.md,,excluded,duplicate section identifiers detected; review OCR/section parsing,0,
Thesis_Obsidian\Ordinances\2023\Ordinance No. 0202-23.md,0202-23,included,,5,5.0
Thesis_Obsidian\Ordinances\2023\Ordinance No. 0203-23.md,0203-23,included,,3,3.0
Thesis_Obsidian\Ordinances\2023\Ordinance No. 0204-23.md,0204-23,included,,5,5.0
Thesis_Obsidian\Ordinances\2023\Ordinance No. 0205-23.md,0205-23,included,,6,6.0
Thesis_Obsidian\Ordinances\2023\Ordinance No. 0206-23.md,0206-23,included,,4,4.0
Thesis_Obsidian\Ordinances\2023\Ordinance No. 0207-23.md,0207-23,included,,4,4.0
Thesis_Obsidian\Ordinances\2023\Ordinance No. 0208-23.md,,excluded,duplicate section identifiers detected; review OCR/section parsing,0,
Thesis_Obsidian\Ordinances\2023\Ordinance No. 0209-23.md,0209-23,included,,6,6.0
Thesis_Obsidian\Ordinances\2023\Ordinance No. 0210-23.md,,excluded,duplicate section identifiers detected; review OCR/section parsing,0,
Thesis_Obsidian\Ordinances\2023\Ordinance No. 0211-23.md,0211-23,included,,6,6.0
Thesis_Obsidian\Ordinances\2023\Ordinance No. 0213-23.md,0213-23,included,,3,3.0
Thesis_Obsidian\Ordinances\2023\Ordinance No. 0214-23.md,0214-23,included,,6,6.0
Thesis_Obsidian\Ordinances\2023\Ordinance No. 0215-23.md,0215-23,included,,2,2.0
Thesis_Obsidian\Ordinances\2023\Ordinance No. 0216-23.md,0216-23,included,,4,4.0
Thesis_Obsidian\Ordinances\2023\Ordinance No. 0217-23.md,0217-23,included,"declared section_count=5, detected=4",4,5.0
Thesis_Obsidian\Ordinances\2023\Ordinance No. 0218-23.md,0218-23,included,,5,5.0
Thesis_Obsidian\Ordinances\2023\Ordinance No. 0219-23.md,0219-23,included,,5,5.0
Thesis_Obsidian\Ordinances\2023\Ordinance No. 0220-23.md,0220-23,included,,6,6.0
Thesis_Obsidian\Ordinances\2023\Ordinance No. 0221-23.md,0221-23,included,,3,3.0
Thesis_Obsidian\Ordinances\2023\Ordinance No. 0222-23.md,,excluded,duplicate section identifiers detected; review OCR/section parsing,0,
Thesis_Obsidian\Ordinances\2023\Ordinance No. 0223-23.md,0223-23,included,,5,5.0
Thesis_Obsidian\Ordinances\2023\Ordinance No. 0225-23.md,0225-23,included,"declared section_count=5, detected=4",4,5.0
Thesis_Obsidian\Ordinances\2023\Ordinance No. 0226-23.md,0226-23,included,,3,3.0
Thesis_Obsidian\Ordinances\2023\Ordinance No. 0227-23.md,0227-23,included,"declared section_count=5, detected=3",3,5.0
Thesis_Obsidian\Ordinances\2023\Ordinance No. 0228-23.md,0228-23,included,,3,3.0
Thesis_Obsidian\Ordinances\2023\Ordinance No. 0229-23.md,0229-23,included,,7,7.0
Thesis_Obsidian\Ordinances\2023\Ordinance No. 0230-23.md,0230-23,included,,5,5.0
Thesis_Obsidian\Ordinances\2023\Ordinance No. 0231-23.md,0231-23,included,,3,3.0
Thesis_Obsidian\Ordinances\2023\Ordinance No. 0232-23.md,0232-23,included,,4,4.0
Thesis_Obsidian\Ordinances\2023\Ordinance No. 0233-23.md,0233-23,included,,1,1.0
Thesis_Obsidian\Ordinances\2023\Ordinance No. 0235-23.md,0235-23,included,,3,3.0
Thesis_Obsidian\Ordinances\2023\Ordinance No. 0236-23.md,,excluded,duplicate section identifiers detected; review OCR/section parsing,0,
Thesis_Obsidian\Ordinances\2023\Ordinance No. 0237-23.md,0237-23,included,,5,5.0
Thesis_Obsidian\Ordinances\2023\Ordinance No. 0238-23.md,0238-23,included,,6,6.0
Thesis_Obsidian\Ordinances\2023\Ordinance No. 0239-23.md,,excluded,duplicate section identifiers detected; review OCR/section parsing,0,
Thesis_Obsidian\Ordinances\2023\Ordinance No. 0241-23.md,0241-23,included,,2,2.0
Thesis_Obsidian\Ordinances\2023\Ordinance No. 0243-23.md,0243-23,included,,5,5.0
Thesis_Obsidian\Ordinances\2023\Ordinance No. 0245-23.md,,excluded,duplicate section identifiers detected; review OCR/section parsing,0,
Thesis_Obsidian\Ordinances\2023\Ordinance No. 0246-23.md,0246-23,included,,19,19.0
Thesis_Obsidian\Ordinances\2023\Ordinance No. 0247-23.md,0247-23,included,,5,5.0
Thesis_Obsidian\Ordinances\2023\Ordinance No. 0248-23.md,0248-23,included,,5,5.0
Thesis_Obsidian\Ordinances\2023\Ordinance No. 0249-23.md,0249-23,included,,5,5.0
Thesis_Obsidian\Ordinances\2023\Ordinance No. 0250-23.md,,excluded,duplicate section identifiers detected; review OCR/section parsing,0,
Thesis_Obsidian\Ordinances\2023\Ordinance No. 0251-23.md,0251-23,included,,5,5.0
Thesis_Obsidian\Ordinances\2023\Ordinance No. 0252-23.md,0252-23,included,,4,4.0
Thesis_Obsidian\Ordinances\2023\Ordinance No. 0253-23.md,0253-23,included,,2,2.0
Thesis_Obsidian\Ordinances\2023\Ordinance No. 0254-23.md,0254-23,included,,3,3.0
Thesis_Obsidian\Ordinances\2023\Ordinance No. 0255-23.md,0255-23,included,,4,4.0
Thesis_Obsidian\Ordinances\2023\Ordinance No. 0256-23.md,0256-23,included,,5,5.0
Thesis_Obsidian\Ordinances\2023\Ordinance No. 0257-23.md,0257-23,included,,6,6.0
Thesis_Obsidian\Ordinances\2023\Ordinance No. 0258-23.md,0258-23,included,,6,6.0
Thesis_Obsidian\Ordinances\2023\Ordinance No. 0259-23.md,0259-23,included,,2,2.0
Thesis_Obsidian\Ordinances\2023\Ordinance No. 0260-23.md,0260-23,included,,1,1.0
Thesis_Obsidian\Ordinances\2023\Ordinance No. 0261-23.md,0261-23,included,,3,3.0
Thesis_Obsidian\Ordinances\2023\Ordinance No. 0262-23.md,0262-23,included,,3,3.0
Thesis_Obsidian\Ordinances\2023\Ordinance No. 0263-23.md,0263-23,included,,2,2.0
Thesis_Obsidian\Ordinances\2023\Ordinance No. 0264-23.md,0264-23,included,,3,3.0
Thesis_Obsidian\Ordinances\2023\Ordinance No. 0265-23.md,0265-23,included,,3,3.0
Thesis_Obsidian\Ordinances\2023\Ordinance No. 0266-23.md,0266-23,included,,4,4.0
Thesis_Obsidian\Ordinances\2023\Ordinance No. 0267-23.md,0267-23,included,"declared section_count=4, detected=3",3,4.0
Thesis_Obsidian\Ordinances\2023\Ordinance No. 0268-23.md,0268-23,included,,5,5.0
Thesis_Obsidian\Ordinances\2023\Ordinance No. 0269-23.md,0269-23,included,,6,6.0
Thesis_Obsidian\Ordinances\2023\Ordinance No. 0270-23.md,,excluded,duplicate section identifiers detected; review OCR/section parsing,0,
Thesis_Obsidian\Ordinances\2023\Ordinance No. 0271-23.md,0271-23,included,,3,3.0
Thesis_Obsidian\Ordinances\2023\Ordinance No. 0272-23.md,0272-23,included,,3,3.0
Thesis_Obsidian\Ordinances\2023\Ordinance No. 0273-23.md,0273-23,included,,5,5.0
Thesis_Obsidian\Ordinances\2023\Ordinance No. 0275-23.md,0275-23,included,,5,5.0
Thesis_Obsidian\Ordinances\2023\Ordinance No. 0276-23.md,0276-23,included,"declared section_count=5, detected=4",4,5.0
Thesis_Obsidian\Ordinances\2023\Ordinance No. 0277-23.md,0277-23,included,,7,7.0
Thesis_Obsidian\Ordinances\2023\Ordinance No. 0278-23.md,0278-23,included,,3,3.0
Thesis_Obsidian\Ordinances\2023\Ordinance No. 0279-23.md,0279-23,included,,4,4.0
Thesis_Obsidian\Ordinances\2023\Ordinance No. 0280-23.md,0280-23,included,"declared section_count=5, detected=4",4,5.0
Thesis_Obsidian\Ordinances\2023\Ordinance No. 0282-23.md,0282-23,included,,3,3.0
Thesis_Obsidian\Ordinances\2023\Ordinance No. 0283-23.md,0283-23,included,,5,5.0
Thesis_Obsidian\Ordinances\2023\Ordinance No. 0284-23.md,0284-23,included,,6,6.0
Thesis_Obsidian\Ordinances\2023\Ordinance No. 0285-23.md,0285-23,included,,4,4.0
Thesis_Obsidian\Ordinances\2023\Ordinance No. 0287-23.md,0287-23,included,,4,4.0
Thesis_Obsidian\Ordinances\2023\Ordinance No. 0289-23.md,0289-23,included,,5,5.0
Thesis_Obsidian\Ordinances\2023\Ordinance No. 0290-23.md,,excluded,duplicate section identifiers detected; review OCR/section parsing,0,
Thesis_Obsidian\Ordinances\2023\Ordinance No. 0291-23.md,0291-23,included,,3,3.0
Thesis_Obsidian\Ordinances\2023\Ordinance No. 0292-23.md,0292-23,included,,3,3.0
Thesis_Obsidian\Ordinances\2023\Ordinance No. 0293-23.md,0293-23,included,,3,3.0
Thesis_Obsidian\Ordinances\2023\Ordinance No. 0295-23.md,0295-23,included,,5,5.0
Thesis_Obsidian\Ordinances\2023\Ordinance No. 0296-23.md,0296-23,included,,4,4.0
Thesis_Obsidian\Ordinances\2023\Ordinance No. 0297-23.md,0297-23,included,,6,6.0
Thesis_Obsidian\Ordinances\2023\Ordinance No. 0298-23.md,0298-23,included,,4,4.0
Thesis_Obsidian\Ordinances\2023\Ordinance No. 0299-23.md,0299-23,included,,3,3.0
Thesis_Obsidian\Ordinances\2023\Ordinance No. 0300-23.md,0300-23,included,,1,1.0
Thesis_Obsidian\Ordinances\2023\Ordinance No. 0301-23.md,0301-23,included,,3,3.0
Thesis_Obsidian\Ordinances\2023\Ordinance No. 0302-23.md,0302-23,included,,4,4.0
Thesis_Obsidian\Ordinances\2023\Ordinance No. 0303-23.md,0303-23,included,,9,9.0
Thesis_Obsidian\Ordinances\2023\Ordinance No. 0306-23.md,0306-23,included,,2,2.0
Thesis_Obsidian\Ordinances\2023\Ordinance No. 0307-23.md,0307-23,included,,18,18.0
Thesis_Obsidian\Ordinances\2023\Ordinance No. 0308-23.md,0308-23,included,,6,6.0
Thesis_Obsidian\Ordinances\2023\Ordinance No. 0309-23.md,0309-23,included,,10,10.0
Thesis_Obsidian\Ordinances\2023\Ordinance No. 0310-23.md,0310-23,included,,7,7.0
Thesis_Obsidian\Ordinances\2023\Ordinance No. 0312-23.md,0312-23,included,,5,5.0
Thesis_Obsidian\Ordinances\2023\Ordinance No. 0313-23.md,0313-23,included,,6,6.0
Thesis_Obsidian\Ordinances\2023\Ordinance No. 0314-23.md,0314-23,included,,5,5.0
Thesis_Obsidian\Ordinances\2023\Ordinance No. 0315-23.md,0315-23,included,,5,5.0
Thesis_Obsidian\Ordinances\2023\Ordinance No. 0316-23.md,0316-23,included,,7,7.0
Thesis_Obsidian\Ordinances\2023\Ordinance No. 0317-23.md,0317-23,included,,5,5.0
Thesis_Obsidian\Ordinances\2023\Ordinance No. 0318-23.md,0318-23,included,"declared section_count=6, detected=5",5,6.0
Thesis_Obsidian\Ordinances\2023\Ordinance No. 0319-23.md,0319-23,included,,5,5.0
Thesis_Obsidian\Ordinances\2023\Ordinance No. 0321-23.md,0321-23,included,,6,6.0
Thesis_Obsidian\Ordinances\2023\Ordinance No. 0322-23.md,0322-23,included,,6,6.0
Thesis_Obsidian\Ordinances\2023\Ordinance No. 0323-23.md,0323-23,included,,6,6.0
Thesis_Obsidian\Ordinances\2023\Ordinance No. 0324-23.md,0324-23,included,,4,4.0
Thesis_Obsidian\Ordinances\2023\Ordinance No. 0325-23.md,0325-23,included,,5,5.0
Thesis_Obsidian\Ordinances\2023\Ordinance No. 0326-23.md,0326-23,included,,5,5.0
Thesis_Obsidian\Ordinances\2023\Ordinance No. 0327-23.md,0327-23,included,,5,5.0
Thesis_Obsidian\Ordinances\2023\Ordinance No. 0328-23.md,0328-23,included,,4,4.0
Thesis_Obsidian\Ordinances\2023\Ordinance No. 0329-23.md,0329-23,included,"declared section_count=5, detected=4",4,5.0
Thesis_Obsidian\Ordinances\2023\Ordinance No. 0331-23.md,,excluded,duplicate section identifiers detected; review OCR/section parsing,0,
Thesis_Obsidian\Ordinances\2023\Ordinance No. 0332-23.md,0332-23,included,,9,9.0
Thesis_Obsidian\Ordinances\2023\Ordinance No. 0333-23.md,0333-23,included,,5,5.0
Thesis_Obsidian\Ordinances\2023\Ordinance No. 0334-23.md,0334-23,included,"declared section_count=5, detected=4",4,5.0
Thesis_Obsidian\Ordinances\2023\Ordinance No. 0335-23.md,0335-23,included,,5,5.0
Thesis_Obsidian\Ordinances\2023\Ordinance No. 0336-23.md,0336-23,included,,5,5.0
Thesis_Obsidian\Ordinances\2023\Ordinance No. 0337-23.md,,excluded,duplicate section identifiers detected; review OCR/section parsing,0,
Thesis_Obsidian\Ordinances\2023\Ordinance No. 0338-23.md,0338-23,included,,5,5.0
Thesis_Obsidian\Ordinances\2023\Ordinance No. 0339-23.md,0339-23,included,,6,6.0
Thesis_Obsidian\Ordinances\2023\Ordinance No. 0341-23.md,0341-23,included,"declared section_count=5, detected=4",4,5.0
Thesis_Obsidian\Ordinances\2023\Ordinance No. 0343-23.md,0343-23,included,,5,5.0
Thesis_Obsidian\Ordinances\2023\Ordinance No. 0344-23.md,0344-23,included,,5,5.0
Thesis_Obsidian\Ordinances\2023\Ordinance No. 0345-23.md,0345-23,included,,5,5.0
Thesis_Obsidian\Ordinances\2023\Ordinance No. 0346-23.md,0346-23,included,"declared section_count=5, detected=4",4,5.0
Thesis_Obsidian\Ordinances\2023\Ordinance No. 0347-23.md,0347-23,included,,5,5.0
Thesis_Obsidian\Ordinances\2023\Ordinance No. 0348-23.md,0348-23,included,,3,3.0
Thesis_Obsidian\Ordinances\2023\Ordinance No. 0349-23.md,,excluded,duplicate section identifiers detected; review OCR/section parsing,0,
Thesis_Obsidian\Ordinances\2023\Ordinance No. 0350-23.md,0350-23,included,"declared section_count=7, detected=6",6,7.0
Thesis_Obsidian\Ordinances\2023\Ordinance No. 0351-23.md,0351-23,included,"declared section_count=3, detected=2",2,3.0
Thesis_Obsidian\Ordinances\2023\Ordinance No. 0352-23.md,0352-23,included,,6,6.0
Thesis_Obsidian\Ordinances\2023\Ordinance No. 0353-23.md,0353-23,included,,6,6.0
Thesis_Obsidian\Ordinances\2023\Ordinance No. 0354-23.md,0354-23,included,"declared section_count=32, detected=31",31,32.0
Thesis_Obsidian\Ordinances\2023\Ordinance No. 0356-23.md,0356-23,included,,4,4.0
Thesis_Obsidian\Ordinances\2023\Ordinance No. 0357-23.md,0357-23,included,,5,5.0
Thesis_Obsidian\Ordinances\2023\Ordinance No. 0358-23.md,0358-23,included,,3,3.0
Thesis_Obsidian\Ordinances\2023\Ordinance No. 0360-23.md,0360-23,included,,5,5.0
Thesis_Obsidian\Ordinances\2023\Ordinance No. 0361-23.md,0361-23,included,,5,5.0
Thesis_Obsidian\Ordinances\2023\Ordinance No. 0363-23.md,0363-23,included,,5,5.0
Thesis_Obsidian\Ordinances\2023\Ordinance No. 0364-23.md,0364-23,included,,7,7.0
Thesis_Obsidian\Ordinances\2023\Ordinance No. 0366-23.md,0366-23,included,,6,6.0
Thesis_Obsidian\Ordinances\2023\Ordinance No. 0367-23.md,0367-23,included,,1,1.0
Thesis_Obsidian\Ordinances\2023\Ordinance No. 0368-23.md,,excluded,duplicate section identifiers detected; review OCR/section parsing,0,
Thesis_Obsidian\Ordinances\2023\Ordinance No. 0369-23.md,,excluded,duplicate section identifiers detected; review OCR/section parsing,0,
Thesis_Obsidian\Ordinances\2023\Ordinance No. 0370-23.md,,excluded,duplicate section identifiers detected; review OCR/section parsing,0,
Thesis_Obsidian\Ordinances\2023\Ordinance No. 0371-23.md,0371-23,included,,6,6.0
Thesis_Obsidian\Ordinances\2023\Ordinance No. 0373-23.md,0373-23,included,,5,5.0
Thesis_Obsidian\Ordinances\2023\Ordinance No. 0374-23.md,0374-23,included,,4,4.0
Thesis_Obsidian\Ordinances\2023\Ordinance No. 0377-23.md,0377-23,included,,6,6.0
Thesis_Obsidian\Ordinances\2023\Ordinance No. 0378-23.md,0378-23,included,,4,4.0
Thesis_Obsidian\Ordinances\2023\Ordinance No. 0379-23.md,0379-23,included,,6,6.0
Thesis_Obsidian\Ordinances\2023\Ordinance No. 0380-23.md,0380-23,included,"declared section_count=4, detected=3",3,4.0
Thesis_Obsidian\Ordinances\2023\Ordinance No. 0381-23.md,0381-23,included,,6,6.0
Thesis_Obsidian\Ordinances\2023\Ordinance No. 0383-23.md,0383-23,included,,4,4.0
Thesis_Obsidian\Ordinances\2023\Ordinance No. 0384-23.md,0384-23,included,,6,6.0
Thesis_Obsidian\Ordinances\2023\Ordinance No. 0385-23.md,0385-23,included,"declared section_count=5, detected=4",4,5.0
Thesis_Obsidian\Ordinances\2023\Ordinance No. 0475-21.md,0475-21,included,,8,8.0
Thesis_Obsidian\Ordinances\2024\Ordinance No. 0362-23.md,0362-23,included,,4,4.0
Thesis_Obsidian\Ordinances\2024\Ordinance No. 0375-23.md,0375-23,included,,5,5.0
Thesis_Obsidian\Ordinances\2024\Ordinance No. 0382-23.md,0382-23,included,,3,3.0
Thesis_Obsidian\Ordinances\2024\Ordinance No. 0386-24.md,0386-24,included,,5,5.0
Thesis_Obsidian\Ordinances\2024\Ordinance No. 0387-24.md,0387-24,included,,4,4.0
Thesis_Obsidian\Ordinances\2024\Ordinance No. 0388-24.md,0388-24,included,,5,5.0
Thesis_Obsidian\Ordinances\2024\Ordinance No. 0389-24.md,0389-24,included,,5,5.0
Thesis_Obsidian\Ordinances\2024\Ordinance No. 0390-24.md,0390-24,included,,5,5.0
Thesis_Obsidian\Ordinances\2024\Ordinance No. 0391-24.md,0391-24,included,,5,5.0
Thesis_Obsidian\Ordinances\2024\Ordinance No. 0392-24.md,0392-24,included,,5,5.0
Thesis_Obsidian\Ordinances\2024\Ordinance No. 0393-24.md,,excluded,duplicate section identifiers detected; review OCR/section parsing,0,
Thesis_Obsidian\Ordinances\2024\Ordinance No. 0394-24.md,0394-24,included,,5,5.0
Thesis_Obsidian\Ordinances\2024\Ordinance No. 0395-24.md,0395-24,included,,5,5.0
Thesis_Obsidian\Ordinances\2024\Ordinance No. 0396-24.md,0396-24,included,,4,4.0
Thesis_Obsidian\Ordinances\2024\Ordinance No. 0397-24.md,0397-24,included,,1,1.0
Thesis_Obsidian\Ordinances\2024\Ordinance No. 0398-24.md,0398-24,included,,3,3.0
Thesis_Obsidian\Ordinances\2024\Ordinance No. 0399-24.md,0399-24,included,,7,7.0
Thesis_Obsidian\Ordinances\2024\Ordinance No. 0400-24.md,0400-24,included,,5,5.0
Thesis_Obsidian\Ordinances\2024\Ordinance No. 0401-24.md,0401-24,included,,5,5.0
Thesis_Obsidian\Ordinances\2024\Ordinance No. 0402-24.md,0402-24,included,,5,5.0
Thesis_Obsidian\Ordinances\2024\Ordinance No. 0403-24.md,0403-24,included,,6,6.0
Thesis_Obsidian\Ordinances\2024\Ordinance No. 0404-24.md,0404-24,included,,4,4.0
Thesis_Obsidian\Ordinances\2024\Ordinance No. 0405-24.md,0405-24,included,,3,3.0
Thesis_Obsidian\Ordinances\2024\Ordinance No. 0406-24.md,,excluded,duplicate section identifiers detected; review OCR/section parsing,0,
Thesis_Obsidian\Ordinances\2024\Ordinance No. 0407-24.md,0407-24,included,,6,6.0
Thesis_Obsidian\Ordinances\2024\Ordinance No. 0408-24.md,0408-24,included,"declared section_count=7, detected=6",6,7.0
Thesis_Obsidian\Ordinances\2024\Ordinance No. 0409-24.md,0409-24,included,"declared section_count=7, detected=6",6,7.0
Thesis_Obsidian\Ordinances\2024\Ordinance No. 0410-24.md,0410-24,included,,7,7.0
Thesis_Obsidian\Ordinances\2024\Ordinance No. 0411-24.md,0411-24,included,,5,5.0
Thesis_Obsidian\Ordinances\2024\Ordinance No. 0412-24.md,0412-24,included,,6,6.0
Thesis_Obsidian\Ordinances\2024\Ordinance No. 0413-24.md,0413-24,included,,5,5.0
Thesis_Obsidian\Ordinances\2024\Ordinance No. 0414-24.md,0414-24,included,,6,6.0
Thesis_Obsidian\Ordinances\2024\Ordinance No. 0415-24.md,0415-24,included,,4,4.0
Thesis_Obsidian\Ordinances\2024\Ordinance No. 0416-24.md,0416-24,included,,5,5.0
Thesis_Obsidian\Ordinances\2024\Ordinance No. 0417-24.md,0417-24,included,,3,3.0
Thesis_Obsidian\Ordinances\2024\Ordinance No. 0418-24.md,0418-24,included,,6,6.0
Thesis_Obsidian\Ordinances\2024\Ordinance No. 0419-24.md,0419-24,included,"declared section_count=7, detected=6",6,7.0
Thesis_Obsidian\Ordinances\2024\Ordinance No. 0420-24.md,0420-24,included,,7,7.0
Thesis_Obsidian\Ordinances\2024\Ordinance No. 0421-24.md,0421-24,included,,3,3.0
Thesis_Obsidian\Ordinances\2024\Ordinance No. 0422-24.md,0422-24,included,,3,3.0
Thesis_Obsidian\Ordinances\2024\Ordinance No. 0423-24.md,0423-24,included,,4,4.0
Thesis_Obsidian\Ordinances\2024\Ordinance No. 0424-24.md,0424-24,included,,4,4.0
Thesis_Obsidian\Ordinances\2024\Ordinance No. 0425-24.md,0425-24,included,,4,4.0
Thesis_Obsidian\Ordinances\2024\Ordinance No. 0426-24.md,0426-24,included,,6,6.0
Thesis_Obsidian\Ordinances\2024\Ordinance No. 0427-24.md,0427-24,included,,5,5.0
Thesis_Obsidian\Ordinances\2024\Ordinance No. 0429-24.md,0429-24,included,,6,6.0
Thesis_Obsidian\Ordinances\2024\Ordinance No. 0430-24.md,0430-24,included,,3,3.0
Thesis_Obsidian\Ordinances\2024\Ordinance No. 0431-24.md,0431-24,included,,3,3.0
Thesis_Obsidian\Ordinances\2024\Ordinance No. 0432-24.md,0432-24,included,,2,2.0
Thesis_Obsidian\Ordinances\2024\Ordinance No. 0433-24.md,0433-24,included,,5,5.0
Thesis_Obsidian\Ordinances\2024\Ordinance No. 0434-24.md,0434-24,included,,4,4.0
Thesis_Obsidian\Ordinances\2024\Ordinance No. 0435-24.md,0435-24,included,,4,4.0
Thesis_Obsidian\Ordinances\2024\Ordinance No. 0436-24.md,0436-24,included,,6,6.0
Thesis_Obsidian\Ordinances\2024\Ordinance No. 0437-24.md,0437-24,included,,5,5.0
Thesis_Obsidian\Ordinances\2024\Ordinance No. 0438-24.md,0438-24,included,,5,5.0
Thesis_Obsidian\Ordinances\2024\Ordinance No. 0439-24.md,0439-24,included,"declared section_count=6, detected=5",5,6.0
Thesis_Obsidian\Ordinances\2024\Ordinance No. 0441-24.md,0441-24,included,,6,6.0
Thesis_Obsidian\Ordinances\2024\Ordinance No. 0442-24.md,0442-24,included,,5,5.0
Thesis_Obsidian\Ordinances\2024\Ordinance No. 0443-24.md,0443-24,included,,5,5.0
Thesis_Obsidian\Ordinances\2024\Ordinance No. 0445-24.md,,excluded,duplicate section identifiers detected; review OCR/section parsing,0,
Thesis_Obsidian\Ordinances\2024\Ordinance No. 0446-24.md,0446-24,included,,5,5.0
Thesis_Obsidian\Ordinances\2024\Ordinance No. 0447-24.md,0447-24,included,,1,1.0
Thesis_Obsidian\Ordinances\2024\Ordinance No. 0448-24.md,0448-24,included,,6,6.0
Thesis_Obsidian\Ordinances\2024\Ordinance No. 0449-24.md,0449-24,included,,5,5.0
Thesis_Obsidian\Ordinances\2024\Ordinance No. 0450-24.md,0450-24,included,"declared section_count=6, detected=5",5,6.0
Thesis_Obsidian\Ordinances\2024\Ordinance No. 0458-24.md,0458-24,included,,4,4.0
Thesis_Obsidian\Ordinances\2024\Ordinance No. 0459-24.md,0459-24,included,,5,5.0
Thesis_Obsidian\Ordinances\2024\Ordinance No. 0460-24.md,0460-24,included,,2,2.0
Thesis_Obsidian\Ordinances\2024\Ordinance No. 0461-24.md,0461-24,included,,1,1.0
Thesis_Obsidian\Ordinances\2024\Ordinance No. 0462-24.md,0462-24,included,,4,4.0
Thesis_Obsidian\Ordinances\2024\Ordinance No. 0463-24.md,0463-24,included,,5,5.0
Thesis_Obsidian\Ordinances\2024\Ordinance No. 0464-24.md,0464-24,included,,11,11.0
Thesis_Obsidian\Ordinances\2024\Ordinance No. 0466-24.md,0466-24,included,,4,4.0
Thesis_Obsidian\Ordinances\2024\Ordinance No. 0467-24.md,0467-24,included,,3,3.0
Thesis_Obsidian\Ordinances\2024\Ordinance No. 0468-24.md,0468-24,included,,8,8.0
Thesis_Obsidian\Ordinances\2024\Ordinance No. 0469-24.md,0469-24,included,,6,6.0
Thesis_Obsidian\Ordinances\2024\Ordinance No. 0470-24.md,0470-24,included,,7,7.0
Thesis_Obsidian\Ordinances\2024\Ordinance No. 0471-24.md,0471-24,included,,5,5.0
Thesis_Obsidian\Ordinances\2024\Ordinance No. 0472-24.md,0472-24,included,,21,21.0
Thesis_Obsidian\Ordinances\2024\Ordinance No. 0473-24.md,0473-24,included,,7,7.0
Thesis_Obsidian\Ordinances\2024\Ordinance No. 0474-24.md,0474-24,included,,6,6.0
Thesis_Obsidian\Ordinances\2024\Ordinance No. 0475-24.md,0475-24,included,"declared section_count=6, detected=5",5,6.0
Thesis_Obsidian\Ordinances\2024\Ordinance No. 0476-24.md,,excluded,duplicate section identifiers detected; review OCR/section parsing,0,
Thesis_Obsidian\Ordinances\2024\Ordinance No. 0477-24.md,,excluded,duplicate section identifiers detected; review OCR/section parsing,0,
Thesis_Obsidian\Ordinances\2024\Ordinance No. 0478-24.md,0478-24,included,,6,6.0
Thesis_Obsidian\Ordinances\2024\Ordinance No. 0479-24.md,0479-24,included,,4,4.0
Thesis_Obsidian\Ordinances\2024\Ordinance No. 0480-24.md,0480-24,included,,2,2.0
Thesis_Obsidian\Ordinances\2024\Ordinance No. 0481-24.md,0481-24,included,,5,5.0
Thesis_Obsidian\Ordinances\2024\Ordinance No. 0482-24.md,0482-24,included,,5,5.0
Thesis_Obsidian\Ordinances\2024\Ordinance No. 0483-24.md,0483-24,included,,2,2.0
Thesis_Obsidian\Ordinances\2024\Ordinance No. 0484-24.md,0484-24,included,,2,2.0
Thesis_Obsidian\Ordinances\2024\Ordinance No. 0485-24.md,0485-24,included,,4,4.0
Thesis_Obsidian\Ordinances\2024\Ordinance No. 0486-24.md,0486-24,included,,5,5.0
Thesis_Obsidian\Ordinances\2024\Ordinance No. 0489-24.md,,excluded,duplicate section identifiers detected; review OCR/section parsing,0,
Thesis_Obsidian\Ordinances\2024\Ordinance No. 0492-24.md,0492-24,included,,5,5.0
Thesis_Obsidian\Ordinances\2024\Ordinance No. 0493-24.md,0493-24,included,,5,5.0
Thesis_Obsidian\Ordinances\2024\Ordinance No. 0494-24.md,0494-24,included,,3,3.0
Thesis_Obsidian\Ordinances\2024\Ordinance No. 0495-24.md,,excluded,duplicate section identifiers detected; review OCR/section parsing,0,
Thesis_Obsidian\Ordinances\2024\Ordinance No. 0496-24.md,0496-24,included,,5,5.0
Thesis_Obsidian\Ordinances\2024\Ordinance No. 0497-24.md,0497-24,included,,4,4.0
Thesis_Obsidian\Ordinances\2024\Ordinance No. 0498-24.md,0498-24,included,,4,4.0
Thesis_Obsidian\Ordinances\2024\Ordinance No. 0499-24.md,0499-24,included,,5,5.0
Thesis_Obsidian\Ordinances\2024\Ordinance No. 0500-24.md,0500-24,included,,5,5.0
Thesis_Obsidian\Ordinances\2024\Ordinance No. 0501-24.md,0501-24,included,"declared section_count=5, detected=4",4,5.0
Thesis_Obsidian\Ordinances\2024\Ordinance No. 0502-24.md,0502-24,included,,5,5.0
Thesis_Obsidian\Ordinances\2024\Ordinance No. 0503-24.md,0503-24,included,,4,4.0
Thesis_Obsidian\Ordinances\2024\Ordinance No. 0504-24.md,0504-24,included,,6,6.0
Thesis_Obsidian\Ordinances\2024\Ordinance No. 0505-24.md,0505-24,included,,5,5.0
Thesis_Obsidian\Ordinances\2024\Ordinance No. 0506-24.md,0506-24,included,,5,5.0
Thesis_Obsidian\Ordinances\2024\Ordinance No. 0507-24.md,0507-24,included,,5,5.0
Thesis_Obsidian\Ordinances\2024\Ordinance No. 0508-24.md,0508-24,included,,5,5.0
Thesis_Obsidian\Ordinances\2024\Ordinance No. 0509-24.md,0509-24,included,,1,1.0
Thesis_Obsidian\Ordinances\2024\Ordinance No. 0510-24.md,0510-24,included,,7,7.0
Thesis_Obsidian\Ordinances\2024\Ordinance No. 0511-24.md,0511-24,included,,7,7.0
Thesis_Obsidian\Ordinances\2024\Ordinance No. 0512-24.md,,excluded,duplicate section identifiers detected; review OCR/section parsing,0,
Thesis_Obsidian\Ordinances\2024\Ordinance No. 0513-24.md,0513-24,included,,6,6.0
Thesis_Obsidian\Ordinances\2024\Ordinance No. 0521-24.md,0521-24,included,,4,4.0
Thesis_Obsidian\Ordinances\2024\Ordinance No. 0524-24.md,0524-24,included,"declared section_count=5, detected=3",3,5.0
Thesis_Obsidian\Ordinances\2024\Ordinance No. 0525-24.md,0525-24,included,,3,3.0
Thesis_Obsidian\Ordinances\2024\Ordinance No. 0526-24.md,0526-24,included,,6,6.0
Thesis_Obsidian\Ordinances\2024\Ordinance No. 0528-24.md,0528-24,included,,5,5.0
Thesis_Obsidian\Ordinances\2024\Ordinance No. 0529-24.md,0529-24,included,,3,3.0
Thesis_Obsidian\Ordinances\2024\Ordinance No. 0530-24.md,0530-24,included,,4,4.0
Thesis_Obsidian\Ordinances\2024\Ordinance No. 0531-24.md,0531-24,included,,6,6.0
Thesis_Obsidian\Ordinances\2024\Ordinance No. 0532-24.md,0532-24,included,,4,4.0
Thesis_Obsidian\Ordinances\2024\Ordinance No. 0533-24.md,0533-24,included,,2,2.0
Thesis_Obsidian\Ordinances\2024\Ordinance No. 0538-24.md,0538-24,included,,5,5.0
Thesis_Obsidian\Ordinances\2024\Ordinance No. 0539-24.md,,excluded,duplicate section identifiers detected; review OCR/section parsing,0,
Thesis_Obsidian\Ordinances\2024\Ordinance No. 0541-24.md,0541-24,included,,5,5.0
Thesis_Obsidian\Ordinances\2024\Ordinance No. 0542-24.md,0542-24,included,,4,4.0
Thesis_Obsidian\Ordinances\2024\Ordinance No. 0543-24.md,0543-24,included,,3,3.0
Thesis_Obsidian\Ordinances\2024\Ordinance No. 0544-24.md,0544-24,included,,5,5.0
Thesis_Obsidian\Ordinances\2024\Ordinance No. 0545-24.md,0545-24,included,,3,3.0
Thesis_Obsidian\Ordinances\2024\Ordinance No. 0547-24.md,0547-24,included,,2,2.0
Thesis_Obsidian\Ordinances\2024\Ordinance No. 0548-24.md,0548-24,included,,9,9.0
Thesis_Obsidian\Ordinances\2024\Ordinance No. 0549-24.md,0549-24,included,,1,1.0
Thesis_Obsidian\Ordinances\2024\Ordinance No. 0550-24.md,0550-24,included,,4,4.0
Thesis_Obsidian\Ordinances\2024\Ordinance No. 0551-24.md,0551-24,included,,6,6.0
Thesis_Obsidian\Ordinances\2024\Ordinance No. 0552-24.md,0552-24,included,,9,9.0
Thesis_Obsidian\Ordinances\2024\Ordinance No. 0553-24.md,0553-24,included,,4,4.0
Thesis_Obsidian\Ordinances\2024\Ordinance No. 0554-24.md,0554-24,included,,2,2.0
Thesis_Obsidian\Ordinances\2024\Ordinance No. 0555-24.md,0555-24,included,,5,5.0
Thesis_Obsidian\Ordinances\2024\Ordinance No. 0556-24.md,0556-24,included,,1,1.0
Thesis_Obsidian\Ordinances\2024\Ordinance No. 0558-24.md,,excluded,duplicate section identifiers detected; review OCR/section parsing,0,
Thesis_Obsidian\Ordinances\2024\Ordinance No. 0559-24.md,,excluded,duplicate section identifiers detected; review OCR/section parsing,0,
Thesis_Obsidian\Ordinances\2024\Ordinance No. 0560-24.md,,excluded,duplicate section identifiers detected; review OCR/section parsing,0,
Thesis_Obsidian\Ordinances\2024\Ordinance No. 0561-24.md,,excluded,duplicate section identifiers detected; review OCR/section parsing,0,
Thesis_Obsidian\Ordinances\2024\Ordinance No. 0562-24.md,,excluded,duplicate section identifiers detected; review OCR/section parsing,0,
Thesis_Obsidian\Ordinances\2024\Ordinance No. 0563-24.md,0563-24,included,,5,5.0
Thesis_Obsidian\Ordinances\2024\Ordinance No. 0564-24.md,0564-24,included,,5,5.0
Thesis_Obsidian\Ordinances\2024\Ordinance No. 0565-24.md,0565-24,included,"declared section_count=6, detected=5",5,6.0
Thesis_Obsidian\Ordinances\2024\Ordinance No. 0566-24.md,0566-24,included,,7,7.0
Thesis_Obsidian\Ordinances\2024\Ordinance No. 0567-24.md,0567-24,included,,3,3.0
Thesis_Obsidian\Ordinances\2024\Ordinance No. 0568-24.md,0568-24,included,"declared section_count=6, detected=5",5,6.0
Thesis_Obsidian\Ordinances\2024\Ordinance No. 0569-24.md,0569-24,included,,5,5.0
Thesis_Obsidian\Ordinances\2024\Ordinance No. 0570-24.md,0570-24,included,,3,3.0
Thesis_Obsidian\Ordinances\2024\Ordinance No. 0571-24.md,0571-24,included,,3,3.0
Thesis_Obsidian\Ordinances\2024\Ordinance No. 0572-24.md,0572-24,included,"declared section_count=5, detected=4",4,5.0
Thesis_Obsidian\Ordinances\2024\Ordinance No. 0573-24.md,0573-24,included,,6,6.0
Thesis_Obsidian\Ordinances\2024\Ordinance No. 0574-24.md,0574-24,included,"declared section_count=5, detected=3",3,5.0
Thesis_Obsidian\Ordinances\2024\Ordinance No. 0578-24.md,0578-24,included,,3,3.0
Thesis_Obsidian\Ordinances\2024\Ordinance No. 0579-24.md,0579-24,included,,6,6.0
Thesis_Obsidian\Ordinances\2024\Ordinance No. 0580-24.md,0580-24,included,,1,1.0
Thesis_Obsidian\Ordinances\2024\Ordinance No. 0581-24.md,0581-24,included,,7,7.0
Thesis_Obsidian\Ordinances\2024\Ordinance No. 0582-24.md,0582-24,included,,7,7.0
Thesis_Obsidian\Ordinances\2024\Ordinance No. 0583-24.md,0583-24,included,,5,5.0
Thesis_Obsidian\Ordinances\2024\Ordinance No. 0584-24.md,0584-24,included,,5,5.0
Thesis_Obsidian\Ordinances\2024\Ordinance No. 0585-24.md,,excluded,duplicate section identifiers detected; review OCR/section parsing,0,
Thesis_Obsidian\Ordinances\2024\Ordinance No. 0586-24.md,0586-24,included,,2,2.0
Thesis_Obsidian\Ordinances\2024\Ordinance No. 0587-24.md,0587-24,included,,5,5.0
Thesis_Obsidian\Ordinances\2024\Ordinance No. 0588-24.md,0588-24,included,,4,4.0
Thesis_Obsidian\Ordinances\2024\Ordinance No. 0589-24.md,0589-24,included,,5,5.0
Thesis_Obsidian\Ordinances\2024\Ordinance No. 0590-24.md,0590-24,included,"declared section_count=7, detected=6",6,7.0
Thesis_Obsidian\Ordinances\2024\Ordinance No. 0591-24.md,0591-24,included,,7,7.0
Thesis_Obsidian\Ordinances\2024\Ordinance No. 0592-24.md,0592-24,included,,7,7.0
Thesis_Obsidian\Ordinances\2024\Ordinance No. 0593-24.md,0593-24,included,,7,7.0
Thesis_Obsidian\Ordinances\2024\Ordinance No. 0594-24.md,0594-24,included,,7,7.0
Thesis_Obsidian\Ordinances\2024\Ordinance No. 0595-24.md,0595-24,included,,7,7.0
Thesis_Obsidian\Ordinances\2024\Ordinance No. 0596-24.md,0596-24,included,,7,7.0
Thesis_Obsidian\Ordinances\2024\Ordinance No. 0597-24.md,0597-24,included,"declared section_count=7, detected=6",6,7.0
Thesis_Obsidian\Ordinances\2024\Ordinance No. 0598-24.md,0598-24,included,,7,7.0
Thesis_Obsidian\Ordinances\2024\Ordinance No. 0599-24.md,0599-24,included,,6,6.0
Thesis_Obsidian\Ordinances\2024\Ordinance No. 0600-24.md,0600-24,included,,7,7.0
Thesis_Obsidian\Ordinances\2024\Ordinance No. 0601-24.md,0601-24,included,"declared section_count=7, detected=6",6,7.0
Thesis_Obsidian\Ordinances\2024\Ordinance No. 0602-24.md,0602-24,included,,7,7.0
Thesis_Obsidian\Ordinances\2024\Ordinance No. 0603-24.md,0603-24,included,"declared section_count=7, detected=6",6,7.0
Thesis_Obsidian\Ordinances\2024\Ordinance No. 0604-24.md,0604-24,included,"declared section_count=6, detected=5",5,6.0
Thesis_Obsidian\Ordinances\2024\Ordinance No. 0605-24.md,0605-24,included,,7,7.0
Thesis_Obsidian\Ordinances\2024\Ordinance No. 0606-24.md,0606-24,included,,7,7.0
Thesis_Obsidian\Ordinances\2024\Ordinance No. 0607-24.md,0607-24,included,"declared section_count=7, detected=6",6,7.0
Thesis_Obsidian\Ordinances\2024\Ordinance No. 0608-24.md,0608-24,included,"declared section_count=7, detected=6",6,7.0
Thesis_Obsidian\Ordinances\2024\Ordinance No. 0609-24.md,0609-24,included,"declared section_count=7, detected=6",6,7.0
Thesis_Obsidian\Ordinances\2024\Ordinance No. 0610-24.md,0610-24,included,"declared section_count=7, detected=6",6,7.0
Thesis_Obsidian\Ordinances\2024\Ordinance No. 0611-24.md,0611-24,included,"declared section_count=5, detected=3",3,5.0
Thesis_Obsidian\Ordinances\2024\Ordinance No. 0612-24.md,0612-24,included,"declared section_count=7, detected=6",6,7.0
Thesis_Obsidian\Ordinances\2024\Ordinance No. 0613-24.md,0613-24,included,"declared section_count=4, detected=3",3,4.0
Thesis_Obsidian\Ordinances\2024\Ordinance No. 0614-24.md,0614-24,included,"declared section_count=5, detected=3",3,5.0
Thesis_Obsidian\Ordinances\2024\Ordinance No. 0615-24.md,0615-24,included,"declared section_count=4, detected=3",3,4.0
Thesis_Obsidian\Ordinances\2024\Ordinance No. 0616-24.md,0616-24,included,,4,4.0
Thesis_Obsidian\Ordinances\2024\Ordinance No. 0617-24.md,,excluded,duplicate section identifiers detected; review OCR/section parsing,0,
Thesis_Obsidian\Ordinances\2024\Ordinance No. 0619-24.md,0619-24,included,,2,2.0
Thesis_Obsidian\Ordinances\2024\Ordinance No. 0620-24.md,0620-24,included,,5,5.0
Thesis_Obsidian\Ordinances\2024\Ordinance No. 0621-24.md,0621-24,included,,6,6.0
Thesis_Obsidian\Ordinances\2024\Ordinance No. 0622-24.md,0622-24,included,,5,5.0
Thesis_Obsidian\Ordinances\2024\Ordinance No. 0623-24.md,0623-24,included,,14,14.0
Thesis_Obsidian\Ordinances\2024\Ordinance No. 0624-24.md,,excluded,duplicate section identifiers detected; review OCR/section parsing,0,
Thesis_Obsidian\Ordinances\2024\Ordinance No. 0625-24.md,0625-24,included,,6,6.0
Thesis_Obsidian\Ordinances\2024\Ordinance No. 0626-24.md,0626-24,included,,4,4.0
Thesis_Obsidian\Ordinances\2024\Ordinance No. 0627-24.md,0627-24,included,,4,4.0
Thesis_Obsidian\Ordinances\2024\Ordinance No. 0628-24.md,,excluded,duplicate section identifiers detected; review OCR/section parsing,0,
Thesis_Obsidian\Ordinances\2024\Ordinance No. 0630-24.md,0630-24,included,,2,2.0
Thesis_Obsidian\Ordinances\2024\Ordinance No. 0632-24.md,,excluded,duplicate section identifiers detected; review OCR/section parsing,0,
Thesis_Obsidian\Ordinances\2024\Ordinance No. 0633-24.md,0633-24,included,,3,3.0
Thesis_Obsidian\Ordinances\2024\Ordinance No. 0634-24.md,0634-24,included,,5,5.0
Thesis_Obsidian\Ordinances\2024\Ordinance No. 0635-24.md,0635-24,included,,4,4.0
Thesis_Obsidian\Ordinances\2024\Ordinance No. 0637-24.md,0637-24,included,,5,5.0
Thesis_Obsidian\Ordinances\2024\Ordinance No. 0638-24.md,0638-24,included,,5,5.0
Thesis_Obsidian\Ordinances\2024\Ordinance No. 0639-24.md,0639-24,included,,5,5.0
Thesis_Obsidian\Ordinances\2024\Ordinance No. 0640-24.md,0640-24,included,,5,5.0
Thesis_Obsidian\Ordinances\2024\Ordinance No. 0641-24.md,0641-24,included,,4,4.0
Thesis_Obsidian\Ordinances\2024\Ordinance No. 0642-24.md,0642-24,included,,4,4.0
Thesis_Obsidian\Ordinances\2024\Ordinance No. 0643-24.md,0643-24,included,,5,5.0
Thesis_Obsidian\Ordinances\2024\Ordinance No. 0644-24.md,0644-24,included,,3,3.0
Thesis_Obsidian\Ordinances\2024\Ordinance No. 0645-24.md,0645-24,included,,4,4.0
Thesis_Obsidian\Ordinances\2024\Ordinance No. 0646-24.md,0646-24,included,,2,2.0
Thesis_Obsidian\Ordinances\2024\Ordinance No. 0647-24.md,0647-24,included,,2,2.0
Thesis_Obsidian\Ordinances\2024\Ordinance No. 0650-24.md,0650-24,included,,2,2.0
Thesis_Obsidian\Ordinances\2024\Ordinance No. 0651-24.md,0651-24,included,,1,1.0
Thesis_Obsidian\Ordinances\2024\Ordinance No. 0652-24.md,0652-24,included,,5,5.0
Thesis_Obsidian\Ordinances\2024\Ordinance No. 0653-24.md,0653-24,included,,5,5.0
Thesis_Obsidian\Ordinances\2024\Ordinance No. 0654-24.md,0654-24,included,,3,3.0
Thesis_Obsidian\Ordinances\2024\Ordinance No. 0655-24.md,0655-24,included,,5,5.0
Thesis_Obsidian\Ordinances\2024\Ordinance No. 0656-24.md,0656-24,included,"declared section_count=5, detected=4",4,5.0
Thesis_Obsidian\Ordinances\2024\Ordinance No. 0657-24.md,0657-24,included,,4,4.0
Thesis_Obsidian\Ordinances\2024\Ordinance No. 0658-24.md,0658-24,included,,5,5.0
Thesis_Obsidian\Ordinances\2024\Ordinance No. 0659-24.md,0659-24,included,,3,3.0
Thesis_Obsidian\Ordinances\2024\Ordinance No. 0660-24.md,0660-24,included,,6,6.0
Thesis_Obsidian\Ordinances\2024\Ordinance No. 0661-24.md,0661-24,included,"declared section_count=5, detected=4",4,5.0
Thesis_Obsidian\Ordinances\2024\Ordinance No. 0662-24.md,0662-24,included,"declared section_count=6, detected=4",4,6.0
Thesis_Obsidian\Ordinances\2024\Ordinance No. 0663-24.md,0663-24,included,"declared section_count=7, detected=6",6,7.0
Thesis_Obsidian\Ordinances\2024\Ordinance No. 0664-24.md,0664-24,included,,5,5.0
Thesis_Obsidian\Ordinances\2024\Ordinance No. 0665-24.md,0665-24,included,,7,7.0
Thesis_Obsidian\Ordinances\2024\Ordinance No. 0666-24.md,0666-24,included,,6,6.0
Thesis_Obsidian\Ordinances\2024\Ordinance No. 0667-24.md,0667-24,included,,6,6.0
Thesis_Obsidian\Ordinances\2024\Ordinance No. 0668-24.md,0668-24,included,,7,7.0
Thesis_Obsidian\Ordinances\2024\Ordinance No. 0669-24.md,0669-24,included,,6,6.0
Thesis_Obsidian\Ordinances\2024\Ordinance No. 0670-24.md,0670-24,included,,7,7.0
Thesis_Obsidian\Ordinances\2024\Ordinance No. 0671-24.md,0671-24,included,"declared section_count=7, detected=6",6,7.0
Thesis_Obsidian\Ordinances\2024\Ordinance No. 0672-24.md,0672-24,included,,6,6.0
Thesis_Obsidian\Ordinances\2024\Ordinance No. 0673-24.md,0673-24,included,"declared section_count=6, detected=4",4,6.0
Thesis_Obsidian\Ordinances\2024\Ordinance No. 0674-24.md,0674-24,included,,7,7.0
Thesis_Obsidian\Ordinances\2024\Ordinance No. 0675-24.md,0675-24,included,"declared section_count=6, detected=5",5,6.0
Thesis_Obsidian\Ordinances\2024\Ordinance No. 0676-24.md,0676-24,included,,6,6.0
Thesis_Obsidian\Ordinances\2024\Ordinance No. 0677-24.md,0677-24,included,,6,6.0
Thesis_Obsidian\Ordinances\2024\Ordinance No. 0678-24.md,0678-24,included,,5,5.0
Thesis_Obsidian\Ordinances\2024\Ordinance No. 0679-24.md,0679-24,included,,6,6.0
Thesis_Obsidian\Ordinances\2024\Ordinance No. 0680-24.md,0680-24,included,,6,6.0
Thesis_Obsidian\Ordinances\2024\Ordinance No. 0681-24.md,0681-24,included,,6,6.0
Thesis_Obsidian\Ordinances\2024\Ordinance No. 0682-24.md,0682-24,included,,5,5.0
Thesis_Obsidian\Ordinances\2024\Ordinance No. 0683-24.md,0683-24,included,,7,7.0
Thesis_Obsidian\Ordinances\2024\Ordinance No. 0684-24.md,0684-24,included,,7,7.0
Thesis_Obsidian\Ordinances\2024\Ordinance No. 0685-24.md,0685-24,included,,6,6.0
Thesis_Obsidian\Ordinances\2024\Ordinance No. 0686-24.md,0686-24,included,,7,7.0
Thesis_Obsidian\Ordinances\2024\Ordinance No. 0687-24.md,0687-24,included,,7,7.0
Thesis_Obsidian\Ordinances\2024\Ordinance No. 0688-24.md,0688-24,included,,6,6.0
Thesis_Obsidian\Ordinances\2024\Ordinance No. 0689-24.md,0689-24,included,,5,5.0
Thesis_Obsidian\Ordinances\2024\Ordinance No. 0690-24.md,0690-24,included,,7,7.0
Thesis_Obsidian\Ordinances\2024\Ordinance No. 0691-24.md,0691-24,included,,5,5.0
Thesis_Obsidian\Ordinances\2024\Ordinance No. 0692-24.md,0692-24,included,,6,6.0
Thesis_Obsidian\Ordinances\2024\Ordinance No. 0693-24.md,0693-24,included,,7,7.0
Thesis_Obsidian\Ordinances\2024\Ordinance No. 0694-24.md,0694-24,included,,5,5.0
Thesis_Obsidian\Ordinances\2024\Ordinance No. 0695-24.md,0695-24,included,,4,4.0
Thesis_Obsidian\Ordinances\2024\Ordinance No. 0696-24.md,0696-24,included,,7,7.0
Thesis_Obsidian\Ordinances\2024\Ordinance No. 0697-24.md,0697-24,included,,1,1.0
Thesis_Obsidian\Ordinances\2024\Ordinance No. 0698-24.md,0698-24,included,,6,6.0
Thesis_Obsidian\Ordinances\2024\Ordinance No. 0699-24.md,,excluded,duplicate section identifiers detected; review OCR/section parsing,0,
Thesis_Obsidian\Ordinances\2024\Ordinance No. 0701-24.md,0701-24,included,,1,1.0
Thesis_Obsidian\Ordinances\2024\Ordinance No. 0702-24.md,0702-24,included,,5,5.0
Thesis_Obsidian\Ordinances\2024\Ordinance No. 0703-24.md,0703-24,included,,7,7.0
Thesis_Obsidian\Ordinances\2024\Ordinance No. 0706-24.md,,excluded,no explicit SECTION blocks detected,0,
Thesis_Obsidian\Ordinances\2024\Ordinance No. 0707-24.md,,excluded,duplicate section identifiers detected; review OCR/section parsing,0,
Thesis_Obsidian\Ordinances\2024\Ordinance No. 0708-24.md,0708-24,included,,5,5.0
Thesis_Obsidian\Ordinances\2024\Ordinance No. 0709-24.md,,excluded,duplicate section identifiers detected; review OCR/section parsing,0,
Thesis_Obsidian\Ordinances\2024\Ordinance No. 0710-24.md,,excluded,duplicate section identifiers detected; review OCR/section parsing,0,
Thesis_Obsidian\Ordinances\2024\Ordinance No. 0711-24.md,0711-24,included,,7,7.0
Thesis_Obsidian\Ordinances\2024\Ordinance No. 0712-24.md,0712-24,included,,3,3.0
Thesis_Obsidian\Ordinances\2024\Ordinance No. 0715-24.md,,excluded,duplicate section identifiers detected; review OCR/section parsing,0,
Thesis_Obsidian\Ordinances\2024\Ordinance No. 0717-24.md,0717-24,included,,9,9.0
Thesis_Obsidian\Ordinances\2024\Ordinance No. 0718-24.md,0718-24,included,,5,5.0
Thesis_Obsidian\Ordinances\2024\Ordinance No. 0719-24.md,,excluded,duplicate section identifiers detected; review OCR/section parsing,0,
Thesis_Obsidian\Ordinances\2024\Ordinance No. 0721-24.md,0721-24,included,,2,2.0
Thesis_Obsidian\Ordinances\2024\Ordinance No. 0723-24.md,0723-24,included,,4,4.0
Thesis_Obsidian\Ordinances\2024\Ordinance No. 0725-24.md,0725-24,included,,1,1.0
Thesis_Obsidian\Ordinances\2024\Ordinance No. 0728-24.md,0728-24,included,,1,1.0
Thesis_Obsidian\Ordinances\2024\Ordinance No. 0729-24.md,0729-24,included,,8,8.0
Thesis_Obsidian\Ordinances\2024\Ordinance No. 0731-24.md,,excluded,no explicit SECTION blocks detected,0,
Thesis_Obsidian\Ordinances\2024\Ordinance No. 0733-24.md,0733-24,included,,2,2.0
Thesis_Obsidian\Ordinances\2024\Ordinance No. 0734-24.md,0734-24,included,,5,5.0
Thesis_Obsidian\Ordinances\2025\Ordinance No. 018-25.md,018-25,included,,4,4.0
Thesis_Obsidian\Ordinances\2025\Ordinance No. 0192-23.md,,excluded,temporal_status='review' is not included,0,
Thesis_Obsidian\Ordinances\2025\Ordinance No. 0735-25.md,0735-25,included,,1,1.0
Thesis_Obsidian\Ordinances\2025\Ordinance No. 0736-25.md,0736-25,included,,5,5.0
Thesis_Obsidian\Ordinances\2025\Ordinance No. 0739-25.md,,excluded,duplicate section identifiers detected; review OCR/section parsing,0,
Thesis_Obsidian\Ordinances\2025\Ordinance No. 0741-25.md,0741-25,included,,4,4.0
Thesis_Obsidian\Ordinances\2025\Ordinance No. 0742-25.md,0742-25,included,"declared section_count=19, detected=16",16,19.0
Thesis_Obsidian\Ordinances\2025\Ordinance No. 0754-25.md,0754-25,included,,4,4.0
Thesis_Obsidian\Ordinances\2025\Ordinance No. 0756-25.md,,excluded,no explicit SECTION blocks detected,0,
Thesis_Obsidian\Ordinances\2025\Ordinance No. 0758-25.md,0758-25,included,,5,5.0
Thesis_Obsidian\Ordinances\2025\Ordinance No. 0760-25.md,0760-25,included,,5,5.0
Thesis_Obsidian\Ordinances\2025\Ordinance No. 0765-25.md,0765-25,included,"declared section_count=5, detected=4",4,5.0
Thesis_Obsidian\Ordinances\2025\Ordinance No. 0766-25.md,,excluded,duplicate section identifiers detected; review OCR/section parsing,0,
Thesis_Obsidian\Ordinances\2025\Ordinance No. 0767-25.md,,excluded,duplicate section identifiers detected; review OCR/section parsing,0,
Thesis_Obsidian\Ordinances\2025\Ordinance No. 0772-25.md,0772-25,included,,5,5.0
Thesis_Obsidian\Ordinances\2025\Ordinance No. 0773-25.md,0773-25,included,,3,3.0
Thesis_Obsidian\Ordinances\2025\Ordinance No. 0774-25.md,0774-25,included,,6,6.0
Thesis_Obsidian\Ordinances\2025\Ordinance No. 0776-25.md,0776-25,included,"declared section_count=7, detected=5",5,7.0
Thesis_Obsidian\Ordinances\2025\Ordinance No. 0778-25.md,0778-25,included,,7,7.0
Thesis_Obsidian\Ordinances\2025\Ordinance No. 0779-25.md,0779-25,included,,2,2.0
Thesis_Obsidian\Ordinances\2025\Ordinance No. 0782-25.md,0782-25,included,,3,3.0
Thesis_Obsidian\Ordinances\2025\Ordinance No. 0783-25.md,0783-25,included,,4,4.0
Thesis_Obsidian\Ordinances\2025\Ordinance No. 0784-25.md,0784-25,included,,4,4.0
Thesis_Obsidian\Ordinances\2025\Ordinance No. 0785-25.md,,excluded,duplicate section identifiers detected; review OCR/section parsing,0,
Thesis_Obsidian\Ordinances\2025\Ordinance No. 0787-25.md,0787-25,included,,1,1.0
Thesis_Obsidian\Ordinances\2025\Ordinance No. 0789-25.md,0789-25,included,,6,6.0
Thesis_Obsidian\Ordinances\2025\Ordinance No. 0791-25.md,0791-25,included,,1,1.0
Thesis_Obsidian\Ordinances\2025\Ordinance No. 0792-25.md,,excluded,no explicit SECTION blocks detected,0,
Thesis_Obsidian\Ordinances\2025\Ordinance No. 0795-25.md,0795-25,included,,5,5.0
Thesis_Obsidian\Ordinances\2025\Ordinance No. 0828-25.md,,excluded,no explicit SECTION blocks detected,0,
Thesis_Obsidian\Ordinances\2025\Ordinance No. 0835-25.md,0835-25,included,,1,1.0
