topic,rank,term,ctfidf_weight
-1,1,table,0.0048189994526773635
-1,2,oo,0.004520364998835465
-1,3,source,0.004325449394541448
-1,4,city,0.003957936497808192
-1,5,district,0.0039076382998712205
-1,6,davao,0.003870084674122147
-1,7,number,0.0038109827252345123
-1,8,davao city,0.0036779343364027393
-1,9,dlpc,0.003282884267577293
-1,10,office,0.0032373956274783793
0,1,attested,0.02026273079069901
0,2,enacted,0.01733320814937134
0,3,panlungsod city,0.016701348511127957
0,4,temporary presiding,0.016566597559790123
0,5,correct,0.016128382238634546
0,6,quorum,0.016051116449244892
0,7,members sanggunian,0.01587769910132597
0,8,vote members,0.015853562802184952
0,9,certified correct,0.015760899396277107
0,10,shall effect,0.01540975486339783
1,1,percent,0.019656444610976084
1,2,caiamity,0.01960864254466715
1,3,fund,0.018990093232879764
1,4,percent quick,0.016525334968646208
1,5,davao calendar,0.016480983445563736
1,6,percent disaster,0.016328616854008212
1,7,management fund,0.016222607234881944
1,8,provisions ordinance,0.015660818391352156
1,9,fund city,0.015418362483854116
1,10,quick,0.015227740004329275
2,1,atty zuleika,0.03214046566838699
2,2,zuleika lopez,0.03166630802772916
2,3,lopez city,0.03148702204774727
2,4,zuleika,0.029852960039892646
2,5,lopez,0.027771201372107587
2,6,city administrator,0.027510680874806535
2,7,administrator,0.026131127435843813
2,8,attested,0.0234286330289437
2,9,sara duterte,0.020380795074461614
2,10,approval enacted,0.019401201095022223
3,1,separabiliw clause,0.08554098276451269
3,2,separabiliw,0.08364096037400956
3,3,clause reason,0.05681493811362581
3,4,clause,0.04896871732710878
3,5,affected declaration,0.048022834828573085
3,6,declaration shall,0.04797428949189263
3,7,section provision,0.046844077552642145
3,8,continue force,0.04679838664401186
3,9,reason section,0.04670732873202156
3,10,invalid sections,0.04666196084882647
4,1,mayor granted,0.03858396111727003
4,2,granted legislative,0.036260836379327935
4,3,granted,0.03293643986365569
4,4,legislative authority,0.03213394255966096
4,5,authority,0.030422114718980615
4,6,government davao,0.028489256686479933
4,7,legislative,0.028355369483564118
4,8,authority sign,0.027410089051580162
4,9,authority enter,0.022337143447371796
4,10,memorandum agreement,0.021075169822678673
5,1,children,0.047989107393075776
5,2,sexual,0.041124946272641634
5,3,sexual abuse,0.03848002095122531
5,4,abuse,0.03707389578570261
5,5,child,0.03127559196030849
5,6,protection,0.020096164455173423
5,7,protection children,0.014663622098591816
5,8,programs,0.013436306979943332
5,9,children sexual,0.012663695212011234
5,10,agencies,0.012448097210324308
6,1,food,0.01610381310639967
6,2,person,0.015715159412745285
6,3,tobacco,0.014921605794073976
6,4,like,0.01207976490998529
6,5,establishments,0.011249996803534213
6,6,vape,0.011217744074708035
6,7,refers,0.010638512769864023
6,8,shisha,0.010428437837936805
6,9,public,0.010331110471770735
6,10,vape like,0.010140368304040772
7,1,mayor granted,0.0377752541849628
7,2,authority enter,0.03717723945382337
7,3,granted legislative,0.03649018851806548
7,4,granted,0.03234094456939819
7,5,legislative authority,0.03069928652571915
7,6,authority,0.028413864242478
7,7,legislative,0.028074481628399393
7,8,city davao,0.027811009972103996
7,9,agreement moa,0.02593839582895553
7,10,relative,0.02583423956150899
8,1,ordinance temporary,0.020916408574292028
8,2,closure,0.020438269765695172
8,3,vehicuiar,0.017386027821580767
8,4,temporary closure,0.016697789063028788
8,5,closure road,0.01641476367547422
8,6,traffic,0.0160068017274289
8,7,vehicuiar traffic,0.01591826156967461
8,8,attested,0.015168118289947774
8,9,temporary,0.01476401274549739
8,10,road,0.013733584363937582
9,1,separability clause,0.0655241259306966
9,2,separability,0.06227298691066652
9,3,clause reason,0.056769303625181136
9,4,clause,0.048240238756090646
9,5,affected declaration,0.048153220940444316
9,6,declaration shall,0.04810454379901468
9,7,section provision,0.046971263237495745
9,8,continue force,0.04692544827413305
9,9,reason section,0.0468341431321085
9,10,invalid sections,0.046788652071222736
10,1,separability clause,0.06649391672632468
10,2,separability,0.06208598094396782
10,3,clause reason,0.05760951854370055
10,4,clause,0.048954219123780535
10,5,affected declaration,0.048008616673355896
10,6,declaration shall,0.04796008570952815
10,7,section provision,0.0468302083929387
10,8,continue force,0.046784531012048575
10,9,reason section,0.04669350005963971
10,10,invalid sections,0.046648145608546396
11,1,proceeds,0.06587542191325442
11,2,amusement,0.06327672951307936
11,3,amusement tax,0.059877624852529385
11,4,exemption,0.05839212324815718
11,5,payment amusement,0.0571936738167004
11,6,exemption payment,0.05462649767866664
11,7,tax proceeds,0.052853753164509305
11,8,granting request,0.04874752353791044
11,9,tax,0.04829954482104275
11,10,request,0.0414095139173349
12,1,road alley,0.0536597870310333
12,2,provides national,0.052837057252821014
12,3,square temporarily,0.05239145954935463
12,4,local road,0.05231032781205912
12,5,public rallies,0.051788203675489974
12,6,rallies,0.051632940969762696
12,7,rallies agricultural,0.05104795043602948
12,8,celebrations,0.05093109003363117
12,9,closed actual,0.05080512322509915
12,10,agricultural industrial,0.05035042565675336
13,1,highways telecommunications,0.047481040261258274
13,2,telecommunications,0.044884841165819804
13,3,road alley,0.0415151246024991
13,4,works,0.04127426515192731
13,5,local road,0.04122054906441604
13,6,works highways,0.039812976535668405
13,7,highways,0.03976004963565628
13,8,public works,0.039479741252779414
13,9,alley park,0.03916214820152691
13,10,public rallies,0.038847138448211964
14,1,fine,0.04969930188555147
14,2,offense,0.04627641809691879
14,3,imprisonment,0.0352492586812465
14,4,fine thousand,0.034297980446418415
14,5,penalized,0.028264138162563564
14,6,discretion,0.028074142727334623
14,7,offense fine,0.0270512442399021
14,8,thousand pesos,0.026082989246238475
14,9,shall penalized,0.025408824441923904
14,10,penalty,0.022851310578039304
15,1,ordinance temporary,0.058059373354088686
15,2,traffic,0.04448478214831799
15,3,temporary closure,0.04328821104432961
15,4,pm,0.042469289739118225
15,5,vehicular,0.042120501993339075
15,6,closure vehicular,0.041798912189361694
15,7,vehicular traffic,0.04118547627465444
15,8,street,0.0394085406932957
15,9,araw,0.039296315897598515
15,10,closure,0.037473819539400925
16,1,separability clause,0.06648638243175482
16,2,separability,0.062078946103908454
16,3,clause reason,0.0576029909227676
16,4,clause,0.048948672217755514
16,5,affected declaration,0.04800317691167969
16,6,declaration shall,0.047954651446799744
16,7,section provision,0.046824902154380774
16,8,continue force,0.0467792299491046
16,9,reason section,0.04668820931123343
16,10,invalid sections,0.04664285999916352
17,1,percent,0.0394518578933794
17,2,percent quick,0.034947565071219
17,3,fund,0.03441657331805051
17,4,qrf fm,0.03341910905670388
17,5,percent disaster,0.03273172199618597
17,6,mayor utilize,0.03269120104244783
17,7,qrf,0.03160249498348132
17,8,fund qrf,0.03140754315259024
17,9,fm,0.030880226005447178
17,10,quick,0.03059766801988153
18,1,separabiliw clause,0.08564425155658253
18,2,separabiliw,0.08374193537647316
18,3,clause reason,0.05769614939865348
18,4,clause,0.049027834490883965
18,5,affected declaration,0.04808081008188726
18,6,continue force,0.04685488369026218
18,7,reason section,0.04676371584920308
18,8,invalid sections,0.04671829319592767
18,9,unconstitutional invalid,0.04629205040831182
18,10,declaration shall,0.046184813595352446
19,1,layog,0.0158497250157185
19,2,atty layog,0.01426243738376515
19,3,attested,0.014204177931186017
19,4,davao memorandum,0.012149939854358202
19,5,attested atty,0.012142440889086632
19,6,unanimous,0.01182260902890553
19,7,city davao,0.01173149478792418
19,8,layog acting,0.011634186442670096
19,9,unanimous vote,0.011619691349314868
19,10,mayor enter,0.011208150031857291
20,1,authorizing city,0.03236330991771125
20,2,government davao,0.03147087146573781
20,3,ordinance authorizing,0.031046396955177448
20,4,authorizing,0.030632917821047486
20,5,shall known,0.025456104768531232
20,6,known ordinance,0.02481011798165741
20,7,davao memorandum,0.024399664784883212
20,8,title ordinance,0.022328384272556488
20,9,memorandum agreement,0.020011007392424507
20,10,mayor enter,0.019643651262145137
21,1,uses enumerated,0.05266652298053665
21,2,uses,0.05201084178363762
21,3,enumerated,0.04918621340833319
21,4,zoning,0.04685574586985392
21,5,section comprehensive,0.033767116522803356
21,6,favorable recommendation,0.03325918034422331
21,7,enumerated deem,0.033121817046942385
21,8,proper including,0.03306740852917856
21,9,use reads,0.03280781146457364
21,10,appeals,0.032696864028668275
22,1,closed vehicular,0.06517292548193468
22,2,vehicular,0.05134939070874622
22,3,vehicular traffic,0.050551055677065034
22,4,closed,0.04879910243788108
22,5,temporarily closed,0.04679501417030005
22,6,temporary closure,0.04649045838539855
22,7,closure,0.045734030692936835
22,8,pm,0.04561095734014035
22,9,temporarily,0.04516550355146388
22,10,closure road,0.04370961162982922
23,1,square meters,0.053595557876892075
23,2,meters,0.04910423529385191
23,3,tct,0.04498710588286772
23,4,square,0.0419269531306772
23,5,zone,0.03898909834249273
23,6,covered,0.03016713508455793
23,7,density,0.029342713739039114
23,8,density residential,0.02780803198612214
23,9,sqm,0.027639607701808067
23,10,reclassification,0.02571271615245047
24,1,agreement,0.010359756089567069
24,2,parties,0.010023006459215956
24,3,written,0.006333716003334351
24,4,davao city,0.005963611816935595
24,5,philippines,0.005668122131105239
24,6,agreement shall,0.00543918435625668
24,7,davao,0.0051459322778943635
24,8,page,0.005101189066970424
24,9,foregoing,0.005001552847654101
24,10,smart,0.004908189416658486
25,1,positions,0.01957179336805776
25,2,administrative,0.019263451666359063
25,3,disability,0.017280266598720055
25,4,position,0.01714184879869759
25,5,officer,0.01702975649054711
25,6,affairs,0.01500026425532785
25,7,disability affairs,0.014629611622087231
25,8,disabilities,0.013759036252549024
25,9,relevant,0.013665861567974407
25,10,persons disabilities,0.013655599789708806
26,1,title ordinance,0.06463708514343762
26,2,shall known,0.05895306677845636
26,3,title,0.054342648062224684
26,4,known,0.04000834533955367
26,5,ordinance shall,0.0383466692867256
26,6,known ordinance,0.03830469627236221
26,7,ordinance,0.033341463419408066
26,8,short title,0.028131102793124856
26,9,sertes,0.026677158751430615
26,10,short,0.02281249344906107
27,1,separability clause,0.06650753415756087
27,2,separability,0.062098695664619875
27,3,clause reason,0.057621316520056004
27,4,clause,0.04896424456288022
27,5,declaration shall,0.047969907557922485
27,6,affected declaration,0.04692712008640748
27,7,section provision,0.04683979885134397
27,8,continue force,0.046794112116085446
27,9,reason section,0.0467030625212534
27,10,invalid sections,0.04665769878192517
28,1,health,0.036179728536132896
28,2,mental,0.02112188121451568
28,3,mental health,0.016606103013404105
28,4,doh,0.009991824639910803
28,5,care,0.009939717784476143
28,6,older,0.009227993082729738
28,7,health development,0.007738220875089506
28,8,terms partnership,0.007696502302105065
28,9,health care,0.007661102926919644
28,10,aop,0.007658598062846863
29,1,councilor,0.01917190054939406
29,2,councilor councilor,0.01768216618495456
29,3,area,0.009703209838630166
29,4,legal,0.007384143663941636
29,5,inn,0.00714820847577549
29,6,book,0.006343354076172012
29,7,lgu,0.006291168659323057
29,8,series,0.006280649447773101
29,9,ng,0.006230538612631154
29,10,quarantine,0.006028690504046205
30,1,implementing rules,0.04901434535768313
30,2,implementing,0.04466696069437887
30,3,rules regulations,0.04136069687852112
30,4,regulations,0.039594430009215906
30,5,rules,0.0378097103962846
30,6,regulations irr,0.025645058564915665
30,7,irr,0.02287540270604355
30,8,review,0.021518836810218538
30,9,appropriation,0.01979684945740253
30,10,appropriation ordinance,0.01623596346071649
31,1,slum,0.039266923309459446
31,2,slum improvement,0.03704884248465307
31,3,davao involving,0.03550047705016552
31,4,sale executed,0.035159888346638926
31,5,cover grant,0.03405206935051004
31,6,sale,0.03306328973461319
31,7,involving,0.03291242023985994
31,8,sir project,0.03203947486355808
31,9,favor awardee,0.03137336666022447
31,10,favor,0.031012845423172807
32,1,enhance,0.03184501743930811
32,2,promote,0.02767184222153607
32,3,maintain peace,0.023039447343173314
32,4,appropriate,0.023019018909253963
32,5,prosperity,0.02231361687981279
32,6,morals enhance,0.022114510183191362
32,7,economic prosperity,0.022114510183191362
32,8,enhance right,0.022037719685815128
32,9,improve public,0.021962051903398217
32,10,things,0.02188794580727605
33,1,powers,0.020516615099144743
33,2,contracts,0.018755598875898873
33,3,contract,0.017119867216596554
33,4,chief,0.016854157787096143
33,5,chief executive,0.016430669301507005
33,6,government unit,0.016429733782582598
33,7,vi,0.016241032429568935
33,8,hall section,0.015374254781384732
33,9,powers enter,0.015363754062022056
33,10,place provincial,0.014836073932658707
34,1,chief,0.013678036286864998
34,2,contract,0.013546331639564046
34,3,powerc,0.012950135575875918
34,4,contracts,0.012909081523973001
34,5,chief executive,0.012174844123256558
34,6,vi,0.012027163164365284
34,7,government unit,0.01198335651115192
34,8,hall section,0.011783849475913643
34,9,contract entered,0.01156568735598246
34,10,code contract,0.01156568735598246
35,1,organic,0.1474599230752479
35,2,organic agriculture,0.056492412167898264
35,3,agriculture,0.04758727349190878
35,4,farm,0.03864065730686015
35,5,pgs,0.027701002949670903
35,6,farmers,0.02666331527658309
35,7,agricultural,0.023895535443527058
35,8,city agriculturists,0.022746771459020477
35,9,agriculturists office,0.022746771459020477
35,10,organic agricultural,0.02266616496022993
36,1,road lots,0.044887805818472765
36,2,open spaces,0.03928024173136251
36,3,lots,0.03500340869833498
36,4,spaces,0.03302076138324546
36,5,located barangay,0.03268377384678701
36,6,open,0.03186498130697059
36,7,lots open,0.029401597402346675
36,8,donation road,0.028784651727504586
36,9,deca,0.02858593004622672
36,10,development corporation,0.027818856023561805
37,1,rallies,0.05434791251371266
37,2,actual emergency,0.053564045032994764
37,3,emergency fiesta,0.05339996844424291
37,4,public rallies,0.053076830339715775
37,5,square temporarily,0.05268198177167632
37,6,provides national,0.05222906386640819
37,7,national local,0.052218162356648896
37,8,road alley,0.05199525723102668
37,9,local road,0.05162631865687448
37,10,rallies agricultural,0.05146975509690935
38,1,affected declaration,0.05433090688947329
38,2,declaration shall,0.05427598484714656
38,3,continue force,0.05294562048262422
38,4,invalid sections,0.0527912743845232
38,5,unconstitutional invalid,0.05230962365595134
38,6,hereof affected,0.05198614499717798
38,7,sections provisions,0.05183846949249146
38,8,provisions hereof,0.051643134625044065
38,9,section provision,0.05160264701599944
38,10,provision ordinance,0.05159457760729298
39,1,affected shall,0.06326626118340778
39,2,reason section,0.05136472605998133
39,3,hereof affected,0.04916648667069383
39,4,sections provisions,0.047664964750305475
39,5,reason,0.04758421770198421
39,6,provisions hereof,0.047485356253709435
39,7,invalid sections,0.047154172097670845
39,8,ordinance declared,0.04710904254402804
39,9,invalid,0.0467069996508679
39,10,continue,0.045720142186097816
40,1,representative,0.036957517939608865
40,2,member,0.025879958656477593
40,3,chairperson,0.025270954564352317
40,4,office,0.021016744881597542
40,5,committee,0.020738634199155784
40,6,business bureau,0.014375811179033094
40,7,composed,0.013505440009419252
40,8,office city,0.013170884788892343
40,9,chairperson committee,0.012950802142418949
40,10,education,0.012628883643525496
41,1,granted legislative,0.023142882594825963
41,2,mayor granted,0.02276000461196622
41,3,granted,0.019395977324611686
41,4,legislative authority,0.018448613290490908
41,5,legislative,0.017805455620350703
41,6,authority enter,0.017317410628893085
41,7,sections provisions,0.01698349062568468
41,8,provisions hereof,0.01691949437111465
41,9,affected declaration,0.016837905188768407
41,10,hereof affected,0.016571551682317904
42,1,assistance thousand,0.13513180330625146
42,2,beneficiary,0.13036019677895336
42,3,beneficiary financial,0.12544624019637748
42,4,declared beneficiary,0.12421380539577034
42,5,calamity declared,0.12361486692552058
42,6,municipality,0.11217657427708741
42,7,state calamity,0.09127500673159099
42,8,thousand pesos,0.08682478154214061
42,9,financial assistance,0.08225880680182991
42,10,declared state,0.07841234066017651
43,1,mayor enter,0.03178618743805076
43,2,ordinance authorizing,0.03125884652645298
43,3,authorizing,0.031059461187896792
43,4,authorizing city,0.030938865128882862
43,5,agreement moa,0.029404211963698534
43,6,davao memorandum,0.028798697644479624
43,7,moa entered,0.027507497431866926
43,8,memorandum agreement,0.026666393983719432
43,9,known ordinance,0.02644929834494576
43,10,city davao,0.02549356300902677
44,1,water,0.05301844989719773
44,2,water resource,0.019185144296541227
44,3,watershed,0.015019503115098993
44,4,resource,0.014008819685677704
44,5,management,0.012276734734670332
44,6,septage,0.01130279352528399
44,7,water resources,0.01089904821785553
44,8,areas,0.010753170114568868
44,9,drinking,0.010534887491217016
44,10,city water,0.010326932699741585
45,1,connection shall,0.03052342924424588
45,2,government connection,0.030322099845194822
45,3,programs projects,0.0302242040150059
45,4,activities city,0.029859944597053052
45,5,exercise general,0.029651331265838854
45,6,projects seruices,0.02881441982383763
45,7,control programs,0.028778835742733128
45,8,seruices activities,0.028659919834528664
45,9,superuision control,0.027152253305033833
45,10,obligations documents,0.026952725757455255
46,1,deed usufruct,0.05096262619185739
46,2,usufruct,0.04752808813120684
46,3,davao deed,0.02906004235991293
46,4,mayor enter,0.02327829049838867
46,5,deed,0.022489209304694956
46,6,authorizing city,0.021476812586016858
46,7,ordinance authorizing,0.021060729934504748
46,8,shall known,0.020947419498054853
46,9,authorizing,0.020328496580797807
46,10,station,0.02015948151004775
47,1,caiamity,0.02733692156668805
47,2,ii city,0.02383829138429532
47,3,percent,0.020413026300842744
47,4,kristine,0.01996118983739271
47,5,enacted november,0.01972222768228417
47,6,november unanimous,0.01951139677237918
47,7,acting city,0.01947110088627715
47,8,caiamity typhoon,0.018079450475341215
47,9,dec approved,0.017517889675822528
47,10,state caiamity,0.017502150595418837
48,1,pasko,0.10820866024336882
48,2,pasko fiesta,0.06179091217253755
48,3,december,0.04863261621933552
48,4,sa pasko,0.04402049907818938
48,5,temporary closure,0.042394090278410325
48,6,sa,0.04021065861090774
48,7,vehicular traffic,0.03964333412757551
48,8,pm,0.03863571272858423
48,9,vehicular,0.038351816525354146
48,10,fiesta,0.03726602452175628
49,1,temporary presiding,0.013615856151548448
49,2,attested,0.012861297647433104
49,3,city davao,0.012472837516039193
49,4,davao memorandum,0.010743023972100151
49,5,quorum certified,0.010503512017156897
49,6,temporary,0.010354734737706178
49,7,ungab,0.010260820567933652
49,8,behalf city,0.010257029688123209
49,9,sara duterte,0.010229980549735871
49,10,panlungsod city,0.010199845120499628
50,1,secretary,0.04050139371391465
50,2,acting secretary,0.03746754388635084
50,3,correct absence,0.03560791485000697
50,4,absence secretary,0.035064037703446516
50,5,absence,0.03362236949853913
50,6,assistant secretary,0.032379578068211255
50,7,nilda,0.030469134769116526
50,8,secretary sangguniang,0.030329849123438404
50,9,panlungsod assistant,0.0299408856379439
50,10,assistant,0.025255328538477638
51,1,davao loan,0.0748608200641693
51,2,loan agreement,0.06106552529682462
51,3,agreement entered,0.04871532389251016
51,4,loan,0.04290270257223289
51,5,entered city,0.03839283901616959
51,6,entered,0.029125505230862717
51,7,cooperative,0.026356418838937398
51,8,behalf city,0.02540340036290148
51,9,shall known,0.025169139734271297
51,10,rpose,0.024101722354670237
52,1,quarry,0.06990452857571808
52,2,allowable,0.06722653875315326
52,3,city approved,0.06285785094856546
52,4,gravel quarry,0.06224051962710418
52,5,gravel,0.06061853711472705
52,6,sand gravel,0.06018630324836611
52,7,allowable use,0.05827457196661651
52,8,sand,0.05778803917613401
52,9,additional allowable,0.057126314630305014
52,10,request,0.055804553364012514
53,1,attested,0.012062207934095738
53,2,provision ordinance,0.011601865874804499
53,3,section provision,0.011576799297478181
53,4,reason section,0.01154300391216587
53,5,effect,0.011317262638793115
53,6,shall continue,0.011305826765067915
53,7,ordinance declared,0.011191590834266204
53,8,reason,0.011007936805038646
53,9,continue force,0.010885183516509779
53,10,continue,0.010870506737360428
54,1,newspaper,0.036216831681383836
54,2,circulation,0.03575011582310685
54,3,publication,0.03514661440436204
54,4,publication newspaper,0.030888873513220838
54,5,general circulation,0.028146152546995835
54,6,newspaper general,0.027352489456469967
54,7,effect days,0.02316665513491563
54,8,circulation city,0.01945690771589374
54,9,attested,0.017488588041189954
54,10,temporary presiding,0.016349979521250363
55,1,street,0.07875615461953218
55,2,corner,0.05198454929214728
55,3,street corner,0.04103642274814516
55,4,san pedro,0.036665090202360515
55,5,pedro,0.03587843686164058
55,6,pedro street,0.03412549593934764
55,7,san,0.031162899013752018
55,8,bolton,0.031037762824996696
55,9,rizal,0.029796252311996826
55,10,corner san,0.024699647875545152
56,1,lot,0.03592825362754962
56,2,point,0.02274355382747058
56,3,road lot,0.02100069194115893
56,4,deg,0.020474896218235103
56,5,point deg,0.01728126960622729
56,6,deg point,0.01717263558985881
56,7,catalunan,0.012055060016119437
56,8,block,0.0116065502383313
56,9,road,0.01151445201213772
56,10,portion lot,0.011454094663311898
57,1,shall known,0.05689004516482529
57,2,title ordinance,0.05670468659650664
57,3,title,0.0494392934597992
57,4,ordinance davao,0.04572330880055341
57,5,known,0.04122673594092906
57,6,ordinance shall,0.03442302719702329
57,7,known davao,0.03335952821459829
57,8,short title,0.03290505987305151
57,9,known ordinance,0.03173698235664255
57,10,ordinance,0.031290407934119746
58,1,ordinance series,0.06532258467356374
58,2,series known,0.047508737916493224
58,3,series,0.04560089793659194
58,4,section ordinance,0.03113822342243142
58,5,city ordinance,0.027320692760710925
58,6,areas activities,0.022887538994410518
58,7,ordinance,0.022725446813057822
58,8,amending,0.022004319728380607
58,9,ordinance amending,0.02160740894063951
58,10,repealing,0.0204738632828365
59,1,functions shall,0.07375247759209869
59,2,government units,0.058206660015390765
59,3,functions,0.04656720807108854
59,4,units,0.04420368640314342
59,5,discharge functions,0.04236913538978356
59,6,implementation said,0.041965373158346614
59,7,concerned discharge,0.041965373158346614
59,8,units planning,0.041965373158346614
59,9,implementation functions,0.041965373158346614
59,10,planning implementation,0.04091142536550877
60,1,donation,0.05324907653840592
60,2,relative donation,0.05206465500709814
60,3,sign deed,0.04916964606828567
60,4,mayor granted,0.04229019512881624
60,5,granted legislative,0.04169853852932699
60,6,deed donation,0.0365562798433181
60,7,legislative authority,0.03522061140834952
60,8,granted,0.035038423262742174
60,9,authority enter,0.032643690198581654
60,10,legislative,0.0320816334860294
61,1,donatton,0.04959487353767324
61,2,davao deed,0.03799098843046076
61,3,authorizing city,0.02756529771989971
61,4,authorizing,0.027135102126141144
61,5,relattve donatton,0.026736706750198295
61,6,shall known,0.02633076418277101
61,7,ordinance authorizing,0.025950008967912157
61,8,donation,0.025771302470962456
61,9,known ordinance,0.025057739612540937
61,10,deed,0.023604910135309184
62,1,policy,0.059793802805155005
62,2,calamity declared,0.057080438978746574
62,3,national principles,0.056542324951601955
62,4,assistance response,0.05641079803891364
62,5,adhere national,0.05628043042011092
62,6,response risk,0.05628043042011092
62,7,humanitarian assistance,0.05615120234821913
62,8,measures adhere,0.055896088340260025
62,9,davao adopt,0.055770165343722894
62,10,humanitarian,0.055645307741735914
63,1,deed usufruct,0.037371286866853023
63,2,usufruct,0.03286112998080624
63,3,relative use,0.032082799977987526
63,4,granted legislative,0.03150587527590869
63,5,mayor granted,0.028847767504284534
63,6,legislative authority,0.027469824879843507
63,7,authority enter,0.027215852561053286
63,8,granted,0.026556727994947422
63,9,legislative,0.024239697095076375
63,10,authority,0.024109744365446925
64,1,section section,0.116323386718033
64,2,section vi,0.11081358644610678
64,3,vi local,0.11034245945874795
64,4,policy section,0.09792586650885428
64,5,code ra,0.092158853813936
64,6,government code,0.06827961453464722
64,7,vi,0.06589202486202723
64,8,policy,0.059512287726034695
64,9,ra,0.05723698402245393
64,10,section,0.055330486644272585
65,1,expenditures approved,0.05338465410901922
65,2,items expenditures,0.05183724373665814
65,3,specifically items,0.04782117511450466
65,4,funds,0.04241870189653536
65,5,utilization funds,0.04198934546469198
65,6,use funds,0.041463206389523666
65,7,expenditures,0.04134055078670372
65,8,items,0.041068869210393225
65,9,disbursements utilization,0.040735172417658914
65,10,appropriated shall,0.040554660320876616
66,1,loan,0.020237430667687593
66,2,cooperative,0.017188222634018094
66,3,release,0.010528084864997886
66,4,loan shall,0.0093683315333934
66,5,note,0.009000011561035704
66,6,repayment,0.008836765907545974
66,7,women,0.008039074489224808
66,8,assistance program,0.007574528421967873
66,9,promissory,0.007295499257618174
66,10,principal,0.007260832651543567
67,1,vi,0.02361711913142647
67,2,pursuant,0.01975779566023498
67,3,government connection,0.01859635259140426
67,4,connection shall,0.018184974452270675
67,5,exercise general,0.018184974452270675
67,6,activities city,0.01770248516947963
67,7,section vi,0.017580086464199986
67,8,control programs,0.017502796130417955
67,9,authority sangguniang,0.016175581871893916
67,10,vi represent,0.016116166213595722
68,1,refers payment,0.09133304193529102
68,2,coverage exemption,0.09133304193529102
68,3,exemption,0.08829613614430429
68,4,solely refers,0.08738080700344872
68,5,permit fee,0.08288466185398334
68,6,fee,0.07544116461521636
68,7,solely,0.07410503459713846
68,8,exemption solely,0.07329549911680142
68,9,coverage,0.06931341143153447
68,10,permit,0.06026340513853668
69,1,behalf bonds,0.0473111676532289
69,2,represent city,0.046425828199968315
69,3,bonds,0.04611798616361909
69,4,business transactions,0.04538119019427361
69,5,authority sangguniang,0.04538119019427361
69,6,transactions sign,0.04527871257630816
69,7,transactions,0.04425533542208563
69,8,represent,0.04258485316198401
69,9,law ordinance,0.04254983189059216
69,10,pursuant law,0.041718644940431523
70,1,mice,0.034822261704615984
70,2,bible,0.02597560270897633
70,3,davao city,0.024279137263822425
70,4,culture,0.019492712565100562
70,5,creative,0.019479730803346366
70,6,mice board,0.017556243220230146
70,7,centenarian,0.017556243220230146
70,8,council,0.01549630691002759
70,9,davao,0.015420121843236085
70,10,board davao,0.014846919100613943
71,1,wit efficient,0.032782673331627606
71,2,provides wit,0.030887642005928796
71,3,pursuant,0.030542231899899665
71,4,poucy section,0.030015269412964476
71,5,shall represent,0.028564018242691086
71,6,poucy,0.02680103356388031
71,7,pursuant section,0.02586203076168177
71,8,section code,0.025591728584946596
71,9,wit,0.025005649484054992
71,10,pursuant law,0.024641631173581615
72,1,separability clause,0.06382896618614932
72,2,separability,0.05959769214102472
72,3,clause reason,0.0553006378953525
72,4,clause,0.04699222652173949
72,5,affected declaration,0.04608452203078417
72,6,declaration shall,0.04455284138350254
72,7,section provision,0.04350323431704088
72,8,continue force,0.04346080200951881
72,9,provision ordinance,0.042351788527838836
72,10,force effect,0.04184170723731407
73,1,wit efficient,0.03117044138784583
73,2,shall represent,0.031119982198473492
73,3,provides wit,0.030286375505342425
73,4,wit,0.024409910494149156
73,5,section vi,0.02208473446976597
73,6,pursuant,0.021972202333429603
73,7,section code,0.02086632418091397
73,8,code provides,0.020030300835955337
73,9,mayor shall,0.019943428186622723
73,10,governance purpose,0.0198003509002042
74,1,reason section,0.05005290687223571
74,2,affected declaration,0.04803179804306781
74,3,declaration shall,0.04798324364565057
74,4,invalid,0.04677841708152672
74,5,reason,0.04636895005425191
74,6,section provision,0.045179505731092
74,7,invalid sections,0.04500386041809546
74,8,continue,0.044263715638375535
74,9,continue force,0.04346375551288337
74,10,sections,0.04296052111617275
75,1,clause reason,0.053349179238480954
75,2,affected declaration,0.04939809254988417
75,3,declaration shall,0.04934815699229439
75,4,section provision,0.048185578519462105
75,5,hereof affected,0.047266216393304
75,6,provisions hereof,0.04695434863555221
75,7,provision ordinance,0.046910200208917376
75,8,ordinance declared,0.04658224307470706
75,9,continue force,0.04653395982936997
75,10,reason section,0.0464434164255784
76,1,donee,0.01959322331897664
76,2,donor,0.01880397907017732
76,3,donation,0.017515857942952472
76,4,deed,0.010949645357517569
76,5,philippines,0.010939169968451335
76,6,deed donation,0.010349168511970125
76,7,pc,0.008602526059464518
76,8,represented,0.006976560097313965
76,9,products,0.0067770217792353085
76,10,dental,0.006020793993983813
77,1,percent,0.02653236673254289
77,2,province,0.026095432754057554
77,3,fund,0.025655431040059785
77,4,municipality,0.023901719470967357
77,5,pesos,0.023066889242132006
77,6,percent quick,0.021921175982172764
77,7,percent disaster,0.021423932233752944
77,8,qrf,0.021347792892571778
77,9,utilize portion,0.021147611995143405
77,10,response fund,0.020967915074973333
78,1,attested,0.026091455869534846
78,2,vice,0.024339115013886664
78,3,presiding,0.021624825431727914
78,4,ord approved,0.02138983860618678
78,5,mayor presiding,0.021337983126056767
78,6,enacted,0.02094685417107271
78,7,quorum certified,0.02029672578499828
78,8,panlungsod city,0.020136344113832704
78,9,enacted day,0.01993486525311224
78,10,effect immediately,0.01956897311944529
79,1,enhance,0.0193643568762368
79,2,general welfare,0.018319348043412398
79,3,promote,0.016960911851223694
79,4,powers,0.01578990266034764
79,5,welfare,0.015768367476741096
79,6,shall exercise,0.014538619725546124
79,7,exercise,0.014121230743252087
79,8,people balanced,0.014077446525204537
79,9,right people,0.014077446525204537
79,10,development appropriate,0.014077446525204537
80,1,road,0.0542182030415827
80,2,road vehicular,0.03463880893737136
80,3,vehicular,0.03318779745115971
80,4,coastal,0.033119563611523836
80,5,coastal road,0.03280816199079523
80,6,vehicular traffic,0.03239955766076406
80,7,closure,0.03172613967908408
80,8,traffic,0.03107979060594323
80,9,closure road,0.03060428164519436
80,10,temporary closure,0.027718148388443737
81,1,granting legislative,0.03499723271429299
81,2,ordinance granting,0.031063854284739272
81,3,granting,0.03066407065871709
81,4,government davao,0.027650572401009082
81,5,legislative authoriw,0.027087487253615063
81,6,title ordinance,0.027072710620844386
81,7,davao memorandum,0.024794289985552262
81,8,authoriw city,0.024642217478187612
81,9,authoriw,0.023841494465501104
81,10,known ordinance,0.023174098238730644
82,1,secretary,0.0271265896170004
82,2,assistant secretary,0.027000712687974823
82,3,acting,0.026222436200512747
82,4,panlungsod assistant,0.02589184222600484
82,5,absence secretary,0.025124081161675704
82,6,correct absence,0.02463399445005082
82,7,assistant,0.024099238094007786
82,8,absence,0.023421900044213864
82,9,reyes,0.022344349006075192
82,10,acting secretary,0.021918077245059397
83,1,utilization funds,0.07032989858647051
83,2,utilization,0.0611574794577623
83,3,item expenditure,0.049477663995095025
83,4,expenditure approved,0.049477663995095025
83,5,specifically item,0.048113256778736145
83,6,appropriated shall,0.047548814614937575
83,7,law ra,0.04620702408423452
83,8,funds,0.04565774859010169
83,9,item,0.04475935746029305
83,10,disbursements utilization,0.04467913837435894
84,1,consent authority,0.037735980977418516
84,2,covered tct,0.03576697110678666
84,3,transfer title,0.033251638574039906
84,4,lot block,0.03319495784396523
84,5,tct,0.03030109159029836
84,6,obrero,0.030050244179937343
84,7,cover grant,0.029435110381569207
84,8,written consent,0.02874335950452987
84,9,bo obrero,0.028634814436950172
84,10,mayor allow,0.028463687259644557
85,1,pursuant,0.02567790596376952
85,2,connection shall,0.02402771070729325
85,3,exercise general,0.023169578182032774
85,4,control programs,0.023008360500961937
85,5,government connection,0.022816172293576402
85,6,section code,0.021862877171519805
85,7,activities city,0.021604248921808098
85,8,shall vi,0.021447538294408233
85,9,pursuant section,0.021403363788798986
85,10,vi represent,0.021241756525550562
86,1,ful force,0.0994921762989028
86,2,continue ful,0.09881956002750379
86,3,ful,0.09362010298575711
86,4,declared unconstitutiona,0.04724033892094206
86,5,unconstitutiona invalid,0.04724033892094206
86,6,unconstitutiona,0.04684280810199301
86,7,hereof affected,0.04343203380475626
86,8,sections provisions,0.043308657710759924
86,9,provisions hereof,0.04314546441057035
86,10,section provision,0.04263693614449375
87,1,kalinaw,0.06776952319852088
87,2,kalinaw village,0.06558344352541091
87,3,fves,0.06503185695046093
87,4,frs,0.06429285857602388
87,5,frs fves,0.06224230276550411
87,6,fve,0.04764421303150305
87,7,fr fve,0.0461204470606905
87,8,village,0.04550623943302902
87,9,fr,0.0379448164320468
87,10,committee,0.02894756938731902
88,1,annual budget,0.04784254040559815
88,2,budget,0.045808151402979974
88,3,funds,0.045735397822397786
88,4,implementation ordinance,0.03803979322777783
88,5,funding,0.03767732653016785
88,6,annual,0.037466708232094935
88,7,appropriation,0.03468333437121071
88,8,funds implementation,0.03135153411223149
88,9,budget case,0.028621317324560643
88,10,budget supplemental,0.028621317324560643
89,1,section chief,0.04358500096410986
89,2,compensation efficient,0.040747698975068296
89,3,duties compensation,0.03870270552933196
89,4,compensation,0.03493993590764518
89,5,economical,0.03479292730096331
89,6,welfare city,0.03432140261966552
89,7,effective economical,0.03387239580815537
89,8,economical governance,0.03374034139186276
89,9,city inhabitants,0.03371410027882651
89,10,vi republic,0.03343046176801732
90,1,local government,0.03392281541183727
90,2,government code,0.029057483725023182
90,3,local,0.027259066890252634
90,4,pertinent provisions,0.025827789446225474
90,5,government units,0.024005146162789096
90,6,justifiable reason,0.02270004780779412
90,7,component cities,0.02270004780779412
90,8,provisions local,0.02194285261480286
90,9,change,0.02185126746868576
90,10,justifiable,0.021809762860682775
91,1,admission,0.06134826311012961
91,2,admission fees,0.04800232312578165
91,3,fees collected,0.045359288892004315
91,4,collected,0.04116814472062285
91,5,exhibition,0.04041996692279653
91,6,exhibitions,0.032507132963128946
91,7,fees,0.031176596759327546
91,8,connection holding,0.02891676014144513
91,9,film,0.0288398286514989
91,10,exemption,0.02823804759719806
92,1,contract,0.04115424444893044
92,2,government unit,0.03999518068329378
92,3,powers,0.03769108866832859
92,4,prior authorization,0.03634209960034879
92,5,unit prior,0.03614430263497561
92,6,code contract,0.03585405676325318
92,7,authorization sanggunian,0.034984638814389804
92,8,executive behalf,0.03493641897247774
92,9,legible copy,0.03493641897247774
92,10,legible,0.034888415616334836
93,1,coverage,0.07483079853264663
93,2,shall cover,0.07356108092282843
93,3,cover,0.06245694841483301
93,4,coverage ordinance,0.05900966228024784
93,5,scope,0.04376011011620154
93,6,community quarantine,0.03851687663640571
93,7,shall apply,0.038172243530806844
93,8,cover approval,0.03737318540504314
93,9,scope coverage,0.035734353368538384
93,10,pricing scheme,0.0344637854915066
94,1,new matina,0.06996558698820278
94,2,piapi,0.06679771712852141
94,3,matina sites,0.0651676660262019
94,4,sites,0.057705293446891
94,5,upgrading area,0.05416417298901574
94,6,matina,0.052545652843194825
94,7,sale lot,0.052080935566361286
94,8,resettlement sir,0.04849846314326539
94,9,upgrading,0.047917487048975325
94,10,improvement resettlement,0.04735898119105768
95,1,rc reason,0.11531264331455816
95,2,effect rc,0.10006638186344556
95,3,rc,0.08875891261345246
95,4,affected declaration,0.04664158405948044
95,5,declaration shall,0.046594435001963114
95,6,unconstitutional,0.045509428211700946
95,7,continue force,0.04545235391239402
95,8,declared unconstitutional,0.0449494625173629
95,9,unconstitutional invalid,0.0449063681898812
95,10,provisions hereof,0.04433420575160233
96,1,legislative authoriw,0.04003044765300394
96,2,percent,0.03920515876509564
96,3,qrf fm,0.038349797278184786
96,4,percent quick,0.03649442450879755
96,5,authoriw city,0.03550635807925695
96,6,mayor utilize,0.03446644044331846
96,7,fm,0.03445198256527576
96,8,authoriw,0.03435261621183311
96,9,fm percent,0.03333442387173378
96,10,fund,0.031552613991691
97,1,layog,0.021015661659094555
97,2,layog acting,0.01768864407134999
97,3,jr vice,0.016910169974749003
97,4,jr,0.01619950311307631
97,5,attested,0.016168928945313563
97,6,atty layog,0.01588230681341304
97,7,mayor presiding,0.015474967560472506
97,8,attested atty,0.014812774954234293
97,9,vice mayor,0.013315875469793305
97,10,acting,0.013094099972175767
98,1,deed usufruct,0.021954599817751125
98,2,usufruct,0.019305007099651345
98,3,davao deed,0.014754546893554026
98,4,pouce,0.012592182233531318
98,5,attested,0.012034748437557028
98,6,ordinance authorizing,0.011885698436979357
98,7,parcel,0.01170831968889938
98,8,station,0.011502098467271257
98,9,authorizing,0.011472459918906911
98,10,city davao,0.010724437555181604
99,1,calamity determined,0.03532089604731582
99,2,provided fund,0.03532089604731582
99,3,disaster calamity,0.03524031217539848
99,4,year provided,0.03516042120477448
99,5,rehabilitation reconstruction,0.03508121162626764
99,6,determined declared,0.03484756035922816
99,7,occur budget,0.03461965354535484
99,8,code amended,0.03447077367629424
99,9,budget year,0.03425185348244094
99,10,reconstruction,0.03418001775049273
100,1,code laws,0.03574894261912377
100,2,mayor chief,0.034549449728961165
100,3,laws efficient,0.03321110122987666
100,4,executive city,0.033109889323587785
100,5,powers perform,0.03277499924666801
100,6,duties,0.032404097223482954
100,7,functions provided,0.03234241833961882
100,8,perform duties,0.03056042658206648
100,9,duties functions,0.030394981324029038
100,10,exercise powers,0.03035510593635986
101,1,oo,0.027038161008650516
101,2,oo oo,0.022236430483320815
101,3,powers,0.015355289549516612
101,4,contract,0.01505533965254404
101,5,chief,0.015009288898288176
101,6,government unit,0.01433272424529498
101,7,hall section,0.014102739437583953
101,8,chief executive,0.013675720874149276
101,9,contracts,0.013634772901220196
101,10,vi,0.01340804784541492
102,1,ordinance amending,0.049220459238577825
102,2,amending,0.048871484642505826
102,3,known ordinance,0.04729804183581109
102,4,known,0.03991071777333775
102,5,series known,0.038447369836269694
102,6,sertes,0.03634818180791939
102,7,ordtnance,0.035033431479757814
102,8,shall known,0.03464005946203775
102,9,ordinance,0.03327896987464417
102,10,ordinance series,0.031144429818676555
103,1,repealed,0.1148040167102634
103,2,accordingly,0.11134984586555513
103,3,modified,0.10275191332077244
103,4,inconsistent,0.10122990303397485
103,5,ordinance repealed,0.08795882857209272
103,6,inconsistent provisions,0.08359673830881079
103,7,repealing,0.08148730472097884
103,8,modified accordingly,0.07258288803190159
103,9,repealed modified,0.06762562924187959
103,10,decrees,0.06429072059758381
104,1,concerned ldrrmc,0.038277874022141556
104,2,reduction work,0.03692367807861519
104,3,programs order,0.03661425231491587
104,4,order situation,0.03612076140670796
104,5,ldrrmo approval,0.03602518900942027
104,6,stricken,0.03602518900942027
104,7,approval sanggunian,0.03602518900942027
104,8,areas stricken,0.03602518900942027
104,9,ldrrmc,0.035837001351728695
104,10,epidemics complex,0.03574434677163882
105,1,st,0.09080398555726232
105,2,connected,0.05660647711336957
105,3,secondary,0.056032191816182436
105,4,subdivision,0.047167270438084774
105,5,ave,0.040747528453317965
105,6,boundary,0.03587647393567556
105,7,road,0.02974504935091757
105,8,st secondary,0.027413191391668115
105,9,sq,0.02656367767030994
105,10,village,0.025666844477156853
106,1,use globe,0.0989614391637819
106,2,corporation construction,0.091168341546159
106,3,bspt construction,0.08860858053545238
106,4,construction corporation,0.08703230843707739
106,5,telecom bspt,0.08467851636106265
106,6,globe telecom,0.08280858514768111
106,7,bspt,0.08259837543754732
106,8,construction,0.08150294477599844
106,9,telecom,0.08014482225060707
106,10,globe,0.07957560244237107
107,1,calamity,0.047651630842497204
107,2,calamity fund,0.03741814573982565
107,3,allocation,0.02824985678520951
107,4,areas,0.02684747024775469
107,5,portion,0.025647810170655896
107,6,calamity sanggunian,0.02413506877314809
107,7,condition said,0.023793770991071817
107,8,state calamity,0.023199865859832303
107,9,areas condition,0.022925075846001768
107,10,act states,0.022603090286159946
108,1,majority vote,0.04317021876657684
108,2,majority,0.04024302650115115
108,3,day december,0.038552466299621946
108,4,feb,0.03759699129164388
108,5,attested vice,0.03298810584880789
108,6,december,0.030401324313511828
108,7,approved feb,0.028819295687145873
108,8,vice presidi,0.028424505151821735
108,9,vice presiding,0.028252248648694415
108,10,attested,0.027815005317414966
109,1,policy,0.10409299110925394
109,2,policy policy,0.0875656439875516
109,3,principles standards,0.07497192371905484
109,4,measures adhere,0.07480195985137816
109,5,davao adopt,0.07463344560984489
109,6,reduction declares,0.07306572691557388
109,7,adopt measures,0.07302305408217043
109,8,national principles,0.07237691489414867
109,9,adhere national,0.07204167720745654
109,10,adhere,0.07125005408897234
110,1,executive powers,0.029080333964077023
110,2,powers duties,0.027247420738662792
110,3,pursuant,0.026187258914736847
110,4,activities city,0.02467673136153394
110,5,connection shall,0.024504329999030558
110,6,compensation efficient,0.0243390876146073
110,7,control programs,0.02417105683891566
110,8,exercise general,0.02343892434689879
110,9,duties compensation,0.023421767384898703
110,10,programs projects,0.0232091494597222
111,1,donation,0.019178274238506526
111,2,davao deed,0.01876102263988999
111,3,temporary presiding,0.016075317457739376
111,4,attested,0.013748506327034298
111,5,deed donation,0.012668645909647192
111,6,ordinance authorizing,0.012414383072998325
111,7,effect immediately,0.01201642861826866
111,8,authorizing,0.011982763400745118
111,9,favor,0.011856309839594096
111,10,temporary,0.011814203857151059
112,1,contract,0.029152828329006685
112,2,government unit,0.027151280705662143
112,3,section corporate,0.025741752856602754
112,4,entered local,0.02431188140258086
112,5,authorization sanggunian,0.024244592774352605
112,6,executive behalf,0.02421117609576392
112,7,prior authorization,0.02417790944328648
112,8,unit prior,0.024046317785965075
112,9,contract entered,0.023853221116263434
112,10,code contract,0.023853221116263434
113,1,organizations,0.030293731308759602
113,2,agriculture spur,0.029751842997271294
113,3,rural industrialization,0.029751842997271294
113,4,joint ventures,0.029751842997271294
113,5,spur rural,0.029751842997271294
113,6,industrialization promote,0.029751842997271294
113,7,units enter,0.029751842997271294
113,8,ventures cooperative,0.029751842997271294
113,9,enter joint,0.029751842997271294
113,10,balance enhance,0.029751842997271294
114,1,shall affected,0.07290014986958257
114,2,separability clause,0.05835071178648563
114,3,separability,0.05750940654893264
114,4,clause,0.05250546948258784
114,5,reason provisions,0.04681316992167359
114,6,shall affect,0.04463708328954288
114,7,affect,0.0442392576568209
114,8,affect validity,0.040736670058994846
114,9,ordinance nullified,0.03869061955427531
114,10,sentence clause,0.03869061955427531
115,1,separabiliw clause,0.09588820932273845
115,2,separabiliw,0.09375835601955619
115,3,affected shall,0.09336833065606953
115,4,clause reason,0.056171494546672376
115,5,clause,0.054892081731796376
115,6,unconstitutional,0.050504899843797364
115,7,invalid,0.04893191583729659
115,8,reason,0.04217704219121106
115,9,unconstitutional invalid,0.04056188005178921
115,10,provision ordinance,0.04000741970529643
116,1,uses enumerated,0.05324163208539052
116,2,uses,0.0494552984332988
116,3,enumerated,0.04820117575663092
116,4,zoning,0.048103921692822245
116,5,thereof request,0.04072089248401939
116,6,provides uses,0.03993033050709358
116,7,enumerated thereunder,0.039429820007645715
116,8,use provides,0.03905325218104357
116,9,thereunder,0.03811242318940811
116,10,thereunder deem,0.038020673708958966
117,1,ordinance temporary,0.06756771719670779
117,2,traffic,0.05104495410777431
117,3,temporary closure,0.05087959299039614
117,4,vehicular traffic,0.050082370392641906
117,5,vehicular,0.0484507653738785
117,6,closure,0.04531000656730696
117,7,pm,0.04133055575483562
117,8,shall known,0.038425231522459094
117,9,closure vehicular,0.03834032822423753
117,10,temporary,0.03709471782156058
118,1,mayor accept,0.039642703889925725
118,2,donation executed,0.03791924023686734
118,3,donation,0.03779439442410497
118,4,favor city,0.03607434021547344
118,5,accept sign,0.03443702179377046
118,6,favor,0.03264240127636445
118,7,accept,0.03184675111038605
118,8,deed donation,0.03141140535760181
118,9,government davao,0.0270549345589737
118,10,davao deed,0.02695883875135169
119,1,response needs,0.12730222245839035
119,2,davao declares,0.12176734322106902
119,3,needs people,0.11978190145242548
119,4,people city,0.11689882783356277
119,5,keeping mandate,0.10905836208544935
119,6,mandate response,0.10331844829147833
119,7,keeping,0.09980794634190192
119,8,policy keeping,0.09656804138465243
119,9,mandate,0.09087393231864026
119,10,judiciously,0.0853408587753809
120,1,local disaster,0.046914956208015904
120,2,disaster risk,0.04644895643037433
120,3,risk reduction,0.04335777888760813
120,4,reduction,0.042209905129899215
120,5,risk,0.04101965169813018
120,6,disaster,0.03934743058791775
120,7,reduction management,0.03509225866499292
120,8,fund,0.02887189626313062
120,9,fund ldrrmf,0.027403211134800255
120,10,ldrrmf,0.02739388435175178
121,1,expenses,0.014657428527411039
121,2,subtotal,0.013587319986004856
121,3,purok,0.013063508201038725
121,4,concreting,0.012962970372518277
121,5,brgy,0.01282253539763767
121,6,total,0.012466141529058337
121,7,ceo,0.01191144316814383
121,8,maintenance,0.011447213367890605
121,9,cy,0.011121542987052714
121,10,ceo ceo,0.011071499122344376
122,1,grant tax,0.09257165156486603
122,2,tax exemptions,0.09206483190304894
122,3,exemptions incentives,0.09206483190304894
122,4,exemptions,0.0817558879206891
122,5,approved grant,0.07181737038902414
122,6,conditions deem,0.07110853894284228
122,7,incentives,0.0693853749360762
122,8,deem necessary,0.0685054932126301
122,9,duly approved,0.06170152178577183
122,10,tax,0.05787265677209498
123,1,memorandum understanding,0.06280729347634792
123,2,understanding,0.05635127216618448
123,3,understanding mou,0.045890742274096535
123,4,mou,0.038306597828289705
123,5,granted legislative,0.03518522848032308
123,6,mayor granted,0.03460312081712225
123,7,legislative authority,0.03229245861195816
123,8,granted,0.030178422151717673
123,9,legislative,0.028495245915583556
123,10,mou entered,0.02771932174190228
124,1,sand,0.10178304842545415
124,2,use operation,0.10074958815425582
124,3,gravel quarry,0.0996593430617306
124,4,quarry,0.0984992205116291
124,5,sand gravel,0.09637013763674035
124,6,gravel,0.09317974010362533
124,7,commercial sand,0.08167205024101042
124,8,operation commercial,0.080689444334083
124,9,granting application,0.06885709807285585
124,10,quarry located,0.06065884206961965
125,1,pole,0.12599958180431145
125,2,cables,0.10478163519925351
125,3,wires,0.1028469254546903
125,4,poles,0.07250276228944502
125,5,utility,0.06830586944302793
125,6,wires cables,0.06716201149580077
125,7,lines,0.0500490655615978
125,8,cable,0.04590576962360296
125,9,telco,0.04425558966192224
125,10,utility companies,0.042472572087482334
126,1,rules inconsistent,0.17458494452481063
126,2,local issuances,0.16773601047617556
126,3,issuances rules,0.1654608416122813
126,4,ordinance local,0.1401413617214513
126,5,repealed modified,0.13988155185532633
126,6,inconsistent provisions,0.1358635959404045
126,7,modified accordingly,0.1270377227238005
126,8,inconsistent,0.12668153529995363
126,9,issuances,0.1252099287115999
126,10,ordinance repealed,0.12508385629615243
127,1,waste,0.0734031094147135
127,2,waste management,0.052957422255931974
127,3,solid waste,0.050101980602751804
127,4,solid,0.048147293839609376
127,5,composter,0.03830502475684082
127,6,management bureau,0.03167097454088259
127,7,powered camera,0.030302025248722914
127,8,rotary drum,0.030302025248722914
127,9,drum composter,0.030302025248722914
127,10,powered,0.02985971487456814
128,1,affected declaration,0.053968256214363255
128,2,declaration shall,0.05391370076845224
128,3,section provision,0.05264356401514023
128,4,continue force,0.052592216387028975
128,5,invalid sections,0.05243890052604126
128,6,declared unconstitutional,0.052010328524463516
128,7,unconstitutional invalid,0.05196046474402347
128,8,hereof affected,0.05163914525690219
128,9,sections provisions,0.05149245546411592
128,10,provisions hereof,0.05129842442768493
129,1,powers,0.031198949812676912
129,2,contract,0.02925953149151808
129,3,government unit,0.027789208494449907
129,4,capitol city,0.025497250059314146
129,5,entered local,0.025461773286822285
129,6,capitol,0.025356304867965952
129,7,executive behalf,0.025356304867965952
129,8,prior authorization,0.025321464785071253
129,9,municipal barangay,0.02528678048622915
129,10,chief executive,0.025158767834809952
130,1,vi local,0.03568457750224668
130,2,shall represent,0.03565364866983384
130,3,pursuant,0.03388698471387749
130,4,section vi,0.030816678344352696
130,5,wit efficient,0.02975954910680125
130,6,panlungsod pursuant,0.02924091701348329
130,7,section code,0.02885231317374578
130,8,code provides,0.028685480288901864
130,9,authority sangguniang,0.02859538057766347
130,10,provides wit,0.02784455497376994
131,1,permit,0.061370898704712025
131,2,fee,0.0548768486935753
131,3,food,0.04993396528527366
131,4,food permit,0.04370936522257988
131,5,rental,0.037600023575868675
131,6,mobile food,0.033866523123642994
131,7,rental fee,0.03232095639103798
131,8,business,0.027594007411521595
131,9,mobile,0.02716462950522946
131,10,fees,0.02073124081182906
132,1,party,0.040938406581444174
132,2,second party,0.03401927245494901
132,3,second,0.0322060741802842
132,4,ond,0.02590029557436959
132,5,sholl,0.015452656142648626
132,6,student,0.014958567625338863
132,7,party shall,0.011709623770270674
132,8,cbrap,0.011278983458076226
132,9,students,0.009581691624155777
132,10,party sholl,0.008029838158417985
133,1,authority accept,0.041531137812844746
133,2,donation,0.040774112416526925
133,3,mayor granted,0.039840448440028944
133,4,granted legislative,0.03665250239526566
133,5,deed donation,0.03491479282299208
133,6,government davao,0.0339278749927978
133,7,donation executed,0.033484611270235276
133,8,granted,0.033008750401059335
133,9,authority,0.032326205390535497
133,10,relative donation,0.03211522193411148
134,1,repealed,0.1345827521978468
134,2,inconsistent,0.12997196478826412
134,3,repealing clause,0.12646665055977477
134,4,repealing,0.12554865448796523
134,5,accordingly,0.12431760741822069
134,6,modified accordingly,0.11469691537348845
134,7,clause ordinances,0.11406028696305268
134,8,inconsistent ordinance,0.1050698487312484
134,9,ordinance repealed,0.09881624647396042
134,10,regulations inconsistent,0.09781324582385882
135,1,use construction,0.036998498436528235
135,2,application globe,0.03570685110911157
135,3,globe telecom,0.03164777648369444
135,4,telecom,0.0306297398559485
135,5,globe,0.03041219548867043
135,6,tower,0.027779445359709113
135,7,geostrukt additional,0.02748542205967807
135,8,telecom efb,0.026457914950163024
135,9,geostrukt,0.026166576051902677
135,10,efb,0.026166576051902677
136,1,vi republic,0.10088373014158049
136,2,act local,0.09993321568893405
136,3,code provide,0.0981241638990088
136,4,section vi,0.09087839701060028
136,5,government code,0.08059009267405223
136,6,vi,0.07482205870459549
136,7,republic act,0.06803459868909677
136,8,section section,0.06476785805803521
136,9,republic,0.055685433717526475
136,10,act,0.05436001535393757
137,1,income,0.07368221307841606
137,2,computation adopted,0.06767177538576755
137,3,adopted business,0.06767177538576755
137,4,computation,0.0672916678886498
137,5,statement enumerated,0.06680663168762696
137,6,income statement,0.06680663168762696
137,7,tax,0.0652061260325454
137,8,based computation,0.06332900707549685
137,9,projected income,0.062466254202246975
137,10,aforementioned exemption,0.05805158981920545
138,1,area poftion,0.03970901215238531
138,2,poftion thereof,0.03970901215238531
138,3,thereof local,0.036985611479695535
138,4,local sanggunian,0.03599788756264687
138,5,relief rehabilitation,0.035745599682261125
138,6,declared local,0.035745599682261125
138,7,provided fund,0.0355811027426432
138,8,disaster calamity,0.03549992521469346
138,9,reconstruction works,0.035419445692594864
138,10,used area,0.035419445692594864
139,1,panlungsod local,0.048931870168670115
139,2,local legislative,0.04828765487070851
139,3,enacted january,0.036327629341440786
139,4,acting secretary,0.03247233196862418
139,5,reyes acting,0.032139458589924216
139,6,legislative officer,0.03201840810205207
139,7,correct absence,0.031477843221636256
139,8,absence secretary,0.030997049004300684
139,9,secretary ma,0.0301153983942505
139,10,reyes,0.029793480486088812
140,1,health,0.05784298862323082
140,2,center health,0.037027164955113975
140,3,health development,0.034937199969666405
140,4,davao center,0.03435655604718638
140,5,health davao,0.030659059170213252
140,6,health care,0.025941765807656555
140,7,department health,0.022946601102550205
140,8,care,0.02243835588850879
140,9,center,0.02148446967132056
140,10,authoriw city,0.0198991677147484
141,1,alternative strategy,0.08229621889423461
141,2,shall encouraged,0.08048856468773666
141,3,viability local,0.08011985071672882
141,4,encouraged ensure,0.0794456364626186
141,5,sector local,0.07938874766254517
141,6,autonomy alternative,0.07818140794952287
141,7,local governance,0.0773949230143195
141,8,local autonomy,0.07695910684752597
141,9,strategy,0.07417541847715577
141,10,ensure viability,0.07406659700481115
142,1,bullying,0.05591892958031888
142,2,acts,0.03004500669485164
142,3,acts bullying,0.02222344802785958
142,4,person,0.021975710629912316
142,5,trafficking,0.021737463122502312
142,6,workplace,0.02106265126465627
142,7,persons,0.01980887956756341
142,8,evacuation,0.0181599465605393
142,9,evacuation sites,0.01756029416125067
142,10,educational,0.015660893832396692
143,1,oo,0.03890619520935329
143,2,oo oo,0.028507052227049384
143,3,oo vi,0.024468978028983034
143,4,shall oo,0.024342132257633906
143,5,pursuant,0.023886447233690516
143,6,control programs,0.023611726598015133
143,7,government connection,0.02341449849008627
143,8,activities city,0.0219596434928162
143,9,exercise general,0.02180622477609947
143,10,vi represent,0.020991432795451483
144,1,authorized enter,0.08992559404011682
144,2,davao loan,0.08787001628207784
144,3,mayor authorized,0.07642259712876909
144,4,loan agreement,0.07167739676784367
144,5,multipurpose cooperative,0.056232322971067825
144,6,agreement entered,0.054321946846891116
144,7,entered city,0.05189707448616649
144,8,loan,0.04993861489338473
144,9,multipurpose,0.04904728073988814
144,10,authorized,0.04846236709824039
145,1,concerned ldrrmc,0.023339488593442415
145,2,reduction work,0.02251378336334168
145,3,ldrrmc transfer,0.022142628407062964
145,4,ldrrmo approval,0.02196594010094739
145,5,areas stricken,0.02196594010094739
145,6,stricken,0.02196594010094739
145,7,approval sanggunian,0.02196594010094739
145,8,appropriated ldrrmf,0.021957183084255524
145,9,ldrrmc,0.02185119486489853
145,10,act likewise,0.02185119486489853
146,1,utilization funds,0.05370893897849883
146,2,specifically item,0.05047077315643819
146,3,expenditure approved,0.050112310026682955
146,4,item expenditure,0.050112310026682955
146,5,utilization,0.049310643662448875
146,6,appropriated shall,0.047384740030344964
146,7,law ra,0.04679971787975111
146,8,ra applicable,0.045917113241742365
146,9,used specifically,0.045497541029857494
146,10,item,0.04533348215202095
147,1,party,0.029445888707340908
147,2,waze,0.019509254529588488
147,3,second party,0.01736505607034117
147,4,second,0.0171437088017298
147,5,google,0.01613060349076507
147,6,data,0.01257547911875415
147,7,party shall,0.012322026136318881
147,8,parties,0.01083793508457054
147,9,agreement,0.009028122643998054
147,10,confidential,0.008419925568674201
148,1,separabiliw clause,0.080905500795692
148,2,separabiliw,0.07910844097642539
148,3,clause reason,0.05450378485702758
148,4,clause,0.04631509331122642
148,5,affected declaration,0.04542046836345626
148,6,declaration shall,0.045374553707714683
148,7,section provision,0.04209030875802588
148,8,continue force,0.04204925459382503
148,9,shall continue,0.042032304479963305
148,10,provision ordinance,0.04097626035343039
149,1,cathedral,0.1137141578130391
149,2,pedro cathedral,0.08149491958399337
149,3,recto,0.05359465257387847
149,4,pedro,0.04783532998223344
149,5,cm,0.04381615484569125
149,6,cm recto,0.043801505405091125
149,7,rotunda,0.04157071165224986
149,8,san pedro,0.041363506806309853
149,9,passing,0.03976132790619111
149,10,cathedral parish,0.03700059601160878
150,1,city disaster,0.06417120043224168
150,2,dcdrrmfip,0.05064360838136357
150,3,fund investment,0.047478382857528346
150,4,plan dcdrrmfip,0.04450883793483462
150,5,investment,0.04444816955534591
150,6,reduction management,0.041784620208695784
150,7,investment plan,0.038614467588570046
150,8,reduction,0.03813407478993233
150,9,risk reduction,0.03790752456593597
150,10,disaster,0.03729299679685332
151,1,affected declaration,0.054284785576324324
151,2,declaration shall,0.054229910157123515
151,3,section provision,0.05295232392138739
151,4,continue force,0.05290067513416698
151,5,reason section,0.05279774370071315
151,6,invalid sections,0.052746460059918336
151,7,declared unconstitutional,0.05231537443956301
151,8,unconstitutional invalid,0.0522652182029327
151,9,hereof affected,0.05194201414403945
151,10,sections provisions,0.05179446400056235
152,1,separability clause,0.06835151804249459
152,2,separability,0.06382044035913347
152,3,clause reason,0.05329702950315498
152,4,clause,0.05032182425750554
152,5,invalid sections,0.04795132732719849
152,6,declared unconstitutional,0.047559431308693646
152,7,unconstitutional invalid,0.04751383472993882
152,8,affected declaration,0.04688231481591646
152,9,declaration shall,0.04683492240842485
152,10,unconstitutional,0.0462999145578099
153,1,secretary,0.022940719193827033
153,2,assistant secretary,0.02188648373738153
153,3,absence secretary,0.019958739733303563
153,4,panlungsod assistant,0.019883032497115694
153,5,acting secretary,0.01975868564081668
153,6,secretary sangguniang,0.01894650903459617
153,7,absence,0.018606515559064396
153,8,acting,0.018249069594418122
153,9,assistant,0.01821728103933843
153,10,correct absence,0.017228071230855672
154,1,effect ord,0.07110510856349371
154,2,section provision,0.04663414890804003
154,3,continue force,0.04658866276020387
154,4,affected declaration,0.045417242477919076
154,5,provision ordinance,0.04539983391431208
154,6,declaration shall,0.045371331083161576
154,7,force effect,0.04485304222787834
154,8,reason section,0.04417311227232961
154,9,invalid sections,0.044130205930812356
154,10,unconstitutional invalid,0.043727576024896825
155,1,contest,0.0737285083600482
155,2,contest provision,0.05638453055518724
155,3,violation,0.051089136170045284
155,4,citation,0.03857436400946039
155,5,violation ordinance,0.037339885968465325
155,6,cited,0.035037636609282184
155,7,fine,0.0324068837532503
155,8,community seruice,0.03171692531777596
155,9,availment,0.030679312013686684
155,10,pay,0.029927253290898854
156,1,separability ciause,0.12168596050520963
156,2,ciause reason,0.11366876544976144
156,3,ciause,0.10124913282584004
156,4,separability,0.05938000044328653
156,5,section provision,0.04702859873509303
156,6,reason section,0.04465839167045314
156,7,declared unconstitutional,0.04425038492841619
156,8,provision ordinance,0.0436036604033775
156,9,unconstitutional,0.04307850167588861
156,10,unconstitutional invalid,0.041997562785166934
157,1,affected shall,0.10580272614927344
157,2,remain force,0.08596255964316807
157,3,shall remain,0.08576538146009956
157,4,invalid unconstitutional,0.08425635056548211
157,5,remain,0.08296953986028176
157,6,declared invalid,0.07233707301907799
157,7,paft,0.05589734273822509
157,8,provisions affected,0.053617677632579526
157,9,paft provision,0.05329740789647959
157,10,reason provision,0.05140236942456623
158,1,bspt,0.08356351949836649
158,2,tower,0.06773067401518551
158,3,globe,0.06314151063362052
158,4,telecom bspt,0.06047150570567191
158,5,telecom,0.059618600791042614
158,6,selfsupport,0.05843704820626181
158,7,granting application,0.047633287564374654
158,8,application globe,0.046090027550050594
158,9,addtttonal,0.045954835708375795
158,10,globe telecom,0.04517343333803528
159,1,peace,0.1060836048320599
159,2,peacebuilding,0.046625342587948225
159,3,city peace,0.04095047945242572
159,4,peace council,0.0394241618509544
159,5,peace sa,0.03753658732017253
159,6,sa barangay,0.035359459539687214
159,7,peace center,0.03273527703351731
159,8,center peacebuilding,0.02580640378261861
159,9,sa,0.02252764119925829
159,10,council,0.021259446405984005
160,1,rhmpp,0.06682386393623267
160,2,program rhmpp,0.06682386393623267
160,3,placement program,0.06570422636561618
160,4,placement,0.06287621649163097
160,5,midwives placement,0.06221173686349597
160,6,health midwives,0.06190808889846573
160,7,midwives,0.06160100462190859
160,8,rural health,0.05797741611473749
160,9,personnel rural,0.05150531996884115
160,10,center health,0.0450872607485751
161,1,engagement aftercare,0.0787228498345527
161,2,program drug,0.0787228498345527
161,3,aftercare program,0.07667642372767063
161,4,aftercare,0.07012808586496495
161,5,relative engagement,0.06473125108160799
161,6,engagement,0.06395674712581503
161,7,drug reformist,0.059760981562286326
161,8,drug,0.058528741732926014
161,9,reformist,0.058006310404407256
161,10,moa entered,0.029710121403221882
162,1,reduction works,0.047558284602811925
162,2,works ldrrmcs,0.04507445800774321
162,3,appropriated ldrrmf,0.04074040442817638
162,4,programs order,0.03935192800378061
162,5,recovery programs,0.03831840063328913
162,6,relief recovery,0.038220806816869415
162,7,provides appropriated,0.03812417847226274
162,8,conditions people,0.03812417847226274
162,9,people communities,0.03802849711071937
162,10,complex emergencies,0.03793374476925918
163,1,deed absolute,0.04049038227745135
163,2,absolute sale,0.03845098877685433
163,3,absolute,0.03664857341573945
163,4,settlement estate,0.03663635564430119
163,5,estate,0.03540921359679185
163,6,barangay new,0.03315888270340066
163,7,addendum deed,0.03256564946160105
163,8,city sanitary,0.030771967305910603
163,9,addendum,0.030266098527542595
163,10,purchase parcel,0.02945867845758637
164,1,expo,0.07637397889202585
164,2,payment special,0.051272367894130824
164,3,exemption,0.050066231629387975
164,4,trade,0.049724818322722776
164,5,trade expo,0.049693859856663324
164,6,permit fee,0.04716040545763758
164,7,fee,0.04643719948707592
164,8,mayors,0.04383644898182941
164,9,permit,0.04371869728608566
164,10,exemption payment,0.04050068861636113
165,1,poucy policy,0.0898644727606809
165,2,measures adhere,0.07700510312890825
165,3,davao adopt,0.0768316256348193
165,4,adopt measures,0.07517380322063548
165,5,reduction declares,0.07426801404794157
165,6,assistance response,0.07339673653823099
165,7,adhere,0.07334858303128429
165,8,response risk,0.07322711373367895
165,9,standards humanitarian,0.07322711373367895
165,10,judiciously utilize,0.07305982106063087
166,1,proceeds,0.023824763543967665
166,2,amusement,0.01846349646678711
166,3,located bo,0.016360911317719242
166,4,concert,0.015563933586195051
166,5,property covered,0.01500837545364931
166,6,attested,0.015007939002474963
166,7,december,0.014671382068116589
166,8,proceeds said,0.01449952969796454
166,9,bo obrero,0.013965445558335815
166,10,bo,0.013518592904178324
167,1,exemption,0.20309672694907835
167,2,exemption shall,0.1912080639594377
167,3,period exemption,0.18062511647124702
167,4,idle,0.10488260766089386
167,5,period,0.09359066538839343
167,6,idle land,0.08396988131068987
167,7,land tax,0.08396988131068987
167,8,exemption section,0.05356925970920251
167,9,person having,0.04902121046382204
167,10,corresponding application,0.04902121046382204
168,1,area portion,0.039211177570076604
168,2,portion thereof,0.03874371605756415
168,3,thereof local,0.036979805261252885
168,4,relief rehabilitation,0.03573998812815088
168,5,calamity determined,0.035575517012228344
168,6,affected disaster,0.035575517012228344
168,7,provided fund,0.035575517012228344
168,8,disaster calamity,0.03549435222800355
168,9,year provided,0.03541388534005285
168,10,used area,0.03541388534005285
169,1,clause lf,0.11983820018632176
169,2,lf reason,0.11851059344401305
169,3,lf,0.08575270327449257
169,4,separability clause,0.0568484576890016
169,5,separability,0.05620227588584809
169,6,invalid sections,0.042227438613248826
169,7,declared unconstitutional,0.04188232272206049
169,8,clause,0.04185302944343753
169,9,unconstitutional invalid,0.04184216894868931
169,10,sections provisions,0.04146529542656211
170,1,assistance million,0.1519846853185443
170,2,beneficiary,0.12870402718163246
170,3,beneficiary financial,0.12025678252995027
170,4,million pesos,0.11425767879357666
170,5,declared beneficiary,0.10206456948738475
170,6,calamity declared,0.10157243097733186
170,7,province,0.10027411660123968
170,8,million,0.09042393463069838
170,9,financial assistance,0.08184822681996314
170,10,declared state,0.07461314759019509
171,1,closure,0.11155126616842419
171,2,requested,0.1045181652945611
171,3,closure connection,0.08398820236898878
171,4,road closure,0.07732045259510253
171,5,temporary closure,0.0747184869601527
171,6,requested temporary,0.07206940823850508
171,7,temporary,0.06641860542753733
171,8,connection upcoming,0.06501699467350673
171,9,specified,0.06142462971717333
171,10,mr,0.057236471595551175
172,1,moa entered,0.037922368237417535
172,2,agreement moa,0.03226431445154164
172,3,moa,0.031418232956579355
172,4,davao memorandum,0.03073737432434652
172,5,mayor sign,0.02722728371400824
172,6,city davao,0.026108397173404074
172,7,shall known,0.0256545760938452
172,8,work,0.025169952368421313
172,9,ordinance granting,0.024654374934321672
172,10,work immersion,0.024429489691509296
173,1,utilize,0.034636431051933335
173,2,risk reduction,0.03095866665723215
173,3,reduction,0.030139052693112522
173,4,risk,0.028876654816302996
173,5,adhere national,0.027645960394717763
173,6,adhere,0.026153385153915305
173,7,national principles,0.026140807249258272
173,8,assistance response,0.026079999355779922
173,9,response,0.02606674629958533
173,10,judiciously utilize,0.02605042334164578
174,1,davao involving,0.0256816330651154
174,2,deed sale,0.02493584280050302
174,3,slum,0.023333781478791865
174,4,resettlement sir,0.022926546213180004
174,5,sir project,0.022846774093393078
174,6,improvement resettlement,0.022387882017590902
174,7,sir,0.022383600332105125
174,8,slum improvement,0.02201572014609096
174,9,involving,0.021730792373201437
174,10,sale,0.021679851117366977
175,1,section vi,0.11627707618393973
175,2,vi republic,0.1118682050567096
175,3,policy section,0.1112482737920646
175,4,declaration policy,0.09026476658867046
175,5,act local,0.0886513569549971
175,6,policy,0.08209626304533565
175,7,vi,0.07835949127945459
175,8,government code,0.07596020339578649
175,9,code provide,0.06924156290763606
175,10,republic act,0.06353042302562013
176,1,oo,0.04178649306988915
176,2,oo vi,0.035944889823180164
176,3,activities city,0.0342748489651388
176,4,control programs,0.03303389412758874
176,5,exercise general,0.03203330952800622
176,6,vi represent,0.031203481182427883
176,7,bonds contracts,0.030538958334308274
176,8,connection shall,0.030031227682505827
176,9,panlungsod pursuant,0.029959367062954625
176,10,pursuant law,0.029819166581457092
177,1,geostrukt construction,0.094508425710125
177,2,tower,0.09109339519480572
177,3,tower barangay,0.09022520969334888
177,4,use globe,0.07805911306307056
177,5,efb geostrukt,0.07763267001434321
177,6,geostrukt,0.07763267001434321
177,7,efb,0.07763267001434321
177,8,telecom efb,0.07289010195610846
177,9,high,0.07003466546715727
177,10,globe telecom,0.06706760409520031
178,1,quarantine,0.0555832241199244
178,2,quarantine area,0.0483545159083179
178,3,period months,0.04614460289976428
178,4,inn,0.04488881224589644
178,5,authority enter,0.04433048387678675
178,6,sign renewal,0.03953446521042357
178,7,use quarantine,0.0390579459775449
178,8,granted legislative,0.03893110767705576
178,9,patients,0.03891027377446541
178,10,mayor granted,0.03828702784314522
179,1,allowable use,0.04777305692267238
179,2,allowable,0.045926510113886036
179,3,earthfill,0.04035005945326707
179,4,use operation,0.03989177128733453
179,5,additional allowable,0.037252507864556444
179,6,district,0.03578643092862978
179,7,operation earthfill,0.035730382513106104
179,8,earthfill quarry,0.03432905411171716
179,9,ptw,0.03374177881221527
179,10,known ordinance,0.03204986749325092
180,1,poucy section,0.06505077355392053
180,2,road alley,0.05842145605658225
180,3,emergency fiesta,0.05647037963756473
180,4,poucy,0.055850674553856734
180,5,square temporarily,0.05571110990097525
180,6,local road,0.054594747876820136
180,7,agricultural industrial,0.05429196065333745
180,8,rallies agricultural,0.05394320732643114
180,9,closed actual,0.05368660782592566
180,10,alley,0.05323339999778908
181,1,contractor,0.021655337952099535
181,2,ustda,0.018992677104856127
181,3,thc,0.014053414629574674
181,4,contractor shall,0.01326363205704901
181,5,project,0.012765810263358877
181,6,lgu,0.01213595122156053
181,7,grantee,0.011269114123181437
181,8,xi,0.011195152099122595
181,9,report,0.0108968513470251
181,10,grant,0.010185297637356993
182,1,data,0.05858679118684663
182,2,privacy,0.04063996955830258
182,3,personal data,0.03681925988394063
182,4,dpo,0.031334658226974656
182,5,data subjects,0.026585605512374794
182,6,pic,0.025553191307121272
182,7,subjects,0.024930029841723947
182,8,data privacy,0.022856648097883767
182,9,npc,0.021621931106025692
182,10,information,0.02160762057846559
183,1,highways telecommunications,0.05606996728940945
183,2,telecommunications,0.05300413727479612
183,3,poucy section,0.04852259167411211
183,4,public works,0.04781671748009344
183,5,works highways,0.04731050498554131
183,6,works,0.04641946472045692
183,7,highways,0.04552951601590843
183,8,closed actual,0.04538529370106764
183,9,actual emergency,0.04489247361789493
183,10,industrial fairs,0.04466799455393608
184,1,understanding,0.045621041392218654
184,2,mou,0.04311061169420645
184,3,memorandum understanding,0.04302500025286917
184,4,understanding mou,0.04225572033937739
184,5,mou city,0.030670931656327727
184,6,shall known,0.027772843844713156
184,7,administration implementation,0.026166323632062786
184,8,davao memorandum,0.026144896378113885
184,9,city davao,0.0260899720518985
184,10,sigil,0.025017869717277434
185,1,street,0.06792884087186096
185,2,ordinance temporary,0.054054173757366236
185,3,vehicular,0.043605688836490644
185,4,temporary closure,0.04177482371843051
185,5,closure vehicular,0.041407554482176534
185,6,vehicular traffic,0.041317955573929574
185,7,closure,0.04077900591057626
185,8,traffic,0.03897978313684584
185,9,known ordinance,0.03256533366863906
185,10,shall known,0.03207671501005281
186,1,beneficiary,0.14866347524723322
186,2,declared beneficiary,0.14736595594435234
186,3,calamity declared,0.14665538162502462
186,4,assistance thousand,0.1449550543821571
186,5,manila declared,0.11126455843636567
186,6,beneficiary financial,0.10914060935491285
186,7,state calamity,0.10850647372920944
186,8,declared state,0.10607282520432505
186,9,declared,0.09862265511381722
186,10,metro manila,0.09672051684583273
187,1,davao loan,0.026181270760410012
187,2,loan,0.017713615834747665
187,3,mayor sign,0.01752446988137985
187,4,acting,0.017207542562119142
187,5,attested,0.016520427400646465
187,6,layog acting,0.01623762248737206
187,7,sanggunian present,0.015112652088358979
187,8,government depaftment,0.015066133482465225
187,9,loan agreementto,0.014885569868713203
187,10,february unanimous,0.01479592070015029
188,1,fatima,0.13854570494677299
188,2,corner,0.12348470583265718
188,3,lady fatima,0.07885783331363064
188,4,lady,0.07443281833998919
188,5,streets,0.06862470376950164
188,6,pagasa,0.06516516618111128
188,7,pm,0.06504178277845347
188,8,fatima parish,0.06452004543842506
188,9,aurora,0.060954488231492285
188,10,streets corner,0.05735115150082228
189,1,organizers,0.08940531449959044
189,2,shall organizers,0.08934380864248909
189,3,organizers exempt,0.07763525867387716
189,4,case shall,0.0775895716575322
189,5,exempt compliance,0.07057750788534288
189,6,exempt,0.06774486006415148
189,7,signage ordinance,0.05646200630827431
189,8,exemption shall,0.0552890787352591
189,9,compliance provisions,0.05431810731472682
189,10,provisions signage,0.053939962998701144
190,1,projects indicated,0.048166697725665876
190,2,conform existing,0.047472726269544595
190,3,appropriated,0.047154485753308474
190,4,regulations policies,0.04711176904020974
190,5,policies guidelines,0.04599147233090981
190,6,indicated shall,0.044691484380118635
190,7,guidelines commission,0.04272995126925305
190,8,conform,0.04207410880324633
190,9,appropriated projects,0.041723170615979056
190,10,items expenditures,0.041294356041814195
191,1,legislative staff,0.05436859365690288
191,2,staff officer,0.050781083060129496
191,3,local legislative,0.05021601272618098
191,4,panlungsod local,0.04725124358818837
191,5,staff,0.04082075486582651
191,6,correct absence,0.035073112077198626
191,7,absence secretary,0.03453740353605281
191,8,reyes acting,0.03342294145129853
191,9,absence,0.032197460603735524
191,10,reyes,0.030983277180317296
192,1,contacts,0.1477000360152383
192,2,confirmed,0.07644263147439441
192,3,positive,0.07640915935875311
192,4,mandatory,0.06477856140274472
192,5,confirmed positive,0.06291630851247265
192,6,close contacts,0.06152426411236974
192,7,positive case,0.06152426411236974
192,8,close,0.05354081857865604
192,9,fl contacts,0.04394590293740695
192,10,testing,0.04015561393399203
193,1,subject government,0.03535083766223162
193,2,coa procurement,0.031382738926565346
193,3,management dbm,0.029650406995120757
193,4,dbm,0.028776366638965635
193,5,procurement,0.02753652025259258
193,6,budget management,0.02742063626384898
193,7,coa,0.02715333426433505
193,8,presidential directives,0.026838794675163022
193,9,presidential,0.02611586279953313
193,10,directives,0.02585017344896083
194,1,youth,0.10403536627283015
194,2,dcydc,0.0842434278352263
194,3,organizations,0.054567339897597406
194,4,youthseruing,0.05071885291448032
194,5,sk,0.049734406583311574
194,6,youth development,0.04892347677604842
194,7,youth organizations,0.04150037054044309
194,8,youthseruing organizations,0.04096981280290936
194,9,pederasyon,0.036535798199011045
194,10,organizations youthseruing,0.03336894147727366
195,1,social welfare,0.06405175835224991
195,2,social,0.05296738835899166
195,3,city social,0.05085548031299429
195,4,development office,0.05019193397297488
195,5,welfare development,0.04659090556881377
195,6,office cswdo,0.04250039019752394
195,7,cswdo,0.040348797838355266
195,8,welfare,0.035827158216280824
195,9,calamity disaster,0.026486640887919705
195,10,seruices development,0.024290963939236666
196,1,duties compensation,0.07195459142027359
196,2,compensation efficient,0.07083730762810915
196,3,compensation,0.06495899390237152
196,4,effective economical,0.06477352882612167
196,5,economical governance,0.06452100371426388
196,6,city inhabitants,0.06447082334021209
196,7,inhabitants pursuant,0.0642711700185707
196,8,economical,0.06397484945689948
196,9,governance purpose,0.06358551887189996
196,10,powers duties,0.06005101524605366
197,1,calamity sanggunian,0.05007646331134831
197,2,calamity,0.04793489293066946
197,3,calamity fund,0.043254763063013214
197,4,poftion,0.03759287104164838
197,5,lgus,0.03603648858413804
197,6,states lgus,0.03272935234633427
197,7,declared state,0.03150123809987051
197,8,lgus area,0.030826460533069637
197,9,state calamity,0.03014501060622453
197,10,used lgu,0.03001140064076023
198,1,road closure,0.054812786599952826
198,2,kadayawan,0.05327318201208688
198,3,closure,0.05008346231054935
198,4,pedro,0.044682852360906945
198,5,san pedro,0.042684554878086714
198,6,stage,0.03882221581638683
198,7,cm recto,0.03784220968216932
198,8,cm,0.03759198501851008
198,9,recto ave,0.036637058088106536
198,10,recto,0.03638091019875557
199,1,lease,0.05457552417623679
199,2,contract lease,0.04048643960872272
199,3,relative lease,0.03862301144921098
199,4,davao lessee,0.03475641007693423
199,5,renewal contract,0.028302162771088577
199,6,logistics company,0.02707004707487829
199,7,porio,0.02707004707487829
199,8,yee porio,0.02707004707487829
199,9,duha,0.02707004707487829
199,10,frontmovers,0.02707004707487829
200,1,contract,0.032547463489518015
200,2,section section,0.032073142761944506
200,3,government unit,0.03163080018785309
200,4,section corporate,0.029261723831178053
200,5,enter contracts,0.028283662220781512
200,6,place provincial,0.028205626161801247
200,7,executive behalf,0.028205626161801247
200,8,prior authorization,0.028166871053015047
200,9,following powers,0.028089879235190966
200,10,unit prior,0.028013568913633685
201,1,reduction declares,0.08297899051098216
201,2,principles standards,0.08144190753273634
201,3,measures adhere,0.08125727599457412
201,4,davao adopt,0.08107421918348934
201,5,adopt measures,0.07932485286897616
201,6,adhere,0.07739884518051557
201,7,judiciously utilize,0.07709413795732227
201,8,utilize resources,0.07694340908595994
201,9,resources proper,0.0767937436256257
201,10,national principles,0.07671694169841889
202,1,use funds,0.05553597205336142
202,2,employees disciplinary,0.03957364703917523
202,3,disciplinary action,0.038650565974528664
202,4,disciplinary,0.038411588525068784
202,5,action appropriate,0.03722282987026857
202,6,embodied ra,0.03674695796494843
202,7,funds use,0.03630403728480564
202,8,legal measures,0.03483409209801858
202,9,subject erring,0.03483409209801858
202,10,measures existing,0.03483409209801858
203,1,dswd,0.020198231842323364
203,2,beneficiaries,0.010638399593344533
203,3,subproject,0.010126281781125358
203,4,implementation,0.010028391142214812
203,5,social,0.009289586632681377
203,6,project,0.008376180319811181
203,7,sfp,0.007952779114219677
203,8,program,0.007597607239250979
203,9,sub project,0.00758282488761462
203,10,operation maintenance,0.007423804833277871
204,1,declared separable,0.08642815987560132
204,2,separable,0.0853864186954986
204,3,provisions declared,0.0853864186954986
204,4,invalid validity,0.0853864186954986
204,5,provisions shall,0.07775089092892754
204,6,shall affected,0.07775089092892754
204,7,validity provisions,0.07313151989473958
204,8,validity,0.07033361495658808
204,9,declared invalid,0.07024467834497243
204,10,provisions,0.06272324617332325
205,1,closure,0.037318969045436454
205,2,ingress,0.029748521445635348
205,3,road closure,0.02910060670397496
205,4,barricades,0.024479032126315137
205,5,requested temporary,0.02411049293797261
205,6,requested,0.023310718077817264
205,7,temporary closure,0.022055938396793734
205,8,temporary,0.020831289884091254
205,9,temporary road,0.020654562503411834
205,10,declared unconstitutional,0.02064079318797304
206,1,provides wit,0.06897047474940342
206,2,wit efficient,0.06388536410572006
206,3,wit,0.05896312838958326
206,4,purpose general,0.05890788861311523
206,5,governance purpose,0.05877364176808051
206,6,welfare city,0.05833211359995129
206,7,vi local,0.0574535475615323
206,8,section vi,0.05745015385716147
206,9,code provides,0.05718109529183195
206,10,effective economical,0.05559519481871369
207,1,davao deed,0.018031716034959823
207,2,donation,0.015348083719040964
207,3,layog,0.015048610911013692
207,4,sewing,0.014817203548098491
207,5,attested,0.014094990690856265
207,6,deed donation,0.013915624352831302
207,7,enacted day,0.012057556310296558
207,8,authorizing city,0.011588115185517948
207,9,recognmon support,0.011558956562129064
207,10,ordinance authorizing,0.011363611960325338
208,1,terrorist,0.06947637704925452
208,2,effective governance,0.050977363978875215
208,3,incidental efficient,0.05066081500315621
208,4,therefrom powers,0.04910377295815706
208,5,governance essential,0.04859397165082153
208,6,implied,0.0485163323059214
208,7,powers expressly,0.04764847412440786
208,8,essential promotion,0.047637839064851265
208,9,necessarily implied,0.04748598407182643
208,10,expressly granted,0.04733612369466984
209,1,continue remain,0.2151900768163499
209,2,unconstitutional remaining,0.21137487536337227
209,3,valid effect,0.20373747924932253
209,4,unaffected shall,0.1998193570437535
209,5,unaffected,0.1930439872349913
209,6,remain valid,0.18749559913869737
209,7,remaining,0.15042232408312955
209,8,remaining unaffected,0.1494343581131339
209,9,remain,0.1307326561974746
209,10,valid,0.12872835004439442
210,1,puv,0.0908924684616019
210,2,social development,0.07291592445171166
210,3,puv modernization,0.04816619753992136
210,4,development committee,0.04428511449768881
210,5,modernization projects,0.04360606370269202
210,6,modernization,0.0405277961653156
210,7,operator,0.03930736715047912
210,8,social,0.03697025010460675
210,9,scrapping,0.035393758235277024
210,10,allied,0.034827889824482414
211,1,separability ctause,0.08270131118935084
211,2,ctause reason,0.07710530044701631
211,3,ctause,0.06803572619575947
211,4,separability,0.06387395854811387
211,5,affected declaration,0.04939118855372067
211,6,declaration shall,0.04934125997524446
211,7,section provision,0.04817884398717428
211,8,continue force,0.04813185117029029
211,9,reason section,0.04803819867108912
211,10,invalid sections,0.047991538083867
212,1,quaranttne,0.052050212310279405
212,2,pertod months,0.049129805023849775
212,3,inn,0.04906677529042793
212,4,pertod,0.0427077606851729
212,5,pertaining use,0.0423723507199241
212,6,inn pertaining,0.042050174019360766
212,7,pattents,0.04149657488418035
212,8,renewal memorandum,0.041264377944510704
212,9,quaranttne area,0.04040797085093049
212,10,pertaining,0.04023479575631333
213,1,cultural,0.027076265206430392
213,2,labor,0.026955438646932832
213,3,workers,0.022253355064977248
213,4,mrc,0.021281041336787435
213,5,functions,0.020850988688547106
213,6,moral recovery,0.02065113479628759
213,7,moral,0.019671011908011272
213,8,programs,0.019630638749623647
213,9,artists,0.018701527634369112
213,10,encourages,0.016699443116214643
214,1,sites services,0.02529661745293671
214,2,new matina,0.024267469754238144
214,3,sites,0.021370185951327555
214,4,matina sites,0.020442706106502614
214,5,services phase,0.02042581716717243
214,6,deed sale,0.02031605498338855
214,7,slum improvement,0.019163391644317664
214,8,sale,0.019012570157059646
214,9,slum,0.018859923307720527
214,10,atuel,0.018426560372382453
215,1,declaration poucy,0.19524202111396863
215,2,poucy,0.1947635318673606
215,3,poucy section,0.15704743267298524
215,4,section declaration,0.14277213608289216
215,5,declaration,0.08027441132771548
215,6,rice,0.055497469947606654
215,7,key,0.0504890440187655
215,8,section vi,0.042492879149942375
215,9,section,0.040287381262677155
215,10,shall educate,0.037916661566790376
216,1,closure,0.08601133818091068
216,2,specified,0.07750033280886784
216,3,requested temporary,0.06735629773147904
216,4,requested,0.06715706874799734
216,5,araw ng,0.06601054474114229
216,6,araw,0.06493996890048853
216,7,closure connection,0.06181531694357574
216,8,connection upcoming,0.05859490785269504
216,9,temporary,0.05819534951746129
216,10,temporary closure,0.05545493082622424
217,1,inspection section,0.12846820295298975
217,2,drug inspection,0.12846820295298975
217,3,food drug,0.10632066812513474
217,4,section section,0.09566855369641081
217,5,drug,0.09107344987208615
217,6,sanitation,0.08398997766497282
217,7,sanitation section,0.07708092177179385
217,8,shall transferred,0.07499600086527264
217,9,environmental sanitation,0.07170739039507273
217,10,inspection,0.0645809981380898
218,1,zone,0.0720239923039543
218,2,zones,0.05820376951806492
218,3,zoning,0.04747634019824247
218,4,reclassification,0.0449533390253079
218,5,review,0.04253117449076328
218,6,general zones,0.04237487439315821
218,7,general zone,0.040128357007549326
218,8,amendment,0.037986895770983034
218,9,agricultural land,0.03746296296364981
218,10,zoning ordinance,0.03643870769802177
219,1,effect ord,0.09024879163828048
219,2,separability clause,0.059180132711402045
219,3,separability,0.05525703361563255
219,4,clause reason,0.04732887255358294
219,5,clause,0.043569657604203525
219,6,affected declaration,0.04272806364698965
219,7,declaration shall,0.04268487069007964
219,8,section provision,0.04167927058656078
219,9,reason section,0.04155759904567852
219,10,invalid sections,0.04151723321122478
220,1,disaster risk,0.021944398787820885
220,2,risk,0.019404185306380987
220,3,reduction,0.018952852026841712
220,4,risk reduction,0.01881932166022244
220,5,fund,0.018797647734385723
220,6,disaster,0.018589345691580057
220,7,reduction work,0.015706963993894537
220,8,likewise provides,0.015166271320527704
220,9,situation living,0.015089398957853294
220,10,ldrrmo,0.015089398957853294
221,1,lands,0.06615739160659674
221,2,residential,0.04551229371766839
221,3,class,0.039863727512197536
221,4,value,0.03369185859731866
221,5,commercial,0.03247027320194653
221,6,residential lands,0.024468470433490746
221,7,buildings,0.024312015131672124
221,8,commercial lands,0.02398990612470444
221,9,assessment,0.01991103873458641
221,10,base,0.019791552078806923
222,1,program rhmpp,0.03410477198564103
222,2,rhmpp,0.03410477198564103
222,3,midwives,0.026155293291531868
222,4,rural health,0.026155293291531868
222,5,personnel rural,0.025997810440283323
222,6,health midwives,0.025389576129454354
222,7,development local,0.023596596437057384
222,8,rural,0.023549843178871606
222,9,healthdavao,0.02278563043722492
222,10,unit davao,0.02050706739350243
223,1,ordinance amending,0.02688400083411452
223,2,amending,0.024640054548019243
223,3,amending ordinance,0.022291541030916594
223,4,public health,0.01723776405254575
223,5,ordinance series,0.017010952156396704
223,6,zulei,0.016886249611870262
223,7,temporary presiding,0.014847203142645002
223,8,zulei lopez,0.01443357514133358
223,9,panlungsod city,0.01390283237076797
223,10,attested,0.01382687945488889
224,1,conspicuous public,0.054690247292895365
224,2,places publication,0.054690247292895365
224,3,immediately posting,0.05394518321926411
224,4,posting conspicuous,0.053255525898451436
224,5,consecutive days,0.05099502643981221
224,6,publication consecutive,0.050122642384950476
224,7,newspaper general,0.04938486296575308
224,8,general circulation,0.048608349593046066
224,9,newspaper,0.04640539090857544
224,10,local newspaper,0.046234049873502575
225,1,regulations department,0.051890675948504564
225,2,specifically item,0.05126085301659739
225,3,appropriated shall,0.05065948472993349
225,4,law ra,0.047532330285812635
225,5,expenditure approved,0.046655380228697405
225,6,item expenditure,0.046655380228697405
225,7,used specifically,0.04620976889177349
225,8,item,0.04604314180253156
225,9,disbursements utilization,0.0459606218791343
225,10,dbm commission,0.04500925726983378
226,1,poucy section,0.06699287468574021
226,2,celebrations public,0.061410135128595195
226,3,industrial fairs,0.06030054563512377
226,4,celebrations,0.059981240454180094
226,5,fairs,0.05915789593142866
226,6,poucy,0.057518105275092185
226,7,emergency fiesta,0.056641824466866386
226,8,public rallies,0.05629906898725795
226,9,fiesta celebrations,0.05624990534310596
226,10,rallies,0.05613028256176883
227,1,policy,0.10951979708022903
227,2,policy policy,0.09492265247485492
227,3,assistance response,0.0782753049256734
227,4,standards humanitarian,0.07809440755373448
227,5,response risk,0.07809440755373448
227,6,humanitarian assistance,0.07791509141065654
227,7,principles standards,0.07773732978937
227,8,measures adhere,0.07756109665330468
227,9,davao adopt,0.07738636661413206
227,10,humanitarian,0.07721311491042318
228,1,temporary presiding,0.018801688769763805
228,2,attested edgar,0.01787161655470912
228,3,edgar,0.01753235037749468
228,4,temporary,0.01682178031475137
228,5,school local,0.016627056868235464
228,6,unit temporary,0.01636533078564576
228,7,authorizing,0.016350877886586825
228,8,deped school,0.015906754339181952
228,9,mayor enter,0.015790146672547745
228,10,ordinance authorizing,0.015528184134360603
229,1,basis section,0.0420484856335469
229,2,area portion,0.037879163045403084
229,3,portion thereof,0.03742758132949403
229,4,legal basis,0.03622798613399611
229,5,thereof local,0.03572359106978782
229,6,relief rehabilitation,0.03452589086689735
229,7,provided fund,0.03436700688017812
229,8,calamity determined,0.03436700688017812
229,9,annual lump,0.03436700688017812
229,10,disaster calamity,0.03428859928607562
230,1,disaster risk,0.05530626975648176
230,2,local disaster,0.051180458987224314
230,3,risk,0.04746583408915198
230,4,disaster,0.046850559787749435
230,5,reduction management,0.04412899150007981
230,6,risk reduction,0.043370564482528226
230,7,reduction,0.042222352233105435
230,8,ldrrmf,0.03181672303242347
230,9,fund ldrrmf,0.03173939068317799
230,10,support disaster,0.030166274801139356
231,1,effect ord,0.08614351476286279
231,2,separabiliw clause,0.0804711088451111
231,3,separabiliw,0.07868369766916941
231,4,clause reason,0.05421114708598314
231,5,clause,0.04606642166928694
231,6,affected declaration,0.04517660007694105
231,7,declaration shall,0.04513093194284105
231,8,continue force,0.044024722930447686
231,9,invalid sections,0.043896382868656866
231,10,declared unconstitutional,0.04353762705037458
232,1,pertaining use,0.013549298195324567
232,2,inn pertaining,0.013446276575958383
232,3,temporary presiding,0.013235878770575003
232,4,ungab,0.012694782656141167
232,5,audmng rules,0.012666366261745587
232,6,audmng,0.012592544627193414
232,7,dbm,0.012427172287778817
232,8,renewal memorandum,0.01231533760359428
232,9,iaws ordinances,0.012215916519466904
232,10,department budget,0.012108205852834049
233,1,affected shall,0.1010468154295093
233,2,separability clause,0.06314939511758552
233,3,clause reason,0.0596856717917105
233,4,separability,0.058963170390913706
233,5,clause,0.050718449473328236
233,6,unconstitutional invalid,0.047888328008598435
233,7,provision ordinance,0.047233718831047836
233,8,unconstitutional,0.04666483999274829
233,9,invalid,0.04521145532707164
233,10,reason,0.04481570443667105
234,1,transmit copy,0.1908691100624213
234,2,directed transmit,0.1908691100624213
234,3,transmit,0.18403373305503803
234,4,copy said,0.1673033936863982
234,5,said ordinance,0.16063094537127792
234,6,ordinance executive,0.15645529165864197
234,7,panlungsod directed,0.15616563550561743
234,8,transmittal,0.15057305431775841
234,9,directed,0.13478661117934224
234,10,transmittal office,0.13444495281958543
235,1,protection bfp,0.07703055782510788
235,2,bfp,0.07678793962992558
235,3,official obo,0.0710272893674207
235,4,obo,0.07057317976729659
235,5,bureau protection,0.06879368228228007
235,6,building,0.06692631502698766
235,7,building official,0.06531391471272174
235,8,building permit,0.05163409820963264
235,9,fees,0.05155884368277359
235,10,applications,0.05033993787211861
236,1,section paragraph,0.03358111438851474
236,2,paragraph subparagraph,0.03353260624961257
236,3,subparagraph vi,0.03353260624961257
236,4,subparagraph,0.03135832199968138
236,5,vi,0.027664217749764453
236,6,wit section,0.02762076934237793
236,7,pursuant,0.02545790425132965
236,8,paragraph,0.023415107883369774
236,9,section chief,0.022058582603159987
236,10,section code,0.02167556164729507
237,1,april,0.016628720007539392
237,2,ordinance temporary,0.015232210949635722
237,3,closure,0.014747208538529755
237,4,vehicuiar,0.013370704744878833
237,5,attested,0.0124631571833747
237,6,head ii,0.012265765009523146
237,7,march,0.012028899753416618
237,8,temporary,0.01197356962638818
237,9,effectmiy,0.011177515124342953
237,10,invalid,0.01099033091066307
238,1,implementation magnegosyo,0.053077735784694845
238,2,davao loan,0.04799899639408503
238,3,loan agreement,0.04474717483935384
238,4,magnegosyo,0.03896255436214601
238,5,magnegosyo ta,0.03896255436214601
238,6,entered city,0.038569764541589724
238,7,authority enter,0.037625032534079506
238,8,relative implementation,0.037466621929483634
238,9,government davao,0.03632100188961121
238,10,attached guidelines,0.03606285982894641
239,1,dcc,0.01734308618435393
239,2,ncca,0.01511302884337176
239,3,rmhc,0.012386472582787637
239,4,grantee,0.011904334289313008
239,5,project,0.009050796722729196
239,6,davao barangay,0.007874824019039103
239,7,day care,0.007765959724870058
239,8,dlf,0.007726180778041351
239,9,agreement,0.007717302286397226
239,10,parties,0.007700501602525146
240,1,lessee,0.05642984994401979
240,2,lessor,0.05189509103072453
240,3,lease,0.03686875123973862
240,4,leased,0.03502443528609039
240,5,premises,0.031593922754350225
240,6,leased premises,0.028864412979089815
240,7,lessee shall,0.023056434065570768
240,8,tlre,0.014865392682044624
240,9,contract,0.012824024897862673
240,10,contract lease,0.012411289256440267
241,1,city davao,0.03263117560134178
241,2,authorizing city,0.03240084874160742
241,3,authorizing,0.03066844952996212
241,4,shall known,0.02865717708245359
241,5,aild,0.025547543669996814
241,6,ltfrb,0.025207510348865737
241,7,mayor enter,0.02512933528500753
241,8,protecttve,0.02492971552239918
241,9,ordinance authorizing,0.024712433239020764
241,10,contract agreement,0.023172921978439457
242,1,support fund,0.023988770228931932
242,2,fund barangay,0.023461851714379384
242,3,government support,0.023298773994623965
242,4,force end,0.023141262770370995
242,5,end local,0.02256007687865298
242,6,dpwh davao,0.02256007687865298
242,7,management commission,0.022044098435961623
242,8,order subject,0.021642156768790527
242,9,national task,0.021642156768790527
242,10,engineering office,0.021580248486314974
243,1,section declaration,0.6712486890297207
243,2,policy section,0.42665546762011586
243,3,declaration policy,0.3231015747635486
243,4,policy,0.3111485517048559
243,5,declaration,0.1572555134727555
243,6,deciaration policy,0.1315824826586939
243,7,deciaration,0.121619995660259
243,8,section,0.10762083665973898
243,9,declaratioil policy,0.09012204853051475
243,10,declaratioil,0.08307794006806278
244,1,efb geostrukt,0.10412635898749208
244,2,efb,0.10412635898749208
244,3,geostrukt,0.10412635898749208
244,4,telecom efb,0.0957142752959
244,5,geostrukt additional,0.08566396656237814
244,6,tower,0.08145388247577866
244,7,telecom,0.0812579447818655
244,8,granting application,0.07967749919859034
244,9,selfsupport tower,0.07792652450573098
244,10,tower barangay,0.07701040625341395
245,1,code ra,0.22088174847754463
245,2,vi local,0.1586779850307249
245,3,ra provide,0.15508707862653498
245,4,ra,0.10108202715863653
245,5,ra provides,0.09876703719872565
245,6,government code,0.0812966882733271
245,7,vi,0.06861643772198686
245,8,provide,0.05432551903100811
245,9,local government,0.05110476882495402
245,10,section local,0.04688074861968308
246,1,poucy keeping,0.1560224326860001
246,2,people city,0.1269133359715009
246,3,response needs,0.12618988595306913
246,4,needs people,0.12413233370856686
246,5,davao declares,0.11471807813915375
246,6,keeping,0.10343293228652306
246,7,keeping mandate,0.09517416382836208
246,8,mandate response,0.09517416382836208
246,9,judiciously,0.08844040570426884
246,10,proper use,0.08827742713240554
247,1,climate change,0.05306257112394196
247,2,climate,0.05238389482236421
247,3,change,0.03917654857971501
247,4,risk,0.038700965027907444
247,5,disaster,0.03819930505125084
247,6,disaster risk,0.03797356988052422
247,7,reduction,0.03607654981204317
247,8,reduction management,0.03534905852159325
247,9,risk reduction,0.03242542672967441
247,10,paws,0.029174390834003607
248,1,amounts thereof,0.14357679300204557
248,2,thereof maybe,0.13323040604529116
248,3,appropriated funds,0.12921911370184103
248,4,available city,0.12582923276006663
248,5,necessary appropriated,0.1204882487450465
248,6,funds following,0.11842702759581436
248,7,following amounts,0.11842702759581436
248,8,operation city,0.11692186612604002
248,9,appropriated,0.11683217293702076
248,10,maybe necessary,0.11656287074285927
249,1,corporate powerc,0.04916094361743808
249,2,contract,0.04086079151334672
249,3,powerc local,0.04022259023244934
249,4,powerc,0.03956974613138865
249,5,government unit,0.03790499286476458
249,6,unless provided,0.0370374251990353
249,7,provincial capitol,0.03585794707307382
249,8,concerned legible,0.03570655372292157
249,9,capitol city,0.03560678403682973
249,10,capitol,0.0354099547718035
250,1,admission,0.06918310153142326
250,2,admission fees,0.05001394483875311
250,3,exhibitions,0.04933642818512473
250,4,collected,0.04818022518452496
250,5,fees collected,0.04802950088309709
250,6,concefts,0.03995782697593897
250,7,shows,0.034769703936265835
250,8,primarily profit,0.03299723955503671
250,9,intended primarily,0.03277416191153145
250,10,proclamation exempted,0.03277416191153145
251,1,xxx,0.036331879833087284
251,2,powers duties,0.026240349932900794
251,3,executive powers,0.025459562066172163
251,4,shall xxx,0.02539950000417182
251,5,pursuant,0.025219371928702206
251,6,government connection,0.024132489925898115
251,7,connection shall,0.02359864444466301
251,8,exercise general,0.02359864444466301
251,9,programs projects,0.023367303800163237
251,10,control programs,0.022123423558617246
252,1,ciause reason,0.12216892239688437
252,2,ciause,0.10882054891692192
252,3,separability ciause,0.10462851501503655
252,4,separability,0.05105635228730677
252,5,continue force,0.04809152284924271
252,6,reason section,0.04799794881883014
252,7,declared unconstitutional,0.047559431308693646
252,8,unconstitutional invalid,0.04751383472993882
252,9,hereof affected,0.04722001285821768
252,10,provisions hereof,0.04690844995653408
253,1,fishery,0.01832845119484953
253,2,donation,0.017413536446506252
253,3,donee,0.01411670708595422
253,4,deed donation,0.013472894402607126
253,5,deed,0.01212712188748474
253,6,property,0.01170339372187822
253,7,donated,0.011044023739409822
253,8,donor,0.011020163354618228
253,9,fishery development,0.010843192933773595
253,10,municipal fishery,0.010402151951481612
254,1,prope,0.06476014846675446
254,2,fund economic,0.0635274403903035
254,3,enterprises total,0.05489908326563273
254,4,budget city,0.054230882893347675
254,5,budget,0.053659874235595574
254,6,development fund,0.05315267596335234
254,7,iundred,0.04955799666185977
254,8,authority supplemental,0.04667209555035969
254,9,prope development,0.04667209555035969
254,10,fund prope,0.04378789087409054
255,1,students su,0.05192371254253924
255,2,students,0.04561174769713165
255,3,gian home,0.04368509283830067
255,4,renewal memorandum,0.0426751259084256
255,5,home aged,0.042590431672301546
255,6,su gian,0.04162556047608484
255,7,services students,0.04082902752668834
255,8,davao renewal,0.04077781008864876
255,9,gian,0.04076306851134531
255,10,home,0.03971109792016765
256,1,clause lf,0.13243574683663592
256,2,lf reason,0.12369254811392198
256,3,lf,0.08950229736795647
256,4,separabiliw clause,0.08079646373262503
256,5,separabiliw,0.07900182582686148
256,6,clause,0.04625267404800374
256,7,affected declaration,0.04535925479423327
256,8,declaration shall,0.04531340201808164
256,9,continue force,0.044202720462511495
256,10,invalid sections,0.04407386150559214
257,1,renewal memorandum,0.04839173155971002
257,2,moa city,0.0445328867937382
257,3,students su,0.042056589598318386
257,4,seruices students,0.041942266883094464
257,5,students,0.041377386072911956
257,6,gian home,0.04128082500815535
257,7,davao renewal,0.04046022589792719
257,8,home,0.03940182145661494
257,9,su gian,0.03933464177906251
257,10,gian,0.03851961821944365
258,1,calamity,0.02492150171930592
258,2,declared beneficiary,0.020996140008833437
258,3,calamity declared,0.020894900086765412
258,4,local sanggunian,0.020795514366122262
258,5,annual lump,0.02055474316262082
258,6,used area,0.020461355974252762
258,7,year provided,0.020461355974252762
258,8,aside annual,0.020461355974252762
258,9,lump sum,0.02032423325356981
258,10,lump,0.020234715767688812
259,1,immersion,0.02947148660547575
259,2,work immersion,0.02947148660547575
259,3,immersion partnership,0.02784112137885032
259,4,partnership,0.020620863088466373
259,5,tatter,0.01963227056229192
259,6,moa entered,0.018381357858574816
259,7,davao memorandum,0.01820954444226462
259,8,partnership tatter,0.016664470123516743
259,9,legisiative authority,0.016510279175826516
259,10,moa,0.015792764595852455
260,1,province,0.13775306239734186
260,2,municipality,0.13017833457845304
260,3,municipaliw,0.11236788848091078
260,4,resolution resolution,0.06316470287331
260,5,bulacan,0.05022180110023024
260,6,cagayan,0.04732218743504932
260,7,samar,0.04367167322922331
260,8,pampanga,0.04321564241169209
260,9,del,0.04202455579733095
260,10,sur,0.04078620895897636
261,1,vi efficient,0.07281913288181804
261,2,xxxx,0.055776788981215054
261,3,vi,0.03974921868681635
261,4,pursuant,0.03912201723612102
261,5,shall vi,0.034855218656748704
261,6,section code,0.033309564212214815
261,7,contracts obligations,0.033171669677309716
261,8,bonds contracts,0.03284713541771529
261,9,pursuant section,0.032609464659533335
261,10,obligations documents,0.0323253621210676
262,1,xxx,0.06495476181326569
262,2,xxx xxx,0.03928791338786039
262,3,powers,0.02282598071706554
262,4,contracts xxx,0.01979615282654793
262,5,chief executive,0.019156422209246154
262,6,contracts,0.019099063868485852
262,7,contract,0.017215460383795823
262,8,hall section,0.01717788986008074
262,9,xxx unless,0.017163970458587533
262,10,chief,0.01716280232666579
263,1,section ordinance,0.10549394162650895
263,2,affected shall,0.10302613526966543
263,3,separability clause,0.06438637473063716
263,4,separability,0.06011814962006771
263,5,clause reason,0.055783569860576566
263,6,clause,0.047402602408313226
263,7,reason section,0.045213537423262645
263,8,invalid sections,0.04516962049330023
263,9,hereof affected,0.044480730344343175
263,10,sections provisions,0.04435437524910035
264,1,xxx,0.13848580170144312
264,2,xxx xxx,0.11556632901887817
264,3,shall xxx,0.045559989312295976
264,4,xxx vi,0.025481384422085494
264,5,ordinance xxx,0.021525987906428217
264,6,section code,0.01925796653613764
264,7,pursuant,0.017477888219773547
264,8,compensation xxx,0.017430889386675898
264,9,powers duties,0.017115727937343166
264,10,regulate,0.016345333784151428
265,1,uses enumerated,0.03893953952930134
265,2,allowable,0.037148955416415524
265,3,uses,0.03617031396010234
265,4,enumerated,0.035253081380447776
265,5,zoning,0.0313439211378198
265,6,request,0.030837239331400854
265,7,enumerated thereunder,0.030760470199630654
265,8,thereunder,0.029732726589321797
265,9,additional,0.02963723852081622
265,10,additional allowable,0.028360229272751104
266,1,utilization funds,0.017210139889395137
266,2,caiamity,0.016095403501306574
266,3,appropriated shall,0.015982794828550445
266,4,utilization,0.01580077900638842
266,5,percent,0.01498442784881475
266,6,ra applicable,0.014713378391703823
266,7,funds shall,0.014474458503545853
266,8,dbm commission,0.014200178469326889
266,9,law ra,0.013496574986064446
266,10,management dbm,0.01339360858514669
267,1,oo,0.04889214962022464
267,2,oo oo,0.04209902227623326
267,3,shall oo,0.028998292576956283
267,4,section code,0.020950825760481667
267,5,enact ordinances,0.019815413621318237
267,6,inhabitants,0.018560802404640506
267,7,oo vi,0.01854961906838517
267,8,enact,0.018170320122735305
267,9,oo efficient,0.018170320122735305
267,10,pursuant,0.017981821705716383
268,1,ciause reason,0.12005649146206791
268,2,ciause,0.10693892559271
268,3,separabiliw ciause,0.08565859377357093
268,4,affected declaration,0.04849649431890646
268,5,declaration shall,0.04844747016918815
268,6,declared unconstitutional,0.046737078029580784
268,7,unconstitutional invalid,0.04669226986429146
268,8,hereof affected,0.04640352848602948
268,9,sections provisions,0.04627171135496924
268,10,provisions hereof,0.04609735283913003
269,1,assistant secretary,0.025677843124959434
269,2,secretary,0.025568966943985957
269,3,panlungsod assistant,0.024931091781201318
269,4,acting,0.023846673156952512
269,5,reyes,0.022450677815107865
269,6,acting secretary,0.022022377578406305
269,7,secretary sangguniang,0.02168788624094261
269,8,reyes acting,0.02152753236784425
269,9,assistant,0.021271254174954558
269,10,davao loan,0.021164911795817018
270,1,area poftion,0.040184104485206165
270,2,poftion thereof,0.040184104485206165
270,3,seruices connection,0.03843763475001804
270,4,thereof local,0.0374281201064844
270,5,appropriations relief,0.03733279376138027
270,6,sum appropriations,0.036780025040499015
270,7,relief rehabilitation,0.03617327237973229
270,8,provided fund,0.03600680734192837
270,9,annual lump,0.03600680734192837
270,10,aside annual,0.03584321617111345
