vector_row,ordinance_id,section_id,year,source_file,source_note,topic,is_outlier
0,001-16,section_1,2016,Ordinance No. 001-16.pdf,Thesis_Obsidian\Ordinances\2016\Ordinance No. 001-16.md,164,False
1,001-16,section_3,2016,Ordinance No. 001-16.pdf,Thesis_Obsidian\Ordinances\2016\Ordinance No. 001-16.md,167,False
2,001-16,section_4,2016,Ordinance No. 001-16.pdf,Thesis_Obsidian\Ordinances\2016\Ordinance No. 001-16.md,2,False
3,006-16,section_2,2016,Ordinance No. 006-16.pdf,Thesis_Obsidian\Ordinances\2016\Ordinance No. 006-16.md,12,False
4,006-16,section_3,2016,Ordinance No. 006-16.pdf,Thesis_Obsidian\Ordinances\2016\Ordinance No. 006-16.md,55,False
5,006-16,section_4,2016,Ordinance No. 006-16.pdf,Thesis_Obsidian\Ordinances\2016\Ordinance No. 006-16.md,10,False
6,006-16,section_5,2016,Ordinance No. 006-16.pdf,Thesis_Obsidian\Ordinances\2016\Ordinance No. 006-16.md,2,False
7,007-16,section_3,2016,Ordinance No. 007-16.pdf,Thesis_Obsidian\Ordinances\2016\Ordinance No. 007-16.md,55,False
8,008-16,section_21,2016,Ordinance No. 008-16.pdf,Thesis_Obsidian\Ordinances\2016\Ordinance No. 008-16.md,29,False
9,009-16,section_21,2016,Ordinance No. 009-16.pdf,Thesis_Obsidian\Ordinances\2016\Ordinance No. 009-16.md,29,False
10,0101-16,section_1,2016,Ordinance No. 0101-16.pdf,Thesis_Obsidian\Ordinances\2016\Ordinance No. 0101-16.md,158,False
11,0105-16,section_1,2016,Ordinance No. 0105-16.pdf,Thesis_Obsidian\Ordinances\2016\Ordinance No. 0105-16.md,164,False
12,0105-16,section_2,2016,Ordinance No. 0105-16.pdf,Thesis_Obsidian\Ordinances\2016\Ordinance No. 0105-16.md,68,False
13,0105-16,section_22t,2016,Ordinance No. 0105-16.pdf,Thesis_Obsidian\Ordinances\2016\Ordinance No. 0105-16.md,-1,True
14,0105-16,section_3,2016,Ordinance No. 0105-16.pdf,Thesis_Obsidian\Ordinances\2016\Ordinance No. 0105-16.md,189,False
15,0105-16,section_4,2016,Ordinance No. 0105-16.pdf,Thesis_Obsidian\Ordinances\2016\Ordinance No. 0105-16.md,50,False
16,0108-16,section_1,2016,Ordinance No. 0108-16.pdf,Thesis_Obsidian\Ordinances\2016\Ordinance No. 0108-16.md,48,False
17,0108-16,section_2,2016,Ordinance No. 0108-16.pdf,Thesis_Obsidian\Ordinances\2016\Ordinance No. 0108-16.md,183,False
18,0108-16,section_3,2016,Ordinance No. 0108-16.pdf,Thesis_Obsidian\Ordinances\2016\Ordinance No. 0108-16.md,48,False
19,0108-16,section_4,2016,Ordinance No. 0108-16.pdf,Thesis_Obsidian\Ordinances\2016\Ordinance No. 0108-16.md,152,False
20,0108-16,section_5,2016,Ordinance No. 0108-16.pdf,Thesis_Obsidian\Ordinances\2016\Ordinance No. 0108-16.md,2,False
21,0109-16,section_1,2016,Ordinance No. 0109-16.pdf,Thesis_Obsidian\Ordinances\2016\Ordinance No. 0109-16.md,48,False
22,0109-16,section_2,2016,Ordinance No. 0109-16.pdf,Thesis_Obsidian\Ordinances\2016\Ordinance No. 0109-16.md,13,False
23,0109-16,section_3,2016,Ordinance No. 0109-16.pdf,Thesis_Obsidian\Ordinances\2016\Ordinance No. 0109-16.md,48,False
24,0109-16,section_4,2016,Ordinance No. 0109-16.pdf,Thesis_Obsidian\Ordinances\2016\Ordinance No. 0109-16.md,152,False
25,0109-16,section_5,2016,Ordinance No. 0109-16.pdf,Thesis_Obsidian\Ordinances\2016\Ordinance No. 0109-16.md,2,False
26,011-16,section_2,2016,Ordinance No. 011-16.pdf,Thesis_Obsidian\Ordinances\2016\Ordinance No. 011-16.md,55,False
27,0110-16,section_1,2016,Ordinance No. 0110-16.pdf,Thesis_Obsidian\Ordinances\2016\Ordinance No. 0110-16.md,48,False
28,0110-16,section_2,2016,Ordinance No. 0110-16.pdf,Thesis_Obsidian\Ordinances\2016\Ordinance No. 0110-16.md,13,False
29,0110-16,section_3,2016,Ordinance No. 0110-16.pdf,Thesis_Obsidian\Ordinances\2016\Ordinance No. 0110-16.md,48,False
30,0110-16,section_4,2016,Ordinance No. 0110-16.pdf,Thesis_Obsidian\Ordinances\2016\Ordinance No. 0110-16.md,152,False
31,0110-16,section_5,2016,Ordinance No. 0110-16.pdf,Thesis_Obsidian\Ordinances\2016\Ordinance No. 0110-16.md,2,False
32,0111-16,section_1,2016,Ordinance No. 0111-16.pdf,Thesis_Obsidian\Ordinances\2016\Ordinance No. 0111-16.md,48,False
33,0111-16,section_2,2016,Ordinance No. 0111-16.pdf,Thesis_Obsidian\Ordinances\2016\Ordinance No. 0111-16.md,13,False
34,0111-16,section_3,2016,Ordinance No. 0111-16.pdf,Thesis_Obsidian\Ordinances\2016\Ordinance No. 0111-16.md,48,False
35,0111-16,section_4,2016,Ordinance No. 0111-16.pdf,Thesis_Obsidian\Ordinances\2016\Ordinance No. 0111-16.md,27,False
36,0111-16,section_5,2016,Ordinance No. 0111-16.pdf,Thesis_Obsidian\Ordinances\2016\Ordinance No. 0111-16.md,2,False
37,0112-16,section_1,2016,Ordinance No. 0112-16.pdf,Thesis_Obsidian\Ordinances\2016\Ordinance No. 0112-16.md,15,False
38,0112-16,section_2,2016,Ordinance No. 0112-16.pdf,Thesis_Obsidian\Ordinances\2016\Ordinance No. 0112-16.md,13,False
39,0112-16,section_3,2016,Ordinance No. 0112-16.pdf,Thesis_Obsidian\Ordinances\2016\Ordinance No. 0112-16.md,22,False
40,0112-16,section_4,2016,Ordinance No. 0112-16.pdf,Thesis_Obsidian\Ordinances\2016\Ordinance No. 0112-16.md,74,False
41,0112-16,section_5,2016,Ordinance No. 0112-16.pdf,Thesis_Obsidian\Ordinances\2016\Ordinance No. 0112-16.md,2,False
42,0117-16,section_44,2016,Ordinance No. 0117-16.pdf,Thesis_Obsidian\Ordinances\2016\Ordinance No. 0117-16.md,56,False
43,012-16,section_4,2016,Ordinance No. 012-16.pdf,Thesis_Obsidian\Ordinances\2016\Ordinance No. 012-16.md,29,False
44,0127-16,section_1,2016,Ordinance No. 0127-16.pdf,Thesis_Obsidian\Ordinances\2016\Ordinance No. 0127-16.md,81,False
45,0127-16,section_2,2016,Ordinance No. 0127-16.pdf,Thesis_Obsidian\Ordinances\2016\Ordinance No. 0127-16.md,71,False
46,0127-16,section_3,2016,Ordinance No. 0127-16.pdf,Thesis_Obsidian\Ordinances\2016\Ordinance No. 0127-16.md,-1,True
47,0127-16,section_4,2016,Ordinance No. 0127-16.pdf,Thesis_Obsidian\Ordinances\2016\Ordinance No. 0127-16.md,268,False
48,0127-16,section_5,2016,Ordinance No. 0127-16.pdf,Thesis_Obsidian\Ordinances\2016\Ordinance No. 0127-16.md,240,False
49,0128-16,section_1,2016,Ordinance No. 0128-16.pdf,Thesis_Obsidian\Ordinances\2016\Ordinance No. 0128-16.md,81,False
50,0128-16,section_2,2016,Ordinance No. 0128-16.pdf,Thesis_Obsidian\Ordinances\2016\Ordinance No. 0128-16.md,73,False
51,0128-16,section_3,2016,Ordinance No. 0128-16.pdf,Thesis_Obsidian\Ordinances\2016\Ordinance No. 0128-16.md,4,False
52,0128-16,section_4,2016,Ordinance No. 0128-16.pdf,Thesis_Obsidian\Ordinances\2016\Ordinance No. 0128-16.md,72,False
53,0128-16,section_5,2016,Ordinance No. 0128-16.pdf,Thesis_Obsidian\Ordinances\2016\Ordinance No. 0128-16.md,239,False
54,0129-16,section_1,2016,Ordinance No. 0129-16.pdf,Thesis_Obsidian\Ordinances\2016\Ordinance No. 0129-16.md,188,False
55,0129-16,section_2,2016,Ordinance No. 0129-16.pdf,Thesis_Obsidian\Ordinances\2016\Ordinance No. 0129-16.md,13,False
56,0129-16,section_3,2016,Ordinance No. 0129-16.pdf,Thesis_Obsidian\Ordinances\2016\Ordinance No. 0129-16.md,188,False
57,0129-16,section_4,2016,Ordinance No. 0129-16.pdf,Thesis_Obsidian\Ordinances\2016\Ordinance No. 0129-16.md,16,False
58,0129-16,section_5,2016,Ordinance No. 0129-16.pdf,Thesis_Obsidian\Ordinances\2016\Ordinance No. 0129-16.md,-1,True
59,0131-16,section_5,2016,Ordinance No. 0131-16.pdf,Thesis_Obsidian\Ordinances\2016\Ordinance No. 0131-16.md,107,False
60,0132-16,section_5,2016,Ordinance No. 0132-16.pdf,Thesis_Obsidian\Ordinances\2016\Ordinance No. 0132-16.md,107,False
61,0136-16,section_1,2016,Ordinance No. 0136-16.pdf,Thesis_Obsidian\Ordinances\2016\Ordinance No. 0136-16.md,11,False
62,0136-16,section_2,2016,Ordinance No. 0136-16.pdf,Thesis_Obsidian\Ordinances\2016\Ordinance No. 0136-16.md,68,False
63,0136-16,section_3,2016,Ordinance No. 0136-16.pdf,Thesis_Obsidian\Ordinances\2016\Ordinance No. 0136-16.md,167,False
64,0136-16,section_4,2016,Ordinance No. 0136-16.pdf,Thesis_Obsidian\Ordinances\2016\Ordinance No. 0136-16.md,189,False
65,0136-16,section_5,2016,Ordinance No. 0136-16.pdf,Thesis_Obsidian\Ordinances\2016\Ordinance No. 0136-16.md,2,False
66,0138-16,section_5,2016,Ordinance No. 0138-16.pdf,Thesis_Obsidian\Ordinances\2016\Ordinance No. 0138-16.md,-1,True
67,015-16,section_21,2016,Ordinance No. 015-16.pdf,Thesis_Obsidian\Ordinances\2016\Ordinance No. 015-16.md,29,False
68,016-16,section_1,2016,Ordinance No. 016-16.pdf,Thesis_Obsidian\Ordinances\2016\Ordinance No. 016-16.md,11,False
69,016-16,section_2,2016,Ordinance No. 016-16.pdf,Thesis_Obsidian\Ordinances\2016\Ordinance No. 016-16.md,141,False
70,016-16,section_3,2016,Ordinance No. 016-16.pdf,Thesis_Obsidian\Ordinances\2016\Ordinance No. 016-16.md,91,False
71,016-16,section_4,2016,Ordinance No. 016-16.pdf,Thesis_Obsidian\Ordinances\2016\Ordinance No. 016-16.md,252,False
72,016-16,section_5,2016,Ordinance No. 016-16.pdf,Thesis_Obsidian\Ordinances\2016\Ordinance No. 016-16.md,0,False
73,017-16,section_1,2016,Ordinance No. 017-16.pdf,Thesis_Obsidian\Ordinances\2016\Ordinance No. 017-16.md,11,False
74,017-16,section_2,2016,Ordinance No. 017-16.pdf,Thesis_Obsidian\Ordinances\2016\Ordinance No. 017-16.md,141,False
75,017-16,section_3,2016,Ordinance No. 017-16.pdf,Thesis_Obsidian\Ordinances\2016\Ordinance No. 017-16.md,91,False
76,017-16,section_4,2016,Ordinance No. 017-16.pdf,Thesis_Obsidian\Ordinances\2016\Ordinance No. 017-16.md,27,False
77,017-16,section_5,2016,Ordinance No. 017-16.pdf,Thesis_Obsidian\Ordinances\2016\Ordinance No. 017-16.md,0,False
78,018-16,section_1,2016,Ordinance No. 018-16.pdf,Thesis_Obsidian\Ordinances\2016\Ordinance No. 018-16.md,15,False
79,018-16,section_2,2016,Ordinance No. 018-16.pdf,Thesis_Obsidian\Ordinances\2016\Ordinance No. 018-16.md,13,False
80,018-16,section_3,2016,Ordinance No. 018-16.pdf,Thesis_Obsidian\Ordinances\2016\Ordinance No. 018-16.md,22,False
81,018-16,section_4,2016,Ordinance No. 018-16.pdf,Thesis_Obsidian\Ordinances\2016\Ordinance No. 018-16.md,74,False
82,018-16,section_5,2016,Ordinance No. 018-16.pdf,Thesis_Obsidian\Ordinances\2016\Ordinance No. 018-16.md,50,False
83,019-16,section_1,2016,Ordinance No. 019-16.pdf,Thesis_Obsidian\Ordinances\2016\Ordinance No. 019-16.md,73,False
84,019-16,section_3,2016,Ordinance No. 019-16.pdf,Thesis_Obsidian\Ordinances\2016\Ordinance No. 019-16.md,4,False
85,019-16,section_4,2016,Ordinance No. 019-16.pdf,Thesis_Obsidian\Ordinances\2016\Ordinance No. 019-16.md,39,False
86,019-16,section_5,2016,Ordinance No. 019-16.pdf,Thesis_Obsidian\Ordinances\2016\Ordinance No. 019-16.md,181,False
87,021-16,section_1,2016,Ordinance No. 021-16.pdf,Thesis_Obsidian\Ordinances\2016\Ordinance No. 021-16.md,5,False
88,021-16,section_2,2016,Ordinance No. 021-16.pdf,Thesis_Obsidian\Ordinances\2016\Ordinance No. 021-16.md,203,False
89,021-16,section_3,2016,Ordinance No. 021-16.pdf,Thesis_Obsidian\Ordinances\2016\Ordinance No. 021-16.md,-1,True
90,021-16,section_4,2016,Ordinance No. 021-16.pdf,Thesis_Obsidian\Ordinances\2016\Ordinance No. 021-16.md,24,False
91,024-16,section_3,2016,Ordinance No. 024-16.pdf,Thesis_Obsidian\Ordinances\2016\Ordinance No. 024-16.md,70,False
92,024-16,section_5,2016,Ordinance No. 024-16.pdf,Thesis_Obsidian\Ordinances\2016\Ordinance No. 024-16.md,-1,True
93,025-16,section_1,2016,Ordinance No. 025-16.pdf,Thesis_Obsidian\Ordinances\2016\Ordinance No. 025-16.md,11,False
94,025-16,section_2,2016,Ordinance No. 025-16.pdf,Thesis_Obsidian\Ordinances\2016\Ordinance No. 025-16.md,141,False
95,025-16,section_3,2016,Ordinance No. 025-16.pdf,Thesis_Obsidian\Ordinances\2016\Ordinance No. 025-16.md,91,False
96,025-16,section_4,2016,Ordinance No. 025-16.pdf,Thesis_Obsidian\Ordinances\2016\Ordinance No. 025-16.md,9,False
97,025-16,section_5,2016,Ordinance No. 025-16.pdf,Thesis_Obsidian\Ordinances\2016\Ordinance No. 025-16.md,50,False
98,028-16,section_221,2016,Ordinance No. 028-16.pdf,Thesis_Obsidian\Ordinances\2016\Ordinance No. 028-16.md,29,False
99,039-16,section_3,2016,Ordinance No. 039-16.pdf,Thesis_Obsidian\Ordinances\2016\Ordinance No. 039-16.md,76,False
100,0472-16,section_1,2016,Ordinance No. 0472-16.pdf,Thesis_Obsidian\Ordinances\2016\Ordinance No. 0472-16.md,77,False
101,0472-16,section_2,2016,Ordinance No. 0472-16.pdf,Thesis_Obsidian\Ordinances\2016\Ordinance No. 0472-16.md,119,False
102,0472-16,section_3,2016,Ordinance No. 0472-16.pdf,Thesis_Obsidian\Ordinances\2016\Ordinance No. 0472-16.md,170,False
103,0472-16,section_4,2016,Ordinance No. 0472-16.pdf,Thesis_Obsidian\Ordinances\2016\Ordinance No. 0472-16.md,107,False
104,0472-16,section_5,2016,Ordinance No. 0472-16.pdf,Thesis_Obsidian\Ordinances\2016\Ordinance No. 0472-16.md,65,False
105,0472-16,section_6,2016,Ordinance No. 0472-16.pdf,Thesis_Obsidian\Ordinances\2016\Ordinance No. 0472-16.md,-1,True
106,0479-16,section_1,2016,Ordinance No. 0479-16.pdf,Thesis_Obsidian\Ordinances\2016\Ordinance No. 0479-16.md,181,False
107,048-16,section_1,2016,Ordinance No. 048-16.pdf,Thesis_Obsidian\Ordinances\2016\Ordinance No. 048-16.md,-1,True
108,048-16,section_2,2016,Ordinance No. 048-16.pdf,Thesis_Obsidian\Ordinances\2016\Ordinance No. 048-16.md,130,False
109,048-16,section_3,2016,Ordinance No. 048-16.pdf,Thesis_Obsidian\Ordinances\2016\Ordinance No. 048-16.md,-1,True
110,048-16,section_4,2016,Ordinance No. 048-16.pdf,Thesis_Obsidian\Ordinances\2016\Ordinance No. 048-16.md,209,False
111,048-16,section_5,2016,Ordinance No. 048-16.pdf,Thesis_Obsidian\Ordinances\2016\Ordinance No. 048-16.md,253,False
112,0484-16,section_17,2016,Ordinance No. 0484-16.pdf,Thesis_Obsidian\Ordinances\2016\Ordinance No. 0484-16.md,28,False
113,0492-16,section_133,2016,Ordinance No. 0492-16.pdf,Thesis_Obsidian\Ordinances\2016\Ordinance No. 0492-16.md,24,False
114,0499-16,section_21,2016,Ordinance No. 0499-16.pdf,Thesis_Obsidian\Ordinances\2016\Ordinance No. 0499-16.md,29,False
115,0501-16,section_21,2016,Ordinance No. 0501-16.pdf,Thesis_Obsidian\Ordinances\2016\Ordinance No. 0501-16.md,29,False
116,0511-16,section_1,2016,Ordinance No. 0511-16.pdf,Thesis_Obsidian\Ordinances\2016\Ordinance No. 0511-16.md,254,False
117,0511-16,section_2,2016,Ordinance No. 0511-16.pdf,Thesis_Obsidian\Ordinances\2016\Ordinance No. 0511-16.md,119,False
118,0511-16,section_3,2016,Ordinance No. 0511-16.pdf,Thesis_Obsidian\Ordinances\2016\Ordinance No. 0511-16.md,248,False
119,0511-16,section_4,2016,Ordinance No. 0511-16.pdf,Thesis_Obsidian\Ordinances\2016\Ordinance No. 0511-16.md,121,False
120,0511-16,section_7,2016,Ordinance No. 0511-16.pdf,Thesis_Obsidian\Ordinances\2016\Ordinance No. 0511-16.md,202,False
121,0514-16,section_2,2016,Ordinance No. 0514-16.pdf,Thesis_Obsidian\Ordinances\2016\Ordinance No. 0514-16.md,119,False
122,0514-16,section_3,2016,Ordinance No. 0514-16.pdf,Thesis_Obsidian\Ordinances\2016\Ordinance No. 0514-16.md,248,False
123,0514-16,section_4,2016,Ordinance No. 0514-16.pdf,Thesis_Obsidian\Ordinances\2016\Ordinance No. 0514-16.md,121,False
124,0514-16,section_5,2016,Ordinance No. 0514-16.pdf,Thesis_Obsidian\Ordinances\2016\Ordinance No. 0514-16.md,121,False
125,0514-16,section_6,2016,Ordinance No. 0514-16.pdf,Thesis_Obsidian\Ordinances\2016\Ordinance No. 0514-16.md,190,False
126,0514-16,section_7,2016,Ordinance No. 0514-16.pdf,Thesis_Obsidian\Ordinances\2016\Ordinance No. 0514-16.md,202,False
127,0514-16,section_8,2016,Ordinance No. 0514-16.pdf,Thesis_Obsidian\Ordinances\2016\Ordinance No. 0514-16.md,65,False
128,0514-16,section_9,2016,Ordinance No. 0514-16.pdf,Thesis_Obsidian\Ordinances\2016\Ordinance No. 0514-16.md,53,False
129,0516-16,section_21,2016,Ordinance No. 0516-16.pdf,Thesis_Obsidian\Ordinances\2016\Ordinance No. 0516-16.md,29,False
130,0517-16,section_21,2016,Ordinance No. 0517-16.pdf,Thesis_Obsidian\Ordinances\2016\Ordinance No. 0517-16.md,29,False
131,052-16,section_1,2016,Ordinance No. 052-16.pdf,Thesis_Obsidian\Ordinances\2016\Ordinance No. 052-16.md,-1,True
132,052-16,section_2,2016,Ordinance No. 052-16.pdf,Thesis_Obsidian\Ordinances\2016\Ordinance No. 052-16.md,130,False
133,052-16,section_3,2016,Ordinance No. 052-16.pdf,Thesis_Obsidian\Ordinances\2016\Ordinance No. 052-16.md,-1,True
134,052-16,section_4,2016,Ordinance No. 052-16.pdf,Thesis_Obsidian\Ordinances\2016\Ordinance No. 052-16.md,114,False
135,052-16,section_5,2016,Ordinance No. 052-16.pdf,Thesis_Obsidian\Ordinances\2016\Ordinance No. 052-16.md,253,False
136,053-16,section_2,2016,Ordinance No. 053-16.pdf,Thesis_Obsidian\Ordinances\2016\Ordinance No. 053-16.md,71,False
137,053-16,section_4,2016,Ordinance No. 053-16.pdf,Thesis_Obsidian\Ordinances\2016\Ordinance No. 053-16.md,209,False
138,053-16,section_5,2016,Ordinance No. 053-16.pdf,Thesis_Obsidian\Ordinances\2016\Ordinance No. 053-16.md,253,False
139,056-16,section_1,2016,Ordinance No. 056-16.pdf,Thesis_Obsidian\Ordinances\2016\Ordinance No. 056-16.md,-1,True
140,056-16,section_2,2016,Ordinance No. 056-16.pdf,Thesis_Obsidian\Ordinances\2016\Ordinance No. 056-16.md,71,False
141,056-16,section_4,2016,Ordinance No. 056-16.pdf,Thesis_Obsidian\Ordinances\2016\Ordinance No. 056-16.md,209,False
142,056-16,section_5,2016,Ordinance No. 056-16.pdf,Thesis_Obsidian\Ordinances\2016\Ordinance No. 056-16.md,253,False
143,057-16,section_1,2016,Ordinance No. 057-16.pdf,Thesis_Obsidian\Ordinances\2016\Ordinance No. 057-16.md,-1,True
144,057-16,section_2,2016,Ordinance No. 057-16.pdf,Thesis_Obsidian\Ordinances\2016\Ordinance No. 057-16.md,71,False
145,057-16,section_4,2016,Ordinance No. 057-16.pdf,Thesis_Obsidian\Ordinances\2016\Ordinance No. 057-16.md,209,False
146,057-16,section_5,2016,Ordinance No. 057-16.pdf,Thesis_Obsidian\Ordinances\2016\Ordinance No. 057-16.md,253,False
147,061-16,section_16,2016,Ordinance No. 061-16.pdf,Thesis_Obsidian\Ordinances\2016\Ordinance No. 061-16.md,253,False
148,062-16,section_1,2016,Ordinance No. 062-16.pdf,Thesis_Obsidian\Ordinances\2016\Ordinance No. 062-16.md,-1,True
149,062-16,section_2,2016,Ordinance No. 062-16.pdf,Thesis_Obsidian\Ordinances\2016\Ordinance No. 062-16.md,206,False
150,062-16,section_16,2016,Ordinance No. 062-16.pdf,Thesis_Obsidian\Ordinances\2016\Ordinance No. 062-16.md,69,False
151,062-16,section_3,2016,Ordinance No. 062-16.pdf,Thesis_Obsidian\Ordinances\2016\Ordinance No. 062-16.md,253,False
152,064-16,section_469,2016,Ordinance No. 064-16.pdf,Thesis_Obsidian\Ordinances\2016\Ordinance No. 064-16.md,29,False
153,067-16,section_1,2016,Ordinance No. 067-16.pdf,Thesis_Obsidian\Ordinances\2016\Ordinance No. 067-16.md,15,False
154,067-16,section_2,2016,Ordinance No. 067-16.pdf,Thesis_Obsidian\Ordinances\2016\Ordinance No. 067-16.md,183,False
155,067-16,section_3,2016,Ordinance No. 067-16.pdf,Thesis_Obsidian\Ordinances\2016\Ordinance No. 067-16.md,22,False
156,067-16,section_4,2016,Ordinance No. 067-16.pdf,Thesis_Obsidian\Ordinances\2016\Ordinance No. 067-16.md,3,False
157,067-16,section_5,2016,Ordinance No. 067-16.pdf,Thesis_Obsidian\Ordinances\2016\Ordinance No. 067-16.md,29,False
158,070-16,section_22,2016,Ordinance No. 070-16.pdf,Thesis_Obsidian\Ordinances\2016\Ordinance No. 070-16.md,129,False
159,070-16,section_36,2016,Ordinance No. 070-16.pdf,Thesis_Obsidian\Ordinances\2016\Ordinance No. 070-16.md,29,False
160,071-16,section_22,2016,Ordinance No. 071-16.pdf,Thesis_Obsidian\Ordinances\2016\Ordinance No. 071-16.md,92,False
161,071-16,section_36,2016,Ordinance No. 071-16.pdf,Thesis_Obsidian\Ordinances\2016\Ordinance No. 071-16.md,29,False
162,072-16,section_455,2016,Ordinance No. 072-16.pdf,Thesis_Obsidian\Ordinances\2016\Ordinance No. 072-16.md,69,False
163,072-16,section_22,2016,Ordinance No. 072-16.pdf,Thesis_Obsidian\Ordinances\2016\Ordinance No. 072-16.md,249,False
164,072-16,section_36,2016,Ordinance No. 072-16.pdf,Thesis_Obsidian\Ordinances\2016\Ordinance No. 072-16.md,29,False
165,073-16,section_455,2016,Ordinance No. 073-16.pdf,Thesis_Obsidian\Ordinances\2016\Ordinance No. 073-16.md,69,False
166,073-16,section_22,2016,Ordinance No. 073-16.pdf,Thesis_Obsidian\Ordinances\2016\Ordinance No. 073-16.md,29,False
167,075-16,section_455,2016,Ordinance No. 075-16.pdf,Thesis_Obsidian\Ordinances\2016\Ordinance No. 075-16.md,29,False
168,076-16,section_481,2016,Ordinance No. 076-16.pdf,Thesis_Obsidian\Ordinances\2016\Ordinance No. 076-16.md,29,False
169,077-16,section_1,2016,Ordinance No. 077-16.pdf,Thesis_Obsidian\Ordinances\2016\Ordinance No. 077-16.md,164,False
170,077-16,section_2,2016,Ordinance No. 077-16.pdf,Thesis_Obsidian\Ordinances\2016\Ordinance No. 077-16.md,68,False
171,077-16,section_3,2016,Ordinance No. 077-16.pdf,Thesis_Obsidian\Ordinances\2016\Ordinance No. 077-16.md,189,False
172,077-16,section_4,2016,Ordinance No. 077-16.pdf,Thesis_Obsidian\Ordinances\2016\Ordinance No. 077-16.md,29,False
173,078-16,section_2,2016,Ordinance No. 078-16.pdf,Thesis_Obsidian\Ordinances\2016\Ordinance No. 078-16.md,73,False
174,078-16,section_3,2016,Ordinance No. 078-16.pdf,Thesis_Obsidian\Ordinances\2016\Ordinance No. 078-16.md,4,False
175,078-16,section_4,2016,Ordinance No. 078-16.pdf,Thesis_Obsidian\Ordinances\2016\Ordinance No. 078-16.md,114,False
176,078-16,section_5,2016,Ordinance No. 078-16.pdf,Thesis_Obsidian\Ordinances\2016\Ordinance No. 078-16.md,29,False
177,081-16,section_455,2016,Ordinance No. 081-16.pdf,Thesis_Obsidian\Ordinances\2016\Ordinance No. 081-16.md,29,False
178,082-16,section_16,2016,Ordinance No. 082-16.pdf,Thesis_Obsidian\Ordinances\2016\Ordinance No. 082-16.md,-1,True
179,087-16,section_1,2016,Ordinance No. 087-16.pdf,Thesis_Obsidian\Ordinances\2016\Ordinance No. 087-16.md,77,False
180,087-16,section_2,2016,Ordinance No. 087-16.pdf,Thesis_Obsidian\Ordinances\2016\Ordinance No. 087-16.md,119,False
181,087-16,section_3,2016,Ordinance No. 087-16.pdf,Thesis_Obsidian\Ordinances\2016\Ordinance No. 087-16.md,247,False
182,087-16,section_4,2016,Ordinance No. 087-16.pdf,Thesis_Obsidian\Ordinances\2016\Ordinance No. 087-16.md,77,False
183,087-16,section_5,2016,Ordinance No. 087-16.pdf,Thesis_Obsidian\Ordinances\2016\Ordinance No. 087-16.md,107,False
184,087-16,section_6,2016,Ordinance No. 087-16.pdf,Thesis_Obsidian\Ordinances\2016\Ordinance No. 087-16.md,-1,True
185,088-16,section_1,2016,Ordinance No. 088-16.pdf,Thesis_Obsidian\Ordinances\2016\Ordinance No. 088-16.md,118,False
186,088-16,section_2,2016,Ordinance No. 088-16.pdf,Thesis_Obsidian\Ordinances\2016\Ordinance No. 088-16.md,71,False
187,088-16,section_3,2016,Ordinance No. 088-16.pdf,Thesis_Obsidian\Ordinances\2016\Ordinance No. 088-16.md,133,False
188,088-16,section_4,2016,Ordinance No. 088-16.pdf,Thesis_Obsidian\Ordinances\2016\Ordinance No. 088-16.md,75,False
189,088-16,section_5,2016,Ordinance No. 088-16.pdf,Thesis_Obsidian\Ordinances\2016\Ordinance No. 088-16.md,253,False
190,089-16,section_1,2016,Ordinance No. 089-16.pdf,Thesis_Obsidian\Ordinances\2016\Ordinance No. 089-16.md,20,False
191,089-16,section_2,2016,Ordinance No. 089-16.pdf,Thesis_Obsidian\Ordinances\2016\Ordinance No. 089-16.md,130,False
192,089-16,section_3,2016,Ordinance No. 089-16.pdf,Thesis_Obsidian\Ordinances\2016\Ordinance No. 089-16.md,4,False
193,089-16,section_4,2016,Ordinance No. 089-16.pdf,Thesis_Obsidian\Ordinances\2016\Ordinance No. 089-16.md,72,False
194,089-16,section_5,2016,Ordinance No. 089-16.pdf,Thesis_Obsidian\Ordinances\2016\Ordinance No. 089-16.md,147,False
195,091-16,section_1,2016,Ordinance No. 091-16.pdf,Thesis_Obsidian\Ordinances\2016\Ordinance No. 091-16.md,254,False
196,091-16,section_2,2016,Ordinance No. 091-16.pdf,Thesis_Obsidian\Ordinances\2016\Ordinance No. 091-16.md,121,False
197,091-16,section_9,2016,Ordinance No. 091-16.pdf,Thesis_Obsidian\Ordinances\2016\Ordinance No. 091-16.md,202,False
198,094-16,section_1,2016,Ordinance No. 094-16.pdf,Thesis_Obsidian\Ordinances\2016\Ordinance No. 094-16.md,11,False
199,094-16,section_2,2016,Ordinance No. 094-16.pdf,Thesis_Obsidian\Ordinances\2016\Ordinance No. 094-16.md,68,False
200,094-16,section_3,2016,Ordinance No. 094-16.pdf,Thesis_Obsidian\Ordinances\2016\Ordinance No. 094-16.md,167,False
201,094-16,section_4,2016,Ordinance No. 094-16.pdf,Thesis_Obsidian\Ordinances\2016\Ordinance No. 094-16.md,189,False
202,094-16,section_5,2016,Ordinance No. 094-16.pdf,Thesis_Obsidian\Ordinances\2016\Ordinance No. 094-16.md,29,False
203,095-16,section_1,2016,Ordinance No. 095-16.pdf,Thesis_Obsidian\Ordinances\2016\Ordinance No. 095-16.md,57,False
204,095-16,section_2,2016,Ordinance No. 095-16.pdf,Thesis_Obsidian\Ordinances\2016\Ordinance No. 095-16.md,68,False
205,095-16,section_3,2016,Ordinance No. 095-16.pdf,Thesis_Obsidian\Ordinances\2016\Ordinance No. 095-16.md,189,False
206,095-16,section_5,2016,Ordinance No. 095-16.pdf,Thesis_Obsidian\Ordinances\2016\Ordinance No. 095-16.md,0,False
207,095-16,section_4,2016,Ordinance No. 095-16.pdf,Thesis_Obsidian\Ordinances\2016\Ordinance No. 095-16.md,29,False
208,100-16,section_1,2016,Ordinance No. 100-16.pdf,Thesis_Obsidian\Ordinances\2016\Ordinance No. 100-16.md,8,False
209,100-16,section_2,2016,Ordinance No. 100-16.pdf,Thesis_Obsidian\Ordinances\2016\Ordinance No. 100-16.md,13,False
210,100-16,section_3,2016,Ordinance No. 100-16.pdf,Thesis_Obsidian\Ordinances\2016\Ordinance No. 100-16.md,205,False
211,100-16,section_5,2016,Ordinance No. 100-16.pdf,Thesis_Obsidian\Ordinances\2016\Ordinance No. 100-16.md,29,False
212,0134-16,section_1,2017,Ordinance No. 0134-16.pdf,Thesis_Obsidian\Ordinances\2017\Ordinance No. 0134-16.md,140,False
213,0134-16,section_2,2017,Ordinance No. 0134-16.pdf,Thesis_Obsidian\Ordinances\2017\Ordinance No. 0134-16.md,206,False
214,0134-16,section_16,2017,Ordinance No. 0134-16.pdf,Thesis_Obsidian\Ordinances\2017\Ordinance No. 0134-16.md,69,False
215,0134-16,section_3,2017,Ordinance No. 0134-16.pdf,Thesis_Obsidian\Ordinances\2017\Ordinance No. 0134-16.md,140,False
216,0134-16,section_4,2017,Ordinance No. 0134-16.pdf,Thesis_Obsidian\Ordinances\2017\Ordinance No. 0134-16.md,75,False
217,0134-16,section_5,2017,Ordinance No. 0134-16.pdf,Thesis_Obsidian\Ordinances\2017\Ordinance No. 0134-16.md,-1,True
218,0141-17,section_2,2017,Ordinance No. 0141-17.pdf,Thesis_Obsidian\Ordinances\2017\Ordinance No. 0141-17.md,203,False
219,0141-17,section_3,2017,Ordinance No. 0141-17.pdf,Thesis_Obsidian\Ordinances\2017\Ordinance No. 0141-17.md,181,False
220,0148-17,section_1,2017,Ordinance No. 0148-17.pdf,Thesis_Obsidian\Ordinances\2017\Ordinance No. 0148-17.md,203,False
221,0148-17,section_2,2017,Ordinance No. 0148-17.pdf,Thesis_Obsidian\Ordinances\2017\Ordinance No. 0148-17.md,203,False
222,0148-17,section_3,2017,Ordinance No. 0148-17.pdf,Thesis_Obsidian\Ordinances\2017\Ordinance No. 0148-17.md,203,False
223,0148-17,section_4,2017,Ordinance No. 0148-17.pdf,Thesis_Obsidian\Ordinances\2017\Ordinance No. 0148-17.md,203,False
224,0149-17,section_2,2017,Ordinance No. 0149-17.pdf,Thesis_Obsidian\Ordinances\2017\Ordinance No. 0149-17.md,102,False
225,0150-17,section_2,2017,Ordinance No. 0150-17.pdf,Thesis_Obsidian\Ordinances\2017\Ordinance No. 0150-17.md,58,False
226,0151-17,section_2,2017,Ordinance No. 0151-17.pdf,Thesis_Obsidian\Ordinances\2017\Ordinance No. 0151-17.md,58,False
227,0154-17,section_3,2017,Ordinance No. 0154-17.pdf,Thesis_Obsidian\Ordinances\2017\Ordinance No. 0154-17.md,-1,True
228,0164-17,section_1,2017,Ordinance No. 0164-17.pdf,Thesis_Obsidian\Ordinances\2017\Ordinance No. 0164-17.md,185,False
229,0164-17,section_2,2017,Ordinance No. 0164-17.pdf,Thesis_Obsidian\Ordinances\2017\Ordinance No. 0164-17.md,226,False
230,0164-17,section_3,2017,Ordinance No. 0164-17.pdf,Thesis_Obsidian\Ordinances\2017\Ordinance No. 0164-17.md,22,False
231,0164-17,section_4,2017,Ordinance No. 0164-17.pdf,Thesis_Obsidian\Ordinances\2017\Ordinance No. 0164-17.md,16,False
232,0164-17,section_5,2017,Ordinance No. 0164-17.pdf,Thesis_Obsidian\Ordinances\2017\Ordinance No. 0164-17.md,50,False
233,0165-17,section_1,2017,Ordinance No. 0165-17.pdf,Thesis_Obsidian\Ordinances\2017\Ordinance No. 0165-17.md,15,False
234,0165-17,section_2,2017,Ordinance No. 0165-17.pdf,Thesis_Obsidian\Ordinances\2017\Ordinance No. 0165-17.md,12,False
235,0165-17,section_3,2017,Ordinance No. 0165-17.pdf,Thesis_Obsidian\Ordinances\2017\Ordinance No. 0165-17.md,22,False
236,0165-17,section_4,2017,Ordinance No. 0165-17.pdf,Thesis_Obsidian\Ordinances\2017\Ordinance No. 0165-17.md,10,False
237,0165-17,section_5,2017,Ordinance No. 0165-17.pdf,Thesis_Obsidian\Ordinances\2017\Ordinance No. 0165-17.md,50,False
238,0169-17,section_5,2017,Ordinance No. 0169-17.pdf,Thesis_Obsidian\Ordinances\2017\Ordinance No. 0169-17.md,202,False
239,0171-17,section_1,2017,Ordinance No. 0171-17.pdf,Thesis_Obsidian\Ordinances\2017\Ordinance No. 0171-17.md,11,False
240,0171-17,section_2,2017,Ordinance No. 0171-17.pdf,Thesis_Obsidian\Ordinances\2017\Ordinance No. 0171-17.md,141,False
241,0171-17,section_3,2017,Ordinance No. 0171-17.pdf,Thesis_Obsidian\Ordinances\2017\Ordinance No. 0171-17.md,91,False
242,0171-17,section_4,2017,Ordinance No. 0171-17.pdf,Thesis_Obsidian\Ordinances\2017\Ordinance No. 0171-17.md,18,False
243,0171-17,section_5,2017,Ordinance No. 0171-17.pdf,Thesis_Obsidian\Ordinances\2017\Ordinance No. 0171-17.md,-1,True
244,0172-17,section_1,2017,Ordinance No. 0172-17.pdf,Thesis_Obsidian\Ordinances\2017\Ordinance No. 0172-17.md,188,False
245,0172-17,section_2,2017,Ordinance No. 0172-17.pdf,Thesis_Obsidian\Ordinances\2017\Ordinance No. 0172-17.md,183,False
246,0172-17,section_3,2017,Ordinance No. 0172-17.pdf,Thesis_Obsidian\Ordinances\2017\Ordinance No. 0172-17.md,188,False
247,0172-17,section_4,2017,Ordinance No. 0172-17.pdf,Thesis_Obsidian\Ordinances\2017\Ordinance No. 0172-17.md,148,False
248,0172-17,section_5,2017,Ordinance No. 0172-17.pdf,Thesis_Obsidian\Ordinances\2017\Ordinance No. 0172-17.md,2,False
249,0173-17,section_2,2017,Ordinance No. 0173-17.pdf,Thesis_Obsidian\Ordinances\2017\Ordinance No. 0173-17.md,103,False
250,0173-17,section_4,2017,Ordinance No. 0173-17.pdf,Thesis_Obsidian\Ordinances\2017\Ordinance No. 0173-17.md,38,False
251,0173-17,section_5,2017,Ordinance No. 0173-17.pdf,Thesis_Obsidian\Ordinances\2017\Ordinance No. 0173-17.md,2,False
252,0177-17,section_1,2017,Ordinance No. 0177-17.pdf,Thesis_Obsidian\Ordinances\2017\Ordinance No. 0177-17.md,15,False
253,0177-17,section_2,2017,Ordinance No. 0177-17.pdf,Thesis_Obsidian\Ordinances\2017\Ordinance No. 0177-17.md,12,False
254,0177-17,section_3,2017,Ordinance No. 0177-17.pdf,Thesis_Obsidian\Ordinances\2017\Ordinance No. 0177-17.md,22,False
255,0177-17,section_4,2017,Ordinance No. 0177-17.pdf,Thesis_Obsidian\Ordinances\2017\Ordinance No. 0177-17.md,152,False
256,0177-17,section_5,2017,Ordinance No. 0177-17.pdf,Thesis_Obsidian\Ordinances\2017\Ordinance No. 0177-17.md,2,False
257,0178-17,section_1,2017,Ordinance No. 0178-17.pdf,Thesis_Obsidian\Ordinances\2017\Ordinance No. 0178-17.md,20,False
258,0178-17,section_2,2017,Ordinance No. 0178-17.pdf,Thesis_Obsidian\Ordinances\2017\Ordinance No. 0178-17.md,181,False
259,0183-17,section_1,2017,Ordinance No. 0183-17.pdf,Thesis_Obsidian\Ordinances\2017\Ordinance No. 0183-17.md,116,False
260,0189-17,section_1,2017,Ordinance No. 0189-17.pdf,Thesis_Obsidian\Ordinances\2017\Ordinance No. 0189-17.md,-1,True
261,0189-17,section_2,2017,Ordinance No. 0189-17.pdf,Thesis_Obsidian\Ordinances\2017\Ordinance No. 0189-17.md,130,False
262,0189-17,section_3,2017,Ordinance No. 0189-17.pdf,Thesis_Obsidian\Ordinances\2017\Ordinance No. 0189-17.md,-1,True
263,0189-17,section_4,2017,Ordinance No. 0189-17.pdf,Thesis_Obsidian\Ordinances\2017\Ordinance No. 0189-17.md,4,False
264,0189-17,section_5,2017,Ordinance No. 0189-17.pdf,Thesis_Obsidian\Ordinances\2017\Ordinance No. 0189-17.md,9,False
265,0189-17,section_6,2017,Ordinance No. 0189-17.pdf,Thesis_Obsidian\Ordinances\2017\Ordinance No. 0189-17.md,-1,True
266,0191-17,section_4,2017,Ordinance No. 0191-17.pdf,Thesis_Obsidian\Ordinances\2017\Ordinance No. 0191-17.md,88,False
267,0191-17,section_7,2017,Ordinance No. 0191-17.pdf,Thesis_Obsidian\Ordinances\2017\Ordinance No. 0191-17.md,-1,True
268,0192-17,section_1,2017,Ordinance No. 0192-17.pdf,Thesis_Obsidian\Ordinances\2017\Ordinance No. 0192-17.md,81,False
269,0192-17,section_2,2017,Ordinance No. 0192-17.pdf,Thesis_Obsidian\Ordinances\2017\Ordinance No. 0192-17.md,71,False
270,0192-17,section_3,2017,Ordinance No. 0192-17.pdf,Thesis_Obsidian\Ordinances\2017\Ordinance No. 0192-17.md,240,False
271,0192-17,section_4,2017,Ordinance No. 0192-17.pdf,Thesis_Obsidian\Ordinances\2017\Ordinance No. 0192-17.md,-1,True
272,0192-17,section_5,2017,Ordinance No. 0192-17.pdf,Thesis_Obsidian\Ordinances\2017\Ordinance No. 0192-17.md,18,False
273,0192-17,section_6,2017,Ordinance No. 0192-17.pdf,Thesis_Obsidian\Ordinances\2017\Ordinance No. 0192-17.md,240,False
274,0193-17,section_1,2017,Ordinance No. 0193-17.pdf,Thesis_Obsidian\Ordinances\2017\Ordinance No. 0193-17.md,81,False
275,0193-17,section_2,2017,Ordinance No. 0193-17.pdf,Thesis_Obsidian\Ordinances\2017\Ordinance No. 0193-17.md,71,False
276,0193-17,section_3,2017,Ordinance No. 0193-17.pdf,Thesis_Obsidian\Ordinances\2017\Ordinance No. 0193-17.md,-1,True
277,0193-17,section_4,2017,Ordinance No. 0193-17.pdf,Thesis_Obsidian\Ordinances\2017\Ordinance No. 0193-17.md,4,False
278,0193-17,section_5,2017,Ordinance No. 0193-17.pdf,Thesis_Obsidian\Ordinances\2017\Ordinance No. 0193-17.md,10,False
279,0193-17,section_6,2017,Ordinance No. 0193-17.pdf,Thesis_Obsidian\Ordinances\2017\Ordinance No. 0193-17.md,-1,True
280,0194-17,section_1,2017,Ordinance No. 0194-17.pdf,Thesis_Obsidian\Ordinances\2017\Ordinance No. 0194-17.md,118,False
281,0194-17,section_2,2017,Ordinance No. 0194-17.pdf,Thesis_Obsidian\Ordinances\2017\Ordinance No. 0194-17.md,71,False
282,0194-17,section_3,2017,Ordinance No. 0194-17.pdf,Thesis_Obsidian\Ordinances\2017\Ordinance No. 0194-17.md,-1,True
283,0194-17,section_4,2017,Ordinance No. 0194-17.pdf,Thesis_Obsidian\Ordinances\2017\Ordinance No. 0194-17.md,133,False
284,0194-17,section_5,2017,Ordinance No. 0194-17.pdf,Thesis_Obsidian\Ordinances\2017\Ordinance No. 0194-17.md,9,False
285,0194-17,section_6,2017,Ordinance No. 0194-17.pdf,Thesis_Obsidian\Ordinances\2017\Ordinance No. 0194-17.md,76,False
286,0195-17,section_1,2017,Ordinance No. 0195-17.pdf,Thesis_Obsidian\Ordinances\2017\Ordinance No. 0195-17.md,-1,True
287,0195-17,section_2,2017,Ordinance No. 0195-17.pdf,Thesis_Obsidian\Ordinances\2017\Ordinance No. 0195-17.md,71,False
288,0195-17,section_3,2017,Ordinance No. 0195-17.pdf,Thesis_Obsidian\Ordinances\2017\Ordinance No. 0195-17.md,-1,True
289,0195-17,section_4,2017,Ordinance No. 0195-17.pdf,Thesis_Obsidian\Ordinances\2017\Ordinance No. 0195-17.md,60,False
290,0195-17,section_5,2017,Ordinance No. 0195-17.pdf,Thesis_Obsidian\Ordinances\2017\Ordinance No. 0195-17.md,148,False
291,0195-17,section_6,2017,Ordinance No. 0195-17.pdf,Thesis_Obsidian\Ordinances\2017\Ordinance No. 0195-17.md,76,False
292,0198-17,section_4,2017,Ordinance No. 0198-17.pdf,Thesis_Obsidian\Ordinances\2017\Ordinance No. 0198-17.md,237,False
293,0202-17,section_1,2017,Ordinance No. 0202-17.pdf,Thesis_Obsidian\Ordinances\2017\Ordinance No. 0202-17.md,20,False
294,0202-17,section_2,2017,Ordinance No. 0202-17.pdf,Thesis_Obsidian\Ordinances\2017\Ordinance No. 0202-17.md,130,False
295,0202-17,section_3,2017,Ordinance No. 0202-17.pdf,Thesis_Obsidian\Ordinances\2017\Ordinance No. 0202-17.md,4,False
296,0202-17,section_4,2017,Ordinance No. 0202-17.pdf,Thesis_Obsidian\Ordinances\2017\Ordinance No. 0202-17.md,72,False
297,0202-17,section_5,2017,Ordinance No. 0202-17.pdf,Thesis_Obsidian\Ordinances\2017\Ordinance No. 0202-17.md,147,False
298,0207-17,section_3,2017,Ordinance No. 0207-17.pdf,Thesis_Obsidian\Ordinances\2017\Ordinance No. 0207-17.md,2,False
299,0208-17,section_1,2017,Ordinance No. 0208-17.pdf,Thesis_Obsidian\Ordinances\2017\Ordinance No. 0208-17.md,46,False
300,0208-17,section_2,2017,Ordinance No. 0208-17.pdf,Thesis_Obsidian\Ordinances\2017\Ordinance No. 0208-17.md,56,False
301,0208-17,section_3,2017,Ordinance No. 0208-17.pdf,Thesis_Obsidian\Ordinances\2017\Ordinance No. 0208-17.md,56,False
302,0209-17,section_16,2017,Ordinance No. 0209-17.pdf,Thesis_Obsidian\Ordinances\2017\Ordinance No. 0209-17.md,-1,True
303,0216-17,section_1,2017,Ordinance No. 0216-17.pdf,Thesis_Obsidian\Ordinances\2017\Ordinance No. 0216-17.md,188,False
304,0216-17,section_2,2017,Ordinance No. 0216-17.pdf,Thesis_Obsidian\Ordinances\2017\Ordinance No. 0216-17.md,183,False
305,0216-17,section_3,2017,Ordinance No. 0216-17.pdf,Thesis_Obsidian\Ordinances\2017\Ordinance No. 0216-17.md,188,False
306,0216-17,section_4,2017,Ordinance No. 0216-17.pdf,Thesis_Obsidian\Ordinances\2017\Ordinance No. 0216-17.md,75,False
307,0216-17,section_5,2017,Ordinance No. 0216-17.pdf,Thesis_Obsidian\Ordinances\2017\Ordinance No. 0216-17.md,2,False
308,0220-17,section_1,2017,Ordinance No. 0220-17.pdf,Thesis_Obsidian\Ordinances\2017\Ordinance No. 0220-17.md,81,False
309,0220-17,section_2,2017,Ordinance No. 0220-17.pdf,Thesis_Obsidian\Ordinances\2017\Ordinance No. 0220-17.md,130,False
310,0220-17,section_3,2017,Ordinance No. 0220-17.pdf,Thesis_Obsidian\Ordinances\2017\Ordinance No. 0220-17.md,4,False
311,0220-17,section_4,2017,Ordinance No. 0220-17.pdf,Thesis_Obsidian\Ordinances\2017\Ordinance No. 0220-17.md,3,False
312,0220-17,section_5,2017,Ordinance No. 0220-17.pdf,Thesis_Obsidian\Ordinances\2017\Ordinance No. 0220-17.md,24,False
313,0225-17,section_1,2017,Ordinance No. 0225-17.pdf,Thesis_Obsidian\Ordinances\2017\Ordinance No. 0225-17.md,11,False
314,0225-17,section_2,2017,Ordinance No. 0225-17.pdf,Thesis_Obsidian\Ordinances\2017\Ordinance No. 0225-17.md,68,False
315,0225-17,section_3,2017,Ordinance No. 0225-17.pdf,Thesis_Obsidian\Ordinances\2017\Ordinance No. 0225-17.md,189,False
316,0225-17,section_4,2017,Ordinance No. 0225-17.pdf,Thesis_Obsidian\Ordinances\2017\Ordinance No. 0225-17.md,-1,True
317,0225-17,section_5,2017,Ordinance No. 0225-17.pdf,Thesis_Obsidian\Ordinances\2017\Ordinance No. 0225-17.md,-1,True
318,0226-17,section_221,2017,Ordinance No. 0226-17.pdf,Thesis_Obsidian\Ordinances\2017\Ordinance No. 0226-17.md,29,False
319,0230-17,section_1,2017,Ordinance No. 0230-17.pdf,Thesis_Obsidian\Ordinances\2017\Ordinance No. 0230-17.md,26,False
320,0230-17,section_2,2017,Ordinance No. 0230-17.pdf,Thesis_Obsidian\Ordinances\2017\Ordinance No. 0230-17.md,26,False
321,0230-17,section_3,2017,Ordinance No. 0230-17.pdf,Thesis_Obsidian\Ordinances\2017\Ordinance No. 0230-17.md,208,False
322,0230-17,section_6,2017,Ordinance No. 0230-17.pdf,Thesis_Obsidian\Ordinances\2017\Ordinance No. 0230-17.md,14,False
323,0230-17,section_7,2017,Ordinance No. 0230-17.pdf,Thesis_Obsidian\Ordinances\2017\Ordinance No. 0230-17.md,182,False
324,0230-17,section_8,2017,Ordinance No. 0230-17.pdf,Thesis_Obsidian\Ordinances\2017\Ordinance No. 0230-17.md,-1,True
325,0230-17,section_9,2017,Ordinance No. 0230-17.pdf,Thesis_Obsidian\Ordinances\2017\Ordinance No. 0230-17.md,54,False
326,0233-17,section_1,2017,Ordinance No. 0233-17.pdf,Thesis_Obsidian\Ordinances\2017\Ordinance No. 0233-17.md,164,False
327,0233-17,section_22,2017,Ordinance No. 0233-17.pdf,Thesis_Obsidian\Ordinances\2017\Ordinance No. 0233-17.md,68,False
328,0233-17,section_2,2017,Ordinance No. 0233-17.pdf,Thesis_Obsidian\Ordinances\2017\Ordinance No. 0233-17.md,-1,True
329,0233-17,section_3,2017,Ordinance No. 0233-17.pdf,Thesis_Obsidian\Ordinances\2017\Ordinance No. 0233-17.md,68,False
330,0233-17,section_4,2017,Ordinance No. 0233-17.pdf,Thesis_Obsidian\Ordinances\2017\Ordinance No. 0233-17.md,189,False
331,0233-17,section_5,2017,Ordinance No. 0233-17.pdf,Thesis_Obsidian\Ordinances\2017\Ordinance No. 0233-17.md,2,False
332,0241-17,section_1,2017,Ordinance No. 0241-17.pdf,Thesis_Obsidian\Ordinances\2017\Ordinance No. 0241-17.md,51,False
333,0241-17,section_2,2017,Ordinance No. 0241-17.pdf,Thesis_Obsidian\Ordinances\2017\Ordinance No. 0241-17.md,238,False
334,0241-17,section_5,2017,Ordinance No. 0241-17.pdf,Thesis_Obsidian\Ordinances\2017\Ordinance No. 0241-17.md,66,False
335,0242-17,section_469,2017,Ordinance No. 0242-17.pdf,Thesis_Obsidian\Ordinances\2017\Ordinance No. 0242-17.md,66,False
336,0243-17,section_1,2017,Ordinance No. 0243-17.pdf,Thesis_Obsidian\Ordinances\2017\Ordinance No. 0243-17.md,51,False
337,0243-17,section_2,2017,Ordinance No. 0243-17.pdf,Thesis_Obsidian\Ordinances\2017\Ordinance No. 0243-17.md,238,False
338,0243-17,section_5,2017,Ordinance No. 0243-17.pdf,Thesis_Obsidian\Ordinances\2017\Ordinance No. 0243-17.md,66,False
339,0248-17,section_1,2017,Ordinance No. 0248-17.pdf,Thesis_Obsidian\Ordinances\2017\Ordinance No. 0248-17.md,11,False
340,0248-17,section_2,2017,Ordinance No. 0248-17.pdf,Thesis_Obsidian\Ordinances\2017\Ordinance No. 0248-17.md,141,False
341,0248-17,section_3,2017,Ordinance No. 0248-17.pdf,Thesis_Obsidian\Ordinances\2017\Ordinance No. 0248-17.md,91,False
342,0248-17,section_4,2017,Ordinance No. 0248-17.pdf,Thesis_Obsidian\Ordinances\2017\Ordinance No. 0248-17.md,169,False
343,0248-17,section_5,2017,Ordinance No. 0248-17.pdf,Thesis_Obsidian\Ordinances\2017\Ordinance No. 0248-17.md,-1,True
344,0252-17,section_1,2017,Ordinance No. 0252-17.pdf,Thesis_Obsidian\Ordinances\2017\Ordinance No. 0252-17.md,-1,True
345,0252-17,section_2,2017,Ordinance No. 0252-17.pdf,Thesis_Obsidian\Ordinances\2017\Ordinance No. 0252-17.md,180,False
346,0252-17,section_3,2017,Ordinance No. 0252-17.pdf,Thesis_Obsidian\Ordinances\2017\Ordinance No. 0252-17.md,55,False
347,0252-17,section_4,2017,Ordinance No. 0252-17.pdf,Thesis_Obsidian\Ordinances\2017\Ordinance No. 0252-17.md,10,False
348,0252-17,section_5,2017,Ordinance No. 0252-17.pdf,Thesis_Obsidian\Ordinances\2017\Ordinance No. 0252-17.md,2,False
349,0253-17,section_1,2017,Ordinance No. 0253-17.pdf,Thesis_Obsidian\Ordinances\2017\Ordinance No. 0253-17.md,-1,True
350,0253-17,section_2,2017,Ordinance No. 0253-17.pdf,Thesis_Obsidian\Ordinances\2017\Ordinance No. 0253-17.md,226,False
351,0253-17,section_3,2017,Ordinance No. 0253-17.pdf,Thesis_Obsidian\Ordinances\2017\Ordinance No. 0253-17.md,-1,True
352,0253-17,section_4,2017,Ordinance No. 0253-17.pdf,Thesis_Obsidian\Ordinances\2017\Ordinance No. 0253-17.md,75,False
353,0253-17,section_5,2017,Ordinance No. 0253-17.pdf,Thesis_Obsidian\Ordinances\2017\Ordinance No. 0253-17.md,2,False
354,0257-17,section_1,2017,Ordinance No. 0257-17.pdf,Thesis_Obsidian\Ordinances\2017\Ordinance No. 0257-17.md,57,False
355,0257-17,section_2,2017,Ordinance No. 0257-17.pdf,Thesis_Obsidian\Ordinances\2017\Ordinance No. 0257-17.md,55,False
356,0257-17,section_3,2017,Ordinance No. 0257-17.pdf,Thesis_Obsidian\Ordinances\2017\Ordinance No. 0257-17.md,105,False
357,0257-17,section_4,2017,Ordinance No. 0257-17.pdf,Thesis_Obsidian\Ordinances\2017\Ordinance No. 0257-17.md,221,False
358,0257-17,section_6,2017,Ordinance No. 0257-17.pdf,Thesis_Obsidian\Ordinances\2017\Ordinance No. 0257-17.md,-1,True
359,0257-17,section_11,2017,Ordinance No. 0257-17.pdf,Thesis_Obsidian\Ordinances\2017\Ordinance No. 0257-17.md,221,False
360,0257-17,section_12,2017,Ordinance No. 0257-17.pdf,Thesis_Obsidian\Ordinances\2017\Ordinance No. 0257-17.md,221,False
361,0257-17,section_13,2017,Ordinance No. 0257-17.pdf,Thesis_Obsidian\Ordinances\2017\Ordinance No. 0257-17.md,131,False
362,0257-17,section_14,2017,Ordinance No. 0257-17.pdf,Thesis_Obsidian\Ordinances\2017\Ordinance No. 0257-17.md,-1,True
363,0257-17,section_15,2017,Ordinance No. 0257-17.pdf,Thesis_Obsidian\Ordinances\2017\Ordinance No. 0257-17.md,134,False
364,0257-17,section_16,2017,Ordinance No. 0257-17.pdf,Thesis_Obsidian\Ordinances\2017\Ordinance No. 0257-17.md,53,False
365,0257-17,section_17,2017,Ordinance No. 0257-17.pdf,Thesis_Obsidian\Ordinances\2017\Ordinance No. 0257-17.md,224,False
366,0260-17,section_1,2017,Ordinance No. 0260-17.pdf,Thesis_Obsidian\Ordinances\2017\Ordinance No. 0260-17.md,-1,True
367,0260-17,section_2,2017,Ordinance No. 0260-17.pdf,Thesis_Obsidian\Ordinances\2017\Ordinance No. 0260-17.md,203,False
368,0261-17,section_1,2017,Ordinance No. 0261-17.pdf,Thesis_Obsidian\Ordinances\2017\Ordinance No. 0261-17.md,46,False
369,0261-17,section_2,2017,Ordinance No. 0261-17.pdf,Thesis_Obsidian\Ordinances\2017\Ordinance No. 0261-17.md,130,False
370,0261-17,section_3,2017,Ordinance No. 0261-17.pdf,Thesis_Obsidian\Ordinances\2017\Ordinance No. 0261-17.md,63,False
371,0261-17,section_4,2017,Ordinance No. 0261-17.pdf,Thesis_Obsidian\Ordinances\2017\Ordinance No. 0261-17.md,16,False
372,0261-17,section_5,2017,Ordinance No. 0261-17.pdf,Thesis_Obsidian\Ordinances\2017\Ordinance No. 0261-17.md,24,False
373,0265-17,section_1,2017,Ordinance No. 0265-17.pdf,Thesis_Obsidian\Ordinances\2017\Ordinance No. 0265-17.md,255,False
374,0265-17,section_2,2017,Ordinance No. 0265-17.pdf,Thesis_Obsidian\Ordinances\2017\Ordinance No. 0265-17.md,71,False
375,0265-17,section_3,2017,Ordinance No. 0265-17.pdf,Thesis_Obsidian\Ordinances\2017\Ordinance No. 0265-17.md,257,False
376,0265-17,section_4,2017,Ordinance No. 0265-17.pdf,Thesis_Obsidian\Ordinances\2017\Ordinance No. 0265-17.md,27,False
377,0265-17,section_5,2017,Ordinance No. 0265-17.pdf,Thesis_Obsidian\Ordinances\2017\Ordinance No. 0265-17.md,-1,True
378,0269-17,section_36,2017,Ordinance No. 0269-17.pdf,Thesis_Obsidian\Ordinances\2017\Ordinance No. 0269-17.md,66,False
379,0270-17,section_1,2017,Ordinance No. 0270-17.pdf,Thesis_Obsidian\Ordinances\2017\Ordinance No. 0270-17.md,51,False
380,0270-17,section_2,2017,Ordinance No. 0270-17.pdf,Thesis_Obsidian\Ordinances\2017\Ordinance No. 0270-17.md,66,False
381,0271-17,section_2,2017,Ordinance No. 0271-17.pdf,Thesis_Obsidian\Ordinances\2017\Ordinance No. 0271-17.md,66,False
382,0273-17,section_10,2017,Ordinance No. 0273-17.pdf,Thesis_Obsidian\Ordinances\2017\Ordinance No. 0273-17.md,54,False
383,0276-17,section_1,2017,Ordinance No. 0276-17.pdf,Thesis_Obsidian\Ordinances\2017\Ordinance No. 0276-17.md,73,False
384,0276-17,section_3,2017,Ordinance No. 0276-17.pdf,Thesis_Obsidian\Ordinances\2017\Ordinance No. 0276-17.md,4,False
385,0276-17,section_4,2017,Ordinance No. 0276-17.pdf,Thesis_Obsidian\Ordinances\2017\Ordinance No. 0276-17.md,256,False
386,0276-17,section_5,2017,Ordinance No. 0276-17.pdf,Thesis_Obsidian\Ordinances\2017\Ordinance No. 0276-17.md,147,False
387,0279-17,section_1,2017,Ordinance No. 0279-17.pdf,Thesis_Obsidian\Ordinances\2017\Ordinance No. 0279-17.md,-1,True
388,0279-17,section_2,2017,Ordinance No. 0279-17.pdf,Thesis_Obsidian\Ordinances\2017\Ordinance No. 0279-17.md,71,False
389,0279-17,section_3,2017,Ordinance No. 0279-17.pdf,Thesis_Obsidian\Ordinances\2017\Ordinance No. 0279-17.md,123,False
390,0279-17,section_4,2017,Ordinance No. 0279-17.pdf,Thesis_Obsidian\Ordinances\2017\Ordinance No. 0279-17.md,123,False
391,0279-17,section_5,2017,Ordinance No. 0279-17.pdf,Thesis_Obsidian\Ordinances\2017\Ordinance No. 0279-17.md,126,False
392,0279-17,section_6,2017,Ordinance No. 0279-17.pdf,Thesis_Obsidian\Ordinances\2017\Ordinance No. 0279-17.md,9,False
393,0279-17,section_7,2017,Ordinance No. 0279-17.pdf,Thesis_Obsidian\Ordinances\2017\Ordinance No. 0279-17.md,147,False
394,0280-17,section_1,2017,Ordinance No. 0280-17.pdf,Thesis_Obsidian\Ordinances\2017\Ordinance No. 0280-17.md,11,False
395,0280-17,section_2,2017,Ordinance No. 0280-17.pdf,Thesis_Obsidian\Ordinances\2017\Ordinance No. 0280-17.md,141,False
396,0280-17,section_3,2017,Ordinance No. 0280-17.pdf,Thesis_Obsidian\Ordinances\2017\Ordinance No. 0280-17.md,91,False
397,0280-17,section_4,2017,Ordinance No. 0280-17.pdf,Thesis_Obsidian\Ordinances\2017\Ordinance No. 0280-17.md,9,False
398,0280-17,section_5,2017,Ordinance No. 0280-17.pdf,Thesis_Obsidian\Ordinances\2017\Ordinance No. 0280-17.md,2,False
399,0283-17,section_1,2017,Ordinance No. 0283-17.pdf,Thesis_Obsidian\Ordinances\2017\Ordinance No. 0283-17.md,15,False
400,0283-17,section_2,2017,Ordinance No. 0283-17.pdf,Thesis_Obsidian\Ordinances\2017\Ordinance No. 0283-17.md,13,False
401,0283-17,section_3,2017,Ordinance No. 0283-17.pdf,Thesis_Obsidian\Ordinances\2017\Ordinance No. 0283-17.md,-1,True
402,0283-17,section_4,2017,Ordinance No. 0283-17.pdf,Thesis_Obsidian\Ordinances\2017\Ordinance No. 0283-17.md,27,False
403,0283-17,section_5,2017,Ordinance No. 0283-17.pdf,Thesis_Obsidian\Ordinances\2017\Ordinance No. 0283-17.md,2,False
404,0284-17,section_1,2017,Ordinance No. 0284-17.pdf,Thesis_Obsidian\Ordinances\2017\Ordinance No. 0284-17.md,15,False
405,0284-17,section_2,2017,Ordinance No. 0284-17.pdf,Thesis_Obsidian\Ordinances\2017\Ordinance No. 0284-17.md,183,False
406,0284-17,section_3,2017,Ordinance No. 0284-17.pdf,Thesis_Obsidian\Ordinances\2017\Ordinance No. 0284-17.md,22,False
407,0284-17,section_4,2017,Ordinance No. 0284-17.pdf,Thesis_Obsidian\Ordinances\2017\Ordinance No. 0284-17.md,9,False
408,0284-17,section_5,2017,Ordinance No. 0284-17.pdf,Thesis_Obsidian\Ordinances\2017\Ordinance No. 0284-17.md,-1,True
409,0285-17,section_22,2017,Ordinance No. 0285-17.pdf,Thesis_Obsidian\Ordinances\2017\Ordinance No. 0285-17.md,92,False
410,0285-17,section_36,2017,Ordinance No. 0285-17.pdf,Thesis_Obsidian\Ordinances\2017\Ordinance No. 0285-17.md,66,False
411,0286-17,section_36,2017,Ordinance No. 0286-17.pdf,Thesis_Obsidian\Ordinances\2017\Ordinance No. 0286-17.md,66,False
412,0287-17,section_1,2017,Ordinance No. 0287-17.pdf,Thesis_Obsidian\Ordinances\2017\Ordinance No. 0287-17.md,51,False
413,0287-17,section_2,2017,Ordinance No. 0287-17.pdf,Thesis_Obsidian\Ordinances\2017\Ordinance No. 0287-17.md,73,False
414,0287-17,section_3,2017,Ordinance No. 0287-17.pdf,Thesis_Obsidian\Ordinances\2017\Ordinance No. 0287-17.md,238,False
415,0287-17,section_4,2017,Ordinance No. 0287-17.pdf,Thesis_Obsidian\Ordinances\2017\Ordinance No. 0287-17.md,27,False
416,0287-17,section_5,2017,Ordinance No. 0287-17.pdf,Thesis_Obsidian\Ordinances\2017\Ordinance No. 0287-17.md,66,False
417,0293-17,section_1,2017,Ordinance No. 0293-17.pdf,Thesis_Obsidian\Ordinances\2017\Ordinance No. 0293-17.md,23,False
418,0293-17,section_2,2017,Ordinance No. 0293-17.pdf,Thesis_Obsidian\Ordinances\2017\Ordinance No. 0293-17.md,21,False
419,0293-17,section_3,2017,Ordinance No. 0293-17.pdf,Thesis_Obsidian\Ordinances\2017\Ordinance No. 0293-17.md,52,False
420,0293-17,section_4,2017,Ordinance No. 0293-17.pdf,Thesis_Obsidian\Ordinances\2017\Ordinance No. 0293-17.md,16,False
421,0293-17,section_5,2017,Ordinance No. 0293-17.pdf,Thesis_Obsidian\Ordinances\2017\Ordinance No. 0293-17.md,50,False
422,0297-17,section_1,2017,Ordinance No. 0297-17.pdf,Thesis_Obsidian\Ordinances\2017\Ordinance No. 0297-17.md,164,False
423,0297-17,section_2,2017,Ordinance No. 0297-17.pdf,Thesis_Obsidian\Ordinances\2017\Ordinance No. 0297-17.md,-1,True
424,0297-17,section_3,2017,Ordinance No. 0297-17.pdf,Thesis_Obsidian\Ordinances\2017\Ordinance No. 0297-17.md,68,False
425,0297-17,section_4,2017,Ordinance No. 0297-17.pdf,Thesis_Obsidian\Ordinances\2017\Ordinance No. 0297-17.md,189,False
426,0297-17,section_5,2017,Ordinance No. 0297-17.pdf,Thesis_Obsidian\Ordinances\2017\Ordinance No. 0297-17.md,50,False
427,0299-17,section_1,2017,Ordinance No. 0299-17.pdf,Thesis_Obsidian\Ordinances\2017\Ordinance No. 0299-17.md,20,False
428,0299-17,section_2,2017,Ordinance No. 0299-17.pdf,Thesis_Obsidian\Ordinances\2017\Ordinance No. 0299-17.md,236,False
429,0299-17,section_3,2017,Ordinance No. 0299-17.pdf,Thesis_Obsidian\Ordinances\2017\Ordinance No. 0299-17.md,238,False
430,0299-17,section_4,2017,Ordinance No. 0299-17.pdf,Thesis_Obsidian\Ordinances\2017\Ordinance No. 0299-17.md,-1,True
431,0303-17,section_1,2017,Ordinance No. 0303-17.pdf,Thesis_Obsidian\Ordinances\2017\Ordinance No. 0303-17.md,46,False
432,0303-17,section_2,2017,Ordinance No. 0303-17.pdf,Thesis_Obsidian\Ordinances\2017\Ordinance No. 0303-17.md,73,False
433,0303-17,section_3,2017,Ordinance No. 0303-17.pdf,Thesis_Obsidian\Ordinances\2017\Ordinance No. 0303-17.md,-1,True
434,0303-17,section_4,2017,Ordinance No. 0303-17.pdf,Thesis_Obsidian\Ordinances\2017\Ordinance No. 0303-17.md,133,False
435,0303-17,section_5,2017,Ordinance No. 0303-17.pdf,Thesis_Obsidian\Ordinances\2017\Ordinance No. 0303-17.md,9,False
436,0303-17,section_6,2017,Ordinance No. 0303-17.pdf,Thesis_Obsidian\Ordinances\2017\Ordinance No. 0303-17.md,76,False
437,0304-17,section_1,2017,Ordinance No. 0304-17.pdf,Thesis_Obsidian\Ordinances\2017\Ordinance No. 0304-17.md,15,False
438,0304-17,section_2,2017,Ordinance No. 0304-17.pdf,Thesis_Obsidian\Ordinances\2017\Ordinance No. 0304-17.md,12,False
439,0304-17,section_3,2017,Ordinance No. 0304-17.pdf,Thesis_Obsidian\Ordinances\2017\Ordinance No. 0304-17.md,-1,True
440,0304-17,section_4,2017,Ordinance No. 0304-17.pdf,Thesis_Obsidian\Ordinances\2017\Ordinance No. 0304-17.md,9,False
441,0304-17,section_5,2017,Ordinance No. 0304-17.pdf,Thesis_Obsidian\Ordinances\2017\Ordinance No. 0304-17.md,2,False
442,0305-17,section_2,2017,Ordinance No. 0305-17.pdf,Thesis_Obsidian\Ordinances\2017\Ordinance No. 0305-17.md,-1,True
443,0305-17,section_3,2017,Ordinance No. 0305-17.pdf,Thesis_Obsidian\Ordinances\2017\Ordinance No. 0305-17.md,181,False
444,0306-17,section_454,2017,Ordinance No. 0306-17.pdf,Thesis_Obsidian\Ordinances\2017\Ordinance No. 0306-17.md,29,False
445,0308-17,section_1,2017,Ordinance No. 0308-17.pdf,Thesis_Obsidian\Ordinances\2017\Ordinance No. 0308-17.md,11,False
446,0308-17,section_2,2017,Ordinance No. 0308-17.pdf,Thesis_Obsidian\Ordinances\2017\Ordinance No. 0308-17.md,141,False
447,0308-17,section_3,2017,Ordinance No. 0308-17.pdf,Thesis_Obsidian\Ordinances\2017\Ordinance No. 0308-17.md,91,False
448,0308-17,section_4,2017,Ordinance No. 0308-17.pdf,Thesis_Obsidian\Ordinances\2017\Ordinance No. 0308-17.md,256,False
449,0308-17,section_5,2017,Ordinance No. 0308-17.pdf,Thesis_Obsidian\Ordinances\2017\Ordinance No. 0308-17.md,0,False
450,0309-17,section_1,2017,Ordinance No. 0309-17.pdf,Thesis_Obsidian\Ordinances\2017\Ordinance No. 0309-17.md,11,False
451,0309-17,section_2,2017,Ordinance No. 0309-17.pdf,Thesis_Obsidian\Ordinances\2017\Ordinance No. 0309-17.md,141,False
452,0309-17,section_3,2017,Ordinance No. 0309-17.pdf,Thesis_Obsidian\Ordinances\2017\Ordinance No. 0309-17.md,91,False
453,0309-17,section_4,2017,Ordinance No. 0309-17.pdf,Thesis_Obsidian\Ordinances\2017\Ordinance No. 0309-17.md,75,False
454,0309-17,section_5,2017,Ordinance No. 0309-17.pdf,Thesis_Obsidian\Ordinances\2017\Ordinance No. 0309-17.md,2,False
455,0310-17,section_2,2017,Ordinance No. 0310-17.pdf,Thesis_Obsidian\Ordinances\2017\Ordinance No. 0310-17.md,-1,True
456,0310-17,section_3,2017,Ordinance No. 0310-17.pdf,Thesis_Obsidian\Ordinances\2017\Ordinance No. 0310-17.md,93,False
457,0310-17,section_4,2017,Ordinance No. 0310-17.pdf,Thesis_Obsidian\Ordinances\2017\Ordinance No. 0310-17.md,-1,True
458,0310-17,section_5,2017,Ordinance No. 0310-17.pdf,Thesis_Obsidian\Ordinances\2017\Ordinance No. 0310-17.md,-1,True
459,0310-17,section_6,2017,Ordinance No. 0310-17.pdf,Thesis_Obsidian\Ordinances\2017\Ordinance No. 0310-17.md,-1,True
460,0310-17,section_7,2017,Ordinance No. 0310-17.pdf,Thesis_Obsidian\Ordinances\2017\Ordinance No. 0310-17.md,-1,True
461,0310-17,section_8,2017,Ordinance No. 0310-17.pdf,Thesis_Obsidian\Ordinances\2017\Ordinance No. 0310-17.md,88,False
462,0310-17,section_9,2017,Ordinance No. 0310-17.pdf,Thesis_Obsidian\Ordinances\2017\Ordinance No. 0310-17.md,-1,True
463,0310-17,section_10,2017,Ordinance No. 0310-17.pdf,Thesis_Obsidian\Ordinances\2017\Ordinance No. 0310-17.md,103,False
464,0310-17,section_11,2017,Ordinance No. 0310-17.pdf,Thesis_Obsidian\Ordinances\2017\Ordinance No. 0310-17.md,115,False
465,0310-17,section_12,2017,Ordinance No. 0310-17.pdf,Thesis_Obsidian\Ordinances\2017\Ordinance No. 0310-17.md,54,False
466,0313-17,section_1,2017,Ordinance No. 0313-17.pdf,Thesis_Obsidian\Ordinances\2017\Ordinance No. 0313-17.md,81,False
467,0313-17,section_2,2017,Ordinance No. 0313-17.pdf,Thesis_Obsidian\Ordinances\2017\Ordinance No. 0313-17.md,73,False
468,0313-17,section_3,2017,Ordinance No. 0313-17.pdf,Thesis_Obsidian\Ordinances\2017\Ordinance No. 0313-17.md,4,False
469,0313-17,section_4,2017,Ordinance No. 0313-17.pdf,Thesis_Obsidian\Ordinances\2017\Ordinance No. 0313-17.md,256,False
470,0313-17,section_5,2017,Ordinance No. 0313-17.pdf,Thesis_Obsidian\Ordinances\2017\Ordinance No. 0313-17.md,24,False
471,0314-17,section_1,2017,Ordinance No. 0314-17.pdf,Thesis_Obsidian\Ordinances\2017\Ordinance No. 0314-17.md,51,False
472,0314-17,section_2,2017,Ordinance No. 0314-17.pdf,Thesis_Obsidian\Ordinances\2017\Ordinance No. 0314-17.md,73,False
473,0314-17,section_3,2017,Ordinance No. 0314-17.pdf,Thesis_Obsidian\Ordinances\2017\Ordinance No. 0314-17.md,238,False
474,0314-17,section_4,2017,Ordinance No. 0314-17.pdf,Thesis_Obsidian\Ordinances\2017\Ordinance No. 0314-17.md,10,False
475,0314-17,section_5,2017,Ordinance No. 0314-17.pdf,Thesis_Obsidian\Ordinances\2017\Ordinance No. 0314-17.md,66,False
476,0316-17,section_1,2017,Ordinance No. 0316-17.pdf,Thesis_Obsidian\Ordinances\2017\Ordinance No. 0316-17.md,73,False
477,0316-17,section_3,2017,Ordinance No. 0316-17.pdf,Thesis_Obsidian\Ordinances\2017\Ordinance No. 0316-17.md,238,False
478,0316-17,section_4,2017,Ordinance No. 0316-17.pdf,Thesis_Obsidian\Ordinances\2017\Ordinance No. 0316-17.md,3,False
479,0316-17,section_5,2017,Ordinance No. 0316-17.pdf,Thesis_Obsidian\Ordinances\2017\Ordinance No. 0316-17.md,66,False
480,0317-17,section_1,2017,Ordinance No. 0317-17.pdf,Thesis_Obsidian\Ordinances\2017\Ordinance No. 0317-17.md,-1,True
481,0317-17,section_2,2017,Ordinance No. 0317-17.pdf,Thesis_Obsidian\Ordinances\2017\Ordinance No. 0317-17.md,226,False
482,0317-17,section_3,2017,Ordinance No. 0317-17.pdf,Thesis_Obsidian\Ordinances\2017\Ordinance No. 0317-17.md,-1,True
483,0317-17,section_4,2017,Ordinance No. 0317-17.pdf,Thesis_Obsidian\Ordinances\2017\Ordinance No. 0317-17.md,27,False
484,0317-17,section_5,2017,Ordinance No. 0317-17.pdf,Thesis_Obsidian\Ordinances\2017\Ordinance No. 0317-17.md,50,False
485,0322-17,section_1,2017,Ordinance No. 0322-17.pdf,Thesis_Obsidian\Ordinances\2017\Ordinance No. 0322-17.md,161,False
486,0322-17,section_16,2017,Ordinance No. 0322-17.pdf,Thesis_Obsidian\Ordinances\2017\Ordinance No. 0322-17.md,69,False
487,0322-17,section_3,2017,Ordinance No. 0322-17.pdf,Thesis_Obsidian\Ordinances\2017\Ordinance No. 0322-17.md,161,False
488,0322-17,section_4,2017,Ordinance No. 0322-17.pdf,Thesis_Obsidian\Ordinances\2017\Ordinance No. 0322-17.md,27,False
489,0322-17,section_5,2017,Ordinance No. 0322-17.pdf,Thesis_Obsidian\Ordinances\2017\Ordinance No. 0322-17.md,132,False
490,0324-17,section_1,2017,Ordinance No. 0324-17.pdf,Thesis_Obsidian\Ordinances\2017\Ordinance No. 0324-17.md,161,False
491,0324-17,section_2,2017,Ordinance No. 0324-17.pdf,Thesis_Obsidian\Ordinances\2017\Ordinance No. 0324-17.md,206,False
492,0324-17,section_16,2017,Ordinance No. 0324-17.pdf,Thesis_Obsidian\Ordinances\2017\Ordinance No. 0324-17.md,69,False
493,0324-17,section_3,2017,Ordinance No. 0324-17.pdf,Thesis_Obsidian\Ordinances\2017\Ordinance No. 0324-17.md,161,False
494,0324-17,section_4,2017,Ordinance No. 0324-17.pdf,Thesis_Obsidian\Ordinances\2017\Ordinance No. 0324-17.md,18,False
495,0324-17,section_5,2017,Ordinance No. 0324-17.pdf,Thesis_Obsidian\Ordinances\2017\Ordinance No. 0324-17.md,-1,True
496,0325-17,section_1,2017,Ordinance No. 0325-17.pdf,Thesis_Obsidian\Ordinances\2017\Ordinance No. 0325-17.md,161,False
497,0325-17,section_2,2017,Ordinance No. 0325-17.pdf,Thesis_Obsidian\Ordinances\2017\Ordinance No. 0325-17.md,67,False
498,0325-17,section_3,2017,Ordinance No. 0325-17.pdf,Thesis_Obsidian\Ordinances\2017\Ordinance No. 0325-17.md,161,False
499,0325-17,section_4,2017,Ordinance No. 0325-17.pdf,Thesis_Obsidian\Ordinances\2017\Ordinance No. 0325-17.md,9,False
500,0325-17,section_5,2017,Ordinance No. 0325-17.pdf,Thesis_Obsidian\Ordinances\2017\Ordinance No. 0325-17.md,132,False
501,0330-17,section_1,2017,Ordinance No. 0330-17.pdf,Thesis_Obsidian\Ordinances\2017\Ordinance No. 0330-17.md,161,False
502,0330-17,section_2,2017,Ordinance No. 0330-17.pdf,Thesis_Obsidian\Ordinances\2017\Ordinance No. 0330-17.md,73,False
503,0330-17,section_3,2017,Ordinance No. 0330-17.pdf,Thesis_Obsidian\Ordinances\2017\Ordinance No. 0330-17.md,161,False
504,0330-17,section_4,2017,Ordinance No. 0330-17.pdf,Thesis_Obsidian\Ordinances\2017\Ordinance No. 0330-17.md,3,False
505,0330-17,section_5,2017,Ordinance No. 0330-17.pdf,Thesis_Obsidian\Ordinances\2017\Ordinance No. 0330-17.md,132,False
506,0332-17,section_1,2017,Ordinance No. 0332-17.pdf,Thesis_Obsidian\Ordinances\2017\Ordinance No. 0332-17.md,161,False
507,0332-17,section_2,2017,Ordinance No. 0332-17.pdf,Thesis_Obsidian\Ordinances\2017\Ordinance No. 0332-17.md,71,False
508,0332-17,section_3,2017,Ordinance No. 0332-17.pdf,Thesis_Obsidian\Ordinances\2017\Ordinance No. 0332-17.md,161,False
509,0332-17,section_4,2017,Ordinance No. 0332-17.pdf,Thesis_Obsidian\Ordinances\2017\Ordinance No. 0332-17.md,18,False
510,0332-17,section_5,2017,Ordinance No. 0332-17.pdf,Thesis_Obsidian\Ordinances\2017\Ordinance No. 0332-17.md,132,False
511,0335-17,section_1,2017,Ordinance No. 0335-17.pdf,Thesis_Obsidian\Ordinances\2017\Ordinance No. 0335-17.md,161,False
512,0335-17,section_16,2017,Ordinance No. 0335-17.pdf,Thesis_Obsidian\Ordinances\2017\Ordinance No. 0335-17.md,69,False
513,0335-17,section_3,2017,Ordinance No. 0335-17.pdf,Thesis_Obsidian\Ordinances\2017\Ordinance No. 0335-17.md,161,False
514,0335-17,section_4,2017,Ordinance No. 0335-17.pdf,Thesis_Obsidian\Ordinances\2017\Ordinance No. 0335-17.md,10,False
515,0335-17,section_5,2017,Ordinance No. 0335-17.pdf,Thesis_Obsidian\Ordinances\2017\Ordinance No. 0335-17.md,147,False
516,0336-17,section_1,2017,Ordinance No. 0336-17.pdf,Thesis_Obsidian\Ordinances\2017\Ordinance No. 0336-17.md,118,False
517,0336-17,section_2,2017,Ordinance No. 0336-17.pdf,Thesis_Obsidian\Ordinances\2017\Ordinance No. 0336-17.md,130,False
518,0336-17,section_3,2017,Ordinance No. 0336-17.pdf,Thesis_Obsidian\Ordinances\2017\Ordinance No. 0336-17.md,76,False
519,0336-17,section_4,2017,Ordinance No. 0336-17.pdf,Thesis_Obsidian\Ordinances\2017\Ordinance No. 0336-17.md,133,False
520,0336-17,section_5,2017,Ordinance No. 0336-17.pdf,Thesis_Obsidian\Ordinances\2017\Ordinance No. 0336-17.md,16,False
521,0336-17,section_6,2017,Ordinance No. 0336-17.pdf,Thesis_Obsidian\Ordinances\2017\Ordinance No. 0336-17.md,76,False
522,0337-17,section_3,2017,Ordinance No. 0337-17.pdf,Thesis_Obsidian\Ordinances\2017\Ordinance No. 0337-17.md,56,False
523,0338-17,section_1,2017,Ordinance No. 0338-17.pdf,Thesis_Obsidian\Ordinances\2017\Ordinance No. 0338-17.md,254,False
524,0338-17,section_2,2017,Ordinance No. 0338-17.pdf,Thesis_Obsidian\Ordinances\2017\Ordinance No. 0338-17.md,121,False
525,0342-17,section_1,2017,Ordinance No. 0342-17.pdf,Thesis_Obsidian\Ordinances\2017\Ordinance No. 0342-17.md,11,False
526,0342-17,section_2,2017,Ordinance No. 0342-17.pdf,Thesis_Obsidian\Ordinances\2017\Ordinance No. 0342-17.md,141,False
527,0342-17,section_3,2017,Ordinance No. 0342-17.pdf,Thesis_Obsidian\Ordinances\2017\Ordinance No. 0342-17.md,91,False
528,0342-17,section_4,2017,Ordinance No. 0342-17.pdf,Thesis_Obsidian\Ordinances\2017\Ordinance No. 0342-17.md,16,False
529,0342-17,section_5,2017,Ordinance No. 0342-17.pdf,Thesis_Obsidian\Ordinances\2017\Ordinance No. 0342-17.md,2,False
530,0345-17,section_1,2017,Ordinance No. 0345-17.pdf,Thesis_Obsidian\Ordinances\2017\Ordinance No. 0345-17.md,55,False
531,0345-17,section_2,2017,Ordinance No. 0345-17.pdf,Thesis_Obsidian\Ordinances\2017\Ordinance No. 0345-17.md,12,False
532,0345-17,section_3,2017,Ordinance No. 0345-17.pdf,Thesis_Obsidian\Ordinances\2017\Ordinance No. 0345-17.md,55,False
533,0345-17,section_4,2017,Ordinance No. 0345-17.pdf,Thesis_Obsidian\Ordinances\2017\Ordinance No. 0345-17.md,9,False
534,0345-17,section_5,2017,Ordinance No. 0345-17.pdf,Thesis_Obsidian\Ordinances\2017\Ordinance No. 0345-17.md,2,False
535,0346-17,section_1,2017,Ordinance No. 0346-17.pdf,Thesis_Obsidian\Ordinances\2017\Ordinance No. 0346-17.md,48,False
536,0346-17,section_2,2017,Ordinance No. 0346-17.pdf,Thesis_Obsidian\Ordinances\2017\Ordinance No. 0346-17.md,180,False
537,0346-17,section_3,2017,Ordinance No. 0346-17.pdf,Thesis_Obsidian\Ordinances\2017\Ordinance No. 0346-17.md,48,False
538,0346-17,section_4,2017,Ordinance No. 0346-17.pdf,Thesis_Obsidian\Ordinances\2017\Ordinance No. 0346-17.md,27,False
539,0346-17,section_5,2017,Ordinance No. 0346-17.pdf,Thesis_Obsidian\Ordinances\2017\Ordinance No. 0346-17.md,2,False
540,0347-17,section_1,2017,Ordinance No. 0347-17.pdf,Thesis_Obsidian\Ordinances\2017\Ordinance No. 0347-17.md,48,False
541,0347-17,section_2,2017,Ordinance No. 0347-17.pdf,Thesis_Obsidian\Ordinances\2017\Ordinance No. 0347-17.md,183,False
542,0347-17,section_3,2017,Ordinance No. 0347-17.pdf,Thesis_Obsidian\Ordinances\2017\Ordinance No. 0347-17.md,48,False
543,0347-17,section_4,2017,Ordinance No. 0347-17.pdf,Thesis_Obsidian\Ordinances\2017\Ordinance No. 0347-17.md,27,False
544,0347-17,section_5,2017,Ordinance No. 0347-17.pdf,Thesis_Obsidian\Ordinances\2017\Ordinance No. 0347-17.md,2,False
545,0348-17,section_1,2017,Ordinance No. 0348-17.pdf,Thesis_Obsidian\Ordinances\2017\Ordinance No. 0348-17.md,48,False
546,0348-17,section_2,2017,Ordinance No. 0348-17.pdf,Thesis_Obsidian\Ordinances\2017\Ordinance No. 0348-17.md,12,False
547,0348-17,section_3,2017,Ordinance No. 0348-17.pdf,Thesis_Obsidian\Ordinances\2017\Ordinance No. 0348-17.md,48,False
548,0348-17,section_4,2017,Ordinance No. 0348-17.pdf,Thesis_Obsidian\Ordinances\2017\Ordinance No. 0348-17.md,53,False
549,0350-17,section_1,2017,Ordinance No. 0350-17.pdf,Thesis_Obsidian\Ordinances\2017\Ordinance No. 0350-17.md,20,False
550,0350-17,section_2,2017,Ordinance No. 0350-17.pdf,Thesis_Obsidian\Ordinances\2017\Ordinance No. 0350-17.md,-1,True
551,0350-17,section_3,2017,Ordinance No. 0350-17.pdf,Thesis_Obsidian\Ordinances\2017\Ordinance No. 0350-17.md,4,False
552,0350-17,section_4,2017,Ordinance No. 0350-17.pdf,Thesis_Obsidian\Ordinances\2017\Ordinance No. 0350-17.md,181,False
553,0351-17,section_1,2017,Ordinance No. 0351-17.pdf,Thesis_Obsidian\Ordinances\2017\Ordinance No. 0351-17.md,102,False
554,0351-17,section_2,2017,Ordinance No. 0351-17.pdf,Thesis_Obsidian\Ordinances\2017\Ordinance No. 0351-17.md,58,False
555,0351-17,section_3,2017,Ordinance No. 0351-17.pdf,Thesis_Obsidian\Ordinances\2017\Ordinance No. 0351-17.md,58,False
556,0351-17,section_6,2017,Ordinance No. 0351-17.pdf,Thesis_Obsidian\Ordinances\2017\Ordinance No. 0351-17.md,235,False
557,0351-17,section_4,2017,Ordinance No. 0351-17.pdf,Thesis_Obsidian\Ordinances\2017\Ordinance No. 0351-17.md,3,False
558,0351-17,section_5,2017,Ordinance No. 0351-17.pdf,Thesis_Obsidian\Ordinances\2017\Ordinance No. 0351-17.md,-1,True
559,0353-17,section_1,2017,Ordinance No. 0353-17.pdf,Thesis_Obsidian\Ordinances\2017\Ordinance No. 0353-17.md,81,False
560,0353-17,section_2,2017,Ordinance No. 0353-17.pdf,Thesis_Obsidian\Ordinances\2017\Ordinance No. 0353-17.md,73,False
561,0353-17,section_3,2017,Ordinance No. 0353-17.pdf,Thesis_Obsidian\Ordinances\2017\Ordinance No. 0353-17.md,4,False
562,0353-17,section_4,2017,Ordinance No. 0353-17.pdf,Thesis_Obsidian\Ordinances\2017\Ordinance No. 0353-17.md,27,False
563,0353-17,section_5,2017,Ordinance No. 0353-17.pdf,Thesis_Obsidian\Ordinances\2017\Ordinance No. 0353-17.md,24,False
564,0358-17,section_1,2017,Ordinance No. 0358-17.pdf,Thesis_Obsidian\Ordinances\2017\Ordinance No. 0358-17.md,254,False
565,0358-17,section_2,2017,Ordinance No. 0358-17.pdf,Thesis_Obsidian\Ordinances\2017\Ordinance No. 0358-17.md,119,False
566,0358-17,section_3,2017,Ordinance No. 0358-17.pdf,Thesis_Obsidian\Ordinances\2017\Ordinance No. 0358-17.md,248,False
567,0358-17,section_4,2017,Ordinance No. 0358-17.pdf,Thesis_Obsidian\Ordinances\2017\Ordinance No. 0358-17.md,121,False
568,0358-17,section_5,2017,Ordinance No. 0358-17.pdf,Thesis_Obsidian\Ordinances\2017\Ordinance No. 0358-17.md,190,False
569,0358-17,section_6,2017,Ordinance No. 0358-17.pdf,Thesis_Obsidian\Ordinances\2017\Ordinance No. 0358-17.md,202,False
570,0358-17,section_7,2017,Ordinance No. 0358-17.pdf,Thesis_Obsidian\Ordinances\2017\Ordinance No. 0358-17.md,30,False
571,0363-17,section_1,2017,Ordinance No. 0363-17.pdf,Thesis_Obsidian\Ordinances\2017\Ordinance No. 0363-17.md,185,False
572,0363-17,section_2,2017,Ordinance No. 0363-17.pdf,Thesis_Obsidian\Ordinances\2017\Ordinance No. 0363-17.md,13,False
573,0363-17,section_3,2017,Ordinance No. 0363-17.pdf,Thesis_Obsidian\Ordinances\2017\Ordinance No. 0363-17.md,48,False
574,0363-17,section_4,2017,Ordinance No. 0363-17.pdf,Thesis_Obsidian\Ordinances\2017\Ordinance No. 0363-17.md,169,False
575,0363-17,section_5,2017,Ordinance No. 0363-17.pdf,Thesis_Obsidian\Ordinances\2017\Ordinance No. 0363-17.md,2,False
576,0364-17,section_1,2017,Ordinance No. 0364-17.pdf,Thesis_Obsidian\Ordinances\2017\Ordinance No. 0364-17.md,188,False
577,0364-17,section_2,2017,Ordinance No. 0364-17.pdf,Thesis_Obsidian\Ordinances\2017\Ordinance No. 0364-17.md,13,False
578,0364-17,section_3,2017,Ordinance No. 0364-17.pdf,Thesis_Obsidian\Ordinances\2017\Ordinance No. 0364-17.md,188,False
579,0364-17,section_4,2017,Ordinance No. 0364-17.pdf,Thesis_Obsidian\Ordinances\2017\Ordinance No. 0364-17.md,152,False
580,0364-17,section_5,2017,Ordinance No. 0364-17.pdf,Thesis_Obsidian\Ordinances\2017\Ordinance No. 0364-17.md,2,False
581,0367-17,section_1,2017,Ordinance No. 0367-17.pdf,Thesis_Obsidian\Ordinances\2017\Ordinance No. 0367-17.md,73,False
582,0367-17,section_3,2017,Ordinance No. 0367-17.pdf,Thesis_Obsidian\Ordinances\2017\Ordinance No. 0367-17.md,238,False
583,0367-17,section_4,2017,Ordinance No. 0367-17.pdf,Thesis_Obsidian\Ordinances\2017\Ordinance No. 0367-17.md,18,False
584,0367-17,section_5,2017,Ordinance No. 0367-17.pdf,Thesis_Obsidian\Ordinances\2017\Ordinance No. 0367-17.md,66,False
585,0368-17,section_1,2017,Ordinance No. 0368-17.pdf,Thesis_Obsidian\Ordinances\2017\Ordinance No. 0368-17.md,51,False
586,0368-17,section_2,2017,Ordinance No. 0368-17.pdf,Thesis_Obsidian\Ordinances\2017\Ordinance No. 0368-17.md,73,False
587,0368-17,section_3,2017,Ordinance No. 0368-17.pdf,Thesis_Obsidian\Ordinances\2017\Ordinance No. 0368-17.md,238,False
588,0368-17,section_4,2017,Ordinance No. 0368-17.pdf,Thesis_Obsidian\Ordinances\2017\Ordinance No. 0368-17.md,3,False
589,0368-17,section_5,2017,Ordinance No. 0368-17.pdf,Thesis_Obsidian\Ordinances\2017\Ordinance No. 0368-17.md,66,False
590,0377-17,section_1,2017,Ordinance No. 0377-17.pdf,Thesis_Obsidian\Ordinances\2017\Ordinance No. 0377-17.md,81,False
591,0377-17,section_2,2017,Ordinance No. 0377-17.pdf,Thesis_Obsidian\Ordinances\2017\Ordinance No. 0377-17.md,71,False
592,0377-17,section_3,2017,Ordinance No. 0377-17.pdf,Thesis_Obsidian\Ordinances\2017\Ordinance No. 0377-17.md,4,False
593,0377-17,section_4,2017,Ordinance No. 0377-17.pdf,Thesis_Obsidian\Ordinances\2017\Ordinance No. 0377-17.md,16,False
594,0377-17,section_5,2017,Ordinance No. 0377-17.pdf,Thesis_Obsidian\Ordinances\2017\Ordinance No. 0377-17.md,24,False
595,0378-17,section_1,2017,Ordinance No. 0378-17.pdf,Thesis_Obsidian\Ordinances\2017\Ordinance No. 0378-17.md,118,False
596,0378-17,section_2,2017,Ordinance No. 0378-17.pdf,Thesis_Obsidian\Ordinances\2017\Ordinance No. 0378-17.md,71,False
597,0378-17,section_3,2017,Ordinance No. 0378-17.pdf,Thesis_Obsidian\Ordinances\2017\Ordinance No. 0378-17.md,133,False
598,0378-17,section_4,2017,Ordinance No. 0378-17.pdf,Thesis_Obsidian\Ordinances\2017\Ordinance No. 0378-17.md,9,False
599,0378-17,section_5,2017,Ordinance No. 0378-17.pdf,Thesis_Obsidian\Ordinances\2017\Ordinance No. 0378-17.md,76,False
600,0326-17,section_1,2018,Ordinance No. 0326-17.pdf,Thesis_Obsidian\Ordinances\2018\Ordinance No. 0326-17.md,161,False
601,0326-17,section_2,2018,Ordinance No. 0326-17.pdf,Thesis_Obsidian\Ordinances\2018\Ordinance No. 0326-17.md,206,False
602,0326-17,section_16,2018,Ordinance No. 0326-17.pdf,Thesis_Obsidian\Ordinances\2018\Ordinance No. 0326-17.md,161,False
603,0326-17,section_4,2018,Ordinance No. 0326-17.pdf,Thesis_Obsidian\Ordinances\2018\Ordinance No. 0326-17.md,128,False
604,0326-17,section_5,2018,Ordinance No. 0326-17.pdf,Thesis_Obsidian\Ordinances\2018\Ordinance No. 0326-17.md,132,False
605,0327-17,section_1,2018,Ordinance No. 0327-17.pdf,Thesis_Obsidian\Ordinances\2018\Ordinance No. 0327-17.md,161,False
606,0327-17,section_3,2018,Ordinance No. 0327-17.pdf,Thesis_Obsidian\Ordinances\2018\Ordinance No. 0327-17.md,161,False
607,0327-17,section_4,2018,Ordinance No. 0327-17.pdf,Thesis_Obsidian\Ordinances\2018\Ordinance No. 0327-17.md,151,False
608,0327-17,section_5,2018,Ordinance No. 0327-17.pdf,Thesis_Obsidian\Ordinances\2018\Ordinance No. 0327-17.md,132,False
609,0328-17,section_1,2018,Ordinance No. 0328-17.pdf,Thesis_Obsidian\Ordinances\2018\Ordinance No. 0328-17.md,73,False
610,0328-17,section_3,2018,Ordinance No. 0328-17.pdf,Thesis_Obsidian\Ordinances\2018\Ordinance No. 0328-17.md,161,False
611,0328-17,section_4,2018,Ordinance No. 0328-17.pdf,Thesis_Obsidian\Ordinances\2018\Ordinance No. 0328-17.md,148,False
612,0328-17,section_5,2018,Ordinance No. 0328-17.pdf,Thesis_Obsidian\Ordinances\2018\Ordinance No. 0328-17.md,132,False
613,0329-17,section_1,2018,Ordinance No. 0329-17.pdf,Thesis_Obsidian\Ordinances\2018\Ordinance No. 0329-17.md,161,False
614,0329-17,section_2,2018,Ordinance No. 0329-17.pdf,Thesis_Obsidian\Ordinances\2018\Ordinance No. 0329-17.md,71,False
615,0329-17,section_3,2018,Ordinance No. 0329-17.pdf,Thesis_Obsidian\Ordinances\2018\Ordinance No. 0329-17.md,161,False
616,0329-17,section_4,2018,Ordinance No. 0329-17.pdf,Thesis_Obsidian\Ordinances\2018\Ordinance No. 0329-17.md,10,False
617,0329-17,section_5,2018,Ordinance No. 0329-17.pdf,Thesis_Obsidian\Ordinances\2018\Ordinance No. 0329-17.md,132,False
618,0333-17,section_1,2018,Ordinance No. 0333-17.pdf,Thesis_Obsidian\Ordinances\2018\Ordinance No. 0333-17.md,132,False
619,0333-17,section_2,2018,Ordinance No. 0333-17.pdf,Thesis_Obsidian\Ordinances\2018\Ordinance No. 0333-17.md,132,False
620,0333-17,section_3,2018,Ordinance No. 0333-17.pdf,Thesis_Obsidian\Ordinances\2018\Ordinance No. 0333-17.md,181,False
621,0333-17,section_4,2018,Ordinance No. 0333-17.pdf,Thesis_Obsidian\Ordinances\2018\Ordinance No. 0333-17.md,24,False
622,0333-17,section_5,2018,Ordinance No. 0333-17.pdf,Thesis_Obsidian\Ordinances\2018\Ordinance No. 0333-17.md,204,False
623,0333-17,section_6,2018,Ordinance No. 0333-17.pdf,Thesis_Obsidian\Ordinances\2018\Ordinance No. 0333-17.md,24,False
624,0361-17,section_7,2018,Ordinance No. 0361-17.pdf,Thesis_Obsidian\Ordinances\2018\Ordinance No. 0361-17.md,126,False
625,0383-18,section_1,2018,Ordinance No. 0383-18.pdf,Thesis_Obsidian\Ordinances\2018\Ordinance No. 0383-18.md,57,False
626,0383-18,section_2,2018,Ordinance No. 0383-18.pdf,Thesis_Obsidian\Ordinances\2018\Ordinance No. 0383-18.md,215,False
627,0383-18,section_3,2018,Ordinance No. 0383-18.pdf,Thesis_Obsidian\Ordinances\2018\Ordinance No. 0383-18.md,-1,True
628,0383-18,section_4,2018,Ordinance No. 0383-18.pdf,Thesis_Obsidian\Ordinances\2018\Ordinance No. 0383-18.md,6,False
629,0383-18,section_5,2018,Ordinance No. 0383-18.pdf,Thesis_Obsidian\Ordinances\2018\Ordinance No. 0383-18.md,14,False
630,0383-18,section_6,2018,Ordinance No. 0383-18.pdf,Thesis_Obsidian\Ordinances\2018\Ordinance No. 0383-18.md,40,False
631,0383-18,section_7,2018,Ordinance No. 0383-18.pdf,Thesis_Obsidian\Ordinances\2018\Ordinance No. 0383-18.md,30,False
632,0383-18,section_8,2018,Ordinance No. 0383-18.pdf,Thesis_Obsidian\Ordinances\2018\Ordinance No. 0383-18.md,209,False
633,0383-18,section_9,2018,Ordinance No. 0383-18.pdf,Thesis_Obsidian\Ordinances\2018\Ordinance No. 0383-18.md,134,False
634,0383-18,section_10,2018,Ordinance No. 0383-18.pdf,Thesis_Obsidian\Ordinances\2018\Ordinance No. 0383-18.md,54,False
635,0385-18,section_1,2018,Ordinance No. 0385-18.pdf,Thesis_Obsidian\Ordinances\2018\Ordinance No. 0385-18.md,-1,True
636,0385-18,section_2,2018,Ordinance No. 0385-18.pdf,Thesis_Obsidian\Ordinances\2018\Ordinance No. 0385-18.md,89,False
637,0385-18,section_16,2018,Ordinance No. 0385-18.pdf,Thesis_Obsidian\Ordinances\2018\Ordinance No. 0385-18.md,69,False
638,0385-18,section_3,2018,Ordinance No. 0385-18.pdf,Thesis_Obsidian\Ordinances\2018\Ordinance No. 0385-18.md,-1,True
639,0385-18,section_4,2018,Ordinance No. 0385-18.pdf,Thesis_Obsidian\Ordinances\2018\Ordinance No. 0385-18.md,140,False
640,0385-18,section_5,2018,Ordinance No. 0385-18.pdf,Thesis_Obsidian\Ordinances\2018\Ordinance No. 0385-18.md,9,False
641,0385-18,section_6,2018,Ordinance No. 0385-18.pdf,Thesis_Obsidian\Ordinances\2018\Ordinance No. 0385-18.md,28,False
642,0386-18,section_54,2018,Ordinance No. 0386-18.pdf,Thesis_Obsidian\Ordinances\2018\Ordinance No. 0386-18.md,-1,True
643,0387-18,section_1,2018,Ordinance No. 0387-18.pdf,Thesis_Obsidian\Ordinances\2018\Ordinance No. 0387-18.md,-1,True
644,0387-18,section_2,2018,Ordinance No. 0387-18.pdf,Thesis_Obsidian\Ordinances\2018\Ordinance No. 0387-18.md,73,False
645,0387-18,section_3,2018,Ordinance No. 0387-18.pdf,Thesis_Obsidian\Ordinances\2018\Ordinance No. 0387-18.md,-1,True
646,0387-18,section_4,2018,Ordinance No. 0387-18.pdf,Thesis_Obsidian\Ordinances\2018\Ordinance No. 0387-18.md,16,False
647,0387-18,section_5,2018,Ordinance No. 0387-18.pdf,Thesis_Obsidian\Ordinances\2018\Ordinance No. 0387-18.md,239,False
648,0388-18,section_1,2018,Ordinance No. 0388-18.pdf,Thesis_Obsidian\Ordinances\2018\Ordinance No. 0388-18.md,81,False
649,0388-18,section_2,2018,Ordinance No. 0388-18.pdf,Thesis_Obsidian\Ordinances\2018\Ordinance No. 0388-18.md,71,False
650,0388-18,section_3,2018,Ordinance No. 0388-18.pdf,Thesis_Obsidian\Ordinances\2018\Ordinance No. 0388-18.md,-1,True
651,0388-18,section_4,2018,Ordinance No. 0388-18.pdf,Thesis_Obsidian\Ordinances\2018\Ordinance No. 0388-18.md,4,False
652,0388-18,section_5,2018,Ordinance No. 0388-18.pdf,Thesis_Obsidian\Ordinances\2018\Ordinance No. 0388-18.md,126,False
653,0388-18,section_6,2018,Ordinance No. 0388-18.pdf,Thesis_Obsidian\Ordinances\2018\Ordinance No. 0388-18.md,169,False
654,0388-18,section_7,2018,Ordinance No. 0388-18.pdf,Thesis_Obsidian\Ordinances\2018\Ordinance No. 0388-18.md,239,False
655,0389-18,section_1,2018,Ordinance No. 0389-18.pdf,Thesis_Obsidian\Ordinances\2018\Ordinance No. 0389-18.md,-1,True
656,0389-18,section_2,2018,Ordinance No. 0389-18.pdf,Thesis_Obsidian\Ordinances\2018\Ordinance No. 0389-18.md,130,False
657,0389-18,section_3,2018,Ordinance No. 0389-18.pdf,Thesis_Obsidian\Ordinances\2018\Ordinance No. 0389-18.md,133,False
658,0389-18,section_4,2018,Ordinance No. 0389-18.pdf,Thesis_Obsidian\Ordinances\2018\Ordinance No. 0389-18.md,16,False
659,0389-18,section_5,2018,Ordinance No. 0389-18.pdf,Thesis_Obsidian\Ordinances\2018\Ordinance No. 0389-18.md,76,False
660,0394-18,section_1,2018,Ordinance No. 0394-18.pdf,Thesis_Obsidian\Ordinances\2018\Ordinance No. 0394-18.md,15,False
661,0394-18,section_2,2018,Ordinance No. 0394-18.pdf,Thesis_Obsidian\Ordinances\2018\Ordinance No. 0394-18.md,183,False
662,0394-18,section_3,2018,Ordinance No. 0394-18.pdf,Thesis_Obsidian\Ordinances\2018\Ordinance No. 0394-18.md,22,False
663,0394-18,section_4,2018,Ordinance No. 0394-18.pdf,Thesis_Obsidian\Ordinances\2018\Ordinance No. 0394-18.md,3,False
664,0394-18,section_5,2018,Ordinance No. 0394-18.pdf,Thesis_Obsidian\Ordinances\2018\Ordinance No. 0394-18.md,2,False
665,0396-18,section_17,2018,Ordinance No. 0396-18.pdf,Thesis_Obsidian\Ordinances\2018\Ordinance No. 0396-18.md,25,False
666,0396-18,section_9,2018,Ordinance No. 0396-18.pdf,Thesis_Obsidian\Ordinances\2018\Ordinance No. 0396-18.md,103,False
667,0396-18,section_10,2018,Ordinance No. 0396-18.pdf,Thesis_Obsidian\Ordinances\2018\Ordinance No. 0396-18.md,29,False
668,0396-18,section_13,2018,Ordinance No. 0396-18.pdf,Thesis_Obsidian\Ordinances\2018\Ordinance No. 0396-18.md,25,False
669,0396-18,section_3,2018,Ordinance No. 0396-18.pdf,Thesis_Obsidian\Ordinances\2018\Ordinance No. 0396-18.md,25,False
670,0396-18,section_7,2018,Ordinance No. 0396-18.pdf,Thesis_Obsidian\Ordinances\2018\Ordinance No. 0396-18.md,-1,True
671,0398-18,section_1,2018,Ordinance No. 0398-18.pdf,Thesis_Obsidian\Ordinances\2018\Ordinance No. 0398-18.md,15,False
672,0398-18,section_2,2018,Ordinance No. 0398-18.pdf,Thesis_Obsidian\Ordinances\2018\Ordinance No. 0398-18.md,12,False
673,0398-18,section_3,2018,Ordinance No. 0398-18.pdf,Thesis_Obsidian\Ordinances\2018\Ordinance No. 0398-18.md,22,False
674,0398-18,section_4,2018,Ordinance No. 0398-18.pdf,Thesis_Obsidian\Ordinances\2018\Ordinance No. 0398-18.md,3,False
675,0398-18,section_5,2018,Ordinance No. 0398-18.pdf,Thesis_Obsidian\Ordinances\2018\Ordinance No. 0398-18.md,2,False
676,0399-18,section_1,2018,Ordinance No. 0399-18.pdf,Thesis_Obsidian\Ordinances\2018\Ordinance No. 0399-18.md,185,False
677,0399-18,section_2,2018,Ordinance No. 0399-18.pdf,Thesis_Obsidian\Ordinances\2018\Ordinance No. 0399-18.md,180,False
678,0399-18,section_3,2018,Ordinance No. 0399-18.pdf,Thesis_Obsidian\Ordinances\2018\Ordinance No. 0399-18.md,55,False
679,0399-18,section_4,2018,Ordinance No. 0399-18.pdf,Thesis_Obsidian\Ordinances\2018\Ordinance No. 0399-18.md,9,False
680,0399-18,section_5,2018,Ordinance No. 0399-18.pdf,Thesis_Obsidian\Ordinances\2018\Ordinance No. 0399-18.md,2,False
681,0401-18,section_16,2018,Ordinance No. 0401-18.pdf,Thesis_Obsidian\Ordinances\2018\Ordinance No. 0401-18.md,-1,True
682,0404-18,section_1,2018,Ordinance No. 0404-18.pdf,Thesis_Obsidian\Ordinances\2018\Ordinance No. 0404-18.md,144,False
683,0404-18,section_3,2018,Ordinance No. 0404-18.pdf,Thesis_Obsidian\Ordinances\2018\Ordinance No. 0404-18.md,66,False
684,0405-18,section_1,2018,Ordinance No. 0405-18.pdf,Thesis_Obsidian\Ordinances\2018\Ordinance No. 0405-18.md,51,False
685,0405-18,section_2,2018,Ordinance No. 0405-18.pdf,Thesis_Obsidian\Ordinances\2018\Ordinance No. 0405-18.md,144,False
686,0405-18,section_3,2018,Ordinance No. 0405-18.pdf,Thesis_Obsidian\Ordinances\2018\Ordinance No. 0405-18.md,66,False
687,0407-18,section_1,2018,Ordinance No. 0407-18.pdf,Thesis_Obsidian\Ordinances\2018\Ordinance No. 0407-18.md,26,False
688,0407-18,section_2,2018,Ordinance No. 0407-18.pdf,Thesis_Obsidian\Ordinances\2018\Ordinance No. 0407-18.md,208,False
689,0407-18,section_3,2018,Ordinance No. 0407-18.pdf,Thesis_Obsidian\Ordinances\2018\Ordinance No. 0407-18.md,55,False
690,0407-18,section_4,2018,Ordinance No. 0407-18.pdf,Thesis_Obsidian\Ordinances\2018\Ordinance No. 0407-18.md,50,False
691,0411-18,section_1,2018,Ordinance No. 0411-18.pdf,Thesis_Obsidian\Ordinances\2018\Ordinance No. 0411-18.md,149,False
692,0411-18,section_2,2018,Ordinance No. 0411-18.pdf,Thesis_Obsidian\Ordinances\2018\Ordinance No. 0411-18.md,37,False
693,0411-18,section_3,2018,Ordinance No. 0411-18.pdf,Thesis_Obsidian\Ordinances\2018\Ordinance No. 0411-18.md,55,False
694,0411-18,section_5,2018,Ordinance No. 0411-18.pdf,Thesis_Obsidian\Ordinances\2018\Ordinance No. 0411-18.md,50,False
695,0412-18,section_1,2018,Ordinance No. 0412-18.pdf,Thesis_Obsidian\Ordinances\2018\Ordinance No. 0412-18.md,185,False
696,0412-18,section_2,2018,Ordinance No. 0412-18.pdf,Thesis_Obsidian\Ordinances\2018\Ordinance No. 0412-18.md,37,False
697,0412-18,section_3,2018,Ordinance No. 0412-18.pdf,Thesis_Obsidian\Ordinances\2018\Ordinance No. 0412-18.md,55,False
698,0412-18,section_4,2018,Ordinance No. 0412-18.pdf,Thesis_Obsidian\Ordinances\2018\Ordinance No. 0412-18.md,74,False
699,0412-18,section_5,2018,Ordinance No. 0412-18.pdf,Thesis_Obsidian\Ordinances\2018\Ordinance No. 0412-18.md,50,False
700,0413-18,section_2,2018,Ordinance No. 0413-18.pdf,Thesis_Obsidian\Ordinances\2018\Ordinance No. 0413-18.md,37,False
701,0413-18,section_3,2018,Ordinance No. 0413-18.pdf,Thesis_Obsidian\Ordinances\2018\Ordinance No. 0413-18.md,55,False
702,0413-18,section_4,2018,Ordinance No. 0413-18.pdf,Thesis_Obsidian\Ordinances\2018\Ordinance No. 0413-18.md,74,False
703,0413-18,section_5,2018,Ordinance No. 0413-18.pdf,Thesis_Obsidian\Ordinances\2018\Ordinance No. 0413-18.md,50,False
704,0415-18,section_1,2018,Ordinance No. 0415-18.pdf,Thesis_Obsidian\Ordinances\2018\Ordinance No. 0415-18.md,20,False
705,0415-18,section_2,2018,Ordinance No. 0415-18.pdf,Thesis_Obsidian\Ordinances\2018\Ordinance No. 0415-18.md,71,False
706,0415-18,section_3,2018,Ordinance No. 0415-18.pdf,Thesis_Obsidian\Ordinances\2018\Ordinance No. 0415-18.md,-1,True
707,0415-18,section_4,2018,Ordinance No. 0415-18.pdf,Thesis_Obsidian\Ordinances\2018\Ordinance No. 0415-18.md,16,False
708,0415-18,section_5,2018,Ordinance No. 0415-18.pdf,Thesis_Obsidian\Ordinances\2018\Ordinance No. 0415-18.md,203,False
709,0416-18,section_1,2018,Ordinance No. 0416-18.pdf,Thesis_Obsidian\Ordinances\2018\Ordinance No. 0416-18.md,20,False
710,0416-18,section_2,2018,Ordinance No. 0416-18.pdf,Thesis_Obsidian\Ordinances\2018\Ordinance No. 0416-18.md,71,False
711,0416-18,section_3,2018,Ordinance No. 0416-18.pdf,Thesis_Obsidian\Ordinances\2018\Ordinance No. 0416-18.md,-1,True
712,0416-18,section_4,2018,Ordinance No. 0416-18.pdf,Thesis_Obsidian\Ordinances\2018\Ordinance No. 0416-18.md,9,False
713,0416-18,section_5,2018,Ordinance No. 0416-18.pdf,Thesis_Obsidian\Ordinances\2018\Ordinance No. 0416-18.md,203,False
714,0418-18,section_1,2018,Ordinance No. 0418-18.pdf,Thesis_Obsidian\Ordinances\2018\Ordinance No. 0418-18.md,164,False
715,0418-18,section_2,2018,Ordinance No. 0418-18.pdf,Thesis_Obsidian\Ordinances\2018\Ordinance No. 0418-18.md,68,False
716,0418-18,section_3,2018,Ordinance No. 0418-18.pdf,Thesis_Obsidian\Ordinances\2018\Ordinance No. 0418-18.md,189,False
717,0418-18,section_5,2018,Ordinance No. 0418-18.pdf,Thesis_Obsidian\Ordinances\2018\Ordinance No. 0418-18.md,50,False
718,0421-18,section_1,2018,Ordinance No. 0421-18.pdf,Thesis_Obsidian\Ordinances\2018\Ordinance No. 0421-18.md,185,False
719,0421-18,section_2,2018,Ordinance No. 0421-18.pdf,Thesis_Obsidian\Ordinances\2018\Ordinance No. 0421-18.md,180,False
720,0421-18,section_3,2018,Ordinance No. 0421-18.pdf,Thesis_Obsidian\Ordinances\2018\Ordinance No. 0421-18.md,55,False
721,0421-18,section_4,2018,Ordinance No. 0421-18.pdf,Thesis_Obsidian\Ordinances\2018\Ordinance No. 0421-18.md,16,False
722,0421-18,section_5,2018,Ordinance No. 0421-18.pdf,Thesis_Obsidian\Ordinances\2018\Ordinance No. 0421-18.md,50,False
723,0422-18,section_1,2018,Ordinance No. 0422-18.pdf,Thesis_Obsidian\Ordinances\2018\Ordinance No. 0422-18.md,185,False
724,0422-18,section_2,2018,Ordinance No. 0422-18.pdf,Thesis_Obsidian\Ordinances\2018\Ordinance No. 0422-18.md,180,False
725,0422-18,section_3,2018,Ordinance No. 0422-18.pdf,Thesis_Obsidian\Ordinances\2018\Ordinance No. 0422-18.md,55,False
726,0422-18,section_4,2018,Ordinance No. 0422-18.pdf,Thesis_Obsidian\Ordinances\2018\Ordinance No. 0422-18.md,3,False
727,0422-18,section_5,2018,Ordinance No. 0422-18.pdf,Thesis_Obsidian\Ordinances\2018\Ordinance No. 0422-18.md,50,False
728,0425-18,section_1,2018,Ordinance No. 0425-18.pdf,Thesis_Obsidian\Ordinances\2018\Ordinance No. 0425-18.md,149,False
729,0425-18,section_2,2018,Ordinance No. 0425-18.pdf,Thesis_Obsidian\Ordinances\2018\Ordinance No. 0425-18.md,149,False
730,0426-18,section_1,2018,Ordinance No. 0426-18.pdf,Thesis_Obsidian\Ordinances\2018\Ordinance No. 0426-18.md,149,False
731,0426-18,section_2,2018,Ordinance No. 0426-18.pdf,Thesis_Obsidian\Ordinances\2018\Ordinance No. 0426-18.md,37,False
732,0426-18,section_5,2018,Ordinance No. 0426-18.pdf,Thesis_Obsidian\Ordinances\2018\Ordinance No. 0426-18.md,149,False
733,0427-18,section_1,2018,Ordinance No. 0427-18.pdf,Thesis_Obsidian\Ordinances\2018\Ordinance No. 0427-18.md,15,False
734,0427-18,section_2,2018,Ordinance No. 0427-18.pdf,Thesis_Obsidian\Ordinances\2018\Ordinance No. 0427-18.md,12,False
735,0427-18,section_3,2018,Ordinance No. 0427-18.pdf,Thesis_Obsidian\Ordinances\2018\Ordinance No. 0427-18.md,22,False
736,0427-18,section_4,2018,Ordinance No. 0427-18.pdf,Thesis_Obsidian\Ordinances\2018\Ordinance No. 0427-18.md,9,False
737,0427-18,section_5,2018,Ordinance No. 0427-18.pdf,Thesis_Obsidian\Ordinances\2018\Ordinance No. 0427-18.md,50,False
738,0430-18,section_1,2018,Ordinance No. 0430-18.pdf,Thesis_Obsidian\Ordinances\2018\Ordinance No. 0430-18.md,26,False
739,0430-18,section_2,2018,Ordinance No. 0430-18.pdf,Thesis_Obsidian\Ordinances\2018\Ordinance No. 0430-18.md,70,False
740,0430-18,section_3,2018,Ordinance No. 0430-18.pdf,Thesis_Obsidian\Ordinances\2018\Ordinance No. 0430-18.md,40,False
741,0430-18,section_4,2018,Ordinance No. 0430-18.pdf,Thesis_Obsidian\Ordinances\2018\Ordinance No. 0430-18.md,-1,True
742,0430-18,section_7,2018,Ordinance No. 0430-18.pdf,Thesis_Obsidian\Ordinances\2018\Ordinance No. 0430-18.md,78,False
743,0431-18,section_2,2018,Ordinance No. 0431-18.pdf,Thesis_Obsidian\Ordinances\2018\Ordinance No. 0431-18.md,-1,True
744,0431-18,section_3,2018,Ordinance No. 0431-18.pdf,Thesis_Obsidian\Ordinances\2018\Ordinance No. 0431-18.md,-1,True
745,0439-18,section_2,2018,Ordinance No. 0439-18.pdf,Thesis_Obsidian\Ordinances\2018\Ordinance No. 0439-18.md,239,False
746,0442-18,section_1,2018,Ordinance No. 0442-18.pdf,Thesis_Obsidian\Ordinances\2018\Ordinance No. 0442-18.md,185,False
747,0442-18,section_2,2018,Ordinance No. 0442-18.pdf,Thesis_Obsidian\Ordinances\2018\Ordinance No. 0442-18.md,12,False
748,0442-18,section_3,2018,Ordinance No. 0442-18.pdf,Thesis_Obsidian\Ordinances\2018\Ordinance No. 0442-18.md,149,False
749,0442-18,section_4,2018,Ordinance No. 0442-18.pdf,Thesis_Obsidian\Ordinances\2018\Ordinance No. 0442-18.md,75,False
750,0442-18,section_5,2018,Ordinance No. 0442-18.pdf,Thesis_Obsidian\Ordinances\2018\Ordinance No. 0442-18.md,2,False
751,0445-18,section_1,2018,Ordinance No. 0445-18.pdf,Thesis_Obsidian\Ordinances\2018\Ordinance No. 0445-18.md,117,False
752,0445-18,section_2,2018,Ordinance No. 0445-18.pdf,Thesis_Obsidian\Ordinances\2018\Ordinance No. 0445-18.md,12,False
753,0445-18,section_3,2018,Ordinance No. 0445-18.pdf,Thesis_Obsidian\Ordinances\2018\Ordinance No. 0445-18.md,22,False
754,0445-18,section_4,2018,Ordinance No. 0445-18.pdf,Thesis_Obsidian\Ordinances\2018\Ordinance No. 0445-18.md,18,False
755,0445-18,section_5,2018,Ordinance No. 0445-18.pdf,Thesis_Obsidian\Ordinances\2018\Ordinance No. 0445-18.md,2,False
756,0449-18,section_66,2018,Ordinance No. 0449-18.pdf,Thesis_Obsidian\Ordinances\2018\Ordinance No. 0449-18.md,250,False
757,0450-18,section_5,2018,Ordinance No. 0450-18.pdf,Thesis_Obsidian\Ordinances\2018\Ordinance No. 0450-18.md,76,False
758,0458-18,section_1,2018,Ordinance No. 0458-18.pdf,Thesis_Obsidian\Ordinances\2018\Ordinance No. 0458-18.md,93,False
759,0458-18,section_2,2018,Ordinance No. 0458-18.pdf,Thesis_Obsidian\Ordinances\2018\Ordinance No. 0458-18.md,6,False
760,0458-18,section_3,2018,Ordinance No. 0458-18.pdf,Thesis_Obsidian\Ordinances\2018\Ordinance No. 0458-18.md,6,False
761,0458-18,section_5,2018,Ordinance No. 0458-18.pdf,Thesis_Obsidian\Ordinances\2018\Ordinance No. 0458-18.md,6,False
762,0458-18,section_6,2018,Ordinance No. 0458-18.pdf,Thesis_Obsidian\Ordinances\2018\Ordinance No. 0458-18.md,14,False
763,0458-18,section_7,2018,Ordinance No. 0458-18.pdf,Thesis_Obsidian\Ordinances\2018\Ordinance No. 0458-18.md,6,False
764,0458-18,section_8,2018,Ordinance No. 0458-18.pdf,Thesis_Obsidian\Ordinances\2018\Ordinance No. 0458-18.md,-1,True
765,0458-18,section_9,2018,Ordinance No. 0458-18.pdf,Thesis_Obsidian\Ordinances\2018\Ordinance No. 0458-18.md,-1,True
766,0460-18,section_455,2018,Ordinance No. 0460-18.pdf,Thesis_Obsidian\Ordinances\2018\Ordinance No. 0460-18.md,132,False
767,0465-18,section_455,2018,Ordinance No. 0465-18.pdf,Thesis_Obsidian\Ordinances\2018\Ordinance No. 0465-18.md,76,False
768,0466-18,section_469,2018,Ordinance No. 0466-18.pdf,Thesis_Obsidian\Ordinances\2018\Ordinance No. 0466-18.md,29,False
769,0466-18,section_21,2018,Ordinance No. 0466-18.pdf,Thesis_Obsidian\Ordinances\2018\Ordinance No. 0466-18.md,-1,True
770,0466-18,section_186,2018,Ordinance No. 0466-18.pdf,Thesis_Obsidian\Ordinances\2018\Ordinance No. 0466-18.md,-1,True
771,0467-18,section_1,2018,Ordinance No. 0467-18.pdf,Thesis_Obsidian\Ordinances\2018\Ordinance No. 0467-18.md,150,False
772,0467-18,section_3,2018,Ordinance No. 0467-18.pdf,Thesis_Obsidian\Ordinances\2018\Ordinance No. 0467-18.md,150,False
773,0467-18,section_4,2018,Ordinance No. 0467-18.pdf,Thesis_Obsidian\Ordinances\2018\Ordinance No. 0467-18.md,247,False
774,0467-18,section_6,2018,Ordinance No. 0467-18.pdf,Thesis_Obsidian\Ordinances\2018\Ordinance No. 0467-18.md,65,False
775,0467-18,section_7,2018,Ordinance No. 0467-18.pdf,Thesis_Obsidian\Ordinances\2018\Ordinance No. 0467-18.md,-1,True
776,0468-18,section_2,2018,Ordinance No. 0468-18.pdf,Thesis_Obsidian\Ordinances\2018\Ordinance No. 0468-18.md,182,False
777,0468-18,section_3,2018,Ordinance No. 0468-18.pdf,Thesis_Obsidian\Ordinances\2018\Ordinance No. 0468-18.md,-1,True
778,0468-18,section_4,2018,Ordinance No. 0468-18.pdf,Thesis_Obsidian\Ordinances\2018\Ordinance No. 0468-18.md,24,False
779,0473-18,section_1,2018,Ordinance No. 0473-18.pdf,Thesis_Obsidian\Ordinances\2018\Ordinance No. 0473-18.md,127,False
780,0473-18,section_2,2018,Ordinance No. 0473-18.pdf,Thesis_Obsidian\Ordinances\2018\Ordinance No. 0473-18.md,203,False
781,0473-18,section_3,2018,Ordinance No. 0473-18.pdf,Thesis_Obsidian\Ordinances\2018\Ordinance No. 0473-18.md,181,False
782,0474-18,section_3,2018,Ordinance No. 0474-18.pdf,Thesis_Obsidian\Ordinances\2018\Ordinance No. 0474-18.md,248,False
783,0474-18,section_4,2018,Ordinance No. 0474-18.pdf,Thesis_Obsidian\Ordinances\2018\Ordinance No. 0474-18.md,121,False
784,0474-18,section_5,2018,Ordinance No. 0474-18.pdf,Thesis_Obsidian\Ordinances\2018\Ordinance No. 0474-18.md,121,False
785,0474-18,section_6,2018,Ordinance No. 0474-18.pdf,Thesis_Obsidian\Ordinances\2018\Ordinance No. 0474-18.md,190,False
786,0474-18,section_7,2018,Ordinance No. 0474-18.pdf,Thesis_Obsidian\Ordinances\2018\Ordinance No. 0474-18.md,202,False
787,0474-18,section_8,2018,Ordinance No. 0474-18.pdf,Thesis_Obsidian\Ordinances\2018\Ordinance No. 0474-18.md,86,False
788,0474-18,section_9,2018,Ordinance No. 0474-18.pdf,Thesis_Obsidian\Ordinances\2018\Ordinance No. 0474-18.md,-1,True
789,0477-18,section_1,2018,Ordinance No. 0477-18.pdf,Thesis_Obsidian\Ordinances\2018\Ordinance No. 0477-18.md,149,False
790,0477-18,section_2,2018,Ordinance No. 0477-18.pdf,Thesis_Obsidian\Ordinances\2018\Ordinance No. 0477-18.md,180,False
791,0477-18,section_3,2018,Ordinance No. 0477-18.pdf,Thesis_Obsidian\Ordinances\2018\Ordinance No. 0477-18.md,149,False
792,0477-18,section_4,2018,Ordinance No. 0477-18.pdf,Thesis_Obsidian\Ordinances\2018\Ordinance No. 0477-18.md,16,False
793,0477-18,section_5,2018,Ordinance No. 0477-18.pdf,Thesis_Obsidian\Ordinances\2018\Ordinance No. 0477-18.md,50,False
794,0478-18,section_1,2018,Ordinance No. 0478-18.pdf,Thesis_Obsidian\Ordinances\2018\Ordinance No. 0478-18.md,149,False
795,0478-18,section_2,2018,Ordinance No. 0478-18.pdf,Thesis_Obsidian\Ordinances\2018\Ordinance No. 0478-18.md,226,False
796,0478-18,section_3,2018,Ordinance No. 0478-18.pdf,Thesis_Obsidian\Ordinances\2018\Ordinance No. 0478-18.md,149,False
797,0478-18,section_4,2018,Ordinance No. 0478-18.pdf,Thesis_Obsidian\Ordinances\2018\Ordinance No. 0478-18.md,18,False
798,0478-18,section_5,2018,Ordinance No. 0478-18.pdf,Thesis_Obsidian\Ordinances\2018\Ordinance No. 0478-18.md,50,False
799,0491-18,section_5,2018,Ordinance No. 0491-18.pdf,Thesis_Obsidian\Ordinances\2018\Ordinance No. 0491-18.md,2,False
800,0493-18,section_1,2018,Ordinance No. 0493-18.pdf,Thesis_Obsidian\Ordinances\2018\Ordinance No. 0493-18.md,77,False
801,0493-18,section_2,2018,Ordinance No. 0493-18.pdf,Thesis_Obsidian\Ordinances\2018\Ordinance No. 0493-18.md,119,False
802,0493-18,section_3,2018,Ordinance No. 0493-18.pdf,Thesis_Obsidian\Ordinances\2018\Ordinance No. 0493-18.md,-1,True
803,0493-18,section_4,2018,Ordinance No. 0493-18.pdf,Thesis_Obsidian\Ordinances\2018\Ordinance No. 0493-18.md,107,False
804,0493-18,section_5,2018,Ordinance No. 0493-18.pdf,Thesis_Obsidian\Ordinances\2018\Ordinance No. 0493-18.md,65,False
805,0493-18,section_6,2018,Ordinance No. 0493-18.pdf,Thesis_Obsidian\Ordinances\2018\Ordinance No. 0493-18.md,78,False
806,0494-18,section_455,2018,Ordinance No. 0494-18.pdf,Thesis_Obsidian\Ordinances\2018\Ordinance No. 0494-18.md,76,False
807,0498-18,section_2,2018,Ordinance No. 0498-18.pdf,Thesis_Obsidian\Ordinances\2018\Ordinance No. 0498-18.md,119,False
808,0498-18,section_3,2018,Ordinance No. 0498-18.pdf,Thesis_Obsidian\Ordinances\2018\Ordinance No. 0498-18.md,170,False
809,0498-18,section_4,2018,Ordinance No. 0498-18.pdf,Thesis_Obsidian\Ordinances\2018\Ordinance No. 0498-18.md,99,False
810,0498-18,section_5,2018,Ordinance No. 0498-18.pdf,Thesis_Obsidian\Ordinances\2018\Ordinance No. 0498-18.md,197,False
811,0500-18,section_1,2018,Ordinance No. 0500-18.pdf,Thesis_Obsidian\Ordinances\2018\Ordinance No. 0500-18.md,11,False
812,0500-18,section_2,2018,Ordinance No. 0500-18.pdf,Thesis_Obsidian\Ordinances\2018\Ordinance No. 0500-18.md,141,False
813,0500-18,section_3,2018,Ordinance No. 0500-18.pdf,Thesis_Obsidian\Ordinances\2018\Ordinance No. 0500-18.md,91,False
814,0500-18,section_4,2018,Ordinance No. 0500-18.pdf,Thesis_Obsidian\Ordinances\2018\Ordinance No. 0500-18.md,11,False
815,0500-18,section_5,2018,Ordinance No. 0500-18.pdf,Thesis_Obsidian\Ordinances\2018\Ordinance No. 0500-18.md,16,False
816,0500-18,section_6,2018,Ordinance No. 0500-18.pdf,Thesis_Obsidian\Ordinances\2018\Ordinance No. 0500-18.md,-1,True
817,0501-18,section_1,2018,Ordinance No. 0501-18.pdf,Thesis_Obsidian\Ordinances\2018\Ordinance No. 0501-18.md,11,False
818,0501-18,section_2,2018,Ordinance No. 0501-18.pdf,Thesis_Obsidian\Ordinances\2018\Ordinance No. 0501-18.md,141,False
819,0501-18,section_3,2018,Ordinance No. 0501-18.pdf,Thesis_Obsidian\Ordinances\2018\Ordinance No. 0501-18.md,91,False
820,0501-18,section_4,2018,Ordinance No. 0501-18.pdf,Thesis_Obsidian\Ordinances\2018\Ordinance No. 0501-18.md,53,False
821,0506-18,section_1,2018,Ordinance No. 0506-18.pdf,Thesis_Obsidian\Ordinances\2018\Ordinance No. 0506-18.md,68,False
822,0506-18,section_3,2018,Ordinance No. 0506-18.pdf,Thesis_Obsidian\Ordinances\2018\Ordinance No. 0506-18.md,189,False
823,0506-18,section_4,2018,Ordinance No. 0506-18.pdf,Thesis_Obsidian\Ordinances\2018\Ordinance No. 0506-18.md,2,False
824,0508-18,section_1,2018,Ordinance No. 0508-18.pdf,Thesis_Obsidian\Ordinances\2018\Ordinance No. 0508-18.md,185,False
825,0508-18,section_2,2018,Ordinance No. 0508-18.pdf,Thesis_Obsidian\Ordinances\2018\Ordinance No. 0508-18.md,180,False
826,0508-18,section_3,2018,Ordinance No. 0508-18.pdf,Thesis_Obsidian\Ordinances\2018\Ordinance No. 0508-18.md,55,False
827,0508-18,section_4,2018,Ordinance No. 0508-18.pdf,Thesis_Obsidian\Ordinances\2018\Ordinance No. 0508-18.md,27,False
828,0508-18,section_5,2018,Ordinance No. 0508-18.pdf,Thesis_Obsidian\Ordinances\2018\Ordinance No. 0508-18.md,78,False
829,0509-18,section_1,2018,Ordinance No. 0509-18.pdf,Thesis_Obsidian\Ordinances\2018\Ordinance No. 0509-18.md,-1,True
830,0509-18,section_2,2018,Ordinance No. 0509-18.pdf,Thesis_Obsidian\Ordinances\2018\Ordinance No. 0509-18.md,-1,True
831,0509-18,section_3,2018,Ordinance No. 0509-18.pdf,Thesis_Obsidian\Ordinances\2018\Ordinance No. 0509-18.md,198,False
832,0509-18,section_4,2018,Ordinance No. 0509-18.pdf,Thesis_Obsidian\Ordinances\2018\Ordinance No. 0509-18.md,18,False
833,0509-18,section_5,2018,Ordinance No. 0509-18.pdf,Thesis_Obsidian\Ordinances\2018\Ordinance No. 0509-18.md,78,False
834,0510-18,section_1,2018,Ordinance No. 0510-18.pdf,Thesis_Obsidian\Ordinances\2018\Ordinance No. 0510-18.md,-1,True
835,0510-18,section_2,2018,Ordinance No. 0510-18.pdf,Thesis_Obsidian\Ordinances\2018\Ordinance No. 0510-18.md,12,False
836,0510-18,section_3,2018,Ordinance No. 0510-18.pdf,Thesis_Obsidian\Ordinances\2018\Ordinance No. 0510-18.md,198,False
837,0510-18,section_4,2018,Ordinance No. 0510-18.pdf,Thesis_Obsidian\Ordinances\2018\Ordinance No. 0510-18.md,9,False
838,0510-18,section_5,2018,Ordinance No. 0510-18.pdf,Thesis_Obsidian\Ordinances\2018\Ordinance No. 0510-18.md,78,False
839,0511-18,section_1,2018,Ordinance No. 0511-18.pdf,Thesis_Obsidian\Ordinances\2018\Ordinance No. 0511-18.md,-1,True
840,0511-18,section_2,2018,Ordinance No. 0511-18.pdf,Thesis_Obsidian\Ordinances\2018\Ordinance No. 0511-18.md,12,False
841,0511-18,section_3,2018,Ordinance No. 0511-18.pdf,Thesis_Obsidian\Ordinances\2018\Ordinance No. 0511-18.md,198,False
842,0511-18,section_4,2018,Ordinance No. 0511-18.pdf,Thesis_Obsidian\Ordinances\2018\Ordinance No. 0511-18.md,3,False
843,0511-18,section_5,2018,Ordinance No. 0511-18.pdf,Thesis_Obsidian\Ordinances\2018\Ordinance No. 0511-18.md,78,False
844,0512-18,section_1,2018,Ordinance No. 0512-18.pdf,Thesis_Obsidian\Ordinances\2018\Ordinance No. 0512-18.md,-1,True
845,0512-18,section_2,2018,Ordinance No. 0512-18.pdf,Thesis_Obsidian\Ordinances\2018\Ordinance No. 0512-18.md,12,False
846,0512-18,section_3,2018,Ordinance No. 0512-18.pdf,Thesis_Obsidian\Ordinances\2018\Ordinance No. 0512-18.md,198,False
847,0512-18,section_4,2018,Ordinance No. 0512-18.pdf,Thesis_Obsidian\Ordinances\2018\Ordinance No. 0512-18.md,72,False
848,0512-18,section_5,2018,Ordinance No. 0512-18.pdf,Thesis_Obsidian\Ordinances\2018\Ordinance No. 0512-18.md,-1,True
849,0513-18,section_1,2018,Ordinance No. 0513-18.pdf,Thesis_Obsidian\Ordinances\2018\Ordinance No. 0513-18.md,-1,True
850,0513-18,section_2,2018,Ordinance No. 0513-18.pdf,Thesis_Obsidian\Ordinances\2018\Ordinance No. 0513-18.md,37,False
851,0513-18,section_3,2018,Ordinance No. 0513-18.pdf,Thesis_Obsidian\Ordinances\2018\Ordinance No. 0513-18.md,198,False
852,0513-18,section_4,2018,Ordinance No. 0513-18.pdf,Thesis_Obsidian\Ordinances\2018\Ordinance No. 0513-18.md,211,False
853,0513-18,section_5,2018,Ordinance No. 0513-18.pdf,Thesis_Obsidian\Ordinances\2018\Ordinance No. 0513-18.md,78,False
854,0520-18,section_1,2018,Ordinance No. 0520-18.pdf,Thesis_Obsidian\Ordinances\2018\Ordinance No. 0520-18.md,15,False
855,0520-18,section_2,2018,Ordinance No. 0520-18.pdf,Thesis_Obsidian\Ordinances\2018\Ordinance No. 0520-18.md,226,False
856,0520-18,section_3,2018,Ordinance No. 0520-18.pdf,Thesis_Obsidian\Ordinances\2018\Ordinance No. 0520-18.md,-1,True
857,0520-18,section_4,2018,Ordinance No. 0520-18.pdf,Thesis_Obsidian\Ordinances\2018\Ordinance No. 0520-18.md,27,False
858,0520-18,section_5,2018,Ordinance No. 0520-18.pdf,Thesis_Obsidian\Ordinances\2018\Ordinance No. 0520-18.md,78,False
859,0523-18,section_1,2018,Ordinance No. 0523-18.pdf,Thesis_Obsidian\Ordinances\2018\Ordinance No. 0523-18.md,77,False
860,0523-18,section_2,2018,Ordinance No. 0523-18.pdf,Thesis_Obsidian\Ordinances\2018\Ordinance No. 0523-18.md,246,False
861,0523-18,section_3,2018,Ordinance No. 0523-18.pdf,Thesis_Obsidian\Ordinances\2018\Ordinance No. 0523-18.md,260,False
862,0523-18,section_4,2018,Ordinance No. 0523-18.pdf,Thesis_Obsidian\Ordinances\2018\Ordinance No. 0523-18.md,107,False
863,0523-18,section_5,2018,Ordinance No. 0523-18.pdf,Thesis_Obsidian\Ordinances\2018\Ordinance No. 0523-18.md,65,False
864,0523-18,section_6,2018,Ordinance No. 0523-18.pdf,Thesis_Obsidian\Ordinances\2018\Ordinance No. 0523-18.md,2,False
865,0527-18,section_1,2018,Ordinance No. 0527-18.pdf,Thesis_Obsidian\Ordinances\2018\Ordinance No. 0527-18.md,15,False
866,0527-18,section_2,2018,Ordinance No. 0527-18.pdf,Thesis_Obsidian\Ordinances\2018\Ordinance No. 0527-18.md,12,False
867,0527-18,section_3,2018,Ordinance No. 0527-18.pdf,Thesis_Obsidian\Ordinances\2018\Ordinance No. 0527-18.md,22,False
868,0527-18,section_4,2018,Ordinance No. 0527-18.pdf,Thesis_Obsidian\Ordinances\2018\Ordinance No. 0527-18.md,148,False
869,0527-18,section_5,2018,Ordinance No. 0527-18.pdf,Thesis_Obsidian\Ordinances\2018\Ordinance No. 0527-18.md,50,False
870,0528-18,section_2,2018,Ordinance No. 0528-18.pdf,Thesis_Obsidian\Ordinances\2018\Ordinance No. 0528-18.md,37,False
871,0528-18,section_3,2018,Ordinance No. 0528-18.pdf,Thesis_Obsidian\Ordinances\2018\Ordinance No. 0528-18.md,22,False
872,0528-18,section_4,2018,Ordinance No. 0528-18.pdf,Thesis_Obsidian\Ordinances\2018\Ordinance No. 0528-18.md,27,False
873,0528-18,section_5,2018,Ordinance No. 0528-18.pdf,Thesis_Obsidian\Ordinances\2018\Ordinance No. 0528-18.md,50,False
874,0532-18,section_4,2018,Ordinance No. 0532-18.pdf,Thesis_Obsidian\Ordinances\2018\Ordinance No. 0532-18.md,142,False
875,0532-18,section_5,2018,Ordinance No. 0532-18.pdf,Thesis_Obsidian\Ordinances\2018\Ordinance No. 0532-18.md,14,False
876,0532-18,section_6,2018,Ordinance No. 0532-18.pdf,Thesis_Obsidian\Ordinances\2018\Ordinance No. 0532-18.md,-1,True
877,0532-18,section_7,2018,Ordinance No. 0532-18.pdf,Thesis_Obsidian\Ordinances\2018\Ordinance No. 0532-18.md,40,False
878,0532-18,section_8,2018,Ordinance No. 0532-18.pdf,Thesis_Obsidian\Ordinances\2018\Ordinance No. 0532-18.md,213,False
879,0532-18,section_9,2018,Ordinance No. 0532-18.pdf,Thesis_Obsidian\Ordinances\2018\Ordinance No. 0532-18.md,-1,True
880,0532-18,section_10,2018,Ordinance No. 0532-18.pdf,Thesis_Obsidian\Ordinances\2018\Ordinance No. 0532-18.md,213,False
881,0532-18,section_11,2018,Ordinance No. 0532-18.pdf,Thesis_Obsidian\Ordinances\2018\Ordinance No. 0532-18.md,6,False
882,0532-18,section_13,2018,Ordinance No. 0532-18.pdf,Thesis_Obsidian\Ordinances\2018\Ordinance No. 0532-18.md,-1,True
883,0532-18,section_14,2018,Ordinance No. 0532-18.pdf,Thesis_Obsidian\Ordinances\2018\Ordinance No. 0532-18.md,-1,True
884,0532-18,section_15,2018,Ordinance No. 0532-18.pdf,Thesis_Obsidian\Ordinances\2018\Ordinance No. 0532-18.md,182,False
885,0532-18,section_16,2018,Ordinance No. 0532-18.pdf,Thesis_Obsidian\Ordinances\2018\Ordinance No. 0532-18.md,-1,True
886,0532-18,section_17,2018,Ordinance No. 0532-18.pdf,Thesis_Obsidian\Ordinances\2018\Ordinance No. 0532-18.md,182,False
887,0532-18,section_19,2018,Ordinance No. 0532-18.pdf,Thesis_Obsidian\Ordinances\2018\Ordinance No. 0532-18.md,182,False
888,0532-18,section_20,2018,Ordinance No. 0532-18.pdf,Thesis_Obsidian\Ordinances\2018\Ordinance No. 0532-18.md,14,False
889,0532-18,section_21,2018,Ordinance No. 0532-18.pdf,Thesis_Obsidian\Ordinances\2018\Ordinance No. 0532-18.md,-1,True
890,0532-18,section_22,2018,Ordinance No. 0532-18.pdf,Thesis_Obsidian\Ordinances\2018\Ordinance No. 0532-18.md,88,False
891,0532-18,section_23,2018,Ordinance No. 0532-18.pdf,Thesis_Obsidian\Ordinances\2018\Ordinance No. 0532-18.md,134,False
892,0532-18,section_24,2018,Ordinance No. 0532-18.pdf,Thesis_Obsidian\Ordinances\2018\Ordinance No. 0532-18.md,5,False
893,0532-18,section_25,2018,Ordinance No. 0532-18.pdf,Thesis_Obsidian\Ordinances\2018\Ordinance No. 0532-18.md,18,False
894,0532-18,section_26,2018,Ordinance No. 0532-18.pdf,Thesis_Obsidian\Ordinances\2018\Ordinance No. 0532-18.md,78,False
895,0536-18,section_469,2018,Ordinance No. 0536-18.pdf,Thesis_Obsidian\Ordinances\2018\Ordinance No. 0536-18.md,181,False
896,0538-18,section_458,2018,Ordinance No. 0538-18.pdf,Thesis_Obsidian\Ordinances\2018\Ordinance No. 0538-18.md,29,False
897,0538-18,section_2,2018,Ordinance No. 0538-18.pdf,Thesis_Obsidian\Ordinances\2018\Ordinance No. 0538-18.md,32,False
898,0538-18,section_3,2018,Ordinance No. 0538-18.pdf,Thesis_Obsidian\Ordinances\2018\Ordinance No. 0538-18.md,221,False
899,0538-18,section_4,2018,Ordinance No. 0538-18.pdf,Thesis_Obsidian\Ordinances\2018\Ordinance No. 0538-18.md,0,False
900,0545-18,section_1,2018,Ordinance No. 0545-18.pdf,Thesis_Obsidian\Ordinances\2018\Ordinance No. 0545-18.md,164,False
901,0545-18,section_2,2018,Ordinance No. 0545-18.pdf,Thesis_Obsidian\Ordinances\2018\Ordinance No. 0545-18.md,68,False
902,0545-18,section_3,2018,Ordinance No. 0545-18.pdf,Thesis_Obsidian\Ordinances\2018\Ordinance No. 0545-18.md,189,False
903,0545-18,section_4,2018,Ordinance No. 0545-18.pdf,Thesis_Obsidian\Ordinances\2018\Ordinance No. 0545-18.md,78,False
904,0546-18,section_1,2018,Ordinance No. 0546-18.pdf,Thesis_Obsidian\Ordinances\2018\Ordinance No. 0546-18.md,15,False
905,0546-18,section_2,2018,Ordinance No. 0546-18.pdf,Thesis_Obsidian\Ordinances\2018\Ordinance No. 0546-18.md,13,False
906,0546-18,section_3,2018,Ordinance No. 0546-18.pdf,Thesis_Obsidian\Ordinances\2018\Ordinance No. 0546-18.md,22,False
907,0546-18,section_4,2018,Ordinance No. 0546-18.pdf,Thesis_Obsidian\Ordinances\2018\Ordinance No. 0546-18.md,75,False
908,0546-18,section_5,2018,Ordinance No. 0546-18.pdf,Thesis_Obsidian\Ordinances\2018\Ordinance No. 0546-18.md,-1,True
909,0548-18,section_1,2018,Ordinance No. 0548-18.pdf,Thesis_Obsidian\Ordinances\2018\Ordinance No. 0548-18.md,117,False
910,0548-18,section_2,2018,Ordinance No. 0548-18.pdf,Thesis_Obsidian\Ordinances\2018\Ordinance No. 0548-18.md,226,False
911,0548-18,section_3,2018,Ordinance No. 0548-18.pdf,Thesis_Obsidian\Ordinances\2018\Ordinance No. 0548-18.md,22,False
912,0548-18,section_4,2018,Ordinance No. 0548-18.pdf,Thesis_Obsidian\Ordinances\2018\Ordinance No. 0548-18.md,18,False
913,0548-18,section_5,2018,Ordinance No. 0548-18.pdf,Thesis_Obsidian\Ordinances\2018\Ordinance No. 0548-18.md,78,False
914,0549-18,section_1,2018,Ordinance No. 0549-18.pdf,Thesis_Obsidian\Ordinances\2018\Ordinance No. 0549-18.md,-1,True
915,0549-18,section_2,2018,Ordinance No. 0549-18.pdf,Thesis_Obsidian\Ordinances\2018\Ordinance No. 0549-18.md,13,False
916,0549-18,section_3,2018,Ordinance No. 0549-18.pdf,Thesis_Obsidian\Ordinances\2018\Ordinance No. 0549-18.md,-1,True
917,0549-18,section_4,2018,Ordinance No. 0549-18.pdf,Thesis_Obsidian\Ordinances\2018\Ordinance No. 0549-18.md,18,False
918,0549-18,section_5,2018,Ordinance No. 0549-18.pdf,Thesis_Obsidian\Ordinances\2018\Ordinance No. 0549-18.md,2,False
919,0555-18,section_1,2018,Ordinance No. 0555-18.pdf,Thesis_Obsidian\Ordinances\2018\Ordinance No. 0555-18.md,15,False
920,0555-18,section_2,2018,Ordinance No. 0555-18.pdf,Thesis_Obsidian\Ordinances\2018\Ordinance No. 0555-18.md,183,False
921,0555-18,section_3,2018,Ordinance No. 0555-18.pdf,Thesis_Obsidian\Ordinances\2018\Ordinance No. 0555-18.md,-1,True
922,0555-18,section_4,2018,Ordinance No. 0555-18.pdf,Thesis_Obsidian\Ordinances\2018\Ordinance No. 0555-18.md,18,False
923,0555-18,section_5,2018,Ordinance No. 0555-18.pdf,Thesis_Obsidian\Ordinances\2018\Ordinance No. 0555-18.md,2,False
924,0557-18,section_20,2018,Ordinance No. 0557-18.pdf,Thesis_Obsidian\Ordinances\2018\Ordinance No. 0557-18.md,221,False
925,0557-18,section_458,2018,Ordinance No. 0557-18.pdf,Thesis_Obsidian\Ordinances\2018\Ordinance No. 0557-18.md,29,False
926,0564-18,section_1,2018,Ordinance No. 0564-18.pdf,Thesis_Obsidian\Ordinances\2018\Ordinance No. 0564-18.md,188,False
927,0564-18,section_2,2018,Ordinance No. 0564-18.pdf,Thesis_Obsidian\Ordinances\2018\Ordinance No. 0564-18.md,-1,True
928,0564-18,section_3,2018,Ordinance No. 0564-18.pdf,Thesis_Obsidian\Ordinances\2018\Ordinance No. 0564-18.md,188,False
929,0564-18,section_4,2018,Ordinance No. 0564-18.pdf,Thesis_Obsidian\Ordinances\2018\Ordinance No. 0564-18.md,268,False
930,0564-18,section_5,2018,Ordinance No. 0564-18.pdf,Thesis_Obsidian\Ordinances\2018\Ordinance No. 0564-18.md,2,False
931,0565-18,section_1,2018,Ordinance No. 0565-18.pdf,Thesis_Obsidian\Ordinances\2018\Ordinance No. 0565-18.md,15,False
932,0565-18,section_2,2018,Ordinance No. 0565-18.pdf,Thesis_Obsidian\Ordinances\2018\Ordinance No. 0565-18.md,13,False
933,0565-18,section_3,2018,Ordinance No. 0565-18.pdf,Thesis_Obsidian\Ordinances\2018\Ordinance No. 0565-18.md,22,False
934,0565-18,section_4,2018,Ordinance No. 0565-18.pdf,Thesis_Obsidian\Ordinances\2018\Ordinance No. 0565-18.md,9,False
935,0565-18,section_5,2018,Ordinance No. 0565-18.pdf,Thesis_Obsidian\Ordinances\2018\Ordinance No. 0565-18.md,2,False
936,0566-18,section_1,2018,Ordinance No. 0566-18.pdf,Thesis_Obsidian\Ordinances\2018\Ordinance No. 0566-18.md,185,False
937,0566-18,section_2,2018,Ordinance No. 0566-18.pdf,Thesis_Obsidian\Ordinances\2018\Ordinance No. 0566-18.md,183,False
938,0566-18,section_3,2018,Ordinance No. 0566-18.pdf,Thesis_Obsidian\Ordinances\2018\Ordinance No. 0566-18.md,149,False
939,0566-18,section_4,2018,Ordinance No. 0566-18.pdf,Thesis_Obsidian\Ordinances\2018\Ordinance No. 0566-18.md,10,False
940,0566-18,section_5,2018,Ordinance No. 0566-18.pdf,Thesis_Obsidian\Ordinances\2018\Ordinance No. 0566-18.md,2,False
941,0567-18,section_1,2018,Ordinance No. 0567-18.pdf,Thesis_Obsidian\Ordinances\2018\Ordinance No. 0567-18.md,179,False
942,0567-18,section_2,2018,Ordinance No. 0567-18.pdf,Thesis_Obsidian\Ordinances\2018\Ordinance No. 0567-18.md,21,False
943,0567-18,section_3,2018,Ordinance No. 0567-18.pdf,Thesis_Obsidian\Ordinances\2018\Ordinance No. 0567-18.md,52,False
944,0567-18,section_4,2018,Ordinance No. 0567-18.pdf,Thesis_Obsidian\Ordinances\2018\Ordinance No. 0567-18.md,18,False
945,0567-18,section_5,2018,Ordinance No. 0567-18.pdf,Thesis_Obsidian\Ordinances\2018\Ordinance No. 0567-18.md,78,False
946,0568-18,section_2,2018,Ordinance No. 0568-18.pdf,Thesis_Obsidian\Ordinances\2018\Ordinance No. 0568-18.md,21,False
947,0568-18,section_3,2018,Ordinance No. 0568-18.pdf,Thesis_Obsidian\Ordinances\2018\Ordinance No. 0568-18.md,52,False
948,0568-18,section_4,2018,Ordinance No. 0568-18.pdf,Thesis_Obsidian\Ordinances\2018\Ordinance No. 0568-18.md,10,False
949,0568-18,section_5,2018,Ordinance No. 0568-18.pdf,Thesis_Obsidian\Ordinances\2018\Ordinance No. 0568-18.md,-1,True
950,0569-18,section_1,2018,Ordinance No. 0569-18.pdf,Thesis_Obsidian\Ordinances\2018\Ordinance No. 0569-18.md,179,False
951,0569-18,section_2,2018,Ordinance No. 0569-18.pdf,Thesis_Obsidian\Ordinances\2018\Ordinance No. 0569-18.md,21,False
952,0569-18,section_3,2018,Ordinance No. 0569-18.pdf,Thesis_Obsidian\Ordinances\2018\Ordinance No. 0569-18.md,52,False
953,0569-18,section_4,2018,Ordinance No. 0569-18.pdf,Thesis_Obsidian\Ordinances\2018\Ordinance No. 0569-18.md,16,False
954,0569-18,section_5,2018,Ordinance No. 0569-18.pdf,Thesis_Obsidian\Ordinances\2018\Ordinance No. 0569-18.md,78,False
955,0571-18,section_1,2018,Ordinance No. 0571-18.pdf,Thesis_Obsidian\Ordinances\2018\Ordinance No. 0571-18.md,118,False
956,0571-18,section_2,2018,Ordinance No. 0571-18.pdf,Thesis_Obsidian\Ordinances\2018\Ordinance No. 0571-18.md,175,False
957,0571-18,section_455,2018,Ordinance No. 0571-18.pdf,Thesis_Obsidian\Ordinances\2018\Ordinance No. 0571-18.md,110,False
958,0571-18,section_22,2018,Ordinance No. 0571-18.pdf,Thesis_Obsidian\Ordinances\2018\Ordinance No. 0571-18.md,92,False
959,0571-18,section_35,2018,Ordinance No. 0571-18.pdf,Thesis_Obsidian\Ordinances\2018\Ordinance No. 0571-18.md,113,False
960,0571-18,section_3,2018,Ordinance No. 0571-18.pdf,Thesis_Obsidian\Ordinances\2018\Ordinance No. 0571-18.md,133,False
961,0571-18,section_4,2018,Ordinance No. 0571-18.pdf,Thesis_Obsidian\Ordinances\2018\Ordinance No. 0571-18.md,3,False
962,0571-18,section_5,2018,Ordinance No. 0571-18.pdf,Thesis_Obsidian\Ordinances\2018\Ordinance No. 0571-18.md,76,False
963,0572-18,section_1,2018,Ordinance No. 0572-18.pdf,Thesis_Obsidian\Ordinances\2018\Ordinance No. 0572-18.md,20,False
964,0572-18,section_455,2018,Ordinance No. 0572-18.pdf,Thesis_Obsidian\Ordinances\2018\Ordinance No. 0572-18.md,110,False
965,0572-18,section_22,2018,Ordinance No. 0572-18.pdf,Thesis_Obsidian\Ordinances\2018\Ordinance No. 0572-18.md,92,False
966,0572-18,section_35,2018,Ordinance No. 0572-18.pdf,Thesis_Obsidian\Ordinances\2018\Ordinance No. 0572-18.md,113,False
967,0572-18,section_3,2018,Ordinance No. 0572-18.pdf,Thesis_Obsidian\Ordinances\2018\Ordinance No. 0572-18.md,133,False
968,0572-18,section_4,2018,Ordinance No. 0572-18.pdf,Thesis_Obsidian\Ordinances\2018\Ordinance No. 0572-18.md,10,False
969,0572-18,section_5,2018,Ordinance No. 0572-18.pdf,Thesis_Obsidian\Ordinances\2018\Ordinance No. 0572-18.md,132,False
970,0574-18,section_1,2018,Ordinance No. 0574-18.pdf,Thesis_Obsidian\Ordinances\2018\Ordinance No. 0574-18.md,179,False
971,0574-18,section_2,2018,Ordinance No. 0574-18.pdf,Thesis_Obsidian\Ordinances\2018\Ordinance No. 0574-18.md,-1,True
972,0574-18,section_3,2018,Ordinance No. 0574-18.pdf,Thesis_Obsidian\Ordinances\2018\Ordinance No. 0574-18.md,52,False
973,0574-18,section_4,2018,Ordinance No. 0574-18.pdf,Thesis_Obsidian\Ordinances\2018\Ordinance No. 0574-18.md,9,False
974,0574-18,section_5,2018,Ordinance No. 0574-18.pdf,Thesis_Obsidian\Ordinances\2018\Ordinance No. 0574-18.md,78,False
975,0577-18,section_1,2018,Ordinance No. 0577-18.pdf,Thesis_Obsidian\Ordinances\2018\Ordinance No. 0577-18.md,20,False
976,0577-18,section_2,2018,Ordinance No. 0577-18.pdf,Thesis_Obsidian\Ordinances\2018\Ordinance No. 0577-18.md,-1,True
977,0577-18,section_455,2018,Ordinance No. 0577-18.pdf,Thesis_Obsidian\Ordinances\2018\Ordinance No. 0577-18.md,261,False
978,0577-18,section_3,2018,Ordinance No. 0577-18.pdf,Thesis_Obsidian\Ordinances\2018\Ordinance No. 0577-18.md,238,False
979,0577-18,section_4,2018,Ordinance No. 0577-18.pdf,Thesis_Obsidian\Ordinances\2018\Ordinance No. 0577-18.md,27,False
980,0577-18,section_5,2018,Ordinance No. 0577-18.pdf,Thesis_Obsidian\Ordinances\2018\Ordinance No. 0577-18.md,-1,True
981,0578-18,section_1,2018,Ordinance No. 0578-18.pdf,Thesis_Obsidian\Ordinances\2018\Ordinance No. 0578-18.md,188,False
982,0578-18,section_2,2018,Ordinance No. 0578-18.pdf,Thesis_Obsidian\Ordinances\2018\Ordinance No. 0578-18.md,12,False
983,0578-18,section_3,2018,Ordinance No. 0578-18.pdf,Thesis_Obsidian\Ordinances\2018\Ordinance No. 0578-18.md,188,False
984,0578-18,section_4,2018,Ordinance No. 0578-18.pdf,Thesis_Obsidian\Ordinances\2018\Ordinance No. 0578-18.md,16,False
985,0578-18,section_5,2018,Ordinance No. 0578-18.pdf,Thesis_Obsidian\Ordinances\2018\Ordinance No. 0578-18.md,2,False
986,0579-18,section_1,2018,Ordinance No. 0579-18.pdf,Thesis_Obsidian\Ordinances\2018\Ordinance No. 0579-18.md,15,False
987,0579-18,section_2,2018,Ordinance No. 0579-18.pdf,Thesis_Obsidian\Ordinances\2018\Ordinance No. 0579-18.md,183,False
988,0579-18,section_3,2018,Ordinance No. 0579-18.pdf,Thesis_Obsidian\Ordinances\2018\Ordinance No. 0579-18.md,22,False
989,0579-18,section_4,2018,Ordinance No. 0579-18.pdf,Thesis_Obsidian\Ordinances\2018\Ordinance No. 0579-18.md,16,False
990,0579-18,section_5,2018,Ordinance No. 0579-18.pdf,Thesis_Obsidian\Ordinances\2018\Ordinance No. 0579-18.md,50,False
991,0580-18,section_1,2018,Ordinance No. 0580-18.pdf,Thesis_Obsidian\Ordinances\2018\Ordinance No. 0580-18.md,15,False
992,0580-18,section_2,2018,Ordinance No. 0580-18.pdf,Thesis_Obsidian\Ordinances\2018\Ordinance No. 0580-18.md,183,False
993,0580-18,section_3,2018,Ordinance No. 0580-18.pdf,Thesis_Obsidian\Ordinances\2018\Ordinance No. 0580-18.md,22,False
994,0580-18,section_4,2018,Ordinance No. 0580-18.pdf,Thesis_Obsidian\Ordinances\2018\Ordinance No. 0580-18.md,9,False
995,0580-18,section_5,2018,Ordinance No. 0580-18.pdf,Thesis_Obsidian\Ordinances\2018\Ordinance No. 0580-18.md,50,False
996,0583-18,section_1,2018,Ordinance No. 0583-18.pdf,Thesis_Obsidian\Ordinances\2018\Ordinance No. 0583-18.md,11,False
997,0583-18,section_2,2018,Ordinance No. 0583-18.pdf,Thesis_Obsidian\Ordinances\2018\Ordinance No. 0583-18.md,122,False
998,0583-18,section_3,2018,Ordinance No. 0583-18.pdf,Thesis_Obsidian\Ordinances\2018\Ordinance No. 0583-18.md,167,False
999,0583-18,section_4,2018,Ordinance No. 0583-18.pdf,Thesis_Obsidian\Ordinances\2018\Ordinance No. 0583-18.md,167,False
1000,0583-18,section_5,2018,Ordinance No. 0583-18.pdf,Thesis_Obsidian\Ordinances\2018\Ordinance No. 0583-18.md,9,False
1001,0583-18,section_6,2018,Ordinance No. 0583-18.pdf,Thesis_Obsidian\Ordinances\2018\Ordinance No. 0583-18.md,78,False
1002,0584-18,section_1,2018,Ordinance No. 0584-18.pdf,Thesis_Obsidian\Ordinances\2018\Ordinance No. 0584-18.md,-1,True
1003,0584-18,section_2,2018,Ordinance No. 0584-18.pdf,Thesis_Obsidian\Ordinances\2018\Ordinance No. 0584-18.md,122,False
1004,0584-18,section_3,2018,Ordinance No. 0584-18.pdf,Thesis_Obsidian\Ordinances\2018\Ordinance No. 0584-18.md,167,False
1005,0584-18,section_4,2018,Ordinance No. 0584-18.pdf,Thesis_Obsidian\Ordinances\2018\Ordinance No. 0584-18.md,167,False
1006,0584-18,section_5,2018,Ordinance No. 0584-18.pdf,Thesis_Obsidian\Ordinances\2018\Ordinance No. 0584-18.md,16,False
1007,0584-18,section_6,2018,Ordinance No. 0584-18.pdf,Thesis_Obsidian\Ordinances\2018\Ordinance No. 0584-18.md,78,False
1008,0587-18,section_1,2018,Ordinance No. 0587-18.pdf,Thesis_Obsidian\Ordinances\2018\Ordinance No. 0587-18.md,81,False
1009,0587-18,section_2,2018,Ordinance No. 0587-18.pdf,Thesis_Obsidian\Ordinances\2018\Ordinance No. 0587-18.md,-1,True
1010,0587-18,section_3,2018,Ordinance No. 0587-18.pdf,Thesis_Obsidian\Ordinances\2018\Ordinance No. 0587-18.md,-1,True
1011,0587-18,section_4,2018,Ordinance No. 0587-18.pdf,Thesis_Obsidian\Ordinances\2018\Ordinance No. 0587-18.md,4,False
1012,0587-18,section_5,2018,Ordinance No. 0587-18.pdf,Thesis_Obsidian\Ordinances\2018\Ordinance No. 0587-18.md,126,False
1013,0587-18,section_6,2018,Ordinance No. 0587-18.pdf,Thesis_Obsidian\Ordinances\2018\Ordinance No. 0587-18.md,156,False
1014,0587-18,section_7,2018,Ordinance No. 0587-18.pdf,Thesis_Obsidian\Ordinances\2018\Ordinance No. 0587-18.md,-1,True
1015,0588-18,section_1,2018,Ordinance No. 0588-18.pdf,Thesis_Obsidian\Ordinances\2018\Ordinance No. 0588-18.md,164,False
1016,0588-18,section_2,2018,Ordinance No. 0588-18.pdf,Thesis_Obsidian\Ordinances\2018\Ordinance No. 0588-18.md,68,False
1017,0588-18,section_3,2018,Ordinance No. 0588-18.pdf,Thesis_Obsidian\Ordinances\2018\Ordinance No. 0588-18.md,167,False
1018,0588-18,section_4,2018,Ordinance No. 0588-18.pdf,Thesis_Obsidian\Ordinances\2018\Ordinance No. 0588-18.md,-1,True
1019,0594-18,section_1,2018,Ordinance No. 0594-18.pdf,Thesis_Obsidian\Ordinances\2018\Ordinance No. 0594-18.md,118,False
1020,0594-18,section_2,2018,Ordinance No. 0594-18.pdf,Thesis_Obsidian\Ordinances\2018\Ordinance No. 0594-18.md,73,False
1021,0594-18,section_3,2018,Ordinance No. 0594-18.pdf,Thesis_Obsidian\Ordinances\2018\Ordinance No. 0594-18.md,133,False
1022,0594-18,section_4,2018,Ordinance No. 0594-18.pdf,Thesis_Obsidian\Ordinances\2018\Ordinance No. 0594-18.md,10,False
1023,0594-18,section_5,2018,Ordinance No. 0594-18.pdf,Thesis_Obsidian\Ordinances\2018\Ordinance No. 0594-18.md,76,False
1024,0595-18,section_1,2018,Ordinance No. 0595-18.pdf,Thesis_Obsidian\Ordinances\2018\Ordinance No. 0595-18.md,48,False
1025,0595-18,section_2,2018,Ordinance No. 0595-18.pdf,Thesis_Obsidian\Ordinances\2018\Ordinance No. 0595-18.md,180,False
1026,0595-18,section_3,2018,Ordinance No. 0595-18.pdf,Thesis_Obsidian\Ordinances\2018\Ordinance No. 0595-18.md,48,False
1027,0595-18,section_4,2018,Ordinance No. 0595-18.pdf,Thesis_Obsidian\Ordinances\2018\Ordinance No. 0595-18.md,9,False
1028,0595-18,section_5,2018,Ordinance No. 0595-18.pdf,Thesis_Obsidian\Ordinances\2018\Ordinance No. 0595-18.md,50,False
1029,0596-18,section_2,2018,Ordinance No. 0596-18.pdf,Thesis_Obsidian\Ordinances\2018\Ordinance No. 0596-18.md,37,False
1030,0596-18,section_4,2018,Ordinance No. 0596-18.pdf,Thesis_Obsidian\Ordinances\2018\Ordinance No. 0596-18.md,72,False
1031,0596-18,section_5,2018,Ordinance No. 0596-18.pdf,Thesis_Obsidian\Ordinances\2018\Ordinance No. 0596-18.md,50,False
1032,0597-18,section_1,2018,Ordinance No. 0597-18.pdf,Thesis_Obsidian\Ordinances\2018\Ordinance No. 0597-18.md,117,False
1033,0597-18,section_2,2018,Ordinance No. 0597-18.pdf,Thesis_Obsidian\Ordinances\2018\Ordinance No. 0597-18.md,12,False
1034,0597-18,section_3,2018,Ordinance No. 0597-18.pdf,Thesis_Obsidian\Ordinances\2018\Ordinance No. 0597-18.md,22,False
1035,0597-18,section_4,2018,Ordinance No. 0597-18.pdf,Thesis_Obsidian\Ordinances\2018\Ordinance No. 0597-18.md,3,False
1036,0597-18,section_5,2018,Ordinance No. 0597-18.pdf,Thesis_Obsidian\Ordinances\2018\Ordinance No. 0597-18.md,50,False
1037,0598-18,section_1,2018,Ordinance No. 0598-18.pdf,Thesis_Obsidian\Ordinances\2018\Ordinance No. 0598-18.md,15,False
1038,0598-18,section_2,2018,Ordinance No. 0598-18.pdf,Thesis_Obsidian\Ordinances\2018\Ordinance No. 0598-18.md,180,False
1039,0598-18,section_3,2018,Ordinance No. 0598-18.pdf,Thesis_Obsidian\Ordinances\2018\Ordinance No. 0598-18.md,22,False
1040,0598-18,section_4,2018,Ordinance No. 0598-18.pdf,Thesis_Obsidian\Ordinances\2018\Ordinance No. 0598-18.md,3,False
1041,0598-18,section_5,2018,Ordinance No. 0598-18.pdf,Thesis_Obsidian\Ordinances\2018\Ordinance No. 0598-18.md,50,False
1042,0600-18,section_1,2018,Ordinance No. 0600-18.pdf,Thesis_Obsidian\Ordinances\2018\Ordinance No. 0600-18.md,48,False
1043,0600-18,section_2,2018,Ordinance No. 0600-18.pdf,Thesis_Obsidian\Ordinances\2018\Ordinance No. 0600-18.md,12,False
1044,0600-18,section_3,2018,Ordinance No. 0600-18.pdf,Thesis_Obsidian\Ordinances\2018\Ordinance No. 0600-18.md,48,False
1045,0600-18,section_4,2018,Ordinance No. 0600-18.pdf,Thesis_Obsidian\Ordinances\2018\Ordinance No. 0600-18.md,10,False
1046,0600-18,section_5,2018,Ordinance No. 0600-18.pdf,Thesis_Obsidian\Ordinances\2018\Ordinance No. 0600-18.md,50,False
1047,0601-18,section_3,2018,Ordinance No. 0601-18.pdf,Thesis_Obsidian\Ordinances\2018\Ordinance No. 0601-18.md,-1,True
1048,0601-18,section_5,2018,Ordinance No. 0601-18.pdf,Thesis_Obsidian\Ordinances\2018\Ordinance No. 0601-18.md,14,False
1049,0601-18,section_6,2018,Ordinance No. 0601-18.pdf,Thesis_Obsidian\Ordinances\2018\Ordinance No. 0601-18.md,54,False
1050,0602-18,section_1,2018,Ordinance No. 0602-18.pdf,Thesis_Obsidian\Ordinances\2018\Ordinance No. 0602-18.md,-1,True
1051,0602-18,section_2,2018,Ordinance No. 0602-18.pdf,Thesis_Obsidian\Ordinances\2018\Ordinance No. 0602-18.md,5,False
1052,0602-18,section_3,2018,Ordinance No. 0602-18.pdf,Thesis_Obsidian\Ordinances\2018\Ordinance No. 0602-18.md,5,False
1053,0602-18,section_5,2018,Ordinance No. 0602-18.pdf,Thesis_Obsidian\Ordinances\2018\Ordinance No. 0602-18.md,5,False
1054,0602-18,section_6,2018,Ordinance No. 0602-18.pdf,Thesis_Obsidian\Ordinances\2018\Ordinance No. 0602-18.md,25,False
1055,0602-18,section_7,2018,Ordinance No. 0602-18.pdf,Thesis_Obsidian\Ordinances\2018\Ordinance No. 0602-18.md,5,False
1056,0602-18,section_9,2018,Ordinance No. 0602-18.pdf,Thesis_Obsidian\Ordinances\2018\Ordinance No. 0602-18.md,-1,True
1057,0602-18,section_10,2018,Ordinance No. 0602-18.pdf,Thesis_Obsidian\Ordinances\2018\Ordinance No. 0602-18.md,114,False
1058,0602-18,section_11,2018,Ordinance No. 0602-18.pdf,Thesis_Obsidian\Ordinances\2018\Ordinance No. 0602-18.md,-1,True
1059,0603-18,section_1,2018,Ordinance No. 0603-18.pdf,Thesis_Obsidian\Ordinances\2018\Ordinance No. 0603-18.md,61,False
1060,0603-18,section_2,2018,Ordinance No. 0603-18.pdf,Thesis_Obsidian\Ordinances\2018\Ordinance No. 0603-18.md,90,False
1061,0603-18,section_455,2018,Ordinance No. 0603-18.pdf,Thesis_Obsidian\Ordinances\2018\Ordinance No. 0603-18.md,196,False
1062,0603-18,section_9,2018,Ordinance No. 0603-18.pdf,Thesis_Obsidian\Ordinances\2018\Ordinance No. 0603-18.md,100,False
1063,0603-18,section_3,2018,Ordinance No. 0603-18.pdf,Thesis_Obsidian\Ordinances\2018\Ordinance No. 0603-18.md,4,False
1064,0603-18,section_4,2018,Ordinance No. 0603-18.pdf,Thesis_Obsidian\Ordinances\2018\Ordinance No. 0603-18.md,252,False
1065,0603-18,section_5,2018,Ordinance No. 0603-18.pdf,Thesis_Obsidian\Ordinances\2018\Ordinance No. 0603-18.md,0,False
1066,0604-18,section_1,2018,Ordinance No. 0604-18.pdf,Thesis_Obsidian\Ordinances\2018\Ordinance No. 0604-18.md,73,False
1067,0604-18,section_3,2018,Ordinance No. 0604-18.pdf,Thesis_Obsidian\Ordinances\2018\Ordinance No. 0604-18.md,4,False
1068,0604-18,section_4,2018,Ordinance No. 0604-18.pdf,Thesis_Obsidian\Ordinances\2018\Ordinance No. 0604-18.md,72,False
1069,0604-18,section_5,2018,Ordinance No. 0604-18.pdf,Thesis_Obsidian\Ordinances\2018\Ordinance No. 0604-18.md,24,False
1070,0608-18,section_1,2018,Ordinance No. 0608-18.pdf,Thesis_Obsidian\Ordinances\2018\Ordinance No. 0608-18.md,118,False
1071,0608-18,section_2,2018,Ordinance No. 0608-18.pdf,Thesis_Obsidian\Ordinances\2018\Ordinance No. 0608-18.md,73,False
1072,0608-18,section_3,2018,Ordinance No. 0608-18.pdf,Thesis_Obsidian\Ordinances\2018\Ordinance No. 0608-18.md,-1,True
1073,0608-18,section_4,2018,Ordinance No. 0608-18.pdf,Thesis_Obsidian\Ordinances\2018\Ordinance No. 0608-18.md,169,False
1074,0608-18,section_5,2018,Ordinance No. 0608-18.pdf,Thesis_Obsidian\Ordinances\2018\Ordinance No. 0608-18.md,56,False
1075,0612-18,section_1,2018,Ordinance No. 0612-18.pdf,Thesis_Obsidian\Ordinances\2018\Ordinance No. 0612-18.md,254,False
1076,0612-18,section_2,2018,Ordinance No. 0612-18.pdf,Thesis_Obsidian\Ordinances\2018\Ordinance No. 0612-18.md,119,False
1077,0612-18,section_3,2018,Ordinance No. 0612-18.pdf,Thesis_Obsidian\Ordinances\2018\Ordinance No. 0612-18.md,248,False
1078,0612-18,section_4,2018,Ordinance No. 0612-18.pdf,Thesis_Obsidian\Ordinances\2018\Ordinance No. 0612-18.md,121,False
1079,0612-18,section_5,2018,Ordinance No. 0612-18.pdf,Thesis_Obsidian\Ordinances\2018\Ordinance No. 0612-18.md,121,False
1080,0612-18,section_6,2018,Ordinance No. 0612-18.pdf,Thesis_Obsidian\Ordinances\2018\Ordinance No. 0612-18.md,190,False
1081,0612-18,section_7,2018,Ordinance No. 0612-18.pdf,Thesis_Obsidian\Ordinances\2018\Ordinance No. 0612-18.md,202,False
1082,0612-18,section_8,2018,Ordinance No. 0612-18.pdf,Thesis_Obsidian\Ordinances\2018\Ordinance No. 0612-18.md,3,False
1083,0612-18,section_9,2018,Ordinance No. 0612-18.pdf,Thesis_Obsidian\Ordinances\2018\Ordinance No. 0612-18.md,-1,True
1084,0617-18,section_1,2018,Ordinance No. 0617-18.pdf,Thesis_Obsidian\Ordinances\2018\Ordinance No. 0617-18.md,51,False
1085,0617-18,section_3,2018,Ordinance No. 0617-18.pdf,Thesis_Obsidian\Ordinances\2018\Ordinance No. 0617-18.md,66,False
1086,0618-18,section_3,2018,Ordinance No. 0618-18.pdf,Thesis_Obsidian\Ordinances\2018\Ordinance No. 0618-18.md,66,False
1087,0619-18,section_36,2018,Ordinance No. 0619-18.pdf,Thesis_Obsidian\Ordinances\2018\Ordinance No. 0619-18.md,29,False
1088,0619-18,section_1,2018,Ordinance No. 0619-18.pdf,Thesis_Obsidian\Ordinances\2018\Ordinance No. 0619-18.md,51,False
1089,0619-18,section_2,2018,Ordinance No. 0619-18.pdf,Thesis_Obsidian\Ordinances\2018\Ordinance No. 0619-18.md,144,False
1090,0619-18,section_3,2018,Ordinance No. 0619-18.pdf,Thesis_Obsidian\Ordinances\2018\Ordinance No. 0619-18.md,66,False
1091,0620-18,section_1,2018,Ordinance No. 0620-18.pdf,Thesis_Obsidian\Ordinances\2018\Ordinance No. 0620-18.md,51,False
1092,0620-18,section_2,2018,Ordinance No. 0620-18.pdf,Thesis_Obsidian\Ordinances\2018\Ordinance No. 0620-18.md,66,False
1093,0621-18,section_1,2018,Ordinance No. 0621-18.pdf,Thesis_Obsidian\Ordinances\2018\Ordinance No. 0621-18.md,51,False
1094,0621-18,section_2,2018,Ordinance No. 0621-18.pdf,Thesis_Obsidian\Ordinances\2018\Ordinance No. 0621-18.md,144,False
1095,0621-18,section_3,2018,Ordinance No. 0621-18.pdf,Thesis_Obsidian\Ordinances\2018\Ordinance No. 0621-18.md,66,False
1096,0622-18,section_1,2018,Ordinance No. 0622-18.pdf,Thesis_Obsidian\Ordinances\2018\Ordinance No. 0622-18.md,51,False
1097,0622-18,section_2,2018,Ordinance No. 0622-18.pdf,Thesis_Obsidian\Ordinances\2018\Ordinance No. 0622-18.md,144,False
1098,0622-18,section_3,2018,Ordinance No. 0622-18.pdf,Thesis_Obsidian\Ordinances\2018\Ordinance No. 0622-18.md,66,False
1099,0623-18,section_1,2018,Ordinance No. 0623-18.pdf,Thesis_Obsidian\Ordinances\2018\Ordinance No. 0623-18.md,81,False
1100,0623-18,section_2,2018,Ordinance No. 0623-18.pdf,Thesis_Obsidian\Ordinances\2018\Ordinance No. 0623-18.md,144,False
1101,0623-18,section_3,2018,Ordinance No. 0623-18.pdf,Thesis_Obsidian\Ordinances\2018\Ordinance No. 0623-18.md,66,False
1102,0624-18,section_1,2018,Ordinance No. 0624-18.pdf,Thesis_Obsidian\Ordinances\2018\Ordinance No. 0624-18.md,26,False
1103,0624-18,section_2,2018,Ordinance No. 0624-18.pdf,Thesis_Obsidian\Ordinances\2018\Ordinance No. 0624-18.md,35,False
1104,0624-18,section_5,2018,Ordinance No. 0624-18.pdf,Thesis_Obsidian\Ordinances\2018\Ordinance No. 0624-18.md,35,False
1105,0624-18,section_6,2018,Ordinance No. 0624-18.pdf,Thesis_Obsidian\Ordinances\2018\Ordinance No. 0624-18.md,35,False
1106,0624-18,section_7,2018,Ordinance No. 0624-18.pdf,Thesis_Obsidian\Ordinances\2018\Ordinance No. 0624-18.md,35,False
1107,0624-18,section_8,2018,Ordinance No. 0624-18.pdf,Thesis_Obsidian\Ordinances\2018\Ordinance No. 0624-18.md,-1,True
1108,0624-18,section_9,2018,Ordinance No. 0624-18.pdf,Thesis_Obsidian\Ordinances\2018\Ordinance No. 0624-18.md,35,False
1109,0624-18,section_10,2018,Ordinance No. 0624-18.pdf,Thesis_Obsidian\Ordinances\2018\Ordinance No. 0624-18.md,35,False
1110,0624-18,section_11,2018,Ordinance No. 0624-18.pdf,Thesis_Obsidian\Ordinances\2018\Ordinance No. 0624-18.md,169,False
1111,0624-18,section_12,2018,Ordinance No. 0624-18.pdf,Thesis_Obsidian\Ordinances\2018\Ordinance No. 0624-18.md,-1,True
1112,0627-18,section_1,2018,Ordinance No. 0627-18.pdf,Thesis_Obsidian\Ordinances\2018\Ordinance No. 0627-18.md,102,False
1113,0627-18,section_14,2018,Ordinance No. 0627-18.pdf,Thesis_Obsidian\Ordinances\2018\Ordinance No. 0627-18.md,84,False
1114,0627-18,section_2,2018,Ordinance No. 0627-18.pdf,Thesis_Obsidian\Ordinances\2018\Ordinance No. 0627-18.md,58,False
1115,0627-18,section_3,2018,Ordinance No. 0627-18.pdf,Thesis_Obsidian\Ordinances\2018\Ordinance No. 0627-18.md,9,False
1116,0627-18,section_4,2018,Ordinance No. 0627-18.pdf,Thesis_Obsidian\Ordinances\2018\Ordinance No. 0627-18.md,78,False
1117,0629-18,section_1,2018,Ordinance No. 0629-18.pdf,Thesis_Obsidian\Ordinances\2018\Ordinance No. 0629-18.md,57,False
1118,0629-18,section_2,2018,Ordinance No. 0629-18.pdf,Thesis_Obsidian\Ordinances\2018\Ordinance No. 0629-18.md,32,False
1119,0629-18,section_3,2018,Ordinance No. 0629-18.pdf,Thesis_Obsidian\Ordinances\2018\Ordinance No. 0629-18.md,182,False
1120,0629-18,section_4,2018,Ordinance No. 0629-18.pdf,Thesis_Obsidian\Ordinances\2018\Ordinance No. 0629-18.md,93,False
1121,0629-18,section_5,2018,Ordinance No. 0629-18.pdf,Thesis_Obsidian\Ordinances\2018\Ordinance No. 0629-18.md,40,False
1122,0629-18,section_6,2018,Ordinance No. 0629-18.pdf,Thesis_Obsidian\Ordinances\2018\Ordinance No. 0629-18.md,126,False
1123,0629-18,section_7,2018,Ordinance No. 0629-18.pdf,Thesis_Obsidian\Ordinances\2018\Ordinance No. 0629-18.md,115,False
1124,0629-18,section_8,2018,Ordinance No. 0629-18.pdf,Thesis_Obsidian\Ordinances\2018\Ordinance No. 0629-18.md,78,False
1125,0630-18,section_1,2018,Ordinance No. 0630-18.pdf,Thesis_Obsidian\Ordinances\2018\Ordinance No. 0630-18.md,124,False
1126,0630-18,section_2,2018,Ordinance No. 0630-18.pdf,Thesis_Obsidian\Ordinances\2018\Ordinance No. 0630-18.md,116,False
1127,0630-18,section_3,2018,Ordinance No. 0630-18.pdf,Thesis_Obsidian\Ordinances\2018\Ordinance No. 0630-18.md,52,False
1128,0630-18,section_4,2018,Ordinance No. 0630-18.pdf,Thesis_Obsidian\Ordinances\2018\Ordinance No. 0630-18.md,169,False
1129,0630-18,section_5,2018,Ordinance No. 0630-18.pdf,Thesis_Obsidian\Ordinances\2018\Ordinance No. 0630-18.md,108,False
1130,0633-18,section_1,2018,Ordinance No. 0633-18.pdf,Thesis_Obsidian\Ordinances\2018\Ordinance No. 0633-18.md,124,False
1131,0633-18,section_2,2018,Ordinance No. 0633-18.pdf,Thesis_Obsidian\Ordinances\2018\Ordinance No. 0633-18.md,116,False
1132,0633-18,section_3,2018,Ordinance No. 0633-18.pdf,Thesis_Obsidian\Ordinances\2018\Ordinance No. 0633-18.md,52,False
1133,0633-18,section_4,2018,Ordinance No. 0633-18.pdf,Thesis_Obsidian\Ordinances\2018\Ordinance No. 0633-18.md,154,False
1134,0633-18,section_5,2018,Ordinance No. 0633-18.pdf,Thesis_Obsidian\Ordinances\2018\Ordinance No. 0633-18.md,108,False
1135,0634-18,section_1,2018,Ordinance No. 0634-18.pdf,Thesis_Obsidian\Ordinances\2018\Ordinance No. 0634-18.md,124,False
1136,0634-18,section_2,2018,Ordinance No. 0634-18.pdf,Thesis_Obsidian\Ordinances\2018\Ordinance No. 0634-18.md,116,False
1137,0634-18,section_3,2018,Ordinance No. 0634-18.pdf,Thesis_Obsidian\Ordinances\2018\Ordinance No. 0634-18.md,52,False
1138,0634-18,section_4,2018,Ordinance No. 0634-18.pdf,Thesis_Obsidian\Ordinances\2018\Ordinance No. 0634-18.md,211,False
1139,0634-18,section_5,2018,Ordinance No. 0634-18.pdf,Thesis_Obsidian\Ordinances\2018\Ordinance No. 0634-18.md,108,False
1140,0635-18,section_1,2018,Ordinance No. 0635-18.pdf,Thesis_Obsidian\Ordinances\2018\Ordinance No. 0635-18.md,124,False
1141,0635-18,section_2,2018,Ordinance No. 0635-18.pdf,Thesis_Obsidian\Ordinances\2018\Ordinance No. 0635-18.md,116,False
1142,0635-18,section_3,2018,Ordinance No. 0635-18.pdf,Thesis_Obsidian\Ordinances\2018\Ordinance No. 0635-18.md,52,False
1143,0635-18,section_4,2018,Ordinance No. 0635-18.pdf,Thesis_Obsidian\Ordinances\2018\Ordinance No. 0635-18.md,169,False
1144,0635-18,section_5,2018,Ordinance No. 0635-18.pdf,Thesis_Obsidian\Ordinances\2018\Ordinance No. 0635-18.md,108,False
1145,0636-18,section_1,2018,Ordinance No. 0636-18.pdf,Thesis_Obsidian\Ordinances\2018\Ordinance No. 0636-18.md,124,False
1146,0636-18,section_2,2018,Ordinance No. 0636-18.pdf,Thesis_Obsidian\Ordinances\2018\Ordinance No. 0636-18.md,116,False
1147,0636-18,section_3,2018,Ordinance No. 0636-18.pdf,Thesis_Obsidian\Ordinances\2018\Ordinance No. 0636-18.md,52,False
1148,0636-18,section_4,2018,Ordinance No. 0636-18.pdf,Thesis_Obsidian\Ordinances\2018\Ordinance No. 0636-18.md,256,False
1149,0636-18,section_5,2018,Ordinance No. 0636-18.pdf,Thesis_Obsidian\Ordinances\2018\Ordinance No. 0636-18.md,108,False
1150,0637-18,section_1,2018,Ordinance No. 0637-18.pdf,Thesis_Obsidian\Ordinances\2018\Ordinance No. 0637-18.md,124,False
1151,0637-18,section_2,2018,Ordinance No. 0637-18.pdf,Thesis_Obsidian\Ordinances\2018\Ordinance No. 0637-18.md,116,False
1152,0637-18,section_3,2018,Ordinance No. 0637-18.pdf,Thesis_Obsidian\Ordinances\2018\Ordinance No. 0637-18.md,52,False
1153,0637-18,section_4,2018,Ordinance No. 0637-18.pdf,Thesis_Obsidian\Ordinances\2018\Ordinance No. 0637-18.md,3,False
1154,0637-18,section_5,2018,Ordinance No. 0637-18.pdf,Thesis_Obsidian\Ordinances\2018\Ordinance No. 0637-18.md,78,False
1155,0638-18,section_1,2018,Ordinance No. 0638-18.pdf,Thesis_Obsidian\Ordinances\2018\Ordinance No. 0638-18.md,124,False
1156,0638-18,section_2,2018,Ordinance No. 0638-18.pdf,Thesis_Obsidian\Ordinances\2018\Ordinance No. 0638-18.md,116,False
1157,0638-18,section_3,2018,Ordinance No. 0638-18.pdf,Thesis_Obsidian\Ordinances\2018\Ordinance No. 0638-18.md,52,False
1158,0638-18,section_4,2018,Ordinance No. 0638-18.pdf,Thesis_Obsidian\Ordinances\2018\Ordinance No. 0638-18.md,9,False
1159,0638-18,section_5,2018,Ordinance No. 0638-18.pdf,Thesis_Obsidian\Ordinances\2018\Ordinance No. 0638-18.md,108,False
1160,0639-18,section_1,2018,Ordinance No. 0639-18.pdf,Thesis_Obsidian\Ordinances\2018\Ordinance No. 0639-18.md,124,False
1161,0639-18,section_2,2018,Ordinance No. 0639-18.pdf,Thesis_Obsidian\Ordinances\2018\Ordinance No. 0639-18.md,265,False
1162,0639-18,section_4,2018,Ordinance No. 0639-18.pdf,Thesis_Obsidian\Ordinances\2018\Ordinance No. 0639-18.md,95,False
1163,0639-18,section_5,2018,Ordinance No. 0639-18.pdf,Thesis_Obsidian\Ordinances\2018\Ordinance No. 0639-18.md,108,False
1164,0640-18,section_1,2018,Ordinance No. 0640-18.pdf,Thesis_Obsidian\Ordinances\2018\Ordinance No. 0640-18.md,124,False
1165,0640-18,section_2,2018,Ordinance No. 0640-18.pdf,Thesis_Obsidian\Ordinances\2018\Ordinance No. 0640-18.md,265,False
1166,0640-18,section_4,2018,Ordinance No. 0640-18.pdf,Thesis_Obsidian\Ordinances\2018\Ordinance No. 0640-18.md,9,False
1167,0640-18,section_5,2018,Ordinance No. 0640-18.pdf,Thesis_Obsidian\Ordinances\2018\Ordinance No. 0640-18.md,108,False
1168,0641-18,section_1,2018,Ordinance No. 0641-18.pdf,Thesis_Obsidian\Ordinances\2018\Ordinance No. 0641-18.md,124,False
1169,0641-18,section_2,2018,Ordinance No. 0641-18.pdf,Thesis_Obsidian\Ordinances\2018\Ordinance No. 0641-18.md,116,False
1170,0641-18,section_3,2018,Ordinance No. 0641-18.pdf,Thesis_Obsidian\Ordinances\2018\Ordinance No. 0641-18.md,52,False
1171,0641-18,section_4,2018,Ordinance No. 0641-18.pdf,Thesis_Obsidian\Ordinances\2018\Ordinance No. 0641-18.md,72,False
1172,0641-18,section_5,2018,Ordinance No. 0641-18.pdf,Thesis_Obsidian\Ordinances\2018\Ordinance No. 0641-18.md,108,False
1173,0646-18,section_1,2018,Ordinance No. 0646-18.pdf,Thesis_Obsidian\Ordinances\2018\Ordinance No. 0646-18.md,124,False
1174,0646-18,section_2,2018,Ordinance No. 0646-18.pdf,Thesis_Obsidian\Ordinances\2018\Ordinance No. 0646-18.md,116,False
1175,0646-18,section_3,2018,Ordinance No. 0646-18.pdf,Thesis_Obsidian\Ordinances\2018\Ordinance No. 0646-18.md,52,False
1176,0646-18,section_5,2018,Ordinance No. 0646-18.pdf,Thesis_Obsidian\Ordinances\2018\Ordinance No. 0646-18.md,108,False
1177,0649-18,section_1,2018,Ordinance No. 0649-18.pdf,Thesis_Obsidian\Ordinances\2018\Ordinance No. 0649-18.md,124,False
1178,0649-18,section_2,2018,Ordinance No. 0649-18.pdf,Thesis_Obsidian\Ordinances\2018\Ordinance No. 0649-18.md,116,False
1179,0649-18,section_3,2018,Ordinance No. 0649-18.pdf,Thesis_Obsidian\Ordinances\2018\Ordinance No. 0649-18.md,52,False
1180,0649-18,section_4,2018,Ordinance No. 0649-18.pdf,Thesis_Obsidian\Ordinances\2018\Ordinance No. 0649-18.md,252,False
1181,0649-18,section_5,2018,Ordinance No. 0649-18.pdf,Thesis_Obsidian\Ordinances\2018\Ordinance No. 0649-18.md,108,False
1182,0650-18,section_1,2018,Ordinance No. 0650-18.pdf,Thesis_Obsidian\Ordinances\2018\Ordinance No. 0650-18.md,124,False
1183,0650-18,section_2,2018,Ordinance No. 0650-18.pdf,Thesis_Obsidian\Ordinances\2018\Ordinance No. 0650-18.md,116,False
1184,0650-18,section_3,2018,Ordinance No. 0650-18.pdf,Thesis_Obsidian\Ordinances\2018\Ordinance No. 0650-18.md,52,False
1185,0650-18,section_4,2018,Ordinance No. 0650-18.pdf,Thesis_Obsidian\Ordinances\2018\Ordinance No. 0650-18.md,95,False
1186,0650-18,section_5,2018,Ordinance No. 0650-18.pdf,Thesis_Obsidian\Ordinances\2018\Ordinance No. 0650-18.md,108,False
1187,0651-18,section_2,2018,Ordinance No. 0651-18.pdf,Thesis_Obsidian\Ordinances\2018\Ordinance No. 0651-18.md,116,False
1188,0651-18,section_1,2018,Ordinance No. 0651-18.pdf,Thesis_Obsidian\Ordinances\2018\Ordinance No. 0651-18.md,116,False
1189,0651-18,section_3,2018,Ordinance No. 0651-18.pdf,Thesis_Obsidian\Ordinances\2018\Ordinance No. 0651-18.md,52,False
1190,0651-18,section_5,2018,Ordinance No. 0651-18.pdf,Thesis_Obsidian\Ordinances\2018\Ordinance No. 0651-18.md,108,False
1191,0652-18,section_1,2018,Ordinance No. 0652-18.pdf,Thesis_Obsidian\Ordinances\2018\Ordinance No. 0652-18.md,179,False
1192,0652-18,section_2,2018,Ordinance No. 0652-18.pdf,Thesis_Obsidian\Ordinances\2018\Ordinance No. 0652-18.md,265,False
1193,0652-18,section_4,2018,Ordinance No. 0652-18.pdf,Thesis_Obsidian\Ordinances\2018\Ordinance No. 0652-18.md,10,False
1194,0652-18,section_5,2018,Ordinance No. 0652-18.pdf,Thesis_Obsidian\Ordinances\2018\Ordinance No. 0652-18.md,108,False
1195,0654-18,section_1,2018,Ordinance No. 0654-18.pdf,Thesis_Obsidian\Ordinances\2018\Ordinance No. 0654-18.md,124,False
1196,0654-18,section_2,2018,Ordinance No. 0654-18.pdf,Thesis_Obsidian\Ordinances\2018\Ordinance No. 0654-18.md,116,False
1197,0654-18,section_3,2018,Ordinance No. 0654-18.pdf,Thesis_Obsidian\Ordinances\2018\Ordinance No. 0654-18.md,52,False
1198,0654-18,section_5,2018,Ordinance No. 0654-18.pdf,Thesis_Obsidian\Ordinances\2018\Ordinance No. 0654-18.md,108,False
1199,0656-18,section_2,2018,Ordinance No. 0656-18.pdf,Thesis_Obsidian\Ordinances\2018\Ordinance No. 0656-18.md,116,False
1200,0656-18,section_3,2018,Ordinance No. 0656-18.pdf,Thesis_Obsidian\Ordinances\2018\Ordinance No. 0656-18.md,52,False
1201,0656-18,section_5,2018,Ordinance No. 0656-18.pdf,Thesis_Obsidian\Ordinances\2018\Ordinance No. 0656-18.md,108,False
1202,0659-18,section_2,2018,Ordinance No. 0659-18.pdf,Thesis_Obsidian\Ordinances\2018\Ordinance No. 0659-18.md,37,False
1203,0659-18,section_3,2018,Ordinance No. 0659-18.pdf,Thesis_Obsidian\Ordinances\2018\Ordinance No. 0659-18.md,55,False
1204,0659-18,section_4,2018,Ordinance No. 0659-18.pdf,Thesis_Obsidian\Ordinances\2018\Ordinance No. 0659-18.md,75,False
1205,0659-18,section_5,2018,Ordinance No. 0659-18.pdf,Thesis_Obsidian\Ordinances\2018\Ordinance No. 0659-18.md,78,False
1206,0660-18,section_1,2018,Ordinance No. 0660-18.pdf,Thesis_Obsidian\Ordinances\2018\Ordinance No. 0660-18.md,48,False
1207,0660-18,section_2,2018,Ordinance No. 0660-18.pdf,Thesis_Obsidian\Ordinances\2018\Ordinance No. 0660-18.md,-1,True
1208,0660-18,section_3,2018,Ordinance No. 0660-18.pdf,Thesis_Obsidian\Ordinances\2018\Ordinance No. 0660-18.md,48,False
1209,0660-18,section_4,2018,Ordinance No. 0660-18.pdf,Thesis_Obsidian\Ordinances\2018\Ordinance No. 0660-18.md,16,False
1210,0660-18,section_5,2018,Ordinance No. 0660-18.pdf,Thesis_Obsidian\Ordinances\2018\Ordinance No. 0660-18.md,2,False
1211,0661-18,section_2,2018,Ordinance No. 0661-18.pdf,Thesis_Obsidian\Ordinances\2018\Ordinance No. 0661-18.md,12,False
1212,0661-18,section_4,2018,Ordinance No. 0661-18.pdf,Thesis_Obsidian\Ordinances\2018\Ordinance No. 0661-18.md,75,False
1213,0661-18,section_5,2018,Ordinance No. 0661-18.pdf,Thesis_Obsidian\Ordinances\2018\Ordinance No. 0661-18.md,2,False
1214,0662-18,section_1,2018,Ordinance No. 0662-18.pdf,Thesis_Obsidian\Ordinances\2018\Ordinance No. 0662-18.md,48,False
1215,0662-18,section_2,2018,Ordinance No. 0662-18.pdf,Thesis_Obsidian\Ordinances\2018\Ordinance No. 0662-18.md,12,False
1216,0662-18,section_3,2018,Ordinance No. 0662-18.pdf,Thesis_Obsidian\Ordinances\2018\Ordinance No. 0662-18.md,48,False
1217,0662-18,section_4,2018,Ordinance No. 0662-18.pdf,Thesis_Obsidian\Ordinances\2018\Ordinance No. 0662-18.md,16,False
1218,0662-18,section_5,2018,Ordinance No. 0662-18.pdf,Thesis_Obsidian\Ordinances\2018\Ordinance No. 0662-18.md,2,False
1219,0663-18,section_1,2018,Ordinance No. 0663-18.pdf,Thesis_Obsidian\Ordinances\2018\Ordinance No. 0663-18.md,48,False
1220,0663-18,section_2,2018,Ordinance No. 0663-18.pdf,Thesis_Obsidian\Ordinances\2018\Ordinance No. 0663-18.md,37,False
1221,0663-18,section_3,2018,Ordinance No. 0663-18.pdf,Thesis_Obsidian\Ordinances\2018\Ordinance No. 0663-18.md,48,False
1222,0663-18,section_4,2018,Ordinance No. 0663-18.pdf,Thesis_Obsidian\Ordinances\2018\Ordinance No. 0663-18.md,156,False
1223,0663-18,section_5,2018,Ordinance No. 0663-18.pdf,Thesis_Obsidian\Ordinances\2018\Ordinance No. 0663-18.md,2,False
1224,0664-18,section_1,2018,Ordinance No. 0664-18.pdf,Thesis_Obsidian\Ordinances\2018\Ordinance No. 0664-18.md,48,False
1225,0664-18,section_2,2018,Ordinance No. 0664-18.pdf,Thesis_Obsidian\Ordinances\2018\Ordinance No. 0664-18.md,37,False
1226,0664-18,section_3,2018,Ordinance No. 0664-18.pdf,Thesis_Obsidian\Ordinances\2018\Ordinance No. 0664-18.md,48,False
1227,0664-18,section_4,2018,Ordinance No. 0664-18.pdf,Thesis_Obsidian\Ordinances\2018\Ordinance No. 0664-18.md,74,False
1228,0664-18,section_5,2018,Ordinance No. 0664-18.pdf,Thesis_Obsidian\Ordinances\2018\Ordinance No. 0664-18.md,-1,True
1229,0665-18,section_3,2018,Ordinance No. 0665-18.pdf,Thesis_Obsidian\Ordinances\2018\Ordinance No. 0665-18.md,48,False
1230,0665-18,section_5,2018,Ordinance No. 0665-18.pdf,Thesis_Obsidian\Ordinances\2018\Ordinance No. 0665-18.md,-1,True
1231,0666-18,section_1,2018,Ordinance No. 0666-18.pdf,Thesis_Obsidian\Ordinances\2018\Ordinance No. 0666-18.md,57,False
1232,0666-18,section_2,2018,Ordinance No. 0666-18.pdf,Thesis_Obsidian\Ordinances\2018\Ordinance No. 0666-18.md,236,False
1233,0666-18,section_3,2018,Ordinance No. 0666-18.pdf,Thesis_Obsidian\Ordinances\2018\Ordinance No. 0666-18.md,95,False
1234,0666-18,section_5,2018,Ordinance No. 0666-18.pdf,Thesis_Obsidian\Ordinances\2018\Ordinance No. 0666-18.md,78,False
1235,0667-18,section_1,2018,Ordinance No. 0667-18.pdf,Thesis_Obsidian\Ordinances\2018\Ordinance No. 0667-18.md,20,False
1236,0667-18,section_2,2018,Ordinance No. 0667-18.pdf,Thesis_Obsidian\Ordinances\2018\Ordinance No. 0667-18.md,236,False
1237,0667-18,section_3,2018,Ordinance No. 0667-18.pdf,Thesis_Obsidian\Ordinances\2018\Ordinance No. 0667-18.md,238,False
1238,0667-18,section_4,2018,Ordinance No. 0667-18.pdf,Thesis_Obsidian\Ordinances\2018\Ordinance No. 0667-18.md,10,False
1239,0667-18,section_5,2018,Ordinance No. 0667-18.pdf,Thesis_Obsidian\Ordinances\2018\Ordinance No. 0667-18.md,24,False
1240,0670-18,section_1,2018,Ordinance No. 0670-18.pdf,Thesis_Obsidian\Ordinances\2018\Ordinance No. 0670-18.md,124,False
1241,0670-18,section_2,2018,Ordinance No. 0670-18.pdf,Thesis_Obsidian\Ordinances\2018\Ordinance No. 0670-18.md,265,False
1242,0670-18,section_4,2018,Ordinance No. 0670-18.pdf,Thesis_Obsidian\Ordinances\2018\Ordinance No. 0670-18.md,72,False
1243,0670-18,section_5,2018,Ordinance No. 0670-18.pdf,Thesis_Obsidian\Ordinances\2018\Ordinance No. 0670-18.md,108,False
1244,0675-18,section_1,2018,Ordinance No. 0675-18.pdf,Thesis_Obsidian\Ordinances\2018\Ordinance No. 0675-18.md,48,False
1245,0675-18,section_2,2018,Ordinance No. 0675-18.pdf,Thesis_Obsidian\Ordinances\2018\Ordinance No. 0675-18.md,226,False
1246,0675-18,section_3,2018,Ordinance No. 0675-18.pdf,Thesis_Obsidian\Ordinances\2018\Ordinance No. 0675-18.md,48,False
1247,0675-18,section_4,2018,Ordinance No. 0675-18.pdf,Thesis_Obsidian\Ordinances\2018\Ordinance No. 0675-18.md,18,False
1248,0675-18,section_5,2018,Ordinance No. 0675-18.pdf,Thesis_Obsidian\Ordinances\2018\Ordinance No. 0675-18.md,78,False
1249,0676-18,section_1,2018,Ordinance No. 0676-18.pdf,Thesis_Obsidian\Ordinances\2018\Ordinance No. 0676-18.md,48,False
1250,0676-18,section_2,2018,Ordinance No. 0676-18.pdf,Thesis_Obsidian\Ordinances\2018\Ordinance No. 0676-18.md,37,False
1251,0676-18,section_3,2018,Ordinance No. 0676-18.pdf,Thesis_Obsidian\Ordinances\2018\Ordinance No. 0676-18.md,48,False
1252,0676-18,section_4,2018,Ordinance No. 0676-18.pdf,Thesis_Obsidian\Ordinances\2018\Ordinance No. 0676-18.md,9,False
1253,0676-18,section_5,2018,Ordinance No. 0676-18.pdf,Thesis_Obsidian\Ordinances\2018\Ordinance No. 0676-18.md,2,False
1254,Ordinance No. 000757-21,section_1,2019,Ordinance No. 000757-21.pdf,Thesis_Obsidian\Ordinances\2019\Ordinance No. 000757-21.md,212,False
1255,Ordinance No. 000757-21,section_2,2019,Ordinance No. 000757-21.pdf,Thesis_Obsidian\Ordinances\2019\Ordinance No. 000757-21.md,262,False
1256,Ordinance No. 000757-21,section_3,2019,Ordinance No. 000757-21.pdf,Thesis_Obsidian\Ordinances\2019\Ordinance No. 000757-21.md,178,False
1257,Ordinance No. 000757-21,section_4,2019,Ordinance No. 000757-21.pdf,Thesis_Obsidian\Ordinances\2019\Ordinance No. 000757-21.md,9,False
1258,Ordinance No. 000757-21,section_5,2019,Ordinance No. 000757-21.pdf,Thesis_Obsidian\Ordinances\2019\Ordinance No. 000757-21.md,49,False
1259,Ordinance No. 000766-21,section_1,2019,Ordinance No. 000766-21.pdf,Thesis_Obsidian\Ordinances\2019\Ordinance No. 000766-21.md,81,False
1260,Ordinance No. 000766-21,section_2,2019,Ordinance No. 000766-21.pdf,Thesis_Obsidian\Ordinances\2019\Ordinance No. 000766-21.md,130,False
1261,Ordinance No. 000766-21,section_3,2019,Ordinance No. 000766-21.pdf,Thesis_Obsidian\Ordinances\2019\Ordinance No. 000766-21.md,4,False
1262,Ordinance No. 000766-21,section_4,2019,Ordinance No. 000766-21.pdf,Thesis_Obsidian\Ordinances\2019\Ordinance No. 000766-21.md,95,False
1263,Ordinance No. 000766-21,section_5,2019,Ordinance No. 000766-21.pdf,Thesis_Obsidian\Ordinances\2019\Ordinance No. 000766-21.md,49,False
1264,Ordinance No. 000780-21,section_1,2019,Ordinance No. 000780-21.pdf,Thesis_Obsidian\Ordinances\2019\Ordinance No. 000780-21.md,-1,True
1265,Ordinance No. 000780-21,section_2,2019,Ordinance No. 000780-21.pdf,Thesis_Obsidian\Ordinances\2019\Ordinance No. 000780-21.md,67,False
1266,Ordinance No. 000780-21,section_3,2019,Ordinance No. 000780-21.pdf,Thesis_Obsidian\Ordinances\2019\Ordinance No. 000780-21.md,90,False
1267,Ordinance No. 000780-21,section_4,2019,Ordinance No. 000780-21.pdf,Thesis_Obsidian\Ordinances\2019\Ordinance No. 000780-21.md,169,False
1268,Ordinance No. 000780-21,section_5,2019,Ordinance No. 000780-21.pdf,Thesis_Obsidian\Ordinances\2019\Ordinance No. 000780-21.md,232,False
1269,Ordinance No. 000791-21,section_1,2019,Ordinance No. 000791-21.pdf,Thesis_Obsidian\Ordinances\2019\Ordinance No. 000791-21.md,94,False
1270,Ordinance No. 000791-21,section_2,2019,Ordinance No. 000791-21.pdf,Thesis_Obsidian\Ordinances\2019\Ordinance No. 000791-21.md,94,False
1271,Ordinance No. 000791-21,section_3,2019,Ordinance No. 000791-21.pdf,Thesis_Obsidian\Ordinances\2019\Ordinance No. 000791-21.md,72,False
1272,Ordinance No. 000791-21,section_4,2019,Ordinance No. 000791-21.pdf,Thesis_Obsidian\Ordinances\2019\Ordinance No. 000791-21.md,214,False
1273,Ordinance No. 000843-21,section_1,2019,Ordinance No. 000843-21.pdf,Thesis_Obsidian\Ordinances\2019\Ordinance No. 000843-21.md,-1,True
1274,Ordinance No. 000843-21,section_2,2019,Ordinance No. 000843-21.pdf,Thesis_Obsidian\Ordinances\2019\Ordinance No. 000843-21.md,64,False
1275,Ordinance No. 000843-21,section_22,2019,Ordinance No. 000843-21.pdf,Thesis_Obsidian\Ordinances\2019\Ordinance No. 000843-21.md,92,False
1276,Ordinance No. 000843-21,section_25,2019,Ordinance No. 000843-21.pdf,Thesis_Obsidian\Ordinances\2019\Ordinance No. 000843-21.md,59,False
1277,Ordinance No. 000843-21,section_3,2019,Ordinance No. 000843-21.pdf,Thesis_Obsidian\Ordinances\2019\Ordinance No. 000843-21.md,4,False
1278,Ordinance No. 000843-21,section_4,2019,Ordinance No. 000843-21.pdf,Thesis_Obsidian\Ordinances\2019\Ordinance No. 000843-21.md,151,False
1279,Ordinance No. 000843-21,section_5,2019,Ordinance No. 000843-21.pdf,Thesis_Obsidian\Ordinances\2019\Ordinance No. 000843-21.md,49,False
1280,001-19,section_1,2019,Ordinance No. 001-19 (1).pdf,Thesis_Obsidian\Ordinances\2019\Ordinance No. 001-19.md,164,False
1281,001-19,section_2,2019,Ordinance No. 001-19 (1).pdf,Thesis_Obsidian\Ordinances\2019\Ordinance No. 001-19.md,68,False
1282,001-19,section_3,2019,Ordinance No. 001-19 (1).pdf,Thesis_Obsidian\Ordinances\2019\Ordinance No. 001-19.md,189,False
1283,001-19,section_5,2019,Ordinance No. 001-19 (1).pdf,Thesis_Obsidian\Ordinances\2019\Ordinance No. 001-19.md,0,False
1284,002-19,section_1,2019,Ordinance No. 002-19 (1).pdf,Thesis_Obsidian\Ordinances\2019\Ordinance No. 002-19.md,15,False
1285,002-19,section_2,2019,Ordinance No. 002-19 (1).pdf,Thesis_Obsidian\Ordinances\2019\Ordinance No. 002-19.md,-1,True
1286,002-19,section_3,2019,Ordinance No. 002-19 (1).pdf,Thesis_Obsidian\Ordinances\2019\Ordinance No. 002-19.md,22,False
1287,002-19,section_4,2019,Ordinance No. 002-19 (1).pdf,Thesis_Obsidian\Ordinances\2019\Ordinance No. 002-19.md,18,False
1288,002-19,section_5,2019,Ordinance No. 002-19 (1).pdf,Thesis_Obsidian\Ordinances\2019\Ordinance No. 002-19.md,2,False
1289,003-19,section_1,2019,Ordinance No. 003-19 (1).pdf,Thesis_Obsidian\Ordinances\2019\Ordinance No. 003-19.md,51,False
1290,003-19,section_2,2019,Ordinance No. 003-19 (1).pdf,Thesis_Obsidian\Ordinances\2019\Ordinance No. 003-19.md,130,False
1291,003-19,section_3,2019,Ordinance No. 003-19 (1).pdf,Thesis_Obsidian\Ordinances\2019\Ordinance No. 003-19.md,24,False
1292,004-19,section_192,2019,Ordinance No. 004-19 (1).pdf,Thesis_Obsidian\Ordinances\2019\Ordinance No. 004-19.md,29,False
1293,004-19,section_2,2019,Ordinance No. 004-19 (1).pdf,Thesis_Obsidian\Ordinances\2019\Ordinance No. 004-19.md,91,False
1294,006-19,section_1,2019,Ordinance No. 006-19 (1).pdf,Thesis_Obsidian\Ordinances\2019\Ordinance No. 006-19.md,117,False
1295,006-19,section_2,2019,Ordinance No. 006-19 (1).pdf,Thesis_Obsidian\Ordinances\2019\Ordinance No. 006-19.md,226,False
1296,006-19,section_3,2019,Ordinance No. 006-19 (1).pdf,Thesis_Obsidian\Ordinances\2019\Ordinance No. 006-19.md,198,False
1297,006-19,section_4,2019,Ordinance No. 006-19 (1).pdf,Thesis_Obsidian\Ordinances\2019\Ordinance No. 006-19.md,72,False
1298,006-19,section_5,2019,Ordinance No. 006-19 (1).pdf,Thesis_Obsidian\Ordinances\2019\Ordinance No. 006-19.md,0,False
1299,007-19,section_1,2019,Ordinance No. 007-19 (1).pdf,Thesis_Obsidian\Ordinances\2019\Ordinance No. 007-19.md,15,False
1300,007-19,section_2,2019,Ordinance No. 007-19 (1).pdf,Thesis_Obsidian\Ordinances\2019\Ordinance No. 007-19.md,180,False
1301,007-19,section_3,2019,Ordinance No. 007-19 (1).pdf,Thesis_Obsidian\Ordinances\2019\Ordinance No. 007-19.md,22,False
1302,007-19,section_4,2019,Ordinance No. 007-19 (1).pdf,Thesis_Obsidian\Ordinances\2019\Ordinance No. 007-19.md,53,False
1303,008-19,section_1,2019,Ordinance No. 008-19 (1).pdf,Thesis_Obsidian\Ordinances\2019\Ordinance No. 008-19.md,185,False
1304,008-19,section_2,2019,Ordinance No. 008-19 (1).pdf,Thesis_Obsidian\Ordinances\2019\Ordinance No. 008-19.md,226,False
1305,008-19,section_3,2019,Ordinance No. 008-19 (1).pdf,Thesis_Obsidian\Ordinances\2019\Ordinance No. 008-19.md,55,False
1306,008-19,section_4,2019,Ordinance No. 008-19 (1).pdf,Thesis_Obsidian\Ordinances\2019\Ordinance No. 008-19.md,16,False
1307,008-19,section_5,2019,Ordinance No. 008-19 (1).pdf,Thesis_Obsidian\Ordinances\2019\Ordinance No. 008-19.md,2,False
1308,009-19,section_1,2019,Ordinance No. 009-19 (1).pdf,Thesis_Obsidian\Ordinances\2019\Ordinance No. 009-19.md,164,False
1309,009-19,section_2,2019,Ordinance No. 009-19 (1).pdf,Thesis_Obsidian\Ordinances\2019\Ordinance No. 009-19.md,68,False
1310,009-19,section_3,2019,Ordinance No. 009-19 (1).pdf,Thesis_Obsidian\Ordinances\2019\Ordinance No. 009-19.md,167,False
1311,009-19,section_4,2019,Ordinance No. 009-19 (1).pdf,Thesis_Obsidian\Ordinances\2019\Ordinance No. 009-19.md,0,False
1312,010-19,section_1,2019,Ordinance No. 010-19 (1).pdf,Thesis_Obsidian\Ordinances\2019\Ordinance No. 010-19.md,164,False
1313,010-19,section_2,2019,Ordinance No. 010-19 (1).pdf,Thesis_Obsidian\Ordinances\2019\Ordinance No. 010-19.md,68,False
1314,010-19,section_3,2019,Ordinance No. 010-19 (1).pdf,Thesis_Obsidian\Ordinances\2019\Ordinance No. 010-19.md,167,False
1315,010-19,section_4,2019,Ordinance No. 010-19 (1).pdf,Thesis_Obsidian\Ordinances\2019\Ordinance No. 010-19.md,10,False
1316,010-19,section_5,2019,Ordinance No. 010-19 (1).pdf,Thesis_Obsidian\Ordinances\2019\Ordinance No. 010-19.md,0,False
1317,0102-19,section_1,2019,Ordinance No. 0102-19 (1).pdf,Thesis_Obsidian\Ordinances\2019\Ordinance No. 0102-19.md,77,False
1318,0102-19,section_2,2019,Ordinance No. 0102-19 (1).pdf,Thesis_Obsidian\Ordinances\2019\Ordinance No. 0102-19.md,119,False
1319,0102-19,section_3,2019,Ordinance No. 0102-19 (1).pdf,Thesis_Obsidian\Ordinances\2019\Ordinance No. 0102-19.md,260,False
1320,0102-19,section_4,2019,Ordinance No. 0102-19 (1).pdf,Thesis_Obsidian\Ordinances\2019\Ordinance No. 0102-19.md,107,False
1321,0102-19,section_5,2019,Ordinance No. 0102-19 (1).pdf,Thesis_Obsidian\Ordinances\2019\Ordinance No. 0102-19.md,65,False
1322,0102-19,section_6,2019,Ordinance No. 0102-19 (1).pdf,Thesis_Obsidian\Ordinances\2019\Ordinance No. 0102-19.md,0,False
1323,0107-19,section_2,2019,Ordinance No. 0107-19 (1).pdf,Thesis_Obsidian\Ordinances\2019\Ordinance No. 0107-19.md,68,False
1324,0107-19,section_3,2019,Ordinance No. 0107-19 (1).pdf,Thesis_Obsidian\Ordinances\2019\Ordinance No. 0107-19.md,167,False
1325,0107-19,section_4,2019,Ordinance No. 0107-19 (1).pdf,Thesis_Obsidian\Ordinances\2019\Ordinance No. 0107-19.md,-1,True
1326,0107-19,section_5,2019,Ordinance No. 0107-19 (1).pdf,Thesis_Obsidian\Ordinances\2019\Ordinance No. 0107-19.md,0,False
1327,0108-19,section_2,2019,Ordinance No. 0108-19 (1).pdf,Thesis_Obsidian\Ordinances\2019\Ordinance No. 0108-19.md,167,False
1328,0108-19,section_3,2019,Ordinance No. 0108-19 (1).pdf,Thesis_Obsidian\Ordinances\2019\Ordinance No. 0108-19.md,167,False
1329,0108-19,section_4,2019,Ordinance No. 0108-19 (1).pdf,Thesis_Obsidian\Ordinances\2019\Ordinance No. 0108-19.md,189,False
1330,0108-19,section_5,2019,Ordinance No. 0108-19 (1).pdf,Thesis_Obsidian\Ordinances\2019\Ordinance No. 0108-19.md,11,False
1331,0108-19,section_6,2019,Ordinance No. 0108-19 (1).pdf,Thesis_Obsidian\Ordinances\2019\Ordinance No. 0108-19.md,0,False
1332,0109-19,section_1,2019,Ordinance No. 0109-19 (1).pdf,Thesis_Obsidian\Ordinances\2019\Ordinance No. 0109-19.md,59,False
1333,0109-19,section_3,2019,Ordinance No. 0109-19 (1).pdf,Thesis_Obsidian\Ordinances\2019\Ordinance No. 0109-19.md,123,False
1334,0109-19,section_4,2019,Ordinance No. 0109-19 (1).pdf,Thesis_Obsidian\Ordinances\2019\Ordinance No. 0109-19.md,24,False
1335,011-19,section_1,2019,Ordinance No. 011-19 (1).pdf,Thesis_Obsidian\Ordinances\2019\Ordinance No. 011-19.md,189,False
1336,011-19,section_5,2019,Ordinance No. 011-19 (1).pdf,Thesis_Obsidian\Ordinances\2019\Ordinance No. 011-19.md,0,False
1337,0111-19,section_1,2019,Ordinance No. 0111-19 (1).pdf,Thesis_Obsidian\Ordinances\2019\Ordinance No. 0111-19.md,20,False
1338,0111-19,section_2,2019,Ordinance No. 0111-19 (1).pdf,Thesis_Obsidian\Ordinances\2019\Ordinance No. 0111-19.md,59,False
1339,0111-19,section_4,2019,Ordinance No. 0111-19 (1).pdf,Thesis_Obsidian\Ordinances\2019\Ordinance No. 0111-19.md,75,False
1340,0111-19,section_5,2019,Ordinance No. 0111-19 (1).pdf,Thesis_Obsidian\Ordinances\2019\Ordinance No. 0111-19.md,-1,True
1341,0112-19,section_1,2019,Ordinance No. 0112-19 (1).pdf,Thesis_Obsidian\Ordinances\2019\Ordinance No. 0112-19.md,48,False
1342,0112-19,section_2,2019,Ordinance No. 0112-19 (1).pdf,Thesis_Obsidian\Ordinances\2019\Ordinance No. 0112-19.md,37,False
1343,0112-19,section_3,2019,Ordinance No. 0112-19 (1).pdf,Thesis_Obsidian\Ordinances\2019\Ordinance No. 0112-19.md,48,False
1344,0112-19,section_4,2019,Ordinance No. 0112-19 (1).pdf,Thesis_Obsidian\Ordinances\2019\Ordinance No. 0112-19.md,156,False
1345,0112-19,section_5,2019,Ordinance No. 0112-19 (1).pdf,Thesis_Obsidian\Ordinances\2019\Ordinance No. 0112-19.md,191,False
1346,0113-19,section_2,2019,Ordinance No. 0113-19 (1).pdf,Thesis_Obsidian\Ordinances\2019\Ordinance No. 0113-19.md,37,False
1347,0113-19,section_4,2019,Ordinance No. 0113-19 (1).pdf,Thesis_Obsidian\Ordinances\2019\Ordinance No. 0113-19.md,74,False
1348,0113-19,section_5,2019,Ordinance No. 0113-19 (1).pdf,Thesis_Obsidian\Ordinances\2019\Ordinance No. 0113-19.md,191,False
1349,0115-19,section_1,2019,Ordinance No. 0115-19 (1).pdf,Thesis_Obsidian\Ordinances\2019\Ordinance No. 0115-19.md,20,False
1350,0115-19,section_2,2019,Ordinance No. 0115-19 (1).pdf,Thesis_Obsidian\Ordinances\2019\Ordinance No. 0115-19.md,71,False
1351,0115-19,section_3,2019,Ordinance No. 0115-19 (1).pdf,Thesis_Obsidian\Ordinances\2019\Ordinance No. 0115-19.md,156,False
1352,0115-19,section_5,2019,Ordinance No. 0115-19 (1).pdf,Thesis_Obsidian\Ordinances\2019\Ordinance No. 0115-19.md,24,False
1353,0117-19,section_1,2019,Ordinance No. 0117-19 (1).pdf,Thesis_Obsidian\Ordinances\2019\Ordinance No. 0117-19.md,164,False
1354,0117-19,section_2,2019,Ordinance No. 0117-19 (1).pdf,Thesis_Obsidian\Ordinances\2019\Ordinance No. 0117-19.md,68,False
1355,0117-19,section_3,2019,Ordinance No. 0117-19 (1).pdf,Thesis_Obsidian\Ordinances\2019\Ordinance No. 0117-19.md,167,False
1356,0117-19,section_4,2019,Ordinance No. 0117-19 (1).pdf,Thesis_Obsidian\Ordinances\2019\Ordinance No. 0117-19.md,0,False
1357,0118-19,section_1,2019,Ordinance No. 0118-19 (1).pdf,Thesis_Obsidian\Ordinances\2019\Ordinance No. 0118-19.md,11,False
1358,0118-19,section_2,2019,Ordinance No. 0118-19 (1).pdf,Thesis_Obsidian\Ordinances\2019\Ordinance No. 0118-19.md,-1,True
1359,0118-19,section_66,2019,Ordinance No. 0118-19 (1).pdf,Thesis_Obsidian\Ordinances\2019\Ordinance No. 0118-19.md,250,False
1360,0118-19,section_3,2019,Ordinance No. 0118-19 (1).pdf,Thesis_Obsidian\Ordinances\2019\Ordinance No. 0118-19.md,11,False
1361,0118-19,section_4,2019,Ordinance No. 0118-19 (1).pdf,Thesis_Obsidian\Ordinances\2019\Ordinance No. 0118-19.md,16,False
1362,0118-19,section_5,2019,Ordinance No. 0118-19 (1).pdf,Thesis_Obsidian\Ordinances\2019\Ordinance No. 0118-19.md,0,False
1363,0119-19,section_1,2019,Ordinance No. 0119-19 (1).pdf,Thesis_Obsidian\Ordinances\2019\Ordinance No. 0119-19.md,81,False
1364,0119-19,section_2,2019,Ordinance No. 0119-19 (1).pdf,Thesis_Obsidian\Ordinances\2019\Ordinance No. 0119-19.md,236,False
1365,0119-19,section_3,2019,Ordinance No. 0119-19 (1).pdf,Thesis_Obsidian\Ordinances\2019\Ordinance No. 0119-19.md,4,False
1366,0119-19,section_4,2019,Ordinance No. 0119-19 (1).pdf,Thesis_Obsidian\Ordinances\2019\Ordinance No. 0119-19.md,3,False
1367,0119-19,section_5,2019,Ordinance No. 0119-19 (1).pdf,Thesis_Obsidian\Ordinances\2019\Ordinance No. 0119-19.md,24,False
1368,012-19,section_1,2019,Ordinance No. 012-19 (1).pdf,Thesis_Obsidian\Ordinances\2019\Ordinance No. 012-19.md,-1,True
1369,012-19,section_2,2019,Ordinance No. 012-19 (1).pdf,Thesis_Obsidian\Ordinances\2019\Ordinance No. 012-19.md,113,False
1370,012-19,section_3,2019,Ordinance No. 012-19 (1).pdf,Thesis_Obsidian\Ordinances\2019\Ordinance No. 012-19.md,123,False
1371,012-19,section_4,2019,Ordinance No. 012-19 (1).pdf,Thesis_Obsidian\Ordinances\2019\Ordinance No. 012-19.md,18,False
1372,012-19,section_5,2019,Ordinance No. 012-19 (1).pdf,Thesis_Obsidian\Ordinances\2019\Ordinance No. 012-19.md,147,False
1373,0120-19,section_3,2019,Ordinance No. 0120-19 (1).pdf,Thesis_Obsidian\Ordinances\2019\Ordinance No. 0120-19.md,4,False
1374,0120-19,section_4,2019,Ordinance No. 0120-19 (1).pdf,Thesis_Obsidian\Ordinances\2019\Ordinance No. 0120-19.md,268,False
1375,0120-19,section_5,2019,Ordinance No. 0120-19 (1).pdf,Thesis_Obsidian\Ordinances\2019\Ordinance No. 0120-19.md,24,False
1376,0122-19,section_1,2019,Ordinance No. 0122-19 (1).pdf,Thesis_Obsidian\Ordinances\2019\Ordinance No. 0122-19.md,81,False
1377,0122-19,section_2,2019,Ordinance No. 0122-19 (1).pdf,Thesis_Obsidian\Ordinances\2019\Ordinance No. 0122-19.md,175,False
1378,0122-19,section_455,2019,Ordinance No. 0122-19 (1).pdf,Thesis_Obsidian\Ordinances\2019\Ordinance No. 0122-19.md,196,False
1379,0122-19,section_16,2019,Ordinance No. 0122-19 (1).pdf,Thesis_Obsidian\Ordinances\2019\Ordinance No. 0122-19.md,45,False
1380,0122-19,section_5,2019,Ordinance No. 0122-19 (1).pdf,Thesis_Obsidian\Ordinances\2019\Ordinance No. 0122-19.md,24,False
1381,013-19,section_1,2019,Ordinance No. 013-19 (1).pdf,Thesis_Obsidian\Ordinances\2019\Ordinance No. 013-19.md,118,False
1382,013-19,section_2,2019,Ordinance No. 013-19 (1).pdf,Thesis_Obsidian\Ordinances\2019\Ordinance No. 013-19.md,264,False
1383,013-19,section_3,2019,Ordinance No. 013-19 (1).pdf,Thesis_Obsidian\Ordinances\2019\Ordinance No. 013-19.md,133,False
1384,013-19,section_4,2019,Ordinance No. 013-19 (1).pdf,Thesis_Obsidian\Ordinances\2019\Ordinance No. 013-19.md,231,False
1385,013-19,section_5,2019,Ordinance No. 013-19 (1).pdf,Thesis_Obsidian\Ordinances\2019\Ordinance No. 013-19.md,76,False
1386,0134-19,section_1,2019,Ordinance No. 0134-19 (1).pdf,Thesis_Obsidian\Ordinances\2019\Ordinance No. 0134-19.md,11,False
1387,0134-19,section_2,2019,Ordinance No. 0134-19 (1).pdf,Thesis_Obsidian\Ordinances\2019\Ordinance No. 0134-19.md,141,False
1388,0134-19,section_3,2019,Ordinance No. 0134-19 (1).pdf,Thesis_Obsidian\Ordinances\2019\Ordinance No. 0134-19.md,-1,True
1389,0134-19,section_66,2019,Ordinance No. 0134-19 (1).pdf,Thesis_Obsidian\Ordinances\2019\Ordinance No. 0134-19.md,250,False
1390,0134-19,section_4,2019,Ordinance No. 0134-19 (1).pdf,Thesis_Obsidian\Ordinances\2019\Ordinance No. 0134-19.md,11,False
1391,0134-19,section_6,2019,Ordinance No. 0134-19 (1).pdf,Thesis_Obsidian\Ordinances\2019\Ordinance No. 0134-19.md,-1,True
1392,0134-19,section_5,2019,Ordinance No. 0134-19 (1).pdf,Thesis_Obsidian\Ordinances\2019\Ordinance No. 0134-19.md,139,False
1393,0136-19,section_1,2019,Ordinance No. 0136-19 (1).pdf,Thesis_Obsidian\Ordinances\2019\Ordinance No. 0136-19.md,20,False
1394,0136-19,section_2,2019,Ordinance No. 0136-19 (1).pdf,Thesis_Obsidian\Ordinances\2019\Ordinance No. 0136-19.md,206,False
1395,0136-19,section_15,2019,Ordinance No. 0136-19 (1).pdf,Thesis_Obsidian\Ordinances\2019\Ordinance No. 0136-19.md,69,False
1396,0136-19,section_4,2019,Ordinance No. 0136-19 (1).pdf,Thesis_Obsidian\Ordinances\2019\Ordinance No. 0136-19.md,128,False
1397,0136-19,section_5,2019,Ordinance No. 0136-19 (1).pdf,Thesis_Obsidian\Ordinances\2019\Ordinance No. 0136-19.md,147,False
1398,0137-19,section_1,2019,Ordinance No. 0137-19 (1).pdf,Thesis_Obsidian\Ordinances\2019\Ordinance No. 0137-19.md,20,False
1399,0137-19,section_2,2019,Ordinance No. 0137-19 (1).pdf,Thesis_Obsidian\Ordinances\2019\Ordinance No. 0137-19.md,89,False
1400,0137-19,section_16,2019,Ordinance No. 0137-19 (1).pdf,Thesis_Obsidian\Ordinances\2019\Ordinance No. 0137-19.md,69,False
1401,0137-19,section_3,2019,Ordinance No. 0137-19 (1).pdf,Thesis_Obsidian\Ordinances\2019\Ordinance No. 0137-19.md,4,False
1402,0137-19,section_4,2019,Ordinance No. 0137-19 (1).pdf,Thesis_Obsidian\Ordinances\2019\Ordinance No. 0137-19.md,95,False
1403,0137-19,section_5,2019,Ordinance No. 0137-19 (1).pdf,Thesis_Obsidian\Ordinances\2019\Ordinance No. 0137-19.md,203,False
1404,0138-19,section_2,2019,Ordinance No. 0138-19 (1).pdf,Thesis_Obsidian\Ordinances\2019\Ordinance No. 0138-19.md,13,False
1405,0138-19,section_4,2019,Ordinance No. 0138-19 (1).pdf,Thesis_Obsidian\Ordinances\2019\Ordinance No. 0138-19.md,139,False
1406,014-19,section_1,2019,Ordinance No. 014-19 (1).pdf,Thesis_Obsidian\Ordinances\2019\Ordinance No. 014-19.md,118,False
1407,014-19,section_2,2019,Ordinance No. 014-19 (1).pdf,Thesis_Obsidian\Ordinances\2019\Ordinance No. 014-19.md,67,False
1408,014-19,section_3,2019,Ordinance No. 014-19 (1).pdf,Thesis_Obsidian\Ordinances\2019\Ordinance No. 014-19.md,133,False
1409,014-19,section_4,2019,Ordinance No. 014-19 (1).pdf,Thesis_Obsidian\Ordinances\2019\Ordinance No. 014-19.md,76,False
1410,0140-19,section_2,2019,Ordinance No. 0140-19 (1).pdf,Thesis_Obsidian\Ordinances\2019\Ordinance No. 0140-19.md,13,False
1411,0140-19,section_3,2019,Ordinance No. 0140-19 (1).pdf,Thesis_Obsidian\Ordinances\2019\Ordinance No. 0140-19.md,55,False
1412,0140-19,section_4,2019,Ordinance No. 0140-19 (1).pdf,Thesis_Obsidian\Ordinances\2019\Ordinance No. 0140-19.md,9,False
1413,0140-19,section_5,2019,Ordinance No. 0140-19 (1).pdf,Thesis_Obsidian\Ordinances\2019\Ordinance No. 0140-19.md,191,False
1414,0141-19,section_1,2019,Ordinance No. 0141-19 (1).pdf,Thesis_Obsidian\Ordinances\2019\Ordinance No. 0141-19.md,-1,True
1415,0141-19,section_2,2019,Ordinance No. 0141-19 (1).pdf,Thesis_Obsidian\Ordinances\2019\Ordinance No. 0141-19.md,14,False
1416,0141-19,section_3,2019,Ordinance No. 0141-19 (1).pdf,Thesis_Obsidian\Ordinances\2019\Ordinance No. 0141-19.md,-1,True
1417,0141-19,section_5,2019,Ordinance No. 0141-19 (1).pdf,Thesis_Obsidian\Ordinances\2019\Ordinance No. 0141-19.md,90,False
1418,0141-19,section_6,2019,Ordinance No. 0141-19 (1).pdf,Thesis_Obsidian\Ordinances\2019\Ordinance No. 0141-19.md,148,False
1419,0141-19,section_7,2019,Ordinance No. 0141-19 (1).pdf,Thesis_Obsidian\Ordinances\2019\Ordinance No. 0141-19.md,191,False
1420,0144-19,section_1,2019,Ordinance No. 0144-19 (1).pdf,Thesis_Obsidian\Ordinances\2019\Ordinance No. 0144-19.md,-1,True
1421,0144-19,section_455,2019,Ordinance No. 0144-19 (1).pdf,Thesis_Obsidian\Ordinances\2019\Ordinance No. 0144-19.md,196,False
1422,0144-19,section_16,2019,Ordinance No. 0144-19 (1).pdf,Thesis_Obsidian\Ordinances\2019\Ordinance No. 0144-19.md,69,False
1423,0144-19,section_4,2019,Ordinance No. 0144-19 (1).pdf,Thesis_Obsidian\Ordinances\2019\Ordinance No. 0144-19.md,75,False
1424,0144-19,section_5,2019,Ordinance No. 0144-19 (1).pdf,Thesis_Obsidian\Ordinances\2019\Ordinance No. 0144-19.md,0,False
1425,0144-19,section_3,2019,Ordinance No. 0144-19 (1).pdf,Thesis_Obsidian\Ordinances\2019\Ordinance No. 0144-19.md,-1,True
1426,0145-19,section_1,2019,Ordinance No. 0145-19 (1).pdf,Thesis_Obsidian\Ordinances\2019\Ordinance No. 0145-19.md,-1,True
1427,0145-19,section_2,2019,Ordinance No. 0145-19 (1).pdf,Thesis_Obsidian\Ordinances\2019\Ordinance No. 0145-19.md,24,False
1428,0148-19,section_1,2019,Ordinance No. 0148-19 (1).pdf,Thesis_Obsidian\Ordinances\2019\Ordinance No. 0148-19.md,102,False
1429,0148-19,section_2,2019,Ordinance No. 0148-19 (1).pdf,Thesis_Obsidian\Ordinances\2019\Ordinance No. 0148-19.md,58,False
1430,0148-19,section_347,2019,Ordinance No. 0148-19 (1).pdf,Thesis_Obsidian\Ordinances\2019\Ordinance No. 0148-19.md,137,False
1431,0148-19,section_34T,2019,Ordinance No. 0148-19 (1).pdf,Thesis_Obsidian\Ordinances\2019\Ordinance No. 0148-19.md,137,False
1432,0148-19,section_3,2019,Ordinance No. 0148-19 (1).pdf,Thesis_Obsidian\Ordinances\2019\Ordinance No. 0148-19.md,3,False
1433,0148-19,section_4,2019,Ordinance No. 0148-19 (1).pdf,Thesis_Obsidian\Ordinances\2019\Ordinance No. 0148-19.md,223,False
1434,0149-19,section_1,2019,Ordinance No. 0149-19 (1).pdf,Thesis_Obsidian\Ordinances\2019\Ordinance No. 0149-19.md,77,False
1435,0149-19,section_2,2019,Ordinance No. 0149-19 (1).pdf,Thesis_Obsidian\Ordinances\2019\Ordinance No. 0149-19.md,119,False
1436,0149-19,section_3,2019,Ordinance No. 0149-19 (1).pdf,Thesis_Obsidian\Ordinances\2019\Ordinance No. 0149-19.md,260,False
1437,0149-19,section_4,2019,Ordinance No. 0149-19 (1).pdf,Thesis_Obsidian\Ordinances\2019\Ordinance No. 0149-19.md,107,False
1438,0149-19,section_5,2019,Ordinance No. 0149-19 (1).pdf,Thesis_Obsidian\Ordinances\2019\Ordinance No. 0149-19.md,83,False
1439,0149-19,section_6,2019,Ordinance No. 0149-19 (1).pdf,Thesis_Obsidian\Ordinances\2019\Ordinance No. 0149-19.md,2,False
1440,015-19,section_1,2019,Ordinance No. 015-19 (1).pdf,Thesis_Obsidian\Ordinances\2019\Ordinance No. 015-19.md,55,False
1441,015-19,section_2,2019,Ordinance No. 015-19 (1).pdf,Thesis_Obsidian\Ordinances\2019\Ordinance No. 015-19.md,12,False
1442,015-19,section_3,2019,Ordinance No. 015-19 (1).pdf,Thesis_Obsidian\Ordinances\2019\Ordinance No. 015-19.md,55,False
1443,015-19,section_4,2019,Ordinance No. 015-19 (1).pdf,Thesis_Obsidian\Ordinances\2019\Ordinance No. 015-19.md,27,False
1444,015-19,section_5,2019,Ordinance No. 015-19 (1).pdf,Thesis_Obsidian\Ordinances\2019\Ordinance No. 015-19.md,2,False
1445,0151-19,section_1,2019,Ordinance No. 0151-19 (1).pdf,Thesis_Obsidian\Ordinances\2019\Ordinance No. 0151-19.md,15,False
1446,0151-19,section_2,2019,Ordinance No. 0151-19 (1).pdf,Thesis_Obsidian\Ordinances\2019\Ordinance No. 0151-19.md,12,False
1447,0151-19,section_3,2019,Ordinance No. 0151-19 (1).pdf,Thesis_Obsidian\Ordinances\2019\Ordinance No. 0151-19.md,22,False
1448,0151-19,section_4,2019,Ordinance No. 0151-19 (1).pdf,Thesis_Obsidian\Ordinances\2019\Ordinance No. 0151-19.md,3,False
1449,0151-19,section_5,2019,Ordinance No. 0151-19 (1).pdf,Thesis_Obsidian\Ordinances\2019\Ordinance No. 0151-19.md,2,False
1450,0152-19,section_1,2019,Ordinance No. 0152-19 (1).pdf,Thesis_Obsidian\Ordinances\2019\Ordinance No. 0152-19.md,-1,True
1451,0152-19,section_2,2019,Ordinance No. 0152-19 (1).pdf,Thesis_Obsidian\Ordinances\2019\Ordinance No. 0152-19.md,12,False
1452,0152-19,section_4,2019,Ordinance No. 0152-19 (1).pdf,Thesis_Obsidian\Ordinances\2019\Ordinance No. 0152-19.md,38,False
1453,0152-19,section_5,2019,Ordinance No. 0152-19 (1).pdf,Thesis_Obsidian\Ordinances\2019\Ordinance No. 0152-19.md,-1,True
1454,0152-19,section_3,2019,Ordinance No. 0152-19 (1).pdf,Thesis_Obsidian\Ordinances\2019\Ordinance No. 0152-19.md,-1,True
1455,0153-19,section_1,2019,Ordinance No. 0153-19 (1).pdf,Thesis_Obsidian\Ordinances\2019\Ordinance No. 0153-19.md,15,False
1456,0153-19,section_2,2019,Ordinance No. 0153-19 (1).pdf,Thesis_Obsidian\Ordinances\2019\Ordinance No. 0153-19.md,13,False
1457,0153-19,section_3,2019,Ordinance No. 0153-19 (1).pdf,Thesis_Obsidian\Ordinances\2019\Ordinance No. 0153-19.md,22,False
1458,0153-19,section_4,2019,Ordinance No. 0153-19 (1).pdf,Thesis_Obsidian\Ordinances\2019\Ordinance No. 0153-19.md,151,False
1459,0153-19,section_5,2019,Ordinance No. 0153-19 (1).pdf,Thesis_Obsidian\Ordinances\2019\Ordinance No. 0153-19.md,2,False
1460,0154-19,section_1,2019,Ordinance No. 0154-19 (1).pdf,Thesis_Obsidian\Ordinances\2019\Ordinance No. 0154-19.md,15,False
1461,0154-19,section_2,2019,Ordinance No. 0154-19 (1).pdf,Thesis_Obsidian\Ordinances\2019\Ordinance No. 0154-19.md,13,False
1462,0154-19,section_3,2019,Ordinance No. 0154-19 (1).pdf,Thesis_Obsidian\Ordinances\2019\Ordinance No. 0154-19.md,22,False
1463,0154-19,section_4,2019,Ordinance No. 0154-19 (1).pdf,Thesis_Obsidian\Ordinances\2019\Ordinance No. 0154-19.md,27,False
1464,0154-19,section_5,2019,Ordinance No. 0154-19 (1).pdf,Thesis_Obsidian\Ordinances\2019\Ordinance No. 0154-19.md,2,False
1465,0155-19,section_1,2019,Ordinance No. 0155-19 (1).pdf,Thesis_Obsidian\Ordinances\2019\Ordinance No. 0155-19.md,264,False
1466,0155-19,section_3,2019,Ordinance No. 0155-19 (1).pdf,Thesis_Obsidian\Ordinances\2019\Ordinance No. 0155-19.md,140,False
1467,0155-19,section_4,2019,Ordinance No. 0155-19 (1).pdf,Thesis_Obsidian\Ordinances\2019\Ordinance No. 0155-19.md,-1,True
1468,0155-19,section_5,2019,Ordinance No. 0155-19 (1).pdf,Thesis_Obsidian\Ordinances\2019\Ordinance No. 0155-19.md,-1,True
1469,0157-19,section_1,2019,Ordinance No. 0157-19 (1).pdf,Thesis_Obsidian\Ordinances\2019\Ordinance No. 0157-19.md,89,False
1470,0157-19,section_16,2019,Ordinance No. 0157-19 (1).pdf,Thesis_Obsidian\Ordinances\2019\Ordinance No. 0157-19.md,69,False
1471,0157-19,section_3,2019,Ordinance No. 0157-19 (1).pdf,Thesis_Obsidian\Ordinances\2019\Ordinance No. 0157-19.md,-1,True
1472,0157-19,section_4,2019,Ordinance No. 0157-19 (1).pdf,Thesis_Obsidian\Ordinances\2019\Ordinance No. 0157-19.md,169,False
1473,0157-19,section_5,2019,Ordinance No. 0157-19 (1).pdf,Thesis_Obsidian\Ordinances\2019\Ordinance No. 0157-19.md,28,False
1474,0158-19,section_1,2019,Ordinance No. 0158-19 (1).pdf,Thesis_Obsidian\Ordinances\2019\Ordinance No. 0158-19.md,102,False
1475,0158-19,section_2,2019,Ordinance No. 0158-19 (1).pdf,Thesis_Obsidian\Ordinances\2019\Ordinance No. 0158-19.md,70,False
1476,0158-19,section_3,2019,Ordinance No. 0158-19 (1).pdf,Thesis_Obsidian\Ordinances\2019\Ordinance No. 0158-19.md,68,False
1477,0158-19,section_174,2019,Ordinance No. 0158-19 (1).pdf,Thesis_Obsidian\Ordinances\2019\Ordinance No. 0158-19.md,14,False
1478,0158-19,section_5,2019,Ordinance No. 0158-19 (1).pdf,Thesis_Obsidian\Ordinances\2019\Ordinance No. 0158-19.md,54,False
1479,016-19,section_1,2019,Ordinance No. 016-19 (1).pdf,Thesis_Obsidian\Ordinances\2019\Ordinance No. 016-19.md,118,False
1480,016-19,section_22,2019,Ordinance No. 016-19 (1).pdf,Thesis_Obsidian\Ordinances\2019\Ordinance No. 016-19.md,129,False
1481,016-19,section_3,2019,Ordinance No. 016-19 (1).pdf,Thesis_Obsidian\Ordinances\2019\Ordinance No. 016-19.md,133,False
1482,016-19,section_4,2019,Ordinance No. 016-19 (1).pdf,Thesis_Obsidian\Ordinances\2019\Ordinance No. 016-19.md,16,False
1483,016-19,section_35,2019,Ordinance No. 016-19 (1).pdf,Thesis_Obsidian\Ordinances\2019\Ordinance No. 016-19.md,113,False
1484,016-19,section_5,2019,Ordinance No. 016-19 (1).pdf,Thesis_Obsidian\Ordinances\2019\Ordinance No. 016-19.md,76,False
1485,0163-19,section_1,2019,Ordinance No. 0163-19 (1).pdf,Thesis_Obsidian\Ordinances\2019\Ordinance No. 0163-19.md,23,False
1486,0163-19,section_2,2019,Ordinance No. 0163-19 (1).pdf,Thesis_Obsidian\Ordinances\2019\Ordinance No. 0163-19.md,218,False
1487,0163-19,section_14,2019,Ordinance No. 0163-19 (1).pdf,Thesis_Obsidian\Ordinances\2019\Ordinance No. 0163-19.md,218,False
1488,0163-19,section_3,2019,Ordinance No. 0163-19 (1).pdf,Thesis_Obsidian\Ordinances\2019\Ordinance No. 0163-19.md,23,False
1489,0163-19,section_5,2019,Ordinance No. 0163-19 (1).pdf,Thesis_Obsidian\Ordinances\2019\Ordinance No. 0163-19.md,0,False
1490,0164-19,section_1,2019,Ordinance No. 0164-19 (1).pdf,Thesis_Obsidian\Ordinances\2019\Ordinance No. 0164-19.md,218,False
1491,0164-19,section_3,2019,Ordinance No. 0164-19 (1).pdf,Thesis_Obsidian\Ordinances\2019\Ordinance No. 0164-19.md,23,False
1492,0164-19,section_4,2019,Ordinance No. 0164-19 (1).pdf,Thesis_Obsidian\Ordinances\2019\Ordinance No. 0164-19.md,211,False
1493,0164-19,section_5,2019,Ordinance No. 0164-19 (1).pdf,Thesis_Obsidian\Ordinances\2019\Ordinance No. 0164-19.md,0,False
1494,0165-19,section_1,2019,Ordinance No. 0165-19 (1).pdf,Thesis_Obsidian\Ordinances\2019\Ordinance No. 0165-19.md,23,False
1495,0165-19,section_2,2019,Ordinance No. 0165-19 (1).pdf,Thesis_Obsidian\Ordinances\2019\Ordinance No. 0165-19.md,218,False
1496,0165-19,section_14,2019,Ordinance No. 0165-19 (1).pdf,Thesis_Obsidian\Ordinances\2019\Ordinance No. 0165-19.md,218,False
1497,0165-19,section_3,2019,Ordinance No. 0165-19 (1).pdf,Thesis_Obsidian\Ordinances\2019\Ordinance No. 0165-19.md,23,False
1498,0165-19,section_4,2019,Ordinance No. 0165-19 (1).pdf,Thesis_Obsidian\Ordinances\2019\Ordinance No. 0165-19.md,86,False
1499,0165-19,section_5,2019,Ordinance No. 0165-19 (1).pdf,Thesis_Obsidian\Ordinances\2019\Ordinance No. 0165-19.md,191,False
1500,0169-19,section_3,2019,Ordinance No. 0169-19 (1).pdf,Thesis_Obsidian\Ordinances\2019\Ordinance No. 0169-19.md,41,False
1501,0169-19,section_5,2019,Ordinance No. 0169-19 (1).pdf,Thesis_Obsidian\Ordinances\2019\Ordinance No. 0169-19.md,2,False
1502,0170-19,section_1,2019,Ordinance No. 0170-19 (1).pdf,Thesis_Obsidian\Ordinances\2019\Ordinance No. 0170-19.md,77,False
1503,0170-19,section_2,2019,Ordinance No. 0170-19 (1).pdf,Thesis_Obsidian\Ordinances\2019\Ordinance No. 0170-19.md,119,False
1504,0170-19,section_3,2019,Ordinance No. 0170-19 (1).pdf,Thesis_Obsidian\Ordinances\2019\Ordinance No. 0170-19.md,260,False
1505,0170-19,section_4,2019,Ordinance No. 0170-19 (1).pdf,Thesis_Obsidian\Ordinances\2019\Ordinance No. 0170-19.md,107,False
1506,0170-19,section_5,2019,Ordinance No. 0170-19 (1).pdf,Thesis_Obsidian\Ordinances\2019\Ordinance No. 0170-19.md,65,False
1507,0170-19,section_6,2019,Ordinance No. 0170-19 (1).pdf,Thesis_Obsidian\Ordinances\2019\Ordinance No. 0170-19.md,0,False
1508,0171-19,section_1,2019,Ordinance No. 0171-19 (1).pdf,Thesis_Obsidian\Ordinances\2019\Ordinance No. 0171-19.md,20,False
1509,0171-19,section_2,2019,Ordinance No. 0171-19 (1).pdf,Thesis_Obsidian\Ordinances\2019\Ordinance No. 0171-19.md,73,False
1510,0171-19,section_3,2019,Ordinance No. 0171-19 (1).pdf,Thesis_Obsidian\Ordinances\2019\Ordinance No. 0171-19.md,4,False
1511,0171-19,section_4,2019,Ordinance No. 0171-19 (1).pdf,Thesis_Obsidian\Ordinances\2019\Ordinance No. 0171-19.md,156,False
1512,0171-19,section_5,2019,Ordinance No. 0171-19 (1).pdf,Thesis_Obsidian\Ordinances\2019\Ordinance No. 0171-19.md,-1,True
1513,0173-19,section_1,2019,Ordinance No. 0173-19 (1).pdf,Thesis_Obsidian\Ordinances\2019\Ordinance No. 0173-19.md,118,False
1514,0173-19,section_2,2019,Ordinance No. 0173-19 (1).pdf,Thesis_Obsidian\Ordinances\2019\Ordinance No. 0173-19.md,67,False
1515,0173-19,section_3,2019,Ordinance No. 0173-19 (1).pdf,Thesis_Obsidian\Ordinances\2019\Ordinance No. 0173-19.md,133,False
1516,0173-19,section_4,2019,Ordinance No. 0173-19 (1).pdf,Thesis_Obsidian\Ordinances\2019\Ordinance No. 0173-19.md,18,False
1517,0173-19,section_5,2019,Ordinance No. 0173-19 (1).pdf,Thesis_Obsidian\Ordinances\2019\Ordinance No. 0173-19.md,76,False
1518,0175-19,section_1,2019,Ordinance No. 0175-19 (1).pdf,Thesis_Obsidian\Ordinances\2019\Ordinance No. 0175-19.md,77,False
1519,0175-19,section_2,2019,Ordinance No. 0175-19 (1).pdf,Thesis_Obsidian\Ordinances\2019\Ordinance No. 0175-19.md,246,False
1520,0175-19,section_3,2019,Ordinance No. 0175-19 (1).pdf,Thesis_Obsidian\Ordinances\2019\Ordinance No. 0175-19.md,-1,True
1521,0175-19,section_4,2019,Ordinance No. 0175-19 (1).pdf,Thesis_Obsidian\Ordinances\2019\Ordinance No. 0175-19.md,107,False
1522,0175-19,section_5,2019,Ordinance No. 0175-19 (1).pdf,Thesis_Obsidian\Ordinances\2019\Ordinance No. 0175-19.md,65,False
1523,0175-19,section_6,2019,Ordinance No. 0175-19 (1).pdf,Thesis_Obsidian\Ordinances\2019\Ordinance No. 0175-19.md,1,False
1524,0176-19,section_1,2019,Ordinance No. 0176-19 (1).pdf,Thesis_Obsidian\Ordinances\2019\Ordinance No. 0176-19.md,23,False
1525,0176-19,section_2,2019,Ordinance No. 0176-19 (1).pdf,Thesis_Obsidian\Ordinances\2019\Ordinance No. 0176-19.md,218,False
1526,0176-19,section_14,2019,Ordinance No. 0176-19 (1).pdf,Thesis_Obsidian\Ordinances\2019\Ordinance No. 0176-19.md,218,False
1527,0176-19,section_3,2019,Ordinance No. 0176-19 (1).pdf,Thesis_Obsidian\Ordinances\2019\Ordinance No. 0176-19.md,23,False
1528,0176-19,section_4,2019,Ordinance No. 0176-19 (1).pdf,Thesis_Obsidian\Ordinances\2019\Ordinance No. 0176-19.md,128,False
1529,0176-19,section_5,2019,Ordinance No. 0176-19 (1).pdf,Thesis_Obsidian\Ordinances\2019\Ordinance No. 0176-19.md,191,False
1530,018-19,section_1,2019,Ordinance No. 018-19 (1).pdf,Thesis_Obsidian\Ordinances\2019\Ordinance No. 018-19.md,254,False
1531,018-19,section_2,2019,Ordinance No. 018-19 (1).pdf,Thesis_Obsidian\Ordinances\2019\Ordinance No. 018-19.md,119,False
1532,018-19,section_3,2019,Ordinance No. 018-19 (1).pdf,Thesis_Obsidian\Ordinances\2019\Ordinance No. 018-19.md,248,False
1533,018-19,section_4,2019,Ordinance No. 018-19 (1).pdf,Thesis_Obsidian\Ordinances\2019\Ordinance No. 018-19.md,121,False
1534,018-19,section_5,2019,Ordinance No. 018-19 (1).pdf,Thesis_Obsidian\Ordinances\2019\Ordinance No. 018-19.md,121,False
1535,018-19,section_6,2019,Ordinance No. 018-19 (1).pdf,Thesis_Obsidian\Ordinances\2019\Ordinance No. 018-19.md,190,False
1536,018-19,section_7,2019,Ordinance No. 018-19 (1).pdf,Thesis_Obsidian\Ordinances\2019\Ordinance No. 018-19.md,202,False
1537,018-19,section_8,2019,Ordinance No. 018-19 (1).pdf,Thesis_Obsidian\Ordinances\2019\Ordinance No. 018-19.md,95,False
1538,018-19,section_9,2019,Ordinance No. 018-19 (1).pdf,Thesis_Obsidian\Ordinances\2019\Ordinance No. 018-19.md,0,False
1539,019-19,section_1,2019,Ordinance No. 019-19 (1).pdf,Thesis_Obsidian\Ordinances\2019\Ordinance No. 019-19.md,-1,True
1540,019-19,section_2,2019,Ordinance No. 019-19 (1).pdf,Thesis_Obsidian\Ordinances\2019\Ordinance No. 019-19.md,28,False
1541,019-19,section_3,2019,Ordinance No. 019-19 (1).pdf,Thesis_Obsidian\Ordinances\2019\Ordinance No. 019-19.md,140,False
1542,019-19,section_4,2019,Ordinance No. 019-19 (1).pdf,Thesis_Obsidian\Ordinances\2019\Ordinance No. 019-19.md,27,False
1543,019-19,section_5,2019,Ordinance No. 019-19 (1).pdf,Thesis_Obsidian\Ordinances\2019\Ordinance No. 019-19.md,24,False
1544,020-19,section_1,2019,Ordinance No. 020-19 (1).pdf,Thesis_Obsidian\Ordinances\2019\Ordinance No. 020-19.md,20,False
1545,020-19,section_2,2019,Ordinance No. 020-19 (1).pdf,Thesis_Obsidian\Ordinances\2019\Ordinance No. 020-19.md,67,False
1546,020-19,section_4,2019,Ordinance No. 020-19 (1).pdf,Thesis_Obsidian\Ordinances\2019\Ordinance No. 020-19.md,38,False
1547,020-19,section_5,2019,Ordinance No. 020-19 (1).pdf,Thesis_Obsidian\Ordinances\2019\Ordinance No. 020-19.md,24,False
1548,021-19,section_1,2019,Ordinance No. 021-19 (1).pdf,Thesis_Obsidian\Ordinances\2019\Ordinance No. 021-19.md,11,False
1549,021-19,section_2,2019,Ordinance No. 021-19 (1).pdf,Thesis_Obsidian\Ordinances\2019\Ordinance No. 021-19.md,141,False
1550,021-19,section_3,2019,Ordinance No. 021-19 (1).pdf,Thesis_Obsidian\Ordinances\2019\Ordinance No. 021-19.md,-1,True
1551,021-19,section_66,2019,Ordinance No. 021-19 (1).pdf,Thesis_Obsidian\Ordinances\2019\Ordinance No. 021-19.md,250,False
1552,021-19,section_4,2019,Ordinance No. 021-19 (1).pdf,Thesis_Obsidian\Ordinances\2019\Ordinance No. 021-19.md,3,False
1553,021-19,section_5,2019,Ordinance No. 021-19 (1).pdf,Thesis_Obsidian\Ordinances\2019\Ordinance No. 021-19.md,0,False
1554,022-19,section_1,2019,Ordinance No. 022-19 (1).pdf,Thesis_Obsidian\Ordinances\2019\Ordinance No. 022-19.md,11,False
1555,022-19,section_2,2019,Ordinance No. 022-19 (1).pdf,Thesis_Obsidian\Ordinances\2019\Ordinance No. 022-19.md,141,False
1556,022-19,section_3,2019,Ordinance No. 022-19 (1).pdf,Thesis_Obsidian\Ordinances\2019\Ordinance No. 022-19.md,-1,True
1557,022-19,section_66,2019,Ordinance No. 022-19 (1).pdf,Thesis_Obsidian\Ordinances\2019\Ordinance No. 022-19.md,250,False
1558,022-19,section_4,2019,Ordinance No. 022-19 (1).pdf,Thesis_Obsidian\Ordinances\2019\Ordinance No. 022-19.md,18,False
1559,022-19,section_5,2019,Ordinance No. 022-19 (1).pdf,Thesis_Obsidian\Ordinances\2019\Ordinance No. 022-19.md,0,False
1560,023-19,section_1,2019,Ordinance No. 023-19 (1).pdf,Thesis_Obsidian\Ordinances\2019\Ordinance No. 023-19.md,26,False
1561,023-19,section_2,2019,Ordinance No. 023-19 (1).pdf,Thesis_Obsidian\Ordinances\2019\Ordinance No. 023-19.md,-1,True
1562,023-19,section_3,2019,Ordinance No. 023-19 (1).pdf,Thesis_Obsidian\Ordinances\2019\Ordinance No. 023-19.md,221,False
1563,023-19,section_4,2019,Ordinance No. 023-19 (1).pdf,Thesis_Obsidian\Ordinances\2019\Ordinance No. 023-19.md,93,False
1564,023-19,section_5,2019,Ordinance No. 023-19 (1).pdf,Thesis_Obsidian\Ordinances\2019\Ordinance No. 023-19.md,-1,True
1565,023-19,section_6,2019,Ordinance No. 023-19 (1).pdf,Thesis_Obsidian\Ordinances\2019\Ordinance No. 023-19.md,134,False
1566,023-19,section_7,2019,Ordinance No. 023-19 (1).pdf,Thesis_Obsidian\Ordinances\2019\Ordinance No. 023-19.md,114,False
1567,023-19,section_8,2019,Ordinance No. 023-19 (1).pdf,Thesis_Obsidian\Ordinances\2019\Ordinance No. 023-19.md,54,False
1568,024-19,section_1,2019,Ordinance No. 024-19 (1).pdf,Thesis_Obsidian\Ordinances\2019\Ordinance No. 024-19.md,77,False
1569,024-19,section_2,2019,Ordinance No. 024-19 (1).pdf,Thesis_Obsidian\Ordinances\2019\Ordinance No. 024-19.md,246,False
1570,024-19,section_3,2019,Ordinance No. 024-19 (1).pdf,Thesis_Obsidian\Ordinances\2019\Ordinance No. 024-19.md,179,False
1571,024-19,section_4,2019,Ordinance No. 024-19 (1).pdf,Thesis_Obsidian\Ordinances\2019\Ordinance No. 024-19.md,107,False
1572,024-19,section_5,2019,Ordinance No. 024-19 (1).pdf,Thesis_Obsidian\Ordinances\2019\Ordinance No. 024-19.md,65,False
1573,024-19,section_6,2019,Ordinance No. 024-19 (1).pdf,Thesis_Obsidian\Ordinances\2019\Ordinance No. 024-19.md,0,False
1574,025-19,section_1,2019,Ordinance No. 025-19 (1).pdf,Thesis_Obsidian\Ordinances\2019\Ordinance No. 025-19.md,77,False
1575,025-19,section_2,2019,Ordinance No. 025-19 (1).pdf,Thesis_Obsidian\Ordinances\2019\Ordinance No. 025-19.md,246,False
1576,025-19,section_3,2019,Ordinance No. 025-19 (1).pdf,Thesis_Obsidian\Ordinances\2019\Ordinance No. 025-19.md,170,False
1577,025-19,section_4,2019,Ordinance No. 025-19 (1).pdf,Thesis_Obsidian\Ordinances\2019\Ordinance No. 025-19.md,107,False
1578,025-19,section_5,2019,Ordinance No. 025-19 (1).pdf,Thesis_Obsidian\Ordinances\2019\Ordinance No. 025-19.md,65,False
1579,025-19,section_6,2019,Ordinance No. 025-19 (1).pdf,Thesis_Obsidian\Ordinances\2019\Ordinance No. 025-19.md,0,False
1580,026-19,section_1,2019,Ordinance No. 026-19 (1).pdf,Thesis_Obsidian\Ordinances\2019\Ordinance No. 026-19.md,20,False
1581,026-19,section_2,2019,Ordinance No. 026-19 (1).pdf,Thesis_Obsidian\Ordinances\2019\Ordinance No. 026-19.md,71,False
1582,026-19,section_22,2019,Ordinance No. 026-19 (1).pdf,Thesis_Obsidian\Ordinances\2019\Ordinance No. 026-19.md,92,False
1583,026-19,section_3,2019,Ordinance No. 026-19 (1).pdf,Thesis_Obsidian\Ordinances\2019\Ordinance No. 026-19.md,4,False
1584,026-19,section_4,2019,Ordinance No. 026-19 (1).pdf,Thesis_Obsidian\Ordinances\2019\Ordinance No. 026-19.md,10,False
1585,026-19,section_5,2019,Ordinance No. 026-19 (1).pdf,Thesis_Obsidian\Ordinances\2019\Ordinance No. 026-19.md,181,False
1586,033-19,section_1,2019,Ordinance No. 033-19 (1).pdf,Thesis_Obsidian\Ordinances\2019\Ordinance No. 033-19.md,218,False
1587,034-19,section_1,2019,Ordinance No. 034-19 (1).pdf,Thesis_Obsidian\Ordinances\2019\Ordinance No. 034-19.md,179,False
1588,034-19,section_2,2019,Ordinance No. 034-19 (1).pdf,Thesis_Obsidian\Ordinances\2019\Ordinance No. 034-19.md,21,False
1589,034-19,section_3,2019,Ordinance No. 034-19 (1).pdf,Thesis_Obsidian\Ordinances\2019\Ordinance No. 034-19.md,52,False
1590,034-19,section_4,2019,Ordinance No. 034-19 (1).pdf,Thesis_Obsidian\Ordinances\2019\Ordinance No. 034-19.md,95,False
1591,034-19,section_5,2019,Ordinance No. 034-19 (1).pdf,Thesis_Obsidian\Ordinances\2019\Ordinance No. 034-19.md,0,False
1592,035-19,section_1,2019,Ordinance No. 035-19 (1).pdf,Thesis_Obsidian\Ordinances\2019\Ordinance No. 035-19.md,36,False
1593,035-19,section_2,2019,Ordinance No. 035-19 (1).pdf,Thesis_Obsidian\Ordinances\2019\Ordinance No. 035-19.md,-1,True
1594,035-19,section_3,2019,Ordinance No. 035-19 (1).pdf,Thesis_Obsidian\Ordinances\2019\Ordinance No. 035-19.md,36,False
1595,035-19,section_4,2019,Ordinance No. 035-19 (1).pdf,Thesis_Obsidian\Ordinances\2019\Ordinance No. 035-19.md,-1,True
1596,037-19,section_1,2019,Ordinance No. 037-19 (1).pdf,Thesis_Obsidian\Ordinances\2019\Ordinance No. 037-19.md,102,False
1597,037-19,section_2,2019,Ordinance No. 037-19 (1).pdf,Thesis_Obsidian\Ordinances\2019\Ordinance No. 037-19.md,58,False
1598,037-19,section_8,2019,Ordinance No. 037-19 (1).pdf,Thesis_Obsidian\Ordinances\2019\Ordinance No. 037-19.md,14,False
1599,037-19,section_10,2019,Ordinance No. 037-19 (1).pdf,Thesis_Obsidian\Ordinances\2019\Ordinance No. 037-19.md,-1,True
1600,037-19,section_6,2019,Ordinance No. 037-19 (1).pdf,Thesis_Obsidian\Ordinances\2019\Ordinance No. 037-19.md,155,False
1601,037-19,section_3,2019,Ordinance No. 037-19 (1).pdf,Thesis_Obsidian\Ordinances\2019\Ordinance No. 037-19.md,-1,True
1602,038-19,section_2,2019,Ordinance No. 038-19 (1).pdf,Thesis_Obsidian\Ordinances\2019\Ordinance No. 038-19.md,58,False
1603,038-19,section_3,2019,Ordinance No. 038-19 (1).pdf,Thesis_Obsidian\Ordinances\2019\Ordinance No. 038-19.md,28,False
1604,038-19,section_4,2019,Ordinance No. 038-19 (1).pdf,Thesis_Obsidian\Ordinances\2019\Ordinance No. 038-19.md,103,False
1605,038-19,section_5,2019,Ordinance No. 038-19 (1).pdf,Thesis_Obsidian\Ordinances\2019\Ordinance No. 038-19.md,54,False
1606,039-19,section_1,2019,Ordinance No. 039-19 (1).pdf,Thesis_Obsidian\Ordinances\2019\Ordinance No. 039-19.md,11,False
1607,039-19,section_2,2019,Ordinance No. 039-19 (1).pdf,Thesis_Obsidian\Ordinances\2019\Ordinance No. 039-19.md,141,False
1608,039-19,section_3,2019,Ordinance No. 039-19 (1).pdf,Thesis_Obsidian\Ordinances\2019\Ordinance No. 039-19.md,122,False
1609,039-19,section_4,2019,Ordinance No. 039-19 (1).pdf,Thesis_Obsidian\Ordinances\2019\Ordinance No. 039-19.md,16,False
1610,039-19,section_5,2019,Ordinance No. 039-19 (1).pdf,Thesis_Obsidian\Ordinances\2019\Ordinance No. 039-19.md,0,False
1611,040-19,section_1,2019,Ordinance No. 040-19 (1).pdf,Thesis_Obsidian\Ordinances\2019\Ordinance No. 040-19.md,118,False
1612,040-19,section_2,2019,Ordinance No. 040-19 (1).pdf,Thesis_Obsidian\Ordinances\2019\Ordinance No. 040-19.md,71,False
1613,040-19,section_3,2019,Ordinance No. 040-19 (1).pdf,Thesis_Obsidian\Ordinances\2019\Ordinance No. 040-19.md,60,False
1614,040-19,section_4,2019,Ordinance No. 040-19 (1).pdf,Thesis_Obsidian\Ordinances\2019\Ordinance No. 040-19.md,148,False
1615,040-19,section_5,2019,Ordinance No. 040-19 (1).pdf,Thesis_Obsidian\Ordinances\2019\Ordinance No. 040-19.md,0,False
1616,041-19,section_1,2019,Ordinance No. 041-19 (1).pdf,Thesis_Obsidian\Ordinances\2019\Ordinance No. 041-19.md,73,False
1617,041-19,section_3,2019,Ordinance No. 041-19 (1).pdf,Thesis_Obsidian\Ordinances\2019\Ordinance No. 041-19.md,4,False
1618,041-19,section_4,2019,Ordinance No. 041-19 (1).pdf,Thesis_Obsidian\Ordinances\2019\Ordinance No. 041-19.md,181,False
1619,043-19,section_1,2019,Ordinance No. 043-19 (1).pdf,Thesis_Obsidian\Ordinances\2019\Ordinance No. 043-19.md,67,False
1620,043-19,section_3,2019,Ordinance No. 043-19 (1).pdf,Thesis_Obsidian\Ordinances\2019\Ordinance No. 043-19.md,41,False
1621,043-19,section_5,2019,Ordinance No. 043-19 (1).pdf,Thesis_Obsidian\Ordinances\2019\Ordinance No. 043-19.md,24,False
1622,045-19,section_1,2019,Ordinance No. 045-19 (1).pdf,Thesis_Obsidian\Ordinances\2019\Ordinance No. 045-19.md,255,False
1623,045-19,section_2,2019,Ordinance No. 045-19 (1).pdf,Thesis_Obsidian\Ordinances\2019\Ordinance No. 045-19.md,206,False
1624,045-19,section_16,2019,Ordinance No. 045-19 (1).pdf,Thesis_Obsidian\Ordinances\2019\Ordinance No. 045-19.md,69,False
1625,045-19,section_3,2019,Ordinance No. 045-19 (1).pdf,Thesis_Obsidian\Ordinances\2019\Ordinance No. 045-19.md,41,False
1626,045-19,section_5,2019,Ordinance No. 045-19 (1).pdf,Thesis_Obsidian\Ordinances\2019\Ordinance No. 045-19.md,147,False
1627,047-19,section_1,2019,Ordinance No. 047-19 (1).pdf,Thesis_Obsidian\Ordinances\2019\Ordinance No. 047-19.md,20,False
1628,047-19,section_2,2019,Ordinance No. 047-19 (1).pdf,Thesis_Obsidian\Ordinances\2019\Ordinance No. 047-19.md,206,False
1629,047-19,section_16,2019,Ordinance No. 047-19 (1).pdf,Thesis_Obsidian\Ordinances\2019\Ordinance No. 047-19.md,45,False
1630,047-19,section_3,2019,Ordinance No. 047-19 (1).pdf,Thesis_Obsidian\Ordinances\2019\Ordinance No. 047-19.md,-1,True
1631,047-19,section_5,2019,Ordinance No. 047-19 (1).pdf,Thesis_Obsidian\Ordinances\2019\Ordinance No. 047-19.md,191,False
1632,048-19,section_1,2019,Ordinance No. 048-19 (1).pdf,Thesis_Obsidian\Ordinances\2019\Ordinance No. 048-19.md,20,False
1633,048-19,section_2,2019,Ordinance No. 048-19 (1).pdf,Thesis_Obsidian\Ordinances\2019\Ordinance No. 048-19.md,206,False
1634,048-19,section_16,2019,Ordinance No. 048-19 (1).pdf,Thesis_Obsidian\Ordinances\2019\Ordinance No. 048-19.md,69,False
1635,048-19,section_3,2019,Ordinance No. 048-19 (1).pdf,Thesis_Obsidian\Ordinances\2019\Ordinance No. 048-19.md,4,False
1636,048-19,section_4,2019,Ordinance No. 048-19 (1).pdf,Thesis_Obsidian\Ordinances\2019\Ordinance No. 048-19.md,209,False
1637,048-19,section_5,2019,Ordinance No. 048-19 (1).pdf,Thesis_Obsidian\Ordinances\2019\Ordinance No. 048-19.md,181,False
1638,048-19,section_8,2019,Ordinance No. 048-19 (1).pdf,Thesis_Obsidian\Ordinances\2019\Ordinance No. 048-19.md,181,False
1639,050-19,section_1,2019,Ordinance No. 050-19 (1).pdf,Thesis_Obsidian\Ordinances\2019\Ordinance No. 050-19.md,68,False
1640,050-19,section_2,2019,Ordinance No. 050-19 (1).pdf,Thesis_Obsidian\Ordinances\2019\Ordinance No. 050-19.md,68,False
1641,050-19,section_3,2019,Ordinance No. 050-19 (1).pdf,Thesis_Obsidian\Ordinances\2019\Ordinance No. 050-19.md,167,False
1642,050-19,section_4,2019,Ordinance No. 050-19 (1).pdf,Thesis_Obsidian\Ordinances\2019\Ordinance No. 050-19.md,0,False
1643,051-19,section_1,2019,Ordinance No. 051-19 (1).pdf,Thesis_Obsidian\Ordinances\2019\Ordinance No. 051-19.md,81,False
1644,051-19,section_2,2019,Ordinance No. 051-19 (1).pdf,Thesis_Obsidian\Ordinances\2019\Ordinance No. 051-19.md,67,False
1645,051-19,section_3,2019,Ordinance No. 051-19 (1).pdf,Thesis_Obsidian\Ordinances\2019\Ordinance No. 051-19.md,4,False
1646,051-19,section_4,2019,Ordinance No. 051-19 (1).pdf,Thesis_Obsidian\Ordinances\2019\Ordinance No. 051-19.md,148,False
1647,051-19,section_5,2019,Ordinance No. 051-19 (1).pdf,Thesis_Obsidian\Ordinances\2019\Ordinance No. 051-19.md,181,False
1648,052-19,section_1,2019,Ordinance No. 052-19 (1).pdf,Thesis_Obsidian\Ordinances\2019\Ordinance No. 052-19.md,164,False
1649,052-19,section_2,2019,Ordinance No. 052-19 (1).pdf,Thesis_Obsidian\Ordinances\2019\Ordinance No. 052-19.md,-1,True
1650,052-19,section_3,2019,Ordinance No. 052-19 (1).pdf,Thesis_Obsidian\Ordinances\2019\Ordinance No. 052-19.md,68,False
1651,052-19,section_234,2019,Ordinance No. 052-19 (1).pdf,Thesis_Obsidian\Ordinances\2019\Ordinance No. 052-19.md,-1,True
1652,052-19,section_4,2019,Ordinance No. 052-19 (1).pdf,Thesis_Obsidian\Ordinances\2019\Ordinance No. 052-19.md,70,False
1653,052-19,section_6,2019,Ordinance No. 052-19 (1).pdf,Thesis_Obsidian\Ordinances\2019\Ordinance No. 052-19.md,-1,True
1654,053-19,section_1,2019,Ordinance No. 053-19 (1).pdf,Thesis_Obsidian\Ordinances\2019\Ordinance No. 053-19.md,20,False
1655,053-19,section_2,2019,Ordinance No. 053-19 (1).pdf,Thesis_Obsidian\Ordinances\2019\Ordinance No. 053-19.md,206,False
1656,053-19,section_16,2019,Ordinance No. 053-19 (1).pdf,Thesis_Obsidian\Ordinances\2019\Ordinance No. 053-19.md,69,False
1657,053-19,section_4,2019,Ordinance No. 053-19 (1).pdf,Thesis_Obsidian\Ordinances\2019\Ordinance No. 053-19.md,169,False
1658,053-19,section_5,2019,Ordinance No. 053-19 (1).pdf,Thesis_Obsidian\Ordinances\2019\Ordinance No. 053-19.md,24,False
1659,054-19,section_1,2019,Ordinance No. 054-19 (1).pdf,Thesis_Obsidian\Ordinances\2019\Ordinance No. 054-19.md,20,False
1660,054-19,section_2,2019,Ordinance No. 054-19 (1).pdf,Thesis_Obsidian\Ordinances\2019\Ordinance No. 054-19.md,130,False
1661,054-19,section_3,2019,Ordinance No. 054-19 (1).pdf,Thesis_Obsidian\Ordinances\2019\Ordinance No. 054-19.md,4,False
1662,054-19,section_4,2019,Ordinance No. 054-19 (1).pdf,Thesis_Obsidian\Ordinances\2019\Ordinance No. 054-19.md,169,False
1663,054-19,section_5,2019,Ordinance No. 054-19 (1).pdf,Thesis_Obsidian\Ordinances\2019\Ordinance No. 054-19.md,2,False
1664,055-19,section_1,2019,Ordinance No. 055-19 (1).pdf,Thesis_Obsidian\Ordinances\2019\Ordinance No. 055-19.md,20,False
1665,055-19,section_2,2019,Ordinance No. 055-19 (1).pdf,Thesis_Obsidian\Ordinances\2019\Ordinance No. 055-19.md,71,False
1666,055-19,section_3,2019,Ordinance No. 055-19 (1).pdf,Thesis_Obsidian\Ordinances\2019\Ordinance No. 055-19.md,4,False
1667,055-19,section_4,2019,Ordinance No. 055-19 (1).pdf,Thesis_Obsidian\Ordinances\2019\Ordinance No. 055-19.md,10,False
1668,055-19,section_5,2019,Ordinance No. 055-19 (1).pdf,Thesis_Obsidian\Ordinances\2019\Ordinance No. 055-19.md,2,False
1669,056-19,section_1,2019,Ordinance No. 056-19 (1).pdf,Thesis_Obsidian\Ordinances\2019\Ordinance No. 056-19.md,20,False
1670,056-19,section_2,2019,Ordinance No. 056-19 (1).pdf,Thesis_Obsidian\Ordinances\2019\Ordinance No. 056-19.md,71,False
1671,056-19,section_3,2019,Ordinance No. 056-19 (1).pdf,Thesis_Obsidian\Ordinances\2019\Ordinance No. 056-19.md,4,False
1672,056-19,section_4,2019,Ordinance No. 056-19 (1).pdf,Thesis_Obsidian\Ordinances\2019\Ordinance No. 056-19.md,18,False
1673,056-19,section_5,2019,Ordinance No. 056-19 (1).pdf,Thesis_Obsidian\Ordinances\2019\Ordinance No. 056-19.md,181,False
1674,057-19,section_2,2019,Ordinance No. 057-19 (1).pdf,Thesis_Obsidian\Ordinances\2019\Ordinance No. 057-19.md,206,False
1675,057-19,section_16,2019,Ordinance No. 057-19 (1).pdf,Thesis_Obsidian\Ordinances\2019\Ordinance No. 057-19.md,69,False
1676,057-19,section_3,2019,Ordinance No. 057-19 (1).pdf,Thesis_Obsidian\Ordinances\2019\Ordinance No. 057-19.md,41,False
1677,057-19,section_5,2019,Ordinance No. 057-19 (1).pdf,Thesis_Obsidian\Ordinances\2019\Ordinance No. 057-19.md,132,False
1678,058-19,section_2,2019,Ordinance No. 058-19 (1).pdf,Thesis_Obsidian\Ordinances\2019\Ordinance No. 058-19.md,130,False
1679,058-19,section_3,2019,Ordinance No. 058-19 (1).pdf,Thesis_Obsidian\Ordinances\2019\Ordinance No. 058-19.md,-1,True
1680,058-19,section_4,2019,Ordinance No. 058-19 (1).pdf,Thesis_Obsidian\Ordinances\2019\Ordinance No. 058-19.md,-1,True
1681,058-19,section_5,2019,Ordinance No. 058-19 (1).pdf,Thesis_Obsidian\Ordinances\2019\Ordinance No. 058-19.md,132,False
1682,059-19,section_1,2019,Ordinance No. 059-19 (1).pdf,Thesis_Obsidian\Ordinances\2019\Ordinance No. 059-19.md,15,False
1683,059-19,section_2,2019,Ordinance No. 059-19 (1).pdf,Thesis_Obsidian\Ordinances\2019\Ordinance No. 059-19.md,12,False
1684,059-19,section_3,2019,Ordinance No. 059-19 (1).pdf,Thesis_Obsidian\Ordinances\2019\Ordinance No. 059-19.md,22,False
1685,059-19,section_4,2019,Ordinance No. 059-19 (1).pdf,Thesis_Obsidian\Ordinances\2019\Ordinance No. 059-19.md,3,False
1686,059-19,section_5,2019,Ordinance No. 059-19 (1).pdf,Thesis_Obsidian\Ordinances\2019\Ordinance No. 059-19.md,0,False
1687,060-19,section_1,2019,Ordinance No. 060-19 (1).pdf,Thesis_Obsidian\Ordinances\2019\Ordinance No. 060-19.md,15,False
1688,060-19,section_3,2019,Ordinance No. 060-19 (1).pdf,Thesis_Obsidian\Ordinances\2019\Ordinance No. 060-19.md,188,False
1689,060-19,section_4,2019,Ordinance No. 060-19 (1).pdf,Thesis_Obsidian\Ordinances\2019\Ordinance No. 060-19.md,18,False
1690,060-19,section_2,2019,Ordinance No. 060-19 (1).pdf,Thesis_Obsidian\Ordinances\2019\Ordinance No. 060-19.md,37,False
1691,060-19,section_5,2019,Ordinance No. 060-19 (1).pdf,Thesis_Obsidian\Ordinances\2019\Ordinance No. 060-19.md,2,False
1692,061-19,section_1,2019,Ordinance No. 061-19 (1).pdf,Thesis_Obsidian\Ordinances\2019\Ordinance No. 061-19.md,73,False
1693,061-19,section_3,2019,Ordinance No. 061-19 (1).pdf,Thesis_Obsidian\Ordinances\2019\Ordinance No. 061-19.md,41,False
1694,061-19,section_5,2019,Ordinance No. 061-19 (1).pdf,Thesis_Obsidian\Ordinances\2019\Ordinance No. 061-19.md,147,False
1695,062-19,section_2,2019,Ordinance No. 062-19 (1).pdf,Thesis_Obsidian\Ordinances\2019\Ordinance No. 062-19.md,148,False
1696,062-19,section_5,2019,Ordinance No. 062-19 (1).pdf,Thesis_Obsidian\Ordinances\2019\Ordinance No. 062-19.md,54,False
1697,0631-18,section_1,2019,Ordinance No. 0631-18.pdf,Thesis_Obsidian\Ordinances\2019\Ordinance No. 0631-18.md,124,False
1698,0631-18,section_2,2019,Ordinance No. 0631-18.pdf,Thesis_Obsidian\Ordinances\2019\Ordinance No. 0631-18.md,-1,True
1699,0631-18,section_3,2019,Ordinance No. 0631-18.pdf,Thesis_Obsidian\Ordinances\2019\Ordinance No. 0631-18.md,52,False
1700,0631-18,section_4,2019,Ordinance No. 0631-18.pdf,Thesis_Obsidian\Ordinances\2019\Ordinance No. 0631-18.md,156,False
1701,0631-18,section_5,2019,Ordinance No. 0631-18.pdf,Thesis_Obsidian\Ordinances\2019\Ordinance No. 0631-18.md,108,False
1702,0632-18,section_1,2019,Ordinance No. 0632-18.pdf,Thesis_Obsidian\Ordinances\2019\Ordinance No. 0632-18.md,124,False
1703,0632-18,section_2,2019,Ordinance No. 0632-18.pdf,Thesis_Obsidian\Ordinances\2019\Ordinance No. 0632-18.md,116,False
1704,0632-18,section_3,2019,Ordinance No. 0632-18.pdf,Thesis_Obsidian\Ordinances\2019\Ordinance No. 0632-18.md,52,False
1705,0632-18,section_4,2019,Ordinance No. 0632-18.pdf,Thesis_Obsidian\Ordinances\2019\Ordinance No. 0632-18.md,75,False
1706,0632-18,section_5,2019,Ordinance No. 0632-18.pdf,Thesis_Obsidian\Ordinances\2019\Ordinance No. 0632-18.md,78,False
1707,064-19,section_1,2019,Ordinance No. 064-19 (1).pdf,Thesis_Obsidian\Ordinances\2019\Ordinance No. 064-19.md,102,False
1708,064-19,section_2,2019,Ordinance No. 064-19 (1).pdf,Thesis_Obsidian\Ordinances\2019\Ordinance No. 064-19.md,58,False
1709,064-19,section_3,2019,Ordinance No. 064-19 (1).pdf,Thesis_Obsidian\Ordinances\2019\Ordinance No. 064-19.md,224,False
1710,0642-18,section_1,2019,Ordinance No. 0642-18.pdf,Thesis_Obsidian\Ordinances\2019\Ordinance No. 0642-18.md,179,False
1711,0642-18,section_2,2019,Ordinance No. 0642-18.pdf,Thesis_Obsidian\Ordinances\2019\Ordinance No. 0642-18.md,116,False
1712,0642-18,section_3,2019,Ordinance No. 0642-18.pdf,Thesis_Obsidian\Ordinances\2019\Ordinance No. 0642-18.md,52,False
1713,0642-18,section_4,2019,Ordinance No. 0642-18.pdf,Thesis_Obsidian\Ordinances\2019\Ordinance No. 0642-18.md,3,False
1714,0642-18,section_5,2019,Ordinance No. 0642-18.pdf,Thesis_Obsidian\Ordinances\2019\Ordinance No. 0642-18.md,108,False
1715,0643-18,section_1,2019,Ordinance No. 0643-18.pdf,Thesis_Obsidian\Ordinances\2019\Ordinance No. 0643-18.md,124,False
1716,0643-18,section_2,2019,Ordinance No. 0643-18.pdf,Thesis_Obsidian\Ordinances\2019\Ordinance No. 0643-18.md,116,False
1717,0643-18,section_3,2019,Ordinance No. 0643-18.pdf,Thesis_Obsidian\Ordinances\2019\Ordinance No. 0643-18.md,52,False
1718,0643-18,section_5,2019,Ordinance No. 0643-18.pdf,Thesis_Obsidian\Ordinances\2019\Ordinance No. 0643-18.md,50,False
1719,0644-18,section_2,2019,Ordinance No. 0644-18.pdf,Thesis_Obsidian\Ordinances\2019\Ordinance No. 0644-18.md,265,False
1720,0644-18,section_4,2019,Ordinance No. 0644-18.pdf,Thesis_Obsidian\Ordinances\2019\Ordinance No. 0644-18.md,18,False
1721,0644-18,section_5,2019,Ordinance No. 0644-18.pdf,Thesis_Obsidian\Ordinances\2019\Ordinance No. 0644-18.md,108,False
1722,0645-18,section_1,2019,Ordinance No. 0645-18.pdf,Thesis_Obsidian\Ordinances\2019\Ordinance No. 0645-18.md,265,False
1723,0645-18,section_3,2019,Ordinance No. 0645-18.pdf,Thesis_Obsidian\Ordinances\2019\Ordinance No. 0645-18.md,52,False
1724,0647-18,section_1,2019,Ordinance No. 0647-18.pdf,Thesis_Obsidian\Ordinances\2019\Ordinance No. 0647-18.md,179,False
1725,0647-18,section_2,2019,Ordinance No. 0647-18.pdf,Thesis_Obsidian\Ordinances\2019\Ordinance No. 0647-18.md,265,False
1726,0647-18,section_4,2019,Ordinance No. 0647-18.pdf,Thesis_Obsidian\Ordinances\2019\Ordinance No. 0647-18.md,75,False
1727,0647-18,section_5,2019,Ordinance No. 0647-18.pdf,Thesis_Obsidian\Ordinances\2019\Ordinance No. 0647-18.md,-1,True
1728,0648-18,section_1,2019,Ordinance No. 0648-18.pdf,Thesis_Obsidian\Ordinances\2019\Ordinance No. 0648-18.md,124,False
1729,0648-18,section_2,2019,Ordinance No. 0648-18.pdf,Thesis_Obsidian\Ordinances\2019\Ordinance No. 0648-18.md,116,False
1730,0648-18,section_3,2019,Ordinance No. 0648-18.pdf,Thesis_Obsidian\Ordinances\2019\Ordinance No. 0648-18.md,52,False
1731,0648-18,section_4,2019,Ordinance No. 0648-18.pdf,Thesis_Obsidian\Ordinances\2019\Ordinance No. 0648-18.md,95,False
1732,0648-18,section_5,2019,Ordinance No. 0648-18.pdf,Thesis_Obsidian\Ordinances\2019\Ordinance No. 0648-18.md,50,False
1733,0653-18,section_1,2019,Ordinance No. 0653-18.pdf,Thesis_Obsidian\Ordinances\2019\Ordinance No. 0653-18.md,124,False
1734,0653-18,section_2,2019,Ordinance No. 0653-18.pdf,Thesis_Obsidian\Ordinances\2019\Ordinance No. 0653-18.md,116,False
1735,0653-18,section_3,2019,Ordinance No. 0653-18.pdf,Thesis_Obsidian\Ordinances\2019\Ordinance No. 0653-18.md,52,False
1736,0653-18,section_5,2019,Ordinance No. 0653-18.pdf,Thesis_Obsidian\Ordinances\2019\Ordinance No. 0653-18.md,108,False
1737,0655-18,section_1,2019,Ordinance No. 0655-18.pdf,Thesis_Obsidian\Ordinances\2019\Ordinance No. 0655-18.md,265,False
1738,0655-18,section_3,2019,Ordinance No. 0655-18.pdf,Thesis_Obsidian\Ordinances\2019\Ordinance No. 0655-18.md,52,False
1739,0655-18,section_4,2019,Ordinance No. 0655-18.pdf,Thesis_Obsidian\Ordinances\2019\Ordinance No. 0655-18.md,16,False
1740,0655-18,section_5,2019,Ordinance No. 0655-18.pdf,Thesis_Obsidian\Ordinances\2019\Ordinance No. 0655-18.md,108,False
1741,0657-18,section_2,2019,Ordinance No. 0657-18.pdf,Thesis_Obsidian\Ordinances\2019\Ordinance No. 0657-18.md,116,False
1742,0657-18,section_3,2019,Ordinance No. 0657-18.pdf,Thesis_Obsidian\Ordinances\2019\Ordinance No. 0657-18.md,52,False
1743,0657-18,section_4,2019,Ordinance No. 0657-18.pdf,Thesis_Obsidian\Ordinances\2019\Ordinance No. 0657-18.md,-1,True
1744,0657-18,section_5,2019,Ordinance No. 0657-18.pdf,Thesis_Obsidian\Ordinances\2019\Ordinance No. 0657-18.md,108,False
1745,0658-18,section_1,2019,Ordinance No. 0658-18.pdf,Thesis_Obsidian\Ordinances\2019\Ordinance No. 0658-18.md,124,False
1746,0658-18,section_2,2019,Ordinance No. 0658-18.pdf,Thesis_Obsidian\Ordinances\2019\Ordinance No. 0658-18.md,116,False
1747,0658-18,section_3,2019,Ordinance No. 0658-18.pdf,Thesis_Obsidian\Ordinances\2019\Ordinance No. 0658-18.md,52,False
1748,0658-18,section_5,2019,Ordinance No. 0658-18.pdf,Thesis_Obsidian\Ordinances\2019\Ordinance No. 0658-18.md,108,False
1749,066-19,section_2,2019,Ordinance No. 066-19 (1).pdf,Thesis_Obsidian\Ordinances\2019\Ordinance No. 066-19.md,195,False
1750,066-19,section_3,2019,Ordinance No. 066-19 (1).pdf,Thesis_Obsidian\Ordinances\2019\Ordinance No. 066-19.md,195,False
1751,066-19,section_4,2019,Ordinance No. 066-19 (1).pdf,Thesis_Obsidian\Ordinances\2019\Ordinance No. 066-19.md,136,False
1752,066-19,section_16,2019,Ordinance No. 066-19 (1).pdf,Thesis_Obsidian\Ordinances\2019\Ordinance No. 066-19.md,32,False
1753,066-19,section_5,2019,Ordinance No. 066-19 (1).pdf,Thesis_Obsidian\Ordinances\2019\Ordinance No. 066-19.md,195,False
1754,066-19,section_6,2019,Ordinance No. 066-19 (1).pdf,Thesis_Obsidian\Ordinances\2019\Ordinance No. 066-19.md,-1,True
1755,066-19,section_7,2019,Ordinance No. 066-19 (1).pdf,Thesis_Obsidian\Ordinances\2019\Ordinance No. 066-19.md,0,False
1756,0668-18,section_1,2019,Ordinance No. 0668-18.pdf,Thesis_Obsidian\Ordinances\2019\Ordinance No. 0668-18.md,81,False
1757,0668-18,section_2,2019,Ordinance No. 0668-18.pdf,Thesis_Obsidian\Ordinances\2019\Ordinance No. 0668-18.md,130,False
1758,0668-18,section_3,2019,Ordinance No. 0668-18.pdf,Thesis_Obsidian\Ordinances\2019\Ordinance No. 0668-18.md,4,False
1759,0668-18,section_4,2019,Ordinance No. 0668-18.pdf,Thesis_Obsidian\Ordinances\2019\Ordinance No. 0668-18.md,209,False
1760,0668-18,section_5,2019,Ordinance No. 0668-18.pdf,Thesis_Obsidian\Ordinances\2019\Ordinance No. 0668-18.md,24,False
1761,067-19,section_1,2019,Ordinance No. 067-19 (1).pdf,Thesis_Obsidian\Ordinances\2019\Ordinance No. 067-19.md,11,False
1762,067-19,section_2,2019,Ordinance No. 067-19 (1).pdf,Thesis_Obsidian\Ordinances\2019\Ordinance No. 067-19.md,141,False
1763,067-19,section_66,2019,Ordinance No. 067-19 (1).pdf,Thesis_Obsidian\Ordinances\2019\Ordinance No. 067-19.md,250,False
1764,067-19,section_4,2019,Ordinance No. 067-19 (1).pdf,Thesis_Obsidian\Ordinances\2019\Ordinance No. 067-19.md,11,False
1765,067-19,section_5,2019,Ordinance No. 067-19 (1).pdf,Thesis_Obsidian\Ordinances\2019\Ordinance No. 067-19.md,219,False
1766,067-19,section_6,2019,Ordinance No. 067-19 (1).pdf,Thesis_Obsidian\Ordinances\2019\Ordinance No. 067-19.md,-1,True
1767,0677-19,section_1,2019,Ordinance No. 0677-19 (1).pdf,Thesis_Obsidian\Ordinances\2019\Ordinance No. 0677-19.md,77,False
1768,0677-19,section_2,2019,Ordinance No. 0677-19 (1).pdf,Thesis_Obsidian\Ordinances\2019\Ordinance No. 0677-19.md,119,False
1769,0677-19,section_3,2019,Ordinance No. 0677-19 (1).pdf,Thesis_Obsidian\Ordinances\2019\Ordinance No. 0677-19.md,260,False
1770,0677-19,section_4,2019,Ordinance No. 0677-19 (1).pdf,Thesis_Obsidian\Ordinances\2019\Ordinance No. 0677-19.md,170,False
1771,0677-19,section_5,2019,Ordinance No. 0677-19 (1).pdf,Thesis_Obsidian\Ordinances\2019\Ordinance No. 0677-19.md,107,False
1772,0677-19,section_6,2019,Ordinance No. 0677-19 (1).pdf,Thesis_Obsidian\Ordinances\2019\Ordinance No. 0677-19.md,65,False
1773,0677-19,section_7,2019,Ordinance No. 0677-19 (1).pdf,Thesis_Obsidian\Ordinances\2019\Ordinance No. 0677-19.md,-1,True
1774,068-19,section_1,2019,Ordinance No. 068-19 (1).pdf,Thesis_Obsidian\Ordinances\2019\Ordinance No. 068-19.md,32,False
1775,068-19,section_3,2019,Ordinance No. 068-19 (1).pdf,Thesis_Obsidian\Ordinances\2019\Ordinance No. 068-19.md,25,False
1776,068-19,section_7,2019,Ordinance No. 068-19 (1).pdf,Thesis_Obsidian\Ordinances\2019\Ordinance No. 068-19.md,25,False
1777,068-19,section_8,2019,Ordinance No. 068-19 (1).pdf,Thesis_Obsidian\Ordinances\2019\Ordinance No. 068-19.md,25,False
1778,068-19,section_11,2019,Ordinance No. 068-19 (1).pdf,Thesis_Obsidian\Ordinances\2019\Ordinance No. 068-19.md,25,False
1779,068-19,section_13,2019,Ordinance No. 068-19 (1).pdf,Thesis_Obsidian\Ordinances\2019\Ordinance No. 068-19.md,25,False
1780,068-19,section_14,2019,Ordinance No. 068-19 (1).pdf,Thesis_Obsidian\Ordinances\2019\Ordinance No. 068-19.md,25,False
1781,068-19,section_15,2019,Ordinance No. 068-19 (1).pdf,Thesis_Obsidian\Ordinances\2019\Ordinance No. 068-19.md,217,False
1782,068-19,section_16,2019,Ordinance No. 068-19 (1).pdf,Thesis_Obsidian\Ordinances\2019\Ordinance No. 068-19.md,217,False
1783,068-19,section_17,2019,Ordinance No. 068-19 (1).pdf,Thesis_Obsidian\Ordinances\2019\Ordinance No. 068-19.md,25,False
1784,068-19,section_18,2019,Ordinance No. 068-19 (1).pdf,Thesis_Obsidian\Ordinances\2019\Ordinance No. 068-19.md,25,False
1785,068-19,section_19,2019,Ordinance No. 068-19 (1).pdf,Thesis_Obsidian\Ordinances\2019\Ordinance No. 068-19.md,25,False
1786,068-19,section_20,2019,Ordinance No. 068-19 (1).pdf,Thesis_Obsidian\Ordinances\2019\Ordinance No. 068-19.md,-1,True
1787,068-19,section_21,2019,Ordinance No. 068-19 (1).pdf,Thesis_Obsidian\Ordinances\2019\Ordinance No. 068-19.md,88,False
1788,068-19,section_23,2019,Ordinance No. 068-19 (1).pdf,Thesis_Obsidian\Ordinances\2019\Ordinance No. 068-19.md,103,False
1789,068-19,section_24,2019,Ordinance No. 068-19 (1).pdf,Thesis_Obsidian\Ordinances\2019\Ordinance No. 068-19.md,157,False
1790,068-19,section_22,2019,Ordinance No. 068-19 (1).pdf,Thesis_Obsidian\Ordinances\2019\Ordinance No. 068-19.md,-1,True
1791,0680-19,section_1,2019,Ordinance No. 0680-19 (1).pdf,Thesis_Obsidian\Ordinances\2019\Ordinance No. 0680-19.md,23,False
1792,0680-19,section_2,2019,Ordinance No. 0680-19 (1).pdf,Thesis_Obsidian\Ordinances\2019\Ordinance No. 0680-19.md,23,False
1793,0680-19,section_3,2019,Ordinance No. 0680-19 (1).pdf,Thesis_Obsidian\Ordinances\2019\Ordinance No. 0680-19.md,90,False
1794,0680-19,section_4,2019,Ordinance No. 0680-19 (1).pdf,Thesis_Obsidian\Ordinances\2019\Ordinance No. 0680-19.md,70,False
1795,0680-19,section_5,2019,Ordinance No. 0680-19 (1).pdf,Thesis_Obsidian\Ordinances\2019\Ordinance No. 0680-19.md,157,False
1796,0680-19,section_6,2019,Ordinance No. 0680-19 (1).pdf,Thesis_Obsidian\Ordinances\2019\Ordinance No. 0680-19.md,50,False
1797,0683-19,section_1,2019,Ordinance No. 0683-19 (1).pdf,Thesis_Obsidian\Ordinances\2019\Ordinance No. 0683-19.md,255,False
1798,0683-19,section_2,2019,Ordinance No. 0683-19 (1).pdf,Thesis_Obsidian\Ordinances\2019\Ordinance No. 0683-19.md,73,False
1799,0683-19,section_3,2019,Ordinance No. 0683-19 (1).pdf,Thesis_Obsidian\Ordinances\2019\Ordinance No. 0683-19.md,257,False
1800,0683-19,section_4,2019,Ordinance No. 0683-19 (1).pdf,Thesis_Obsidian\Ordinances\2019\Ordinance No. 0683-19.md,3,False
1801,0683-19,section_5,2019,Ordinance No. 0683-19 (1).pdf,Thesis_Obsidian\Ordinances\2019\Ordinance No. 0683-19.md,132,False
1802,0685-19,section_1,2019,Ordinance No. 0685-19 (1).pdf,Thesis_Obsidian\Ordinances\2019\Ordinance No. 0685-19.md,-1,True
1803,0685-19,section_2,2019,Ordinance No. 0685-19 (1).pdf,Thesis_Obsidian\Ordinances\2019\Ordinance No. 0685-19.md,64,False
1804,0685-19,section_455,2019,Ordinance No. 0685-19 (1).pdf,Thesis_Obsidian\Ordinances\2019\Ordinance No. 0685-19.md,-1,True
1805,0685-19,section_35,2019,Ordinance No. 0685-19 (1).pdf,Thesis_Obsidian\Ordinances\2019\Ordinance No. 0685-19.md,113,False
1806,0685-19,section_3,2019,Ordinance No. 0685-19 (1).pdf,Thesis_Obsidian\Ordinances\2019\Ordinance No. 0685-19.md,-1,True
1807,0685-19,section_4,2019,Ordinance No. 0685-19 (1).pdf,Thesis_Obsidian\Ordinances\2019\Ordinance No. 0685-19.md,9,False
1808,0685-19,section_5,2019,Ordinance No. 0685-19 (1).pdf,Thesis_Obsidian\Ordinances\2019\Ordinance No. 0685-19.md,239,False
1809,0687-19,section_1,2019,Ordinance No. 0687-19 (1).pdf,Thesis_Obsidian\Ordinances\2019\Ordinance No. 0687-19.md,15,False
1810,0687-19,section_2,2019,Ordinance No. 0687-19 (1).pdf,Thesis_Obsidian\Ordinances\2019\Ordinance No. 0687-19.md,12,False
1811,0687-19,section_3,2019,Ordinance No. 0687-19 (1).pdf,Thesis_Obsidian\Ordinances\2019\Ordinance No. 0687-19.md,22,False
1812,0687-19,section_4,2019,Ordinance No. 0687-19 (1).pdf,Thesis_Obsidian\Ordinances\2019\Ordinance No. 0687-19.md,252,False
1813,0687-19,section_5,2019,Ordinance No. 0687-19 (1).pdf,Thesis_Obsidian\Ordinances\2019\Ordinance No. 0687-19.md,50,False
1814,0688-19,section_1,2019,Ordinance No. 0688-19 (1).pdf,Thesis_Obsidian\Ordinances\2019\Ordinance No. 0688-19.md,73,False
1815,0688-19,section_3,2019,Ordinance No. 0688-19 (1).pdf,Thesis_Obsidian\Ordinances\2019\Ordinance No. 0688-19.md,-1,True
1816,0688-19,section_4,2019,Ordinance No. 0688-19 (1).pdf,Thesis_Obsidian\Ordinances\2019\Ordinance No. 0688-19.md,4,False
1817,0688-19,section_5,2019,Ordinance No. 0688-19 (1).pdf,Thesis_Obsidian\Ordinances\2019\Ordinance No. 0688-19.md,126,False
1818,0688-19,section_6,2019,Ordinance No. 0688-19 (1).pdf,Thesis_Obsidian\Ordinances\2019\Ordinance No. 0688-19.md,211,False
1819,0688-19,section_7,2019,Ordinance No. 0688-19 (1).pdf,Thesis_Obsidian\Ordinances\2019\Ordinance No. 0688-19.md,2,False
1820,069-19,section_1,2019,Ordinance No. 069-19 (1).pdf,Thesis_Obsidian\Ordinances\2019\Ordinance No. 069-19.md,20,False
1821,069-19,section_2,2019,Ordinance No. 069-19 (1).pdf,Thesis_Obsidian\Ordinances\2019\Ordinance No. 069-19.md,67,False
1822,069-19,section_3,2019,Ordinance No. 069-19 (1).pdf,Thesis_Obsidian\Ordinances\2019\Ordinance No. 069-19.md,4,False
1823,069-19,section_4,2019,Ordinance No. 069-19 (1).pdf,Thesis_Obsidian\Ordinances\2019\Ordinance No. 069-19.md,75,False
1824,069-19,section_5,2019,Ordinance No. 069-19 (1).pdf,Thesis_Obsidian\Ordinances\2019\Ordinance No. 069-19.md,24,False
1825,0691-19,section_2,2019,Ordinance No. 0691-19 (1).pdf,Thesis_Obsidian\Ordinances\2019\Ordinance No. 0691-19.md,37,False
1826,0691-19,section_3,2019,Ordinance No. 0691-19 (1).pdf,Thesis_Obsidian\Ordinances\2019\Ordinance No. 0691-19.md,22,False
1827,0691-19,section_4,2019,Ordinance No. 0691-19 (1).pdf,Thesis_Obsidian\Ordinances\2019\Ordinance No. 0691-19.md,75,False
1828,0691-19,section_5,2019,Ordinance No. 0691-19 (1).pdf,Thesis_Obsidian\Ordinances\2019\Ordinance No. 0691-19.md,2,False
1829,0692-19,section_1,2019,Ordinance No. 0692-19 (1).pdf,Thesis_Obsidian\Ordinances\2019\Ordinance No. 0692-19.md,117,False
1830,0692-19,section_2,2019,Ordinance No. 0692-19 (1).pdf,Thesis_Obsidian\Ordinances\2019\Ordinance No. 0692-19.md,12,False
1831,0692-19,section_3,2019,Ordinance No. 0692-19 (1).pdf,Thesis_Obsidian\Ordinances\2019\Ordinance No. 0692-19.md,22,False
1832,0692-19,section_4,2019,Ordinance No. 0692-19 (1).pdf,Thesis_Obsidian\Ordinances\2019\Ordinance No. 0692-19.md,152,False
1833,0692-19,section_5,2019,Ordinance No. 0692-19 (1).pdf,Thesis_Obsidian\Ordinances\2019\Ordinance No. 0692-19.md,2,False
1834,0693-19,section_2,2019,Ordinance No. 0693-19 (1).pdf,Thesis_Obsidian\Ordinances\2019\Ordinance No. 0693-19.md,64,False
1835,0693-19,section_25,2019,Ordinance No. 0693-19 (1).pdf,Thesis_Obsidian\Ordinances\2019\Ordinance No. 0693-19.md,59,False
1836,0693-19,section_4s,2019,Ordinance No. 0693-19 (1).pdf,Thesis_Obsidian\Ordinances\2019\Ordinance No. 0693-19.md,261,False
1837,0693-19,section_3,2019,Ordinance No. 0693-19 (1).pdf,Thesis_Obsidian\Ordinances\2019\Ordinance No. 0693-19.md,4,False
1838,0693-19,section_4,2019,Ordinance No. 0693-19 (1).pdf,Thesis_Obsidian\Ordinances\2019\Ordinance No. 0693-19.md,72,False
1839,0693-19,section_5,2019,Ordinance No. 0693-19 (1).pdf,Thesis_Obsidian\Ordinances\2019\Ordinance No. 0693-19.md,181,False
1840,0694-19,section_1,2019,Ordinance No. 0694-19 (1).pdf,Thesis_Obsidian\Ordinances\2019\Ordinance No. 0694-19.md,77,False
1841,0694-19,section_2,2019,Ordinance No. 0694-19 (1).pdf,Thesis_Obsidian\Ordinances\2019\Ordinance No. 0694-19.md,246,False
1842,0694-19,section_3,2019,Ordinance No. 0694-19 (1).pdf,Thesis_Obsidian\Ordinances\2019\Ordinance No. 0694-19.md,260,False
1843,0694-19,section_4,2019,Ordinance No. 0694-19 (1).pdf,Thesis_Obsidian\Ordinances\2019\Ordinance No. 0694-19.md,107,False
1844,0694-19,section_5,2019,Ordinance No. 0694-19 (1).pdf,Thesis_Obsidian\Ordinances\2019\Ordinance No. 0694-19.md,65,False
1845,0694-19,section_6,2019,Ordinance No. 0694-19 (1).pdf,Thesis_Obsidian\Ordinances\2019\Ordinance No. 0694-19.md,0,False
1846,0695-19,section_1,2019,Ordinance No. 0695-19 (1).pdf,Thesis_Obsidian\Ordinances\2019\Ordinance No. 0695-19.md,150,False
1847,0695-19,section_2,2019,Ordinance No. 0695-19 (1).pdf,Thesis_Obsidian\Ordinances\2019\Ordinance No. 0695-19.md,247,False
1848,0695-19,section_3,2019,Ordinance No. 0695-19 (1).pdf,Thesis_Obsidian\Ordinances\2019\Ordinance No. 0695-19.md,150,False
1849,0695-19,section_4,2019,Ordinance No. 0695-19 (1).pdf,Thesis_Obsidian\Ordinances\2019\Ordinance No. 0695-19.md,150,False
1850,0695-19,section_5,2019,Ordinance No. 0695-19 (1).pdf,Thesis_Obsidian\Ordinances\2019\Ordinance No. 0695-19.md,245,False
1851,0695-19,section_6,2019,Ordinance No. 0695-19 (1).pdf,Thesis_Obsidian\Ordinances\2019\Ordinance No. 0695-19.md,65,False
1852,0695-19,section_7,2019,Ordinance No. 0695-19 (1).pdf,Thesis_Obsidian\Ordinances\2019\Ordinance No. 0695-19.md,-1,True
1853,0696-19,section_1,2019,Ordinance No. 0696-19 (1).pdf,Thesis_Obsidian\Ordinances\2019\Ordinance No. 0696-19.md,-1,True
1854,0696-19,section_2,2019,Ordinance No. 0696-19 (1).pdf,Thesis_Obsidian\Ordinances\2019\Ordinance No. 0696-19.md,64,False
1855,0696-19,section_455,2019,Ordinance No. 0696-19 (1).pdf,Thesis_Obsidian\Ordinances\2019\Ordinance No. 0696-19.md,261,False
1856,0696-19,section_3,2019,Ordinance No. 0696-19 (1).pdf,Thesis_Obsidian\Ordinances\2019\Ordinance No. 0696-19.md,133,False
1857,0696-19,section_4,2019,Ordinance No. 0696-19 (1).pdf,Thesis_Obsidian\Ordinances\2019\Ordinance No. 0696-19.md,128,False
1858,0696-19,section_5,2019,Ordinance No. 0696-19 (1).pdf,Thesis_Obsidian\Ordinances\2019\Ordinance No. 0696-19.md,2,False
1859,0698-19,section_5,2019,Ordinance No. 0698-19 (1).pdf,Thesis_Obsidian\Ordinances\2019\Ordinance No. 0698-19.md,0,False
1860,070-19,section_1,2019,Ordinance No. 070-19 (1).pdf,Thesis_Obsidian\Ordinances\2019\Ordinance No. 070-19.md,-1,True
1861,070-19,section_2,2019,Ordinance No. 070-19 (1).pdf,Thesis_Obsidian\Ordinances\2019\Ordinance No. 070-19.md,215,False
1862,070-19,section_455,2019,Ordinance No. 070-19 (1).pdf,Thesis_Obsidian\Ordinances\2019\Ordinance No. 070-19.md,264,False
1863,070-19,section_3,2019,Ordinance No. 070-19 (1).pdf,Thesis_Obsidian\Ordinances\2019\Ordinance No. 070-19.md,-1,True
1864,070-19,section_4,2019,Ordinance No. 070-19 (1).pdf,Thesis_Obsidian\Ordinances\2019\Ordinance No. 070-19.md,239,False
1865,0700-19,section_2,2019,Ordinance No. 0700-19 (1).pdf,Thesis_Obsidian\Ordinances\2019\Ordinance No. 0700-19.md,63,False
1866,0700-19,section_3,2019,Ordinance No. 0700-19 (1).pdf,Thesis_Obsidian\Ordinances\2019\Ordinance No. 0700-19.md,75,False
1867,0700-19,section_4,2019,Ordinance No. 0700-19 (1).pdf,Thesis_Obsidian\Ordinances\2019\Ordinance No. 0700-19.md,56,False
1868,0701-19,section_1,2019,Ordinance No. 0701-19 (1).pdf,Thesis_Obsidian\Ordinances\2019\Ordinance No. 0701-19.md,255,False
1869,0701-19,section_2,2019,Ordinance No. 0701-19 (1).pdf,Thesis_Obsidian\Ordinances\2019\Ordinance No. 0701-19.md,73,False
1870,0701-19,section_3,2019,Ordinance No. 0701-19 (1).pdf,Thesis_Obsidian\Ordinances\2019\Ordinance No. 0701-19.md,257,False
1871,0701-19,section_4,2019,Ordinance No. 0701-19 (1).pdf,Thesis_Obsidian\Ordinances\2019\Ordinance No. 0701-19.md,3,False
1872,0701-19,section_5,2019,Ordinance No. 0701-19 (1).pdf,Thesis_Obsidian\Ordinances\2019\Ordinance No. 0701-19.md,132,False
1873,0702-19,section_1,2019,Ordinance No. 0702-19 (1).pdf,Thesis_Obsidian\Ordinances\2019\Ordinance No. 0702-19.md,255,False
1874,0702-19,section_2,2019,Ordinance No. 0702-19 (1).pdf,Thesis_Obsidian\Ordinances\2019\Ordinance No. 0702-19.md,73,False
1875,0702-19,section_3,2019,Ordinance No. 0702-19 (1).pdf,Thesis_Obsidian\Ordinances\2019\Ordinance No. 0702-19.md,257,False
1876,0702-19,section_4,2019,Ordinance No. 0702-19 (1).pdf,Thesis_Obsidian\Ordinances\2019\Ordinance No. 0702-19.md,18,False
1877,0702-19,section_5,2019,Ordinance No. 0702-19 (1).pdf,Thesis_Obsidian\Ordinances\2019\Ordinance No. 0702-19.md,147,False
1878,0703-19,section_1,2019,Ordinance No. 0703-19 (1).pdf,Thesis_Obsidian\Ordinances\2019\Ordinance No. 0703-19.md,57,False
1879,0703-19,section_2,2019,Ordinance No. 0703-19 (1).pdf,Thesis_Obsidian\Ordinances\2019\Ordinance No. 0703-19.md,6,False
1880,0703-19,section_3,2019,Ordinance No. 0703-19 (1).pdf,Thesis_Obsidian\Ordinances\2019\Ordinance No. 0703-19.md,6,False
1881,0703-19,section_4,2019,Ordinance No. 0703-19 (1).pdf,Thesis_Obsidian\Ordinances\2019\Ordinance No. 0703-19.md,6,False
1882,0703-19,section_5,2019,Ordinance No. 0703-19 (1).pdf,Thesis_Obsidian\Ordinances\2019\Ordinance No. 0703-19.md,14,False
1883,0703-19,section_6,2019,Ordinance No. 0703-19 (1).pdf,Thesis_Obsidian\Ordinances\2019\Ordinance No. 0703-19.md,126,False
1884,0703-19,section_7,2019,Ordinance No. 0703-19 (1).pdf,Thesis_Obsidian\Ordinances\2019\Ordinance No. 0703-19.md,263,False
1885,0703-19,section_8,2019,Ordinance No. 0703-19 (1).pdf,Thesis_Obsidian\Ordinances\2019\Ordinance No. 0703-19.md,54,False
1886,0704-19,section_1,2019,Ordinance No. 0704-19 (1).pdf,Thesis_Obsidian\Ordinances\2019\Ordinance No. 0704-19.md,255,False
1887,0704-19,section_4,2019,Ordinance No. 0704-19 (1).pdf,Thesis_Obsidian\Ordinances\2019\Ordinance No. 0704-19.md,18,False
1888,0704-19,section_5,2019,Ordinance No. 0704-19 (1).pdf,Thesis_Obsidian\Ordinances\2019\Ordinance No. 0704-19.md,261,False
1889,0704-19,section_3,2019,Ordinance No. 0704-19 (1).pdf,Thesis_Obsidian\Ordinances\2019\Ordinance No. 0704-19.md,132,False
1890,0705-19,section_1,2019,Ordinance No. 0705-19 (1).pdf,Thesis_Obsidian\Ordinances\2019\Ordinance No. 0705-19.md,11,False
1891,0705-19,section_2,2019,Ordinance No. 0705-19 (1).pdf,Thesis_Obsidian\Ordinances\2019\Ordinance No. 0705-19.md,141,False
1892,0705-19,section_56,2019,Ordinance No. 0705-19 (1).pdf,Thesis_Obsidian\Ordinances\2019\Ordinance No. 0705-19.md,250,False
1893,0705-19,section_4,2019,Ordinance No. 0705-19 (1).pdf,Thesis_Obsidian\Ordinances\2019\Ordinance No. 0705-19.md,72,False
1894,0705-19,section_5,2019,Ordinance No. 0705-19 (1).pdf,Thesis_Obsidian\Ordinances\2019\Ordinance No. 0705-19.md,0,False
1895,0706-19,section_2,2019,Ordinance No. 0706-19 (1).pdf,Thesis_Obsidian\Ordinances\2019\Ordinance No. 0706-19.md,131,False
1896,0706-19,section_4,2019,Ordinance No. 0706-19 (1).pdf,Thesis_Obsidian\Ordinances\2019\Ordinance No. 0706-19.md,137,False
1897,0706-19,section_5,2019,Ordinance No. 0706-19 (1).pdf,Thesis_Obsidian\Ordinances\2019\Ordinance No. 0706-19.md,38,False
1898,0706-19,section_6,2019,Ordinance No. 0706-19 (1).pdf,Thesis_Obsidian\Ordinances\2019\Ordinance No. 0706-19.md,-1,True
1899,0707-19,section_1,2019,Ordinance No. 0707-19 (1).pdf,Thesis_Obsidian\Ordinances\2019\Ordinance No. 0707-19.md,-1,True
1900,0707-19,section_2,2019,Ordinance No. 0707-19 (1).pdf,Thesis_Obsidian\Ordinances\2019\Ordinance No. 0707-19.md,183,False
1901,0707-19,section_3,2019,Ordinance No. 0707-19 (1).pdf,Thesis_Obsidian\Ordinances\2019\Ordinance No. 0707-19.md,22,False
1902,0707-19,section_4,2019,Ordinance No. 0707-19 (1).pdf,Thesis_Obsidian\Ordinances\2019\Ordinance No. 0707-19.md,27,False
1903,0707-19,section_5,2019,Ordinance No. 0707-19 (1).pdf,Thesis_Obsidian\Ordinances\2019\Ordinance No. 0707-19.md,2,False
1904,0708-19,section_1,2019,Ordinance No. 0708-19 (1).pdf,Thesis_Obsidian\Ordinances\2019\Ordinance No. 0708-19.md,20,False
1905,0708-19,section_2,2019,Ordinance No. 0708-19 (1).pdf,Thesis_Obsidian\Ordinances\2019\Ordinance No. 0708-19.md,215,False
1906,0708-19,section_455,2019,Ordinance No. 0708-19 (1).pdf,Thesis_Obsidian\Ordinances\2019\Ordinance No. 0708-19.md,110,False
1907,0708-19,section_22,2019,Ordinance No. 0708-19 (1).pdf,Thesis_Obsidian\Ordinances\2019\Ordinance No. 0708-19.md,92,False
1908,0708-19,section_3,2019,Ordinance No. 0708-19 (1).pdf,Thesis_Obsidian\Ordinances\2019\Ordinance No. 0708-19.md,4,False
1909,0708-19,section_4,2019,Ordinance No. 0708-19 (1).pdf,Thesis_Obsidian\Ordinances\2019\Ordinance No. 0708-19.md,27,False
1910,0708-19,section_5,2019,Ordinance No. 0708-19 (1).pdf,Thesis_Obsidian\Ordinances\2019\Ordinance No. 0708-19.md,-1,True
1911,0709-19,section_1,2019,Ordinance No. 0709-19 (1).pdf,Thesis_Obsidian\Ordinances\2019\Ordinance No. 0709-19.md,255,False
1912,0709-19,section_2,2019,Ordinance No. 0709-19 (1).pdf,Thesis_Obsidian\Ordinances\2019\Ordinance No. 0709-19.md,73,False
1913,0709-19,section_3,2019,Ordinance No. 0709-19 (1).pdf,Thesis_Obsidian\Ordinances\2019\Ordinance No. 0709-19.md,257,False
1914,0709-19,section_4,2019,Ordinance No. 0709-19 (1).pdf,Thesis_Obsidian\Ordinances\2019\Ordinance No. 0709-19.md,3,False
1915,0709-19,section_5,2019,Ordinance No. 0709-19 (1).pdf,Thesis_Obsidian\Ordinances\2019\Ordinance No. 0709-19.md,132,False
1916,0710-19,section_1,2019,Ordinance No. 0710-19 (1).pdf,Thesis_Obsidian\Ordinances\2019\Ordinance No. 0710-19.md,51,False
1917,0710-19,section_2,2019,Ordinance No. 0710-19 (1).pdf,Thesis_Obsidian\Ordinances\2019\Ordinance No. 0710-19.md,144,False
1918,0710-19,section_3,2019,Ordinance No. 0710-19 (1).pdf,Thesis_Obsidian\Ordinances\2019\Ordinance No. 0710-19.md,66,False
1919,0711-19,section_1,2019,Ordinance No. 0711-19 (1).pdf,Thesis_Obsidian\Ordinances\2019\Ordinance No. 0711-19.md,55,False
1920,0711-19,section_2,2019,Ordinance No. 0711-19 (1).pdf,Thesis_Obsidian\Ordinances\2019\Ordinance No. 0711-19.md,13,False
1921,0711-19,section_3,2019,Ordinance No. 0711-19 (1).pdf,Thesis_Obsidian\Ordinances\2019\Ordinance No. 0711-19.md,55,False
1922,0711-19,section_8,2019,Ordinance No. 0711-19 (1).pdf,Thesis_Obsidian\Ordinances\2019\Ordinance No. 0711-19.md,78,False
1923,0712-19,section_1,2019,Ordinance No. 0712-19 (1).pdf,Thesis_Obsidian\Ordinances\2019\Ordinance No. 0712-19.md,67,False
1924,0712-19,section_3,2019,Ordinance No. 0712-19 (1).pdf,Thesis_Obsidian\Ordinances\2019\Ordinance No. 0712-19.md,4,False
1925,0712-19,section_4,2019,Ordinance No. 0712-19 (1).pdf,Thesis_Obsidian\Ordinances\2019\Ordinance No. 0712-19.md,72,False
1926,0712-19,section_5,2019,Ordinance No. 0712-19 (1).pdf,Thesis_Obsidian\Ordinances\2019\Ordinance No. 0712-19.md,181,False
1927,0713-19,section_1,2019,Ordinance No. 0713-19 (1).pdf,Thesis_Obsidian\Ordinances\2019\Ordinance No. 0713-19.md,68,False
1928,0713-19,section_2,2019,Ordinance No. 0713-19 (1).pdf,Thesis_Obsidian\Ordinances\2019\Ordinance No. 0713-19.md,-1,True
1929,0713-19,section_4,2019,Ordinance No. 0713-19 (1).pdf,Thesis_Obsidian\Ordinances\2019\Ordinance No. 0713-19.md,39,False
1930,0713-19,section_5,2019,Ordinance No. 0713-19 (1).pdf,Thesis_Obsidian\Ordinances\2019\Ordinance No. 0713-19.md,-1,True
1931,0715-19,section_1,2019,Ordinance No. 0715-19 (1).pdf,Thesis_Obsidian\Ordinances\2019\Ordinance No. 0715-19.md,198,False
1932,0715-19,section_3,2019,Ordinance No. 0715-19 (1).pdf,Thesis_Obsidian\Ordinances\2019\Ordinance No. 0715-19.md,198,False
1933,0715-19,section_4,2019,Ordinance No. 0715-19 (1).pdf,Thesis_Obsidian\Ordinances\2019\Ordinance No. 0715-19.md,95,False
1934,0715-19,section_8,2019,Ordinance No. 0715-19 (1).pdf,Thesis_Obsidian\Ordinances\2019\Ordinance No. 0715-19.md,-1,True
1935,0716-19,section_1,2019,Ordinance No. 0716-19 (1).pdf,Thesis_Obsidian\Ordinances\2019\Ordinance No. 0716-19.md,184,False
1936,0716-19,section_2,2019,Ordinance No. 0716-19 (1).pdf,Thesis_Obsidian\Ordinances\2019\Ordinance No. 0716-19.md,67,False
1937,0716-19,section_4,2019,Ordinance No. 0716-19 (1).pdf,Thesis_Obsidian\Ordinances\2019\Ordinance No. 0716-19.md,152,False
1938,0716-19,section_5,2019,Ordinance No. 0716-19 (1).pdf,Thesis_Obsidian\Ordinances\2019\Ordinance No. 0716-19.md,24,False
1939,0717-19,section_1,2019,Ordinance No. 0717-19 (1).pdf,Thesis_Obsidian\Ordinances\2019\Ordinance No. 0717-19.md,20,False
1940,0717-19,section_455,2019,Ordinance No. 0717-19 (1).pdf,Thesis_Obsidian\Ordinances\2019\Ordinance No. 0717-19.md,45,False
1941,0717-19,section_3,2019,Ordinance No. 0717-19 (1).pdf,Thesis_Obsidian\Ordinances\2019\Ordinance No. 0717-19.md,4,False
1942,0717-19,section_4,2019,Ordinance No. 0717-19 (1).pdf,Thesis_Obsidian\Ordinances\2019\Ordinance No. 0717-19.md,252,False
1943,0717-19,section_5,2019,Ordinance No. 0717-19 (1).pdf,Thesis_Obsidian\Ordinances\2019\Ordinance No. 0717-19.md,24,False
1944,0718-19,section_2,2019,Ordinance No. 0718-19 (1).pdf,Thesis_Obsidian\Ordinances\2019\Ordinance No. 0718-19.md,215,False
1945,0718-19,section_455,2019,Ordinance No. 0718-19 (1).pdf,Thesis_Obsidian\Ordinances\2019\Ordinance No. 0718-19.md,110,False
1946,0718-19,section_3,2019,Ordinance No. 0718-19 (1).pdf,Thesis_Obsidian\Ordinances\2019\Ordinance No. 0718-19.md,41,False
1947,0718-19,section_5,2019,Ordinance No. 0718-19 (1).pdf,Thesis_Obsidian\Ordinances\2019\Ordinance No. 0718-19.md,147,False
1948,0719-19,section_1,2019,Ordinance No. 0719-19 (1).pdf,Thesis_Obsidian\Ordinances\2019\Ordinance No. 0719-19.md,26,False
1949,0719-19,section_2,2019,Ordinance No. 0719-19 (1).pdf,Thesis_Obsidian\Ordinances\2019\Ordinance No. 0719-19.md,31,False
1950,0719-19,section_3,2019,Ordinance No. 0719-19 (1).pdf,Thesis_Obsidian\Ordinances\2019\Ordinance No. 0719-19.md,93,False
1951,0719-19,section_4,2019,Ordinance No. 0719-19 (1).pdf,Thesis_Obsidian\Ordinances\2019\Ordinance No. 0719-19.md,93,False
1952,0719-19,section_5,2019,Ordinance No. 0719-19 (1).pdf,Thesis_Obsidian\Ordinances\2019\Ordinance No. 0719-19.md,72,False
1953,0719-19,section_6,2019,Ordinance No. 0719-19 (1).pdf,Thesis_Obsidian\Ordinances\2019\Ordinance No. 0719-19.md,78,False
1954,0720-19,section_1,2019,Ordinance No. 0720-19 (1).pdf,Thesis_Obsidian\Ordinances\2019\Ordinance No. 0720-19.md,-1,True
1955,0720-19,section_2,2019,Ordinance No. 0720-19 (1).pdf,Thesis_Obsidian\Ordinances\2019\Ordinance No. 0720-19.md,31,False
1956,0720-19,section_3,2019,Ordinance No. 0720-19 (1).pdf,Thesis_Obsidian\Ordinances\2019\Ordinance No. 0720-19.md,93,False
1957,0720-19,section_4,2019,Ordinance No. 0720-19 (1).pdf,Thesis_Obsidian\Ordinances\2019\Ordinance No. 0720-19.md,39,False
1958,0720-19,section_6,2019,Ordinance No. 0720-19 (1).pdf,Thesis_Obsidian\Ordinances\2019\Ordinance No. 0720-19.md,0,False
1959,0722-19,section_1,2019,Ordinance No. 0722-19 (1).pdf,Thesis_Obsidian\Ordinances\2019\Ordinance No. 0722-19.md,23,False
1960,0722-19,section_3,2019,Ordinance No. 0722-19 (1).pdf,Thesis_Obsidian\Ordinances\2019\Ordinance No. 0722-19.md,50,False
1961,0723-19,section_1,2019,Ordinance No. 0723-19 (1).pdf,Thesis_Obsidian\Ordinances\2019\Ordinance No. 0723-19.md,23,False
1962,0723-19,section_2,2019,Ordinance No. 0723-19 (1).pdf,Thesis_Obsidian\Ordinances\2019\Ordinance No. 0723-19.md,23,False
1963,0723-19,section_3,2019,Ordinance No. 0723-19 (1).pdf,Thesis_Obsidian\Ordinances\2019\Ordinance No. 0723-19.md,10,False
1964,0723-19,section_4,2019,Ordinance No. 0723-19 (1).pdf,Thesis_Obsidian\Ordinances\2019\Ordinance No. 0723-19.md,50,False
1965,0724-19,section_1,2019,Ordinance No. 0724-19 (1).pdf,Thesis_Obsidian\Ordinances\2019\Ordinance No. 0724-19.md,23,False
1966,0724-19,section_2,2019,Ordinance No. 0724-19 (1).pdf,Thesis_Obsidian\Ordinances\2019\Ordinance No. 0724-19.md,23,False
1967,0724-19,section_3,2019,Ordinance No. 0724-19 (1).pdf,Thesis_Obsidian\Ordinances\2019\Ordinance No. 0724-19.md,16,False
1968,0724-19,section_4,2019,Ordinance No. 0724-19 (1).pdf,Thesis_Obsidian\Ordinances\2019\Ordinance No. 0724-19.md,50,False
1969,0727-19,section_1,2019,Ordinance No. 0727-19 (1).pdf,Thesis_Obsidian\Ordinances\2019\Ordinance No. 0727-19.md,15,False
1970,0727-19,section_2,2019,Ordinance No. 0727-19 (1).pdf,Thesis_Obsidian\Ordinances\2019\Ordinance No. 0727-19.md,13,False
1971,0727-19,section_3,2019,Ordinance No. 0727-19 (1).pdf,Thesis_Obsidian\Ordinances\2019\Ordinance No. 0727-19.md,22,False
1972,0727-19,section_4,2019,Ordinance No. 0727-19 (1).pdf,Thesis_Obsidian\Ordinances\2019\Ordinance No. 0727-19.md,3,False
1973,0727-19,section_5,2019,Ordinance No. 0727-19 (1).pdf,Thesis_Obsidian\Ordinances\2019\Ordinance No. 0727-19.md,50,False
1974,0729-19,section_1,2019,Ordinance No. 0729-19 (1).pdf,Thesis_Obsidian\Ordinances\2019\Ordinance No. 0729-19.md,26,False
1975,0729-19,section_2,2019,Ordinance No. 0729-19 (1).pdf,Thesis_Obsidian\Ordinances\2019\Ordinance No. 0729-19.md,5,False
1976,0729-19,section_3,2019,Ordinance No. 0729-19 (1).pdf,Thesis_Obsidian\Ordinances\2019\Ordinance No. 0729-19.md,5,False
1977,0729-19,section_4,2019,Ordinance No. 0729-19 (1).pdf,Thesis_Obsidian\Ordinances\2019\Ordinance No. 0729-19.md,5,False
1978,0729-19,section_5,2019,Ordinance No. 0729-19 (1).pdf,Thesis_Obsidian\Ordinances\2019\Ordinance No. 0729-19.md,5,False
1979,0729-19,section_6,2019,Ordinance No. 0729-19 (1).pdf,Thesis_Obsidian\Ordinances\2019\Ordinance No. 0729-19.md,88,False
1980,0729-19,section_7,2019,Ordinance No. 0729-19 (1).pdf,Thesis_Obsidian\Ordinances\2019\Ordinance No. 0729-19.md,40,False
1981,0729-19,section_8,2019,Ordinance No. 0729-19 (1).pdf,Thesis_Obsidian\Ordinances\2019\Ordinance No. 0729-19.md,30,False
1982,0729-19,section_9,2019,Ordinance No. 0729-19 (1).pdf,Thesis_Obsidian\Ordinances\2019\Ordinance No. 0729-19.md,126,False
1983,0729-19,section_10,2019,Ordinance No. 0729-19 (1).pdf,Thesis_Obsidian\Ordinances\2019\Ordinance No. 0729-19.md,115,False
1984,0729-19,section_11,2019,Ordinance No. 0729-19 (1).pdf,Thesis_Obsidian\Ordinances\2019\Ordinance No. 0729-19.md,54,False
1985,073-19,section_1,2019,Ordinance No. 073-19 (1).pdf,Thesis_Obsidian\Ordinances\2019\Ordinance No. 073-19.md,102,False
1986,073-19,section_2,2019,Ordinance No. 073-19 (1).pdf,Thesis_Obsidian\Ordinances\2019\Ordinance No. 073-19.md,58,False
1987,073-19,section_3,2019,Ordinance No. 073-19 (1).pdf,Thesis_Obsidian\Ordinances\2019\Ordinance No. 073-19.md,224,False
1988,0730-19,section_1,2019,Ordinance No. 0730-19 (1).pdf,Thesis_Obsidian\Ordinances\2019\Ordinance No. 0730-19.md,15,False
1989,0730-19,section_2,2019,Ordinance No. 0730-19 (1).pdf,Thesis_Obsidian\Ordinances\2019\Ordinance No. 0730-19.md,13,False
1990,0730-19,section_3,2019,Ordinance No. 0730-19 (1).pdf,Thesis_Obsidian\Ordinances\2019\Ordinance No. 0730-19.md,22,False
1991,0730-19,section_4,2019,Ordinance No. 0730-19 (1).pdf,Thesis_Obsidian\Ordinances\2019\Ordinance No. 0730-19.md,27,False
1992,0730-19,section_5,2019,Ordinance No. 0730-19 (1).pdf,Thesis_Obsidian\Ordinances\2019\Ordinance No. 0730-19.md,2,False
1993,0732-19,section_1,2019,Ordinance No. 0732-19 (1).pdf,Thesis_Obsidian\Ordinances\2019\Ordinance No. 0732-19.md,15,False
1994,0732-19,section_2,2019,Ordinance No. 0732-19 (1).pdf,Thesis_Obsidian\Ordinances\2019\Ordinance No. 0732-19.md,13,False
1995,0732-19,section_3,2019,Ordinance No. 0732-19 (1).pdf,Thesis_Obsidian\Ordinances\2019\Ordinance No. 0732-19.md,22,False
1996,0732-19,section_4,2019,Ordinance No. 0732-19 (1).pdf,Thesis_Obsidian\Ordinances\2019\Ordinance No. 0732-19.md,27,False
1997,0732-19,section_5,2019,Ordinance No. 0732-19 (1).pdf,Thesis_Obsidian\Ordinances\2019\Ordinance No. 0732-19.md,50,False
1998,0733-19,section_1,2019,Ordinance No. 0733-19 (1).pdf,Thesis_Obsidian\Ordinances\2019\Ordinance No. 0733-19.md,185,False
1999,0733-19,section_2,2019,Ordinance No. 0733-19 (1).pdf,Thesis_Obsidian\Ordinances\2019\Ordinance No. 0733-19.md,13,False
2000,0733-19,section_3,2019,Ordinance No. 0733-19 (1).pdf,Thesis_Obsidian\Ordinances\2019\Ordinance No. 0733-19.md,55,False
2001,0733-19,section_4,2019,Ordinance No. 0733-19 (1).pdf,Thesis_Obsidian\Ordinances\2019\Ordinance No. 0733-19.md,10,False
2002,0733-19,section_5,2019,Ordinance No. 0733-19 (1).pdf,Thesis_Obsidian\Ordinances\2019\Ordinance No. 0733-19.md,2,False
2003,0735-19,section_1,2019,Ordinance No. 0735-19 (1).pdf,Thesis_Obsidian\Ordinances\2019\Ordinance No. 0735-19.md,20,False
2004,0735-19,section_2,2019,Ordinance No. 0735-19 (1).pdf,Thesis_Obsidian\Ordinances\2019\Ordinance No. 0735-19.md,59,False
2005,0735-19,section_4s,2019,Ordinance No. 0735-19 (1).pdf,Thesis_Obsidian\Ordinances\2019\Ordinance No. 0735-19.md,261,False
2006,0735-19,section_3,2019,Ordinance No. 0735-19 (1).pdf,Thesis_Obsidian\Ordinances\2019\Ordinance No. 0735-19.md,4,False
2007,0735-19,section_4,2019,Ordinance No. 0735-19 (1).pdf,Thesis_Obsidian\Ordinances\2019\Ordinance No. 0735-19.md,27,False
2008,0735-19,section_5,2019,Ordinance No. 0735-19 (1).pdf,Thesis_Obsidian\Ordinances\2019\Ordinance No. 0735-19.md,-1,True
2009,0738-19,section_1,2019,Ordinance No. 0738-19 (1).pdf,Thesis_Obsidian\Ordinances\2019\Ordinance No. 0738-19.md,23,False
2010,0738-19,section_2,2019,Ordinance No. 0738-19 (1).pdf,Thesis_Obsidian\Ordinances\2019\Ordinance No. 0738-19.md,23,False
2011,0738-19,section_3,2019,Ordinance No. 0738-19 (1).pdf,Thesis_Obsidian\Ordinances\2019\Ordinance No. 0738-19.md,256,False
2012,0738-19,section_4,2019,Ordinance No. 0738-19 (1).pdf,Thesis_Obsidian\Ordinances\2019\Ordinance No. 0738-19.md,-1,True
2013,0739-19,section_1,2019,Ordinance No. 0739-19 (1).pdf,Thesis_Obsidian\Ordinances\2019\Ordinance No. 0739-19.md,-1,True
2014,0739-19,section_2,2019,Ordinance No. 0739-19 (1).pdf,Thesis_Obsidian\Ordinances\2019\Ordinance No. 0739-19.md,90,False
2015,0739-19,section_3,2019,Ordinance No. 0739-19 (1).pdf,Thesis_Obsidian\Ordinances\2019\Ordinance No. 0739-19.md,-1,True
2016,0739-19,section_7,2019,Ordinance No. 0739-19 (1).pdf,Thesis_Obsidian\Ordinances\2019\Ordinance No. 0739-19.md,78,False
2017,074-19,section_1,2019,Ordinance No. 074-19 (1).pdf,Thesis_Obsidian\Ordinances\2019\Ordinance No. 074-19.md,102,False
2018,074-19,section_2,2019,Ordinance No. 074-19 (1).pdf,Thesis_Obsidian\Ordinances\2019\Ordinance No. 074-19.md,58,False
2019,074-19,section_3,2019,Ordinance No. 074-19 (1).pdf,Thesis_Obsidian\Ordinances\2019\Ordinance No. 074-19.md,224,False
2020,0743-19,section_1,2019,Ordinance No. 0743-19 (1).pdf,Thesis_Obsidian\Ordinances\2019\Ordinance No. 0743-19.md,117,False
2021,0743-19,section_2,2019,Ordinance No. 0743-19 (1).pdf,Thesis_Obsidian\Ordinances\2019\Ordinance No. 0743-19.md,12,False
2022,0743-19,section_3,2019,Ordinance No. 0743-19 (1).pdf,Thesis_Obsidian\Ordinances\2019\Ordinance No. 0743-19.md,149,False
2023,0743-19,section_4,2019,Ordinance No. 0743-19 (1).pdf,Thesis_Obsidian\Ordinances\2019\Ordinance No. 0743-19.md,148,False
2024,0743-19,section_5,2019,Ordinance No. 0743-19 (1).pdf,Thesis_Obsidian\Ordinances\2019\Ordinance No. 0743-19.md,2,False
2025,0744-19,section_1,2019,Ordinance No. 0744-19 (1).pdf,Thesis_Obsidian\Ordinances\2019\Ordinance No. 0744-19.md,55,False
2026,0744-19,section_2,2019,Ordinance No. 0744-19 (1).pdf,Thesis_Obsidian\Ordinances\2019\Ordinance No. 0744-19.md,13,False
2027,0744-19,section_3,2019,Ordinance No. 0744-19 (1).pdf,Thesis_Obsidian\Ordinances\2019\Ordinance No. 0744-19.md,55,False
2028,0744-19,section_4,2019,Ordinance No. 0744-19 (1).pdf,Thesis_Obsidian\Ordinances\2019\Ordinance No. 0744-19.md,3,False
2029,0744-19,section_5,2019,Ordinance No. 0744-19 (1).pdf,Thesis_Obsidian\Ordinances\2019\Ordinance No. 0744-19.md,2,False
2030,0746-19,section_1,2019,Ordinance No. 0746-19 (1).pdf,Thesis_Obsidian\Ordinances\2019\Ordinance No. 0746-19.md,81,False
2031,0746-19,section_2,2019,Ordinance No. 0746-19 (1).pdf,Thesis_Obsidian\Ordinances\2019\Ordinance No. 0746-19.md,73,False
2032,0746-19,section_4,2019,Ordinance No. 0746-19 (1).pdf,Thesis_Obsidian\Ordinances\2019\Ordinance No. 0746-19.md,209,False
2033,0746-19,section_5,2019,Ordinance No. 0746-19 (1).pdf,Thesis_Obsidian\Ordinances\2019\Ordinance No. 0746-19.md,24,False
2034,0748-19,section_1,2019,Ordinance No. 0748-19 (1).pdf,Thesis_Obsidian\Ordinances\2019\Ordinance No. 0748-19.md,32,False
2035,0748-19,section_3,2019,Ordinance No. 0748-19 (1).pdf,Thesis_Obsidian\Ordinances\2019\Ordinance No. 0748-19.md,6,False
2036,0748-19,section_4,2019,Ordinance No. 0748-19 (1).pdf,Thesis_Obsidian\Ordinances\2019\Ordinance No. 0748-19.md,14,False
2037,0748-19,section_7,2019,Ordinance No. 0748-19 (1).pdf,Thesis_Obsidian\Ordinances\2019\Ordinance No. 0748-19.md,126,False
2038,0748-19,section_8,2019,Ordinance No. 0748-19 (1).pdf,Thesis_Obsidian\Ordinances\2019\Ordinance No. 0748-19.md,39,False
2039,0748-19,section_9,2019,Ordinance No. 0748-19 (1).pdf,Thesis_Obsidian\Ordinances\2019\Ordinance No. 0748-19.md,54,False
2040,0750-19,section_1,2019,Ordinance No. 0750-19 (1).pdf,Thesis_Obsidian\Ordinances\2019\Ordinance No. 0750-19.md,255,False
2041,0750-19,section_2,2019,Ordinance No. 0750-19 (1).pdf,Thesis_Obsidian\Ordinances\2019\Ordinance No. 0750-19.md,206,False
2042,0750-19,section_16,2019,Ordinance No. 0750-19 (1).pdf,Thesis_Obsidian\Ordinances\2019\Ordinance No. 0750-19.md,69,False
2043,0750-19,section_3,2019,Ordinance No. 0750-19 (1).pdf,Thesis_Obsidian\Ordinances\2019\Ordinance No. 0750-19.md,257,False
2044,0750-19,section_4,2019,Ordinance No. 0750-19 (1).pdf,Thesis_Obsidian\Ordinances\2019\Ordinance No. 0750-19.md,3,False
2045,0750-19,section_5,2019,Ordinance No. 0750-19 (1).pdf,Thesis_Obsidian\Ordinances\2019\Ordinance No. 0750-19.md,24,False
2046,0751-19,section_1,2019,Ordinance No. 0751-19 (1).pdf,Thesis_Obsidian\Ordinances\2019\Ordinance No. 0751-19.md,77,False
2047,0751-19,section_2,2019,Ordinance No. 0751-19 (1).pdf,Thesis_Obsidian\Ordinances\2019\Ordinance No. 0751-19.md,246,False
2048,0751-19,section_4,2019,Ordinance No. 0751-19 (1).pdf,Thesis_Obsidian\Ordinances\2019\Ordinance No. 0751-19.md,107,False
2049,0751-19,section_5,2019,Ordinance No. 0751-19 (1).pdf,Thesis_Obsidian\Ordinances\2019\Ordinance No. 0751-19.md,65,False
2050,0751-19,section_6,2019,Ordinance No. 0751-19 (1).pdf,Thesis_Obsidian\Ordinances\2019\Ordinance No. 0751-19.md,195,False
2051,0751-19,section_7,2019,Ordinance No. 0751-19 (1).pdf,Thesis_Obsidian\Ordinances\2019\Ordinance No. 0751-19.md,78,False
2052,0752-19,section_1,2019,Ordinance No. 0752-19 (1).pdf,Thesis_Obsidian\Ordinances\2019\Ordinance No. 0752-19.md,11,False
2053,0752-19,section_2,2019,Ordinance No. 0752-19 (1).pdf,Thesis_Obsidian\Ordinances\2019\Ordinance No. 0752-19.md,91,False
2054,0752-19,section_4,2019,Ordinance No. 0752-19 (1).pdf,Thesis_Obsidian\Ordinances\2019\Ordinance No. 0752-19.md,18,False
2055,0752-19,section_5,2019,Ordinance No. 0752-19 (1).pdf,Thesis_Obsidian\Ordinances\2019\Ordinance No. 0752-19.md,-1,True
2056,0753-19,section_1,2019,Ordinance No. 0753-19 (1).pdf,Thesis_Obsidian\Ordinances\2019\Ordinance No. 0753-19.md,51,False
2057,0753-19,section_2,2019,Ordinance No. 0753-19 (1).pdf,Thesis_Obsidian\Ordinances\2019\Ordinance No. 0753-19.md,144,False
2058,0753-19,section_3,2019,Ordinance No. 0753-19 (1).pdf,Thesis_Obsidian\Ordinances\2019\Ordinance No. 0753-19.md,66,False
2059,0755-19,section_1,2019,Ordinance No. 0755-19 (1).pdf,Thesis_Obsidian\Ordinances\2019\Ordinance No. 0755-19.md,-1,True
2060,0755-19,section_2,2019,Ordinance No. 0755-19 (1).pdf,Thesis_Obsidian\Ordinances\2019\Ordinance No. 0755-19.md,66,False
2061,0756-19,section_1,2019,Ordinance No. 0756-19 (1).pdf,Thesis_Obsidian\Ordinances\2019\Ordinance No. 0756-19.md,51,False
2062,0756-19,section_2,2019,Ordinance No. 0756-19 (1).pdf,Thesis_Obsidian\Ordinances\2019\Ordinance No. 0756-19.md,144,False
2063,0756-19,section_3,2019,Ordinance No. 0756-19 (1).pdf,Thesis_Obsidian\Ordinances\2019\Ordinance No. 0756-19.md,66,False
2064,0757-19,section_1,2019,Ordinance No. 0757-19 (1).pdf,Thesis_Obsidian\Ordinances\2019\Ordinance No. 0757-19.md,51,False
2065,0757-19,section_2,2019,Ordinance No. 0757-19 (1).pdf,Thesis_Obsidian\Ordinances\2019\Ordinance No. 0757-19.md,144,False
2066,0757-19,section_3,2019,Ordinance No. 0757-19 (1).pdf,Thesis_Obsidian\Ordinances\2019\Ordinance No. 0757-19.md,66,False
2067,0758-19,section_1,2019,Ordinance No. 0758-19 (1).pdf,Thesis_Obsidian\Ordinances\2019\Ordinance No. 0758-19.md,51,False
2068,0758-19,section_2,2019,Ordinance No. 0758-19 (1).pdf,Thesis_Obsidian\Ordinances\2019\Ordinance No. 0758-19.md,144,False
2069,0758-19,section_3,2019,Ordinance No. 0758-19 (1).pdf,Thesis_Obsidian\Ordinances\2019\Ordinance No. 0758-19.md,66,False
2070,0759-19,section_36,2019,Ordinance No. 0759-19 (1).pdf,Thesis_Obsidian\Ordinances\2019\Ordinance No. 0759-19.md,29,False
2071,0759-19,section_2,2019,Ordinance No. 0759-19 (1).pdf,Thesis_Obsidian\Ordinances\2019\Ordinance No. 0759-19.md,144,False
2072,0759-19,section_3,2019,Ordinance No. 0759-19 (1).pdf,Thesis_Obsidian\Ordinances\2019\Ordinance No. 0759-19.md,66,False
2073,076-19,section_1,2019,Ordinance No. 076-19 (1).pdf,Thesis_Obsidian\Ordinances\2019\Ordinance No. 076-19.md,58,False
2074,076-19,section_2,2019,Ordinance No. 076-19 (1).pdf,Thesis_Obsidian\Ordinances\2019\Ordinance No. 076-19.md,58,False
2075,076-19,section_3,2019,Ordinance No. 076-19 (1).pdf,Thesis_Obsidian\Ordinances\2019\Ordinance No. 076-19.md,224,False
2076,0760-19,section_1,2019,Ordinance No. 0760-19 (1).pdf,Thesis_Obsidian\Ordinances\2019\Ordinance No. 0760-19.md,51,False
2077,0760-19,section_2,2019,Ordinance No. 0760-19 (1).pdf,Thesis_Obsidian\Ordinances\2019\Ordinance No. 0760-19.md,144,False
2078,0760-19,section_3,2019,Ordinance No. 0760-19 (1).pdf,Thesis_Obsidian\Ordinances\2019\Ordinance No. 0760-19.md,66,False
2079,0761-19,section_1,2019,Ordinance No. 0761-19 (1).pdf,Thesis_Obsidian\Ordinances\2019\Ordinance No. 0761-19.md,15,False
2080,0761-19,section_2,2019,Ordinance No. 0761-19 (1).pdf,Thesis_Obsidian\Ordinances\2019\Ordinance No. 0761-19.md,226,False
2081,0761-19,section_3,2019,Ordinance No. 0761-19 (1).pdf,Thesis_Obsidian\Ordinances\2019\Ordinance No. 0761-19.md,22,False
2082,0761-19,section_4,2019,Ordinance No. 0761-19 (1).pdf,Thesis_Obsidian\Ordinances\2019\Ordinance No. 0761-19.md,74,False
2083,0761-19,section_5,2019,Ordinance No. 0761-19 (1).pdf,Thesis_Obsidian\Ordinances\2019\Ordinance No. 0761-19.md,2,False
2084,0763-19,section_1,2019,Ordinance No. 0763-19 (1).pdf,Thesis_Obsidian\Ordinances\2019\Ordinance No. 0763-19.md,15,False
2085,0763-19,section_2,2019,Ordinance No. 0763-19 (1).pdf,Thesis_Obsidian\Ordinances\2019\Ordinance No. 0763-19.md,12,False
2086,0763-19,section_3,2019,Ordinance No. 0763-19 (1).pdf,Thesis_Obsidian\Ordinances\2019\Ordinance No. 0763-19.md,22,False
2087,0763-19,section_4,2019,Ordinance No. 0763-19 (1).pdf,Thesis_Obsidian\Ordinances\2019\Ordinance No. 0763-19.md,256,False
2088,0763-19,section_5,2019,Ordinance No. 0763-19 (1).pdf,Thesis_Obsidian\Ordinances\2019\Ordinance No. 0763-19.md,2,False
2089,0765-19,section_1,2019,Ordinance No. 0765-19 (1).pdf,Thesis_Obsidian\Ordinances\2019\Ordinance No. 0765-19.md,20,False
2090,0765-19,section_2,2019,Ordinance No. 0765-19 (1).pdf,Thesis_Obsidian\Ordinances\2019\Ordinance No. 0765-19.md,64,False
2091,0765-19,section_25,2019,Ordinance No. 0765-19 (1).pdf,Thesis_Obsidian\Ordinances\2019\Ordinance No. 0765-19.md,59,False
2092,0765-19,section_4s,2019,Ordinance No. 0765-19 (1).pdf,Thesis_Obsidian\Ordinances\2019\Ordinance No. 0765-19.md,261,False
2093,0765-19,section_3,2019,Ordinance No. 0765-19 (1).pdf,Thesis_Obsidian\Ordinances\2019\Ordinance No. 0765-19.md,4,False
2094,0765-19,section_4,2019,Ordinance No. 0765-19 (1).pdf,Thesis_Obsidian\Ordinances\2019\Ordinance No. 0765-19.md,16,False
2095,0765-19,section_5,2019,Ordinance No. 0765-19 (1).pdf,Thesis_Obsidian\Ordinances\2019\Ordinance No. 0765-19.md,-1,True
2096,0767-19,section_2,2019,Ordinance No. 0767-19 (1).pdf,Thesis_Obsidian\Ordinances\2019\Ordinance No. 0767-19.md,119,False
2097,0767-19,section_3,2019,Ordinance No. 0767-19 (1).pdf,Thesis_Obsidian\Ordinances\2019\Ordinance No. 0767-19.md,-1,True
2098,0767-19,section_4,2019,Ordinance No. 0767-19 (1).pdf,Thesis_Obsidian\Ordinances\2019\Ordinance No. 0767-19.md,107,False
2099,0767-19,section_5,2019,Ordinance No. 0767-19 (1).pdf,Thesis_Obsidian\Ordinances\2019\Ordinance No. 0767-19.md,65,False
2100,0767-19,section_1,2019,Ordinance No. 0767-19 (1).pdf,Thesis_Obsidian\Ordinances\2019\Ordinance No. 0767-19.md,195,False
2101,0767-19,section_7,2019,Ordinance No. 0767-19 (1).pdf,Thesis_Obsidian\Ordinances\2019\Ordinance No. 0767-19.md,0,False
2102,0768-19,section_2,2019,Ordinance No. 0768-19 (1).pdf,Thesis_Obsidian\Ordinances\2019\Ordinance No. 0768-19.md,12,False
2103,0768-19,section_3,2019,Ordinance No. 0768-19 (1).pdf,Thesis_Obsidian\Ordinances\2019\Ordinance No. 0768-19.md,22,False
2104,0768-19,section_4,2019,Ordinance No. 0768-19 (1).pdf,Thesis_Obsidian\Ordinances\2019\Ordinance No. 0768-19.md,152,False
2105,0768-19,section_5,2019,Ordinance No. 0768-19 (1).pdf,Thesis_Obsidian\Ordinances\2019\Ordinance No. 0768-19.md,2,False
2106,077-19,section_1,2019,Ordinance No. 077-19 (1).pdf,Thesis_Obsidian\Ordinances\2019\Ordinance No. 077-19.md,11,False
2107,077-19,section_2,2019,Ordinance No. 077-19 (1).pdf,Thesis_Obsidian\Ordinances\2019\Ordinance No. 077-19.md,91,False
2108,077-19,section_4,2019,Ordinance No. 077-19 (1).pdf,Thesis_Obsidian\Ordinances\2019\Ordinance No. 077-19.md,11,False
2109,077-19,section_5,2019,Ordinance No. 077-19 (1).pdf,Thesis_Obsidian\Ordinances\2019\Ordinance No. 077-19.md,9,False
2110,077-19,section_6,2019,Ordinance No. 077-19 (1).pdf,Thesis_Obsidian\Ordinances\2019\Ordinance No. 077-19.md,-1,True
2111,0772-19,section_1,2019,Ordinance No. 0772-19 (1).pdf,Thesis_Obsidian\Ordinances\2019\Ordinance No. 0772-19.md,81,False
2112,0772-19,section_2,2019,Ordinance No. 0772-19 (1).pdf,Thesis_Obsidian\Ordinances\2019\Ordinance No. 0772-19.md,71,False
2113,0772-19,section_3,2019,Ordinance No. 0772-19 (1).pdf,Thesis_Obsidian\Ordinances\2019\Ordinance No. 0772-19.md,4,False
2114,0772-19,section_4,2019,Ordinance No. 0772-19 (1).pdf,Thesis_Obsidian\Ordinances\2019\Ordinance No. 0772-19.md,219,False
2115,0772-19,section_5,2019,Ordinance No. 0772-19 (1).pdf,Thesis_Obsidian\Ordinances\2019\Ordinance No. 0772-19.md,240,False
2116,0773-19,section_2,2019,Ordinance No. 0773-19 (1).pdf,Thesis_Obsidian\Ordinances\2019\Ordinance No. 0773-19.md,71,False
2117,0773-19,section_3,2019,Ordinance No. 0773-19 (1).pdf,Thesis_Obsidian\Ordinances\2019\Ordinance No. 0773-19.md,-1,True
2118,0773-19,section_4,2019,Ordinance No. 0773-19 (1).pdf,Thesis_Obsidian\Ordinances\2019\Ordinance No. 0773-19.md,9,False
2119,0773-19,section_5,2019,Ordinance No. 0773-19 (1).pdf,Thesis_Obsidian\Ordinances\2019\Ordinance No. 0773-19.md,78,False
2120,0773-19,section_1,2019,Ordinance No. 0773-19 (1).pdf,Thesis_Obsidian\Ordinances\2019\Ordinance No. 0773-19.md,240,False
2121,0777-19,section_1,2019,Ordinance No. 0777-19 (1).pdf,Thesis_Obsidian\Ordinances\2019\Ordinance No. 0777-19.md,81,False
2122,0777-19,section_2,2019,Ordinance No. 0777-19 (1).pdf,Thesis_Obsidian\Ordinances\2019\Ordinance No. 0777-19.md,71,False
2123,0777-19,section_3,2019,Ordinance No. 0777-19 (1).pdf,Thesis_Obsidian\Ordinances\2019\Ordinance No. 0777-19.md,-1,True
2124,0777-19,section_4,2019,Ordinance No. 0777-19 (1).pdf,Thesis_Obsidian\Ordinances\2019\Ordinance No. 0777-19.md,115,False
2125,0777-19,section_5,2019,Ordinance No. 0777-19 (1).pdf,Thesis_Obsidian\Ordinances\2019\Ordinance No. 0777-19.md,56,False
2126,078-19,section_1,2019,Ordinance No. 078-19 (1).pdf,Thesis_Obsidian\Ordinances\2019\Ordinance No. 078-19.md,77,False
2127,078-19,section_2,2019,Ordinance No. 078-19 (1).pdf,Thesis_Obsidian\Ordinances\2019\Ordinance No. 078-19.md,246,False
2128,078-19,section_3,2019,Ordinance No. 078-19 (1).pdf,Thesis_Obsidian\Ordinances\2019\Ordinance No. 078-19.md,170,False
2129,078-19,section_4,2019,Ordinance No. 078-19 (1).pdf,Thesis_Obsidian\Ordinances\2019\Ordinance No. 078-19.md,107,False
2130,078-19,section_5,2019,Ordinance No. 078-19 (1).pdf,Thesis_Obsidian\Ordinances\2019\Ordinance No. 078-19.md,83,False
2131,078-19,section_6,2019,Ordinance No. 078-19 (1).pdf,Thesis_Obsidian\Ordinances\2019\Ordinance No. 078-19.md,2,False
2132,0780-19,section_1,2019,Ordinance No. 0780-19 (1).pdf,Thesis_Obsidian\Ordinances\2019\Ordinance No. 0780-19.md,164,False
2133,0780-19,section_2,2019,Ordinance No. 0780-19 (1).pdf,Thesis_Obsidian\Ordinances\2019\Ordinance No. 0780-19.md,68,False
2134,0780-19,section_3,2019,Ordinance No. 0780-19 (1).pdf,Thesis_Obsidian\Ordinances\2019\Ordinance No. 0780-19.md,189,False
2135,0780-19,section_4,2019,Ordinance No. 0780-19 (1).pdf,Thesis_Obsidian\Ordinances\2019\Ordinance No. 0780-19.md,10,False
2136,0780-19,section_5,2019,Ordinance No. 0780-19 (1).pdf,Thesis_Obsidian\Ordinances\2019\Ordinance No. 0780-19.md,-1,True
2137,0781-19,section_1,2019,Ordinance No. 0781-19 (1).pdf,Thesis_Obsidian\Ordinances\2019\Ordinance No. 0781-19.md,57,False
2138,0781-19,section_2,2019,Ordinance No. 0781-19 (1).pdf,Thesis_Obsidian\Ordinances\2019\Ordinance No. 0781-19.md,64,False
2139,0781-19,section_25,2019,Ordinance No. 0781-19 (1).pdf,Thesis_Obsidian\Ordinances\2019\Ordinance No. 0781-19.md,59,False
2140,0781-19,section_4s,2019,Ordinance No. 0781-19 (1).pdf,Thesis_Obsidian\Ordinances\2019\Ordinance No. 0781-19.md,261,False
2141,0781-19,section_3,2019,Ordinance No. 0781-19 (1).pdf,Thesis_Obsidian\Ordinances\2019\Ordinance No. 0781-19.md,-1,True
2142,0781-19,section_4,2019,Ordinance No. 0781-19 (1).pdf,Thesis_Obsidian\Ordinances\2019\Ordinance No. 0781-19.md,10,False
2143,0781-19,section_5,2019,Ordinance No. 0781-19 (1).pdf,Thesis_Obsidian\Ordinances\2019\Ordinance No. 0781-19.md,-1,True
2144,0781-19,section_11,2019,Ordinance No. 0781-19 (1).pdf,Thesis_Obsidian\Ordinances\2019\Ordinance No. 0781-19.md,-1,True
2145,0782-19,section_1,2019,Ordinance No. 0782-19 (1).pdf,Thesis_Obsidian\Ordinances\2019\Ordinance No. 0782-19.md,26,False
2146,0782-19,section_2,2019,Ordinance No. 0782-19 (1).pdf,Thesis_Obsidian\Ordinances\2019\Ordinance No. 0782-19.md,5,False
2147,0782-19,section_3,2019,Ordinance No. 0782-19 (1).pdf,Thesis_Obsidian\Ordinances\2019\Ordinance No. 0782-19.md,5,False
2148,0782-19,section_5,2019,Ordinance No. 0782-19 (1).pdf,Thesis_Obsidian\Ordinances\2019\Ordinance No. 0782-19.md,195,False
2149,0782-19,section_6,2019,Ordinance No. 0782-19 (1).pdf,Thesis_Obsidian\Ordinances\2019\Ordinance No. 0782-19.md,131,False
2150,0782-19,section_7,2019,Ordinance No. 0782-19 (1).pdf,Thesis_Obsidian\Ordinances\2019\Ordinance No. 0782-19.md,210,False
2151,0782-19,section_8,2019,Ordinance No. 0782-19 (1).pdf,Thesis_Obsidian\Ordinances\2019\Ordinance No. 0782-19.md,-1,True
2152,0782-19,section_9,2019,Ordinance No. 0782-19 (1).pdf,Thesis_Obsidian\Ordinances\2019\Ordinance No. 0782-19.md,-1,True
2153,0782-19,section_10,2019,Ordinance No. 0782-19 (1).pdf,Thesis_Obsidian\Ordinances\2019\Ordinance No. 0782-19.md,5,False
2154,0782-19,section_11,2019,Ordinance No. 0782-19 (1).pdf,Thesis_Obsidian\Ordinances\2019\Ordinance No. 0782-19.md,-1,True
2155,0782-19,section_12,2019,Ordinance No. 0782-19 (1).pdf,Thesis_Obsidian\Ordinances\2019\Ordinance No. 0782-19.md,211,False
2156,0782-19,section_13,2019,Ordinance No. 0782-19 (1).pdf,Thesis_Obsidian\Ordinances\2019\Ordinance No. 0782-19.md,78,False
2157,0784-19,section_1,2019,Ordinance No. 0784-19 (1).pdf,Thesis_Obsidian\Ordinances\2019\Ordinance No. 0784-19.md,117,False
2158,0784-19,section_2,2019,Ordinance No. 0784-19 (1).pdf,Thesis_Obsidian\Ordinances\2019\Ordinance No. 0784-19.md,12,False
2159,0784-19,section_3,2019,Ordinance No. 0784-19 (1).pdf,Thesis_Obsidian\Ordinances\2019\Ordinance No. 0784-19.md,55,False
2160,0784-19,section_4,2019,Ordinance No. 0784-19 (1).pdf,Thesis_Obsidian\Ordinances\2019\Ordinance No. 0784-19.md,211,False
2161,0784-19,section_5,2019,Ordinance No. 0784-19 (1).pdf,Thesis_Obsidian\Ordinances\2019\Ordinance No. 0784-19.md,-1,True
2162,0786-19,section_2,2019,Ordinance No. 0786-19 (1).pdf,Thesis_Obsidian\Ordinances\2019\Ordinance No. 0786-19.md,37,False
2163,0786-19,section_3,2019,Ordinance No. 0786-19 (1).pdf,Thesis_Obsidian\Ordinances\2019\Ordinance No. 0786-19.md,22,False
2164,0786-19,section_4,2019,Ordinance No. 0786-19 (1).pdf,Thesis_Obsidian\Ordinances\2019\Ordinance No. 0786-19.md,9,False
2165,0786-19,section_5,2019,Ordinance No. 0786-19 (1).pdf,Thesis_Obsidian\Ordinances\2019\Ordinance No. 0786-19.md,191,False
2166,0787-19,section_1,2019,Ordinance No. 0787-19 (1).pdf,Thesis_Obsidian\Ordinances\2019\Ordinance No. 0787-19.md,20,False
2167,0787-19,section_2,2019,Ordinance No. 0787-19 (1).pdf,Thesis_Obsidian\Ordinances\2019\Ordinance No. 0787-19.md,64,False
2168,0787-19,section_455,2019,Ordinance No. 0787-19 (1).pdf,Thesis_Obsidian\Ordinances\2019\Ordinance No. 0787-19.md,143,False
2169,0787-19,section_3,2019,Ordinance No. 0787-19 (1).pdf,Thesis_Obsidian\Ordinances\2019\Ordinance No. 0787-19.md,123,False
2170,0787-19,section_4,2019,Ordinance No. 0787-19 (1).pdf,Thesis_Obsidian\Ordinances\2019\Ordinance No. 0787-19.md,128,False
2171,0787-19,section_5,2019,Ordinance No. 0787-19 (1).pdf,Thesis_Obsidian\Ordinances\2019\Ordinance No. 0787-19.md,132,False
2172,0788-19,section_1,2019,Ordinance No. 0788-19 (1).pdf,Thesis_Obsidian\Ordinances\2019\Ordinance No. 0788-19.md,23,False
2173,0788-19,section_2,2019,Ordinance No. 0788-19 (1).pdf,Thesis_Obsidian\Ordinances\2019\Ordinance No. 0788-19.md,23,False
2174,0788-19,section_3,2019,Ordinance No. 0788-19 (1).pdf,Thesis_Obsidian\Ordinances\2019\Ordinance No. 0788-19.md,3,False
2175,0788-19,section_4,2019,Ordinance No. 0788-19 (1).pdf,Thesis_Obsidian\Ordinances\2019\Ordinance No. 0788-19.md,-1,True
2176,0789-19,section_1,2019,Ordinance No. 0789-19 (1).pdf,Thesis_Obsidian\Ordinances\2019\Ordinance No. 0789-19.md,11,False
2177,0789-19,section_2,2019,Ordinance No. 0789-19 (1).pdf,Thesis_Obsidian\Ordinances\2019\Ordinance No. 0789-19.md,141,False
2178,0789-19,section_3,2019,Ordinance No. 0789-19 (1).pdf,Thesis_Obsidian\Ordinances\2019\Ordinance No. 0789-19.md,-1,True
2179,0789-19,section_66,2019,Ordinance No. 0789-19 (1).pdf,Thesis_Obsidian\Ordinances\2019\Ordinance No. 0789-19.md,250,False
2180,0790-19,section_1,2019,Ordinance No. 0790-19 (1).pdf,Thesis_Obsidian\Ordinances\2019\Ordinance No. 0790-19.md,15,False
2181,0790-19,section_2,2019,Ordinance No. 0790-19 (1).pdf,Thesis_Obsidian\Ordinances\2019\Ordinance No. 0790-19.md,180,False
2182,0790-19,section_3,2019,Ordinance No. 0790-19 (1).pdf,Thesis_Obsidian\Ordinances\2019\Ordinance No. 0790-19.md,22,False
2183,0790-19,section_4,2019,Ordinance No. 0790-19 (1).pdf,Thesis_Obsidian\Ordinances\2019\Ordinance No. 0790-19.md,16,False
2184,0790-19,section_5,2019,Ordinance No. 0790-19 (1).pdf,Thesis_Obsidian\Ordinances\2019\Ordinance No. 0790-19.md,2,False
2185,0792-19,section_1,2019,Ordinance No. 0792-19 (1).pdf,Thesis_Obsidian\Ordinances\2019\Ordinance No. 0792-19.md,117,False
2186,0792-19,section_2,2019,Ordinance No. 0792-19 (1).pdf,Thesis_Obsidian\Ordinances\2019\Ordinance No. 0792-19.md,13,False
2187,0792-19,section_4,2019,Ordinance No. 0792-19 (1).pdf,Thesis_Obsidian\Ordinances\2019\Ordinance No. 0792-19.md,3,False
2188,0792-19,section_5,2019,Ordinance No. 0792-19 (1).pdf,Thesis_Obsidian\Ordinances\2019\Ordinance No. 0792-19.md,-1,True
2189,0792-19,section_3,2019,Ordinance No. 0792-19 (1).pdf,Thesis_Obsidian\Ordinances\2019\Ordinance No. 0792-19.md,2,False
2190,0793-19,section_1,2019,Ordinance No. 0793-19 (1).pdf,Thesis_Obsidian\Ordinances\2019\Ordinance No. 0793-19.md,81,False
2191,0793-19,section_2,2019,Ordinance No. 0793-19 (1).pdf,Thesis_Obsidian\Ordinances\2019\Ordinance No. 0793-19.md,56,False
2192,0793-19,section_3,2019,Ordinance No. 0793-19 (1).pdf,Thesis_Obsidian\Ordinances\2019\Ordinance No. 0793-19.md,152,False
2193,0793-19,section_4,2019,Ordinance No. 0793-19 (1).pdf,Thesis_Obsidian\Ordinances\2019\Ordinance No. 0793-19.md,56,False
2194,0794-19,section_1,2019,Ordinance No. 0794-19 (1).pdf,Thesis_Obsidian\Ordinances\2019\Ordinance No. 0794-19.md,118,False
2195,0794-19,section_2,2019,Ordinance No. 0794-19 (1).pdf,Thesis_Obsidian\Ordinances\2019\Ordinance No. 0794-19.md,56,False
2196,0794-19,section_3,2019,Ordinance No. 0794-19 (1).pdf,Thesis_Obsidian\Ordinances\2019\Ordinance No. 0794-19.md,3,False
2197,0794-19,section_4,2019,Ordinance No. 0794-19 (1).pdf,Thesis_Obsidian\Ordinances\2019\Ordinance No. 0794-19.md,76,False
2198,0796-19,section_1,2019,Ordinance No. 0796-19 (1).pdf,Thesis_Obsidian\Ordinances\2019\Ordinance No. 0796-19.md,15,False
2199,0796-19,section_2,2019,Ordinance No. 0796-19 (1).pdf,Thesis_Obsidian\Ordinances\2019\Ordinance No. 0796-19.md,37,False
2200,0796-19,section_3,2019,Ordinance No. 0796-19 (1).pdf,Thesis_Obsidian\Ordinances\2019\Ordinance No. 0796-19.md,22,False
2201,0796-19,section_4,2019,Ordinance No. 0796-19 (1).pdf,Thesis_Obsidian\Ordinances\2019\Ordinance No. 0796-19.md,152,False
2202,0796-19,section_5,2019,Ordinance No. 0796-19 (1).pdf,Thesis_Obsidian\Ordinances\2019\Ordinance No. 0796-19.md,2,False
2203,0797-19,section_1,2019,Ordinance No. 0797-19 (1).pdf,Thesis_Obsidian\Ordinances\2019\Ordinance No. 0797-19.md,149,False
2204,0797-19,section_2,2019,Ordinance No. 0797-19 (1).pdf,Thesis_Obsidian\Ordinances\2019\Ordinance No. 0797-19.md,180,False
2205,0797-19,section_3,2019,Ordinance No. 0797-19 (1).pdf,Thesis_Obsidian\Ordinances\2019\Ordinance No. 0797-19.md,149,False
2206,0797-19,section_4,2019,Ordinance No. 0797-19 (1).pdf,Thesis_Obsidian\Ordinances\2019\Ordinance No. 0797-19.md,18,False
2207,0797-19,section_5,2019,Ordinance No. 0797-19 (1).pdf,Thesis_Obsidian\Ordinances\2019\Ordinance No. 0797-19.md,2,False
2208,0798-19,section_1,2019,Ordinance No. 0798-19 (1).pdf,Thesis_Obsidian\Ordinances\2019\Ordinance No. 0798-19.md,149,False
2209,0798-19,section_2,2019,Ordinance No. 0798-19 (1).pdf,Thesis_Obsidian\Ordinances\2019\Ordinance No. 0798-19.md,-1,True
2210,0798-19,section_3,2019,Ordinance No. 0798-19 (1).pdf,Thesis_Obsidian\Ordinances\2019\Ordinance No. 0798-19.md,149,False
2211,0798-19,section_4,2019,Ordinance No. 0798-19 (1).pdf,Thesis_Obsidian\Ordinances\2019\Ordinance No. 0798-19.md,27,False
2212,0798-19,section_5,2019,Ordinance No. 0798-19 (1).pdf,Thesis_Obsidian\Ordinances\2019\Ordinance No. 0798-19.md,2,False
2213,0799-19,section_1,2019,Ordinance No. 0799-19 (1).pdf,Thesis_Obsidian\Ordinances\2019\Ordinance No. 0799-19.md,15,False
2214,0799-19,section_2,2019,Ordinance No. 0799-19 (1).pdf,Thesis_Obsidian\Ordinances\2019\Ordinance No. 0799-19.md,12,False
2215,0799-19,section_3,2019,Ordinance No. 0799-19 (1).pdf,Thesis_Obsidian\Ordinances\2019\Ordinance No. 0799-19.md,22,False
2216,0799-19,section_4,2019,Ordinance No. 0799-19 (1).pdf,Thesis_Obsidian\Ordinances\2019\Ordinance No. 0799-19.md,53,False
2217,083-19,section_1,2019,Ordinance No. 083-19 (1).pdf,Thesis_Obsidian\Ordinances\2019\Ordinance No. 083-19.md,46,False
2218,083-19,section_2,2019,Ordinance No. 083-19 (1).pdf,Thesis_Obsidian\Ordinances\2019\Ordinance No. 083-19.md,56,False
2219,083-19,section_3,2019,Ordinance No. 083-19 (1).pdf,Thesis_Obsidian\Ordinances\2019\Ordinance No. 083-19.md,157,False
2220,083-19,section_5,2019,Ordinance No. 083-19 (1).pdf,Thesis_Obsidian\Ordinances\2019\Ordinance No. 083-19.md,56,False
2221,084-19,section_1,2019,Ordinance No. 084-19 (1).pdf,Thesis_Obsidian\Ordinances\2019\Ordinance No. 084-19.md,102,False
2222,084-19,section_2,2019,Ordinance No. 084-19 (1).pdf,Thesis_Obsidian\Ordinances\2019\Ordinance No. 084-19.md,58,False
2223,084-19,section_3,2019,Ordinance No. 084-19 (1).pdf,Thesis_Obsidian\Ordinances\2019\Ordinance No. 084-19.md,224,False
2224,085-19,section_1,2019,Ordinance No. 085-19 (1).pdf,Thesis_Obsidian\Ordinances\2019\Ordinance No. 085-19.md,-1,True
2225,085-19,section_2,2019,Ordinance No. 085-19 (1).pdf,Thesis_Obsidian\Ordinances\2019\Ordinance No. 085-19.md,54,False
2226,086-19,section_1,2019,Ordinance No. 086-19 (1).pdf,Thesis_Obsidian\Ordinances\2019\Ordinance No. 086-19.md,77,False
2227,086-19,section_2,2019,Ordinance No. 086-19 (1).pdf,Thesis_Obsidian\Ordinances\2019\Ordinance No. 086-19.md,119,False
2228,086-19,section_3,2019,Ordinance No. 086-19 (1).pdf,Thesis_Obsidian\Ordinances\2019\Ordinance No. 086-19.md,42,False
2229,086-19,section_4,2019,Ordinance No. 086-19 (1).pdf,Thesis_Obsidian\Ordinances\2019\Ordinance No. 086-19.md,107,False
2230,086-19,section_5,2019,Ordinance No. 086-19 (1).pdf,Thesis_Obsidian\Ordinances\2019\Ordinance No. 086-19.md,65,False
2231,086-19,section_6,2019,Ordinance No. 086-19 (1).pdf,Thesis_Obsidian\Ordinances\2019\Ordinance No. 086-19.md,0,False
2232,088-19,section_1,2019,Ordinance No. 088-19 (1).pdf,Thesis_Obsidian\Ordinances\2019\Ordinance No. 088-19.md,11,False
2233,088-19,section_2,2019,Ordinance No. 088-19 (1).pdf,Thesis_Obsidian\Ordinances\2019\Ordinance No. 088-19.md,141,False
2234,088-19,section_66,2019,Ordinance No. 088-19 (1).pdf,Thesis_Obsidian\Ordinances\2019\Ordinance No. 088-19.md,250,False
2235,088-19,section_4,2019,Ordinance No. 088-19 (1).pdf,Thesis_Obsidian\Ordinances\2019\Ordinance No. 088-19.md,16,False
2236,088-19,section_5,2019,Ordinance No. 088-19 (1).pdf,Thesis_Obsidian\Ordinances\2019\Ordinance No. 088-19.md,0,False
2237,089-19,section_1,2019,Ordinance No. 089-19 (1).pdf,Thesis_Obsidian\Ordinances\2019\Ordinance No. 089-19.md,117,False
2238,089-19,section_2,2019,Ordinance No. 089-19 (1).pdf,Thesis_Obsidian\Ordinances\2019\Ordinance No. 089-19.md,12,False
2239,089-19,section_3,2019,Ordinance No. 089-19 (1).pdf,Thesis_Obsidian\Ordinances\2019\Ordinance No. 089-19.md,22,False
2240,089-19,section_4,2019,Ordinance No. 089-19 (1).pdf,Thesis_Obsidian\Ordinances\2019\Ordinance No. 089-19.md,53,False
2241,091-19,section_1,2019,Ordinance No. 091-19 (1).pdf,Thesis_Obsidian\Ordinances\2019\Ordinance No. 091-19.md,26,False
2242,091-19,section_2,2019,Ordinance No. 091-19 (1).pdf,Thesis_Obsidian\Ordinances\2019\Ordinance No. 091-19.md,58,False
2243,091-19,section_4,2019,Ordinance No. 091-19 (1).pdf,Thesis_Obsidian\Ordinances\2019\Ordinance No. 091-19.md,-1,True
2244,092-19,section_1,2019,Ordinance No. 092-19 (1).pdf,Thesis_Obsidian\Ordinances\2019\Ordinance No. 092-19.md,102,False
2245,092-19,section_2,2019,Ordinance No. 092-19 (1).pdf,Thesis_Obsidian\Ordinances\2019\Ordinance No. 092-19.md,58,False
2246,092-19,section_3,2019,Ordinance No. 092-19 (1).pdf,Thesis_Obsidian\Ordinances\2019\Ordinance No. 092-19.md,224,False
2247,093-19,section_1,2019,Ordinance No. 093-19 (1).pdf,Thesis_Obsidian\Ordinances\2019\Ordinance No. 093-19.md,20,False
2248,093-19,section_455,2019,Ordinance No. 093-19 (1).pdf,Thesis_Obsidian\Ordinances\2019\Ordinance No. 093-19.md,236,False
2249,093-19,section_3,2019,Ordinance No. 093-19 (1).pdf,Thesis_Obsidian\Ordinances\2019\Ordinance No. 093-19.md,4,False
2250,093-19,section_4,2019,Ordinance No. 093-19 (1).pdf,Thesis_Obsidian\Ordinances\2019\Ordinance No. 093-19.md,10,False
2251,093-19,section_5,2019,Ordinance No. 093-19 (1).pdf,Thesis_Obsidian\Ordinances\2019\Ordinance No. 093-19.md,147,False
2252,094-19,section_1,2019,Ordinance No. 094-19 (1).pdf,Thesis_Obsidian\Ordinances\2019\Ordinance No. 094-19.md,11,False
2253,094-19,section_2,2019,Ordinance No. 094-19 (1).pdf,Thesis_Obsidian\Ordinances\2019\Ordinance No. 094-19.md,141,False
2254,094-19,section_3,2019,Ordinance No. 094-19 (1).pdf,Thesis_Obsidian\Ordinances\2019\Ordinance No. 094-19.md,91,False
2255,094-19,section_4,2019,Ordinance No. 094-19 (1).pdf,Thesis_Obsidian\Ordinances\2019\Ordinance No. 094-19.md,53,False
2256,094-19,section_6,2019,Ordinance No. 094-19 (1).pdf,Thesis_Obsidian\Ordinances\2019\Ordinance No. 094-19.md,191,False
2257,095-19,section_1,2019,Ordinance No. 095-19 (1).pdf,Thesis_Obsidian\Ordinances\2019\Ordinance No. 095-19.md,11,False
2258,095-19,section_2,2019,Ordinance No. 095-19 (1).pdf,Thesis_Obsidian\Ordinances\2019\Ordinance No. 095-19.md,141,False
2259,095-19,section_3,2019,Ordinance No. 095-19 (1).pdf,Thesis_Obsidian\Ordinances\2019\Ordinance No. 095-19.md,91,False
2260,095-19,section_4,2019,Ordinance No. 095-19 (1).pdf,Thesis_Obsidian\Ordinances\2019\Ordinance No. 095-19.md,11,False
2261,095-19,section_5,2019,Ordinance No. 095-19 (1).pdf,Thesis_Obsidian\Ordinances\2019\Ordinance No. 095-19.md,233,False
2262,095-19,section_6,2019,Ordinance No. 095-19 (1).pdf,Thesis_Obsidian\Ordinances\2019\Ordinance No. 095-19.md,0,False
2263,096-19,section_1,2019,Ordinance No. 096-19 (1).pdf,Thesis_Obsidian\Ordinances\2019\Ordinance No. 096-19.md,11,False
2264,096-19,section_2,2019,Ordinance No. 096-19 (1).pdf,Thesis_Obsidian\Ordinances\2019\Ordinance No. 096-19.md,-1,True
2265,096-19,section_66,2019,Ordinance No. 096-19 (1).pdf,Thesis_Obsidian\Ordinances\2019\Ordinance No. 096-19.md,250,False
2266,096-19,section_3,2019,Ordinance No. 096-19 (1).pdf,Thesis_Obsidian\Ordinances\2019\Ordinance No. 096-19.md,11,False
2267,096-19,section_4,2019,Ordinance No. 096-19 (1).pdf,Thesis_Obsidian\Ordinances\2019\Ordinance No. 096-19.md,115,False
2268,096-19,section_5,2019,Ordinance No. 096-19 (1).pdf,Thesis_Obsidian\Ordinances\2019\Ordinance No. 096-19.md,0,False
2269,097-19,section_1,2019,Ordinance No. 097-19 (1).pdf,Thesis_Obsidian\Ordinances\2019\Ordinance No. 097-19.md,77,False
2270,097-19,section_2,2019,Ordinance No. 097-19 (1).pdf,Thesis_Obsidian\Ordinances\2019\Ordinance No. 097-19.md,246,False
2271,097-19,section_3,2019,Ordinance No. 097-19 (1).pdf,Thesis_Obsidian\Ordinances\2019\Ordinance No. 097-19.md,107,False
2272,097-19,section_5,2019,Ordinance No. 097-19 (1).pdf,Thesis_Obsidian\Ordinances\2019\Ordinance No. 097-19.md,65,False
2273,097-19,section_6,2019,Ordinance No. 097-19 (1).pdf,Thesis_Obsidian\Ordinances\2019\Ordinance No. 097-19.md,0,False
2274,098-19,section_1,2019,Ordinance No. 098-19 (1).pdf,Thesis_Obsidian\Ordinances\2019\Ordinance No. 098-19.md,23,False
2275,098-19,section_2,2019,Ordinance No. 098-19 (1).pdf,Thesis_Obsidian\Ordinances\2019\Ordinance No. 098-19.md,23,False
2276,098-19,section_3,2019,Ordinance No. 098-19 (1).pdf,Thesis_Obsidian\Ordinances\2019\Ordinance No. 098-19.md,23,False
2277,098-19,section_5,2019,Ordinance No. 098-19 (1).pdf,Thesis_Obsidian\Ordinances\2019\Ordinance No. 098-19.md,233,False
2278,098-19,section_6,2019,Ordinance No. 098-19 (1).pdf,Thesis_Obsidian\Ordinances\2019\Ordinance No. 098-19.md,0,False
2279,RESOLUTION NO 03253-19_Adopting CDP,section_1,2019,RESOLUTION NO 03253-19_Adopting CDP.pdf,Thesis_Obsidian\Ordinances\2019\RESOLUTION NO 03253-19_Adopting CDP.md,57,False
2280,RESOLUTION NO 03253-19_Adopting CDP,section_2,2019,RESOLUTION NO 03253-19_Adopting CDP.pdf,Thesis_Obsidian\Ordinances\2019\RESOLUTION NO 03253-19_Adopting CDP.md,64,False
2281,RESOLUTION NO 03253-19_Adopting CDP,section_25,2019,RESOLUTION NO 03253-19_Adopting CDP.pdf,Thesis_Obsidian\Ordinances\2019\RESOLUTION NO 03253-19_Adopting CDP.md,59,False
2282,RESOLUTION NO 03253-19_Adopting CDP,section_455,2019,RESOLUTION NO 03253-19_Adopting CDP.pdf,Thesis_Obsidian\Ordinances\2019\RESOLUTION NO 03253-19_Adopting CDP.md,261,False
2283,RESOLUTION NO 03253-19_Adopting CDP,section_3,2019,RESOLUTION NO 03253-19_Adopting CDP.pdf,Thesis_Obsidian\Ordinances\2019\RESOLUTION NO 03253-19_Adopting CDP.md,-1,True
2284,RESOLUTION NO 03253-19_Adopting CDP,section_4,2019,RESOLUTION NO 03253-19_Adopting CDP.pdf,Thesis_Obsidian\Ordinances\2019\RESOLUTION NO 03253-19_Adopting CDP.md,9,False
2285,RESOLUTION NO 03253-19_Adopting CDP,section_5,2019,RESOLUTION NO 03253-19_Adopting CDP.pdf,Thesis_Obsidian\Ordinances\2019\RESOLUTION NO 03253-19_Adopting CDP.md,2,False
2286,0103-19,section_1,2020,Ordinance No. 0103-19 (1).pdf,Thesis_Obsidian\Ordinances\2020\Ordinance No. 0103-19.md,20,False
2287,0103-19,section_2,2020,Ordinance No. 0103-19 (1).pdf,Thesis_Obsidian\Ordinances\2020\Ordinance No. 0103-19.md,130,False
2288,0103-19,section_3,2020,Ordinance No. 0103-19 (1).pdf,Thesis_Obsidian\Ordinances\2020\Ordinance No. 0103-19.md,41,False
2289,0103-19,section_5,2020,Ordinance No. 0103-19 (1).pdf,Thesis_Obsidian\Ordinances\2020\Ordinance No. 0103-19.md,239,False
2290,0121-19,section_1,2020,Ordinance No. 0121-19 (1).pdf,Thesis_Obsidian\Ordinances\2020\Ordinance No. 0121-19.md,102,False
2291,0121-19,section_2,2020,Ordinance No. 0121-19 (1).pdf,Thesis_Obsidian\Ordinances\2020\Ordinance No. 0121-19.md,58,False
2292,0121-19,section_3,2020,Ordinance No. 0121-19 (1).pdf,Thesis_Obsidian\Ordinances\2020\Ordinance No. 0121-19.md,58,False
2293,0121-19,section_5,2020,Ordinance No. 0121-19 (1).pdf,Thesis_Obsidian\Ordinances\2020\Ordinance No. 0121-19.md,58,False
2294,0121-19,section_6,2020,Ordinance No. 0121-19 (1).pdf,Thesis_Obsidian\Ordinances\2020\Ordinance No. 0121-19.md,-1,True
2295,0121-19,section_7,2020,Ordinance No. 0121-19 (1).pdf,Thesis_Obsidian\Ordinances\2020\Ordinance No. 0121-19.md,14,False
2296,0121-19,section_9,2020,Ordinance No. 0121-19 (1).pdf,Thesis_Obsidian\Ordinances\2020\Ordinance No. 0121-19.md,54,False
2297,0124-19,section_1,2020,Ordinance No. 0124-19 (1).pdf,Thesis_Obsidian\Ordinances\2020\Ordinance No. 0124-19.md,179,False
2298,0124-19,section_2,2020,Ordinance No. 0124-19 (1).pdf,Thesis_Obsidian\Ordinances\2020\Ordinance No. 0124-19.md,21,False
2299,0124-19,section_3,2020,Ordinance No. 0124-19 (1).pdf,Thesis_Obsidian\Ordinances\2020\Ordinance No. 0124-19.md,177,False
2300,0124-19,section_5,2020,Ordinance No. 0124-19 (1).pdf,Thesis_Obsidian\Ordinances\2020\Ordinance No. 0124-19.md,0,False
2301,0130-19,section_2,2020,Ordinance No. 0130-19 (1).pdf,Thesis_Obsidian\Ordinances\2020\Ordinance No. 0130-19.md,21,False
2302,0130-19,section_3,2020,Ordinance No. 0130-19 (1).pdf,Thesis_Obsidian\Ordinances\2020\Ordinance No. 0130-19.md,177,False
2303,0130-19,section_4,2020,Ordinance No. 0130-19 (1).pdf,Thesis_Obsidian\Ordinances\2020\Ordinance No. 0130-19.md,252,False
2304,0130-19,section_5,2020,Ordinance No. 0130-19 (1).pdf,Thesis_Obsidian\Ordinances\2020\Ordinance No. 0130-19.md,0,False
2305,0133-19,section_1,2020,Ordinance No. 0133-19 (1).pdf,Thesis_Obsidian\Ordinances\2020\Ordinance No. 0133-19.md,11,False
2306,0133-19,section_2,2020,Ordinance No. 0133-19 (1).pdf,Thesis_Obsidian\Ordinances\2020\Ordinance No. 0133-19.md,91,False
2307,0133-19,section_5,2020,Ordinance No. 0133-19 (1).pdf,Thesis_Obsidian\Ordinances\2020\Ordinance No. 0133-19.md,169,False
2308,0133-19,section_6,2020,Ordinance No. 0133-19 (1).pdf,Thesis_Obsidian\Ordinances\2020\Ordinance No. 0133-19.md,191,False
2309,0142-19,section_455,2020,Ordinance No. 0142-19 (1).pdf,Thesis_Obsidian\Ordinances\2020\Ordinance No. 0142-19.md,206,False
2310,0142-19,section_16,2020,Ordinance No. 0142-19 (1).pdf,Thesis_Obsidian\Ordinances\2020\Ordinance No. 0142-19.md,176,False
2311,0142-19,section_3,2020,Ordinance No. 0142-19 (1).pdf,Thesis_Obsidian\Ordinances\2020\Ordinance No. 0142-19.md,4,False
2312,0142-19,section_4,2020,Ordinance No. 0142-19 (1).pdf,Thesis_Obsidian\Ordinances\2020\Ordinance No. 0142-19.md,24,False
2313,0143-19,section_1,2020,Ordinance No. 0143-19 (1).pdf,Thesis_Obsidian\Ordinances\2020\Ordinance No. 0143-19.md,118,False
2314,0143-19,section_2,2020,Ordinance No. 0143-19 (1).pdf,Thesis_Obsidian\Ordinances\2020\Ordinance No. 0143-19.md,71,False
2315,0143-19,section_4,2020,Ordinance No. 0143-19 (1).pdf,Thesis_Obsidian\Ordinances\2020\Ordinance No. 0143-19.md,76,False
2316,0150-19,section_1,2020,Ordinance No. 0150-19 (1).pdf,Thesis_Obsidian\Ordinances\2020\Ordinance No. 0150-19.md,-1,True
2317,0150-19,section_2,2020,Ordinance No. 0150-19 (1).pdf,Thesis_Obsidian\Ordinances\2020\Ordinance No. 0150-19.md,206,False
2318,0150-19,section_16,2020,Ordinance No. 0150-19 (1).pdf,Thesis_Obsidian\Ordinances\2020\Ordinance No. 0150-19.md,69,False
2319,0150-19,section_4,2020,Ordinance No. 0150-19 (1).pdf,Thesis_Obsidian\Ordinances\2020\Ordinance No. 0150-19.md,38,False
2320,0150-19,section_5,2020,Ordinance No. 0150-19 (1).pdf,Thesis_Obsidian\Ordinances\2020\Ordinance No. 0150-19.md,147,False
2321,0156-19,section_1,2020,Ordinance No. 0156-19 (1).pdf,Thesis_Obsidian\Ordinances\2020\Ordinance No. 0156-19.md,118,False
2322,0156-19,section_2,2020,Ordinance No. 0156-19 (1).pdf,Thesis_Obsidian\Ordinances\2020\Ordinance No. 0156-19.md,-1,True
2323,0156-19,section_16,2020,Ordinance No. 0156-19 (1).pdf,Thesis_Obsidian\Ordinances\2020\Ordinance No. 0156-19.md,264,False
2324,0156-19,section_3,2020,Ordinance No. 0156-19 (1).pdf,Thesis_Obsidian\Ordinances\2020\Ordinance No. 0156-19.md,-1,True
2325,0156-19,section_4,2020,Ordinance No. 0156-19 (1).pdf,Thesis_Obsidian\Ordinances\2020\Ordinance No. 0156-19.md,268,False
2326,0156-19,section_5,2020,Ordinance No. 0156-19 (1).pdf,Thesis_Obsidian\Ordinances\2020\Ordinance No. 0156-19.md,76,False
2327,0167-19,section_1,2020,Ordinance No. 0167-19 (1).pdf,Thesis_Obsidian\Ordinances\2020\Ordinance No. 0167-19.md,20,False
2328,0167-19,section_2,2020,Ordinance No. 0167-19 (1).pdf,Thesis_Obsidian\Ordinances\2020\Ordinance No. 0167-19.md,73,False
2329,0167-19,section_3,2020,Ordinance No. 0167-19 (1).pdf,Thesis_Obsidian\Ordinances\2020\Ordinance No. 0167-19.md,41,False
2330,0167-19,section_5,2020,Ordinance No. 0167-19 (1).pdf,Thesis_Obsidian\Ordinances\2020\Ordinance No. 0167-19.md,239,False
2331,0176-20,section_1,2020,Ordinance No. 0176-20.pdf,Thesis_Obsidian\Ordinances\2020\Ordinance No. 0176-20.md,23,False
2332,0176-20,section_2,2020,Ordinance No. 0176-20.pdf,Thesis_Obsidian\Ordinances\2020\Ordinance No. 0176-20.md,218,False
2333,0176-20,section_14,2020,Ordinance No. 0176-20.pdf,Thesis_Obsidian\Ordinances\2020\Ordinance No. 0176-20.md,218,False
2334,0176-20,section_3,2020,Ordinance No. 0176-20.pdf,Thesis_Obsidian\Ordinances\2020\Ordinance No. 0176-20.md,23,False
2335,0176-20,section_5,2020,Ordinance No. 0176-20.pdf,Thesis_Obsidian\Ordinances\2020\Ordinance No. 0176-20.md,-1,True
2336,0177-20,section_1,2020,Ordinance No. 0177-20.pdf,Thesis_Obsidian\Ordinances\2020\Ordinance No. 0177-20.md,61,False
2337,0177-20,section_2,2020,Ordinance No. 0177-20.pdf,Thesis_Obsidian\Ordinances\2020\Ordinance No. 0177-20.md,73,False
2338,0177-20,section_4,2020,Ordinance No. 0177-20.pdf,Thesis_Obsidian\Ordinances\2020\Ordinance No. 0177-20.md,86,False
2339,0177-20,section_5,2020,Ordinance No. 0177-20.pdf,Thesis_Obsidian\Ordinances\2020\Ordinance No. 0177-20.md,147,False
2340,0178-20,section_1,2020,Ordinance No. 0178-20.pdf,Thesis_Obsidian\Ordinances\2020\Ordinance No. 0178-20.md,20,False
2341,0178-20,section_2,2020,Ordinance No. 0178-20.pdf,Thesis_Obsidian\Ordinances\2020\Ordinance No. 0178-20.md,89,False
2342,0178-20,section_16,2020,Ordinance No. 0178-20.pdf,Thesis_Obsidian\Ordinances\2020\Ordinance No. 0178-20.md,176,False
2343,0178-20,section_3,2020,Ordinance No. 0178-20.pdf,Thesis_Obsidian\Ordinances\2020\Ordinance No. 0178-20.md,-1,True
2344,0178-20,section_4,2020,Ordinance No. 0178-20.pdf,Thesis_Obsidian\Ordinances\2020\Ordinance No. 0178-20.md,9,False
2345,0178-20,section_5,2020,Ordinance No. 0178-20.pdf,Thesis_Obsidian\Ordinances\2020\Ordinance No. 0178-20.md,147,False
2346,0179-20,section_1,2020,Ordinance No. 0179-20.pdf,Thesis_Obsidian\Ordinances\2020\Ordinance No. 0179-20.md,158,False
2347,0179-20,section_2,2020,Ordinance No. 0179-20.pdf,Thesis_Obsidian\Ordinances\2020\Ordinance No. 0179-20.md,21,False
2348,0179-20,section_3,2020,Ordinance No. 0179-20.pdf,Thesis_Obsidian\Ordinances\2020\Ordinance No. 0179-20.md,106,False
2349,0179-20,section_4,2020,Ordinance No. 0179-20.pdf,Thesis_Obsidian\Ordinances\2020\Ordinance No. 0179-20.md,75,False
2350,0179-20,section_5,2020,Ordinance No. 0179-20.pdf,Thesis_Obsidian\Ordinances\2020\Ordinance No. 0179-20.md,139,False
2351,0180-20,section_1,2020,Ordinance No. 0180-20.pdf,Thesis_Obsidian\Ordinances\2020\Ordinance No. 0180-20.md,21,False
2352,0180-20,section_3,2020,Ordinance No. 0180-20.pdf,Thesis_Obsidian\Ordinances\2020\Ordinance No. 0180-20.md,106,False
2353,0180-20,section_4,2020,Ordinance No. 0180-20.pdf,Thesis_Obsidian\Ordinances\2020\Ordinance No. 0180-20.md,75,False
2354,0180-20,section_5,2020,Ordinance No. 0180-20.pdf,Thesis_Obsidian\Ordinances\2020\Ordinance No. 0180-20.md,139,False
2355,0181-20,section_1,2020,Ordinance No. 0181-20.pdf,Thesis_Obsidian\Ordinances\2020\Ordinance No. 0181-20.md,158,False
2356,0181-20,section_2,2020,Ordinance No. 0181-20.pdf,Thesis_Obsidian\Ordinances\2020\Ordinance No. 0181-20.md,21,False
2357,0181-20,section_3,2020,Ordinance No. 0181-20.pdf,Thesis_Obsidian\Ordinances\2020\Ordinance No. 0181-20.md,106,False
2358,0181-20,section_5,2020,Ordinance No. 0181-20.pdf,Thesis_Obsidian\Ordinances\2020\Ordinance No. 0181-20.md,-1,True
2359,0182-20,section_1,2020,Ordinance No. 0182-20.pdf,Thesis_Obsidian\Ordinances\2020\Ordinance No. 0182-20.md,158,False
2360,0182-20,section_2,2020,Ordinance No. 0182-20.pdf,Thesis_Obsidian\Ordinances\2020\Ordinance No. 0182-20.md,21,False
2361,0182-20,section_3,2020,Ordinance No. 0182-20.pdf,Thesis_Obsidian\Ordinances\2020\Ordinance No. 0182-20.md,106,False
2362,0182-20,section_4,2020,Ordinance No. 0182-20.pdf,Thesis_Obsidian\Ordinances\2020\Ordinance No. 0182-20.md,156,False
2363,0182-20,section_5,2020,Ordinance No. 0182-20.pdf,Thesis_Obsidian\Ordinances\2020\Ordinance No. 0182-20.md,139,False
2364,0183-20,section_1,2020,Ordinance No. 0183-20.pdf,Thesis_Obsidian\Ordinances\2020\Ordinance No. 0183-20.md,21,False
2365,0183-20,section_3,2020,Ordinance No. 0183-20.pdf,Thesis_Obsidian\Ordinances\2020\Ordinance No. 0183-20.md,106,False
2366,0183-20,section_4,2020,Ordinance No. 0183-20.pdf,Thesis_Obsidian\Ordinances\2020\Ordinance No. 0183-20.md,211,False
2367,0183-20,section_5,2020,Ordinance No. 0183-20.pdf,Thesis_Obsidian\Ordinances\2020\Ordinance No. 0183-20.md,139,False
2368,0184-20,section_1,2020,Ordinance No. 0184-20.pdf,Thesis_Obsidian\Ordinances\2020\Ordinance No. 0184-20.md,158,False
2369,0184-20,section_2,2020,Ordinance No. 0184-20.pdf,Thesis_Obsidian\Ordinances\2020\Ordinance No. 0184-20.md,21,False
2370,0184-20,section_4,2020,Ordinance No. 0184-20.pdf,Thesis_Obsidian\Ordinances\2020\Ordinance No. 0184-20.md,38,False
2371,0184-20,section_5,2020,Ordinance No. 0184-20.pdf,Thesis_Obsidian\Ordinances\2020\Ordinance No. 0184-20.md,139,False
2372,0185-20,section_1,2020,Ordinance No. 0185-20.pdf,Thesis_Obsidian\Ordinances\2020\Ordinance No. 0185-20.md,21,False
2373,0185-20,section_3,2020,Ordinance No. 0185-20.pdf,Thesis_Obsidian\Ordinances\2020\Ordinance No. 0185-20.md,106,False
2374,0185-20,section_4,2020,Ordinance No. 0185-20.pdf,Thesis_Obsidian\Ordinances\2020\Ordinance No. 0185-20.md,139,False
2375,0186-20,section_1,2020,Ordinance No. 0186-20.pdf,Thesis_Obsidian\Ordinances\2020\Ordinance No. 0186-20.md,158,False
2376,0186-20,section_2,2020,Ordinance No. 0186-20.pdf,Thesis_Obsidian\Ordinances\2020\Ordinance No. 0186-20.md,21,False
2377,0186-20,section_3,2020,Ordinance No. 0186-20.pdf,Thesis_Obsidian\Ordinances\2020\Ordinance No. 0186-20.md,106,False
2378,0186-20,section_5,2020,Ordinance No. 0186-20.pdf,Thesis_Obsidian\Ordinances\2020\Ordinance No. 0186-20.md,139,False
2379,0186-20,section_4,2020,Ordinance No. 0186-20.pdf,Thesis_Obsidian\Ordinances\2020\Ordinance No. 0186-20.md,148,False
2380,0187-20,section_2,2020,Ordinance No. 0187-20.pdf,Thesis_Obsidian\Ordinances\2020\Ordinance No. 0187-20.md,21,False
2381,0187-20,section_3,2020,Ordinance No. 0187-20.pdf,Thesis_Obsidian\Ordinances\2020\Ordinance No. 0187-20.md,106,False
2382,0187-20,section_4,2020,Ordinance No. 0187-20.pdf,Thesis_Obsidian\Ordinances\2020\Ordinance No. 0187-20.md,139,False
2383,0188-20,section_1,2020,Ordinance No. 0188-20.pdf,Thesis_Obsidian\Ordinances\2020\Ordinance No. 0188-20.md,158,False
2384,0188-20,section_2,2020,Ordinance No. 0188-20.pdf,Thesis_Obsidian\Ordinances\2020\Ordinance No. 0188-20.md,21,False
2385,0188-20,section_3,2020,Ordinance No. 0188-20.pdf,Thesis_Obsidian\Ordinances\2020\Ordinance No. 0188-20.md,106,False
2386,0188-20,section_4,2020,Ordinance No. 0188-20.pdf,Thesis_Obsidian\Ordinances\2020\Ordinance No. 0188-20.md,16,False
2387,0188-20,section_5,2020,Ordinance No. 0188-20.pdf,Thesis_Obsidian\Ordinances\2020\Ordinance No. 0188-20.md,139,False
2388,0189-20,section_1,2020,Ordinance No. 0189-20.pdf,Thesis_Obsidian\Ordinances\2020\Ordinance No. 0189-20.md,158,False
2389,0189-20,section_2,2020,Ordinance No. 0189-20.pdf,Thesis_Obsidian\Ordinances\2020\Ordinance No. 0189-20.md,21,False
2390,0189-20,section_3,2020,Ordinance No. 0189-20.pdf,Thesis_Obsidian\Ordinances\2020\Ordinance No. 0189-20.md,106,False
2391,0189-20,section_4,2020,Ordinance No. 0189-20.pdf,Thesis_Obsidian\Ordinances\2020\Ordinance No. 0189-20.md,268,False
2392,0189-20,section_5,2020,Ordinance No. 0189-20.pdf,Thesis_Obsidian\Ordinances\2020\Ordinance No. 0189-20.md,139,False
2393,0190-20,section_1,2020,Ordinance No. 0190-20.pdf,Thesis_Obsidian\Ordinances\2020\Ordinance No. 0190-20.md,158,False
2394,0190-20,section_2,2020,Ordinance No. 0190-20.pdf,Thesis_Obsidian\Ordinances\2020\Ordinance No. 0190-20.md,21,False
2395,0190-20,section_3,2020,Ordinance No. 0190-20.pdf,Thesis_Obsidian\Ordinances\2020\Ordinance No. 0190-20.md,106,False
2396,0190-20,section_4,2020,Ordinance No. 0190-20.pdf,Thesis_Obsidian\Ordinances\2020\Ordinance No. 0190-20.md,38,False
2397,0190-20,section_5,2020,Ordinance No. 0190-20.pdf,Thesis_Obsidian\Ordinances\2020\Ordinance No. 0190-20.md,139,False
2398,0191-20,section_1,2020,Ordinance No. 0191-20.pdf,Thesis_Obsidian\Ordinances\2020\Ordinance No. 0191-20.md,158,False
2399,0191-20,section_2,2020,Ordinance No. 0191-20.pdf,Thesis_Obsidian\Ordinances\2020\Ordinance No. 0191-20.md,21,False
2400,0191-20,section_4,2020,Ordinance No. 0191-20.pdf,Thesis_Obsidian\Ordinances\2020\Ordinance No. 0191-20.md,139,False
2401,0191-20,section_5,2020,Ordinance No. 0191-20.pdf,Thesis_Obsidian\Ordinances\2020\Ordinance No. 0191-20.md,0,False
2402,0193-20,section_1,2020,Ordinance No. 0193-20.pdf,Thesis_Obsidian\Ordinances\2020\Ordinance No. 0193-20.md,158,False
2403,0193-20,section_2,2020,Ordinance No. 0193-20.pdf,Thesis_Obsidian\Ordinances\2020\Ordinance No. 0193-20.md,21,False
2404,0193-20,section_3,2020,Ordinance No. 0193-20.pdf,Thesis_Obsidian\Ordinances\2020\Ordinance No. 0193-20.md,106,False
2405,0193-20,section_4,2020,Ordinance No. 0193-20.pdf,Thesis_Obsidian\Ordinances\2020\Ordinance No. 0193-20.md,74,False
2406,0193-20,section_5,2020,Ordinance No. 0193-20.pdf,Thesis_Obsidian\Ordinances\2020\Ordinance No. 0193-20.md,139,False
2407,0194-20,section_1,2020,Ordinance No. 0194-20.pdf,Thesis_Obsidian\Ordinances\2020\Ordinance No. 0194-20.md,158,False
2408,0194-20,section_2,2020,Ordinance No. 0194-20.pdf,Thesis_Obsidian\Ordinances\2020\Ordinance No. 0194-20.md,21,False
2409,0194-20,section_3,2020,Ordinance No. 0194-20.pdf,Thesis_Obsidian\Ordinances\2020\Ordinance No. 0194-20.md,106,False
2410,0194-20,section_4,2020,Ordinance No. 0194-20.pdf,Thesis_Obsidian\Ordinances\2020\Ordinance No. 0194-20.md,86,False
2411,0194-20,section_5,2020,Ordinance No. 0194-20.pdf,Thesis_Obsidian\Ordinances\2020\Ordinance No. 0194-20.md,139,False
2412,0195-20,section_1,2020,Ordinance No. 0195-20.pdf,Thesis_Obsidian\Ordinances\2020\Ordinance No. 0195-20.md,158,False
2413,0195-20,section_2,2020,Ordinance No. 0195-20.pdf,Thesis_Obsidian\Ordinances\2020\Ordinance No. 0195-20.md,21,False
2414,0195-20,section_3,2020,Ordinance No. 0195-20.pdf,Thesis_Obsidian\Ordinances\2020\Ordinance No. 0195-20.md,106,False
2415,0195-20,section_4,2020,Ordinance No. 0195-20.pdf,Thesis_Obsidian\Ordinances\2020\Ordinance No. 0195-20.md,10,False
2416,0195-20,section_5,2020,Ordinance No. 0195-20.pdf,Thesis_Obsidian\Ordinances\2020\Ordinance No. 0195-20.md,139,False
2417,0196-20,section_1,2020,Ordinance No. 0196-20.pdf,Thesis_Obsidian\Ordinances\2020\Ordinance No. 0196-20.md,158,False
2418,0196-20,section_2,2020,Ordinance No. 0196-20.pdf,Thesis_Obsidian\Ordinances\2020\Ordinance No. 0196-20.md,21,False
2419,0196-20,section_3,2020,Ordinance No. 0196-20.pdf,Thesis_Obsidian\Ordinances\2020\Ordinance No. 0196-20.md,106,False
2420,0196-20,section_4,2020,Ordinance No. 0196-20.pdf,Thesis_Obsidian\Ordinances\2020\Ordinance No. 0196-20.md,9,False
2421,0196-20,section_5,2020,Ordinance No. 0196-20.pdf,Thesis_Obsidian\Ordinances\2020\Ordinance No. 0196-20.md,139,False
2422,0197-20,section_2,2020,Ordinance No. 0197-20.pdf,Thesis_Obsidian\Ordinances\2020\Ordinance No. 0197-20.md,21,False
2423,0197-20,section_3,2020,Ordinance No. 0197-20.pdf,Thesis_Obsidian\Ordinances\2020\Ordinance No. 0197-20.md,106,False
2424,0197-20,section_4,2020,Ordinance No. 0197-20.pdf,Thesis_Obsidian\Ordinances\2020\Ordinance No. 0197-20.md,10,False
2425,0197-20,section_5,2020,Ordinance No. 0197-20.pdf,Thesis_Obsidian\Ordinances\2020\Ordinance No. 0197-20.md,139,False
2426,0199-20,section_1,2020,Ordinance No. 0199-20.pdf,Thesis_Obsidian\Ordinances\2020\Ordinance No. 0199-20.md,77,False
2427,0199-20,section_3,2020,Ordinance No. 0199-20.pdf,Thesis_Obsidian\Ordinances\2020\Ordinance No. 0199-20.md,260,False
2428,0199-20,section_6,2020,Ordinance No. 0199-20.pdf,Thesis_Obsidian\Ordinances\2020\Ordinance No. 0199-20.md,152,False
2429,0199-20,section_7,2020,Ordinance No. 0199-20.pdf,Thesis_Obsidian\Ordinances\2020\Ordinance No. 0199-20.md,-1,True
2430,0201-20,section_1,2020,Ordinance No. 0201-20.pdf,Thesis_Obsidian\Ordinances\2020\Ordinance No. 0201-20.md,36,False
2431,0201-20,section_2,2020,Ordinance No. 0201-20.pdf,Thesis_Obsidian\Ordinances\2020\Ordinance No. 0201-20.md,245,False
2432,0201-20,section_455,2020,Ordinance No. 0201-20.pdf,Thesis_Obsidian\Ordinances\2020\Ordinance No. 0201-20.md,251,False
2433,0201-20,section_3,2020,Ordinance No. 0201-20.pdf,Thesis_Obsidian\Ordinances\2020\Ordinance No. 0201-20.md,36,False
2434,0201-20,section_4,2020,Ordinance No. 0201-20.pdf,Thesis_Obsidian\Ordinances\2020\Ordinance No. 0201-20.md,152,False
2435,0201-20,section_5,2020,Ordinance No. 0201-20.pdf,Thesis_Obsidian\Ordinances\2020\Ordinance No. 0201-20.md,56,False
2436,0202-20,section_1,2020,Ordinance No. 0202-20.pdf,Thesis_Obsidian\Ordinances\2020\Ordinance No. 0202-20.md,117,False
2437,0202-20,section_2,2020,Ordinance No. 0202-20.pdf,Thesis_Obsidian\Ordinances\2020\Ordinance No. 0202-20.md,12,False
2438,0202-20,section_3,2020,Ordinance No. 0202-20.pdf,Thesis_Obsidian\Ordinances\2020\Ordinance No. 0202-20.md,22,False
2439,0202-20,section_4,2020,Ordinance No. 0202-20.pdf,Thesis_Obsidian\Ordinances\2020\Ordinance No. 0202-20.md,18,False
2440,0202-20,section_5,2020,Ordinance No. 0202-20.pdf,Thesis_Obsidian\Ordinances\2020\Ordinance No. 0202-20.md,0,False
2441,0203-20,section_1,2020,Ordinance No. 0203-20.pdf,Thesis_Obsidian\Ordinances\2020\Ordinance No. 0203-20.md,20,False
2442,0203-20,section_2,2020,Ordinance No. 0203-20.pdf,Thesis_Obsidian\Ordinances\2020\Ordinance No. 0203-20.md,136,False
2443,0203-20,section_22,2020,Ordinance No. 0203-20.pdf,Thesis_Obsidian\Ordinances\2020\Ordinance No. 0203-20.md,92,False
2444,0203-20,section_455,2020,Ordinance No. 0203-20.pdf,Thesis_Obsidian\Ordinances\2020\Ordinance No. 0203-20.md,85,False
2445,0203-20,section_3,2020,Ordinance No. 0203-20.pdf,Thesis_Obsidian\Ordinances\2020\Ordinance No. 0203-20.md,4,False
2446,0203-20,section_4,2020,Ordinance No. 0203-20.pdf,Thesis_Obsidian\Ordinances\2020\Ordinance No. 0203-20.md,268,False
2447,0203-20,section_5,2020,Ordinance No. 0203-20.pdf,Thesis_Obsidian\Ordinances\2020\Ordinance No. 0203-20.md,24,False
2448,0205-20,section_1,2020,Ordinance No. 0205-20.pdf,Thesis_Obsidian\Ordinances\2020\Ordinance No. 0205-20.md,26,False
2449,0205-20,section_2,2020,Ordinance No. 0205-20.pdf,Thesis_Obsidian\Ordinances\2020\Ordinance No. 0205-20.md,208,False
2450,0205-20,section_3,2020,Ordinance No. 0205-20.pdf,Thesis_Obsidian\Ordinances\2020\Ordinance No. 0205-20.md,-1,True
2451,0205-20,section_4,2020,Ordinance No. 0205-20.pdf,Thesis_Obsidian\Ordinances\2020\Ordinance No. 0205-20.md,-1,True
2452,0205-20,section_5,2020,Ordinance No. 0205-20.pdf,Thesis_Obsidian\Ordinances\2020\Ordinance No. 0205-20.md,-1,True
2453,0205-20,section_6,2020,Ordinance No. 0205-20.pdf,Thesis_Obsidian\Ordinances\2020\Ordinance No. 0205-20.md,27,False
2454,0205-20,section_7,2020,Ordinance No. 0205-20.pdf,Thesis_Obsidian\Ordinances\2020\Ordinance No. 0205-20.md,0,False
2455,0206-20,section_1,2020,Ordinance No. 0206-20.pdf,Thesis_Obsidian\Ordinances\2020\Ordinance No. 0206-20.md,-1,True
2456,0206-20,section_2,2020,Ordinance No. 0206-20.pdf,Thesis_Obsidian\Ordinances\2020\Ordinance No. 0206-20.md,32,False
2457,0206-20,section_3,2020,Ordinance No. 0206-20.pdf,Thesis_Obsidian\Ordinances\2020\Ordinance No. 0206-20.md,25,False
2458,0206-20,section_4,2020,Ordinance No. 0206-20.pdf,Thesis_Obsidian\Ordinances\2020\Ordinance No. 0206-20.md,-1,True
2459,0206-20,section_5,2020,Ordinance No. 0206-20.pdf,Thesis_Obsidian\Ordinances\2020\Ordinance No. 0206-20.md,-1,True
2460,0206-20,section_6,2020,Ordinance No. 0206-20.pdf,Thesis_Obsidian\Ordinances\2020\Ordinance No. 0206-20.md,-1,True
2461,0206-20,section_7,2020,Ordinance No. 0206-20.pdf,Thesis_Obsidian\Ordinances\2020\Ordinance No. 0206-20.md,-1,True
2462,0206-20,section_8,2020,Ordinance No. 0206-20.pdf,Thesis_Obsidian\Ordinances\2020\Ordinance No. 0206-20.md,114,False
2463,0206-20,section_9,2020,Ordinance No. 0206-20.pdf,Thesis_Obsidian\Ordinances\2020\Ordinance No. 0206-20.md,191,False
2464,0207-20,section_1,2020,Ordinance No. 0207-20.pdf,Thesis_Obsidian\Ordinances\2020\Ordinance No. 0207-20.md,81,False
2465,0207-20,section_2,2020,Ordinance No. 0207-20.pdf,Thesis_Obsidian\Ordinances\2020\Ordinance No. 0207-20.md,64,False
2466,0207-20,section_25,2020,Ordinance No. 0207-20.pdf,Thesis_Obsidian\Ordinances\2020\Ordinance No. 0207-20.md,59,False
2467,0207-20,section_455,2020,Ordinance No. 0207-20.pdf,Thesis_Obsidian\Ordinances\2020\Ordinance No. 0207-20.md,261,False
2468,0207-20,section_3,2020,Ordinance No. 0207-20.pdf,Thesis_Obsidian\Ordinances\2020\Ordinance No. 0207-20.md,4,False
2469,0207-20,section_4,2020,Ordinance No. 0207-20.pdf,Thesis_Obsidian\Ordinances\2020\Ordinance No. 0207-20.md,147,False
2470,0208-20,section_1,2020,Ordinance No. 0208-20.pdf,Thesis_Obsidian\Ordinances\2020\Ordinance No. 0208-20.md,59,False
2471,0208-20,section_15,2020,Ordinance No. 0208-20.pdf,Thesis_Obsidian\Ordinances\2020\Ordinance No. 0208-20.md,176,False
2472,0208-20,section_3,2020,Ordinance No. 0208-20.pdf,Thesis_Obsidian\Ordinances\2020\Ordinance No. 0208-20.md,-1,True
2473,0208-20,section_4,2020,Ordinance No. 0208-20.pdf,Thesis_Obsidian\Ordinances\2020\Ordinance No. 0208-20.md,38,False
2474,0208-20,section_5,2020,Ordinance No. 0208-20.pdf,Thesis_Obsidian\Ordinances\2020\Ordinance No. 0208-20.md,147,False
2475,0209-20,section_1,2020,Ordinance No. 0209-20.pdf,Thesis_Obsidian\Ordinances\2020\Ordinance No. 0209-20.md,20,False
2476,0209-20,section_2,2020,Ordinance No. 0209-20.pdf,Thesis_Obsidian\Ordinances\2020\Ordinance No. 0209-20.md,136,False
2477,0209-20,section_455,2020,Ordinance No. 0209-20.pdf,Thesis_Obsidian\Ordinances\2020\Ordinance No. 0209-20.md,196,False
2478,0209-20,section_16,2020,Ordinance No. 0209-20.pdf,Thesis_Obsidian\Ordinances\2020\Ordinance No. 0209-20.md,176,False
2479,0209-20,section_3,2020,Ordinance No. 0209-20.pdf,Thesis_Obsidian\Ordinances\2020\Ordinance No. 0209-20.md,41,False
2480,0209-20,section_5,2020,Ordinance No. 0209-20.pdf,Thesis_Obsidian\Ordinances\2020\Ordinance No. 0209-20.md,-1,True
2481,0210-20,section_1,2020,Ordinance No. 0210-20.pdf,Thesis_Obsidian\Ordinances\2020\Ordinance No. 0210-20.md,57,False
2482,0210-20,section_2,2020,Ordinance No. 0210-20.pdf,Thesis_Obsidian\Ordinances\2020\Ordinance No. 0210-20.md,28,False
2483,0210-20,section_3,2020,Ordinance No. 0210-20.pdf,Thesis_Obsidian\Ordinances\2020\Ordinance No. 0210-20.md,28,False
2484,0210-20,section_4,2020,Ordinance No. 0210-20.pdf,Thesis_Obsidian\Ordinances\2020\Ordinance No. 0210-20.md,28,False
2485,0210-20,section_5,2020,Ordinance No. 0210-20.pdf,Thesis_Obsidian\Ordinances\2020\Ordinance No. 0210-20.md,-1,True
2486,0210-20,section_6,2020,Ordinance No. 0210-20.pdf,Thesis_Obsidian\Ordinances\2020\Ordinance No. 0210-20.md,28,False
2487,0210-20,section_7,2020,Ordinance No. 0210-20.pdf,Thesis_Obsidian\Ordinances\2020\Ordinance No. 0210-20.md,28,False
2488,0210-20,section_8,2020,Ordinance No. 0210-20.pdf,Thesis_Obsidian\Ordinances\2020\Ordinance No. 0210-20.md,-1,True
2489,0210-20,section_9,2020,Ordinance No. 0210-20.pdf,Thesis_Obsidian\Ordinances\2020\Ordinance No. 0210-20.md,28,False
2490,0210-20,section_10,2020,Ordinance No. 0210-20.pdf,Thesis_Obsidian\Ordinances\2020\Ordinance No. 0210-20.md,-1,True
2491,0210-20,section_11,2020,Ordinance No. 0210-20.pdf,Thesis_Obsidian\Ordinances\2020\Ordinance No. 0210-20.md,88,False
2492,0210-20,section_12,2020,Ordinance No. 0210-20.pdf,Thesis_Obsidian\Ordinances\2020\Ordinance No. 0210-20.md,156,False
2493,0210-20,section_13,2020,Ordinance No. 0210-20.pdf,Thesis_Obsidian\Ordinances\2020\Ordinance No. 0210-20.md,-1,True
2494,0211-20,section_1,2020,Ordinance No. 0211-20.pdf,Thesis_Obsidian\Ordinances\2020\Ordinance No. 0211-20.md,15,False
2495,0211-20,section_2,2020,Ordinance No. 0211-20.pdf,Thesis_Obsidian\Ordinances\2020\Ordinance No. 0211-20.md,12,False
2496,0211-20,section_3,2020,Ordinance No. 0211-20.pdf,Thesis_Obsidian\Ordinances\2020\Ordinance No. 0211-20.md,22,False
2497,0211-20,section_4,2020,Ordinance No. 0211-20.pdf,Thesis_Obsidian\Ordinances\2020\Ordinance No. 0211-20.md,18,False
2498,0211-20,section_5,2020,Ordinance No. 0211-20.pdf,Thesis_Obsidian\Ordinances\2020\Ordinance No. 0211-20.md,2,False
2499,0212-20,section_1,2020,Ordinance No. 0212-20.pdf,Thesis_Obsidian\Ordinances\2020\Ordinance No. 0212-20.md,199,False
2500,0212-20,section_2,2020,Ordinance No. 0212-20.pdf,Thesis_Obsidian\Ordinances\2020\Ordinance No. 0212-20.md,200,False
2501,0212-20,section_455,2020,Ordinance No. 0212-20.pdf,Thesis_Obsidian\Ordinances\2020\Ordinance No. 0212-20.md,143,False
2502,0212-20,section_3,2020,Ordinance No. 0212-20.pdf,Thesis_Obsidian\Ordinances\2020\Ordinance No. 0212-20.md,199,False
2503,0212-20,section_4,2020,Ordinance No. 0212-20.pdf,Thesis_Obsidian\Ordinances\2020\Ordinance No. 0212-20.md,151,False
2504,0212-20,section_5,2020,Ordinance No. 0212-20.pdf,Thesis_Obsidian\Ordinances\2020\Ordinance No. 0212-20.md,240,False
2505,0214-20,section_1,2020,Ordinance No. 0214-20.pdf,Thesis_Obsidian\Ordinances\2020\Ordinance No. 0214-20.md,23,False
2506,0214-20,section_2,2020,Ordinance No. 0214-20.pdf,Thesis_Obsidian\Ordinances\2020\Ordinance No. 0214-20.md,23,False
2507,0215-20,section_1,2020,Ordinance No. 0215-20.pdf,Thesis_Obsidian\Ordinances\2020\Ordinance No. 0215-20.md,57,False
2508,0215-20,section_2,2020,Ordinance No. 0215-20.pdf,Thesis_Obsidian\Ordinances\2020\Ordinance No. 0215-20.md,-1,True
2509,0215-20,section_3,2020,Ordinance No. 0215-20.pdf,Thesis_Obsidian\Ordinances\2020\Ordinance No. 0215-20.md,23,False
2510,0215-20,section_4,2020,Ordinance No. 0215-20.pdf,Thesis_Obsidian\Ordinances\2020\Ordinance No. 0215-20.md,115,False
2511,0215-20,section_7,2020,Ordinance No. 0215-20.pdf,Thesis_Obsidian\Ordinances\2020\Ordinance No. 0215-20.md,2,False
2512,0216-20,section_1,2020,Ordinance No. 0216-20.pdf,Thesis_Obsidian\Ordinances\2020\Ordinance No. 0216-20.md,11,False
2513,0216-20,section_2,2020,Ordinance No. 0216-20.pdf,Thesis_Obsidian\Ordinances\2020\Ordinance No. 0216-20.md,68,False
2514,0216-20,section_3,2020,Ordinance No. 0216-20.pdf,Thesis_Obsidian\Ordinances\2020\Ordinance No. 0216-20.md,167,False
2515,0216-20,section_4,2020,Ordinance No. 0216-20.pdf,Thesis_Obsidian\Ordinances\2020\Ordinance No. 0216-20.md,-1,True
2516,0216-20,section_66,2020,Ordinance No. 0216-20.pdf,Thesis_Obsidian\Ordinances\2020\Ordinance No. 0216-20.md,250,False
2517,0216-20,section_5,2020,Ordinance No. 0216-20.pdf,Thesis_Obsidian\Ordinances\2020\Ordinance No. 0216-20.md,11,False
2518,0216-20,section_6,2020,Ordinance No. 0216-20.pdf,Thesis_Obsidian\Ordinances\2020\Ordinance No. 0216-20.md,154,False
2519,0216-20,section_7,2020,Ordinance No. 0216-20.pdf,Thesis_Obsidian\Ordinances\2020\Ordinance No. 0216-20.md,0,False
2520,0218-20,section_1,2020,Ordinance No. 0218-20.pdf,Thesis_Obsidian\Ordinances\2020\Ordinance No. 0218-20.md,11,False
2521,0218-20,section_2,2020,Ordinance No. 0218-20.pdf,Thesis_Obsidian\Ordinances\2020\Ordinance No. 0218-20.md,122,False
2522,0218-20,section_3,2020,Ordinance No. 0218-20.pdf,Thesis_Obsidian\Ordinances\2020\Ordinance No. 0218-20.md,-1,True
2523,0218-20,section_5,2020,Ordinance No. 0218-20.pdf,Thesis_Obsidian\Ordinances\2020\Ordinance No. 0218-20.md,-1,True
2524,0218-20,section_6,2020,Ordinance No. 0218-20.pdf,Thesis_Obsidian\Ordinances\2020\Ordinance No. 0218-20.md,137,False
2525,0218-20,section_7,2020,Ordinance No. 0218-20.pdf,Thesis_Obsidian\Ordinances\2020\Ordinance No. 0218-20.md,-1,True
2526,0218-20,section_8,2020,Ordinance No. 0218-20.pdf,Thesis_Obsidian\Ordinances\2020\Ordinance No. 0218-20.md,-1,True
2527,0218-20,section_9,2020,Ordinance No. 0218-20.pdf,Thesis_Obsidian\Ordinances\2020\Ordinance No. 0218-20.md,224,False
2528,0218-20,section_10,2020,Ordinance No. 0218-20.pdf,Thesis_Obsidian\Ordinances\2020\Ordinance No. 0218-20.md,72,False
2529,0218-20,section_11,2020,Ordinance No. 0218-20.pdf,Thesis_Obsidian\Ordinances\2020\Ordinance No. 0218-20.md,0,False
2530,0219-20,section_1,2020,Ordinance No. 0219-20.pdf,Thesis_Obsidian\Ordinances\2020\Ordinance No. 0219-20.md,118,False
2531,0219-20,section_2,2020,Ordinance No. 0219-20.pdf,Thesis_Obsidian\Ordinances\2020\Ordinance No. 0219-20.md,130,False
2532,0219-20,section_3,2020,Ordinance No. 0219-20.pdf,Thesis_Obsidian\Ordinances\2020\Ordinance No. 0219-20.md,133,False
2533,0219-20,section_5,2020,Ordinance No. 0219-20.pdf,Thesis_Obsidian\Ordinances\2020\Ordinance No. 0219-20.md,76,False
2534,0220-20,section_1,2020,Ordinance No. 0220-20.pdf,Thesis_Obsidian\Ordinances\2020\Ordinance No. 0220-20.md,20,False
2535,0220-20,section_2,2020,Ordinance No. 0220-20.pdf,Thesis_Obsidian\Ordinances\2020\Ordinance No. 0220-20.md,67,False
2536,0220-20,section_3,2020,Ordinance No. 0220-20.pdf,Thesis_Obsidian\Ordinances\2020\Ordinance No. 0220-20.md,4,False
2537,0220-20,section_4,2020,Ordinance No. 0220-20.pdf,Thesis_Obsidian\Ordinances\2020\Ordinance No. 0220-20.md,38,False
2538,0220-20,section_5,2020,Ordinance No. 0220-20.pdf,Thesis_Obsidian\Ordinances\2020\Ordinance No. 0220-20.md,24,False
2539,0221-20,section_1,2020,Ordinance No. 0221-20.pdf,Thesis_Obsidian\Ordinances\2020\Ordinance No. 0221-20.md,20,False
2540,0221-20,section_2,2020,Ordinance No. 0221-20.pdf,Thesis_Obsidian\Ordinances\2020\Ordinance No. 0221-20.md,-1,True
2541,0221-20,section_22,2020,Ordinance No. 0221-20.pdf,Thesis_Obsidian\Ordinances\2020\Ordinance No. 0221-20.md,129,False
2542,0221-20,section_455,2020,Ordinance No. 0221-20.pdf,Thesis_Obsidian\Ordinances\2020\Ordinance No. 0221-20.md,264,False
2543,0221-20,section_3,2020,Ordinance No. 0221-20.pdf,Thesis_Obsidian\Ordinances\2020\Ordinance No. 0221-20.md,4,False
2544,0221-20,section_4,2020,Ordinance No. 0221-20.pdf,Thesis_Obsidian\Ordinances\2020\Ordinance No. 0221-20.md,10,False
2545,0221-20,section_5,2020,Ordinance No. 0221-20.pdf,Thesis_Obsidian\Ordinances\2020\Ordinance No. 0221-20.md,239,False
2546,0222-20,section_1,2020,Ordinance No. 0222-20.pdf,Thesis_Obsidian\Ordinances\2020\Ordinance No. 0222-20.md,-1,True
2547,0222-20,section_2,2020,Ordinance No. 0222-20.pdf,Thesis_Obsidian\Ordinances\2020\Ordinance No. 0222-20.md,68,False
2548,0222-20,section_3,2020,Ordinance No. 0222-20.pdf,Thesis_Obsidian\Ordinances\2020\Ordinance No. 0222-20.md,0,False
2549,0223-20,section_1,2020,Ordinance No. 0223-20.pdf,Thesis_Obsidian\Ordinances\2020\Ordinance No. 0223-20.md,255,False
2550,0223-20,section_2,2020,Ordinance No. 0223-20.pdf,Thesis_Obsidian\Ordinances\2020\Ordinance No. 0223-20.md,130,False
2551,0223-20,section_3,2020,Ordinance No. 0223-20.pdf,Thesis_Obsidian\Ordinances\2020\Ordinance No. 0223-20.md,257,False
2552,0223-20,section_4,2020,Ordinance No. 0223-20.pdf,Thesis_Obsidian\Ordinances\2020\Ordinance No. 0223-20.md,86,False
2553,0223-20,section_5,2020,Ordinance No. 0223-20.pdf,Thesis_Obsidian\Ordinances\2020\Ordinance No. 0223-20.md,132,False
2554,0225-20,section_2,2020,Ordinance No. 0225-20.pdf,Thesis_Obsidian\Ordinances\2020\Ordinance No. 0225-20.md,21,False
2555,0225-20,section_3,2020,Ordinance No. 0225-20.pdf,Thesis_Obsidian\Ordinances\2020\Ordinance No. 0225-20.md,23,False
2556,0225-20,section_4,2020,Ordinance No. 0225-20.pdf,Thesis_Obsidian\Ordinances\2020\Ordinance No. 0225-20.md,52,False
2557,0225-20,section_5,2020,Ordinance No. 0225-20.pdf,Thesis_Obsidian\Ordinances\2020\Ordinance No. 0225-20.md,103,False
2558,0225-20,section_6,2020,Ordinance No. 0225-20.pdf,Thesis_Obsidian\Ordinances\2020\Ordinance No. 0225-20.md,38,False
2559,0225-20,section_7,2020,Ordinance No. 0225-20.pdf,Thesis_Obsidian\Ordinances\2020\Ordinance No. 0225-20.md,0,False
2560,0226-20,section_1,2020,Ordinance No. 0226-20.pdf,Thesis_Obsidian\Ordinances\2020\Ordinance No. 0226-20.md,20,False
2561,0226-20,section_2,2020,Ordinance No. 0226-20.pdf,Thesis_Obsidian\Ordinances\2020\Ordinance No. 0226-20.md,245,False
2562,0226-20,section_22,2020,Ordinance No. 0226-20.pdf,Thesis_Obsidian\Ordinances\2020\Ordinance No. 0226-20.md,92,False
2563,0226-20,section_455,2020,Ordinance No. 0226-20.pdf,Thesis_Obsidian\Ordinances\2020\Ordinance No. 0226-20.md,251,False
2564,0226-20,section_3,2020,Ordinance No. 0226-20.pdf,Thesis_Obsidian\Ordinances\2020\Ordinance No. 0226-20.md,4,False
2565,0226-20,section_4,2020,Ordinance No. 0226-20.pdf,Thesis_Obsidian\Ordinances\2020\Ordinance No. 0226-20.md,9,False
2566,0226-20,section_5,2020,Ordinance No. 0226-20.pdf,Thesis_Obsidian\Ordinances\2020\Ordinance No. 0226-20.md,0,False
2567,0228-20,section_1,2020,Ordinance No. 0228-20.pdf,Thesis_Obsidian\Ordinances\2020\Ordinance No. 0228-20.md,20,False
2568,0228-20,section_2,2020,Ordinance No. 0228-20.pdf,Thesis_Obsidian\Ordinances\2020\Ordinance No. 0228-20.md,130,False
2569,0228-20,section_4,2020,Ordinance No. 0228-20.pdf,Thesis_Obsidian\Ordinances\2020\Ordinance No. 0228-20.md,95,False
2570,0228-20,section_5,2020,Ordinance No. 0228-20.pdf,Thesis_Obsidian\Ordinances\2020\Ordinance No. 0228-20.md,139,False
2571,0228-20,section_3,2020,Ordinance No. 0228-20.pdf,Thesis_Obsidian\Ordinances\2020\Ordinance No. 0228-20.md,24,False
2572,0229-20,section_1,2020,Ordinance No. 0229-20.pdf,Thesis_Obsidian\Ordinances\2020\Ordinance No. 0229-20.md,131,False
2573,0229-20,section_2,2020,Ordinance No. 0229-20.pdf,Thesis_Obsidian\Ordinances\2020\Ordinance No. 0229-20.md,-1,True
2574,0229-20,section_3,2020,Ordinance No. 0229-20.pdf,Thesis_Obsidian\Ordinances\2020\Ordinance No. 0229-20.md,113,False
2575,0229-20,section_4,2020,Ordinance No. 0229-20.pdf,Thesis_Obsidian\Ordinances\2020\Ordinance No. 0229-20.md,14,False
2576,0229-20,section_5,2020,Ordinance No. 0229-20.pdf,Thesis_Obsidian\Ordinances\2020\Ordinance No. 0229-20.md,30,False
2577,0229-20,section_6,2020,Ordinance No. 0229-20.pdf,Thesis_Obsidian\Ordinances\2020\Ordinance No. 0229-20.md,88,False
2578,0229-20,section_7,2020,Ordinance No. 0229-20.pdf,Thesis_Obsidian\Ordinances\2020\Ordinance No. 0229-20.md,204,False
2579,0229-20,section_8,2020,Ordinance No. 0229-20.pdf,Thesis_Obsidian\Ordinances\2020\Ordinance No. 0229-20.md,103,False
2580,0229-20,section_9,2020,Ordinance No. 0229-20.pdf,Thesis_Obsidian\Ordinances\2020\Ordinance No. 0229-20.md,-1,True
2581,0230-20,section_1,2020,Ordinance No. 0230-20.pdf,Thesis_Obsidian\Ordinances\2020\Ordinance No. 0230-20.md,5,False
2582,0230-20,section_3,2020,Ordinance No. 0230-20.pdf,Thesis_Obsidian\Ordinances\2020\Ordinance No. 0230-20.md,-1,True
2583,0230-20,section_4,2020,Ordinance No. 0230-20.pdf,Thesis_Obsidian\Ordinances\2020\Ordinance No. 0230-20.md,5,False
2584,0230-20,section_5,2020,Ordinance No. 0230-20.pdf,Thesis_Obsidian\Ordinances\2020\Ordinance No. 0230-20.md,5,False
2585,0230-20,section_6,2020,Ordinance No. 0230-20.pdf,Thesis_Obsidian\Ordinances\2020\Ordinance No. 0230-20.md,70,False
2586,0230-20,section_8,2020,Ordinance No. 0230-20.pdf,Thesis_Obsidian\Ordinances\2020\Ordinance No. 0230-20.md,70,False
2587,0230-20,section_9,2020,Ordinance No. 0230-20.pdf,Thesis_Obsidian\Ordinances\2020\Ordinance No. 0230-20.md,-1,True
2588,0230-20,section_10,2020,Ordinance No. 0230-20.pdf,Thesis_Obsidian\Ordinances\2020\Ordinance No. 0230-20.md,-1,True
2589,0230-20,section_11,2020,Ordinance No. 0230-20.pdf,Thesis_Obsidian\Ordinances\2020\Ordinance No. 0230-20.md,-1,True
2590,0230-20,section_13,2020,Ordinance No. 0230-20.pdf,Thesis_Obsidian\Ordinances\2020\Ordinance No. 0230-20.md,-1,True
2591,0230-20,section_16,2020,Ordinance No. 0230-20.pdf,Thesis_Obsidian\Ordinances\2020\Ordinance No. 0230-20.md,-1,True
2592,0230-20,section_17,2020,Ordinance No. 0230-20.pdf,Thesis_Obsidian\Ordinances\2020\Ordinance No. 0230-20.md,-1,True
2593,0230-20,section_18J,2020,Ordinance No. 0230-20.pdf,Thesis_Obsidian\Ordinances\2020\Ordinance No. 0230-20.md,-1,True
2594,0230-20,section_19,2020,Ordinance No. 0230-20.pdf,Thesis_Obsidian\Ordinances\2020\Ordinance No. 0230-20.md,68,False
2595,0230-20,section_20,2020,Ordinance No. 0230-20.pdf,Thesis_Obsidian\Ordinances\2020\Ordinance No. 0230-20.md,88,False
2596,0230-20,section_2L,2020,Ordinance No. 0230-20.pdf,Thesis_Obsidian\Ordinances\2020\Ordinance No. 0230-20.md,-1,True
2597,0230-20,section_22,2020,Ordinance No. 0230-20.pdf,Thesis_Obsidian\Ordinances\2020\Ordinance No. 0230-20.md,-1,True
2598,0230-20,section_23,2020,Ordinance No. 0230-20.pdf,Thesis_Obsidian\Ordinances\2020\Ordinance No. 0230-20.md,195,False
2599,0230-20,section_24,2020,Ordinance No. 0230-20.pdf,Thesis_Obsidian\Ordinances\2020\Ordinance No. 0230-20.md,5,False
2600,0230-20,section_25,2020,Ordinance No. 0230-20.pdf,Thesis_Obsidian\Ordinances\2020\Ordinance No. 0230-20.md,-1,True
2601,0230-20,section_26,2020,Ordinance No. 0230-20.pdf,Thesis_Obsidian\Ordinances\2020\Ordinance No. 0230-20.md,114,False
2602,0230-20,section_27,2020,Ordinance No. 0230-20.pdf,Thesis_Obsidian\Ordinances\2020\Ordinance No. 0230-20.md,-1,True
2603,0230-20,section_28,2020,Ordinance No. 0230-20.pdf,Thesis_Obsidian\Ordinances\2020\Ordinance No. 0230-20.md,0,False
2604,0231-20,section_1,2020,Ordinance No. 0231-20.pdf,Thesis_Obsidian\Ordinances\2020\Ordinance No. 0231-20.md,20,False
2605,0231-20,section_2,2020,Ordinance No. 0231-20.pdf,Thesis_Obsidian\Ordinances\2020\Ordinance No. 0231-20.md,136,False
2606,0231-20,section_455,2020,Ordinance No. 0231-20.pdf,Thesis_Obsidian\Ordinances\2020\Ordinance No. 0231-20.md,-1,True
2607,0231-20,section_4,2020,Ordinance No. 0231-20.pdf,Thesis_Obsidian\Ordinances\2020\Ordinance No. 0231-20.md,38,False
2608,0231-20,section_5,2020,Ordinance No. 0231-20.pdf,Thesis_Obsidian\Ordinances\2020\Ordinance No. 0231-20.md,24,False
2609,0233-20,section_1,2020,Ordinance No. 0233-20.pdf,Thesis_Obsidian\Ordinances\2020\Ordinance No. 0233-20.md,46,False
2610,0233-20,section_2,2020,Ordinance No. 0233-20.pdf,Thesis_Obsidian\Ordinances\2020\Ordinance No. 0233-20.md,64,False
2611,0233-20,section_455,2020,Ordinance No. 0233-20.pdf,Thesis_Obsidian\Ordinances\2020\Ordinance No. 0233-20.md,196,False
2612,0233-20,section_16,2020,Ordinance No. 0233-20.pdf,Thesis_Obsidian\Ordinances\2020\Ordinance No. 0233-20.md,-1,True
2613,0233-20,section_3,2020,Ordinance No. 0233-20.pdf,Thesis_Obsidian\Ordinances\2020\Ordinance No. 0233-20.md,-1,True
2614,0233-20,section_4,2020,Ordinance No. 0233-20.pdf,Thesis_Obsidian\Ordinances\2020\Ordinance No. 0233-20.md,156,False
2615,0233-20,section_5,2020,Ordinance No. 0233-20.pdf,Thesis_Obsidian\Ordinances\2020\Ordinance No. 0233-20.md,0,False
2616,0234-20,section_1,2020,Ordinance No. 0234-20.pdf,Thesis_Obsidian\Ordinances\2020\Ordinance No. 0234-20.md,17,False
2617,0234-20,section_2,2020,Ordinance No. 0234-20.pdf,Thesis_Obsidian\Ordinances\2020\Ordinance No. 0234-20.md,246,False
2618,0234-20,section_3,2020,Ordinance No. 0234-20.pdf,Thesis_Obsidian\Ordinances\2020\Ordinance No. 0234-20.md,77,False
2619,0234-20,section_4,2020,Ordinance No. 0234-20.pdf,Thesis_Obsidian\Ordinances\2020\Ordinance No. 0234-20.md,107,False
2620,0234-20,section_5,2020,Ordinance No. 0234-20.pdf,Thesis_Obsidian\Ordinances\2020\Ordinance No. 0234-20.md,65,False
2621,0234-20,section_6,2020,Ordinance No. 0234-20.pdf,Thesis_Obsidian\Ordinances\2020\Ordinance No. 0234-20.md,-1,True
2622,0235-20,section_1,2020,Ordinance No. 0235-20.pdf,Thesis_Obsidian\Ordinances\2020\Ordinance No. 0235-20.md,17,False
2623,0235-20,section_2,2020,Ordinance No. 0235-20.pdf,Thesis_Obsidian\Ordinances\2020\Ordinance No. 0235-20.md,119,False
2624,0235-20,section_3,2020,Ordinance No. 0235-20.pdf,Thesis_Obsidian\Ordinances\2020\Ordinance No. 0235-20.md,77,False
2625,0235-20,section_4,2020,Ordinance No. 0235-20.pdf,Thesis_Obsidian\Ordinances\2020\Ordinance No. 0235-20.md,107,False
2626,0235-20,section_5,2020,Ordinance No. 0235-20.pdf,Thesis_Obsidian\Ordinances\2020\Ordinance No. 0235-20.md,65,False
2627,0237-20,section_1,2020,Ordinance No. 0237-20.pdf,Thesis_Obsidian\Ordinances\2020\Ordinance No. 0237-20.md,23,False
2628,0237-20,section_2,2020,Ordinance No. 0237-20.pdf,Thesis_Obsidian\Ordinances\2020\Ordinance No. 0237-20.md,23,False
2629,0237-20,section_5,2020,Ordinance No. 0237-20.pdf,Thesis_Obsidian\Ordinances\2020\Ordinance No. 0237-20.md,157,False
2630,0237-20,section_6,2020,Ordinance No. 0237-20.pdf,Thesis_Obsidian\Ordinances\2020\Ordinance No. 0237-20.md,0,False
2631,0242-20,section_1,2020,Ordinance No. 0242-20.pdf,Thesis_Obsidian\Ordinances\2020\Ordinance No. 0242-20.md,-1,True
2632,0242-20,section_2,2020,Ordinance No. 0242-20.pdf,Thesis_Obsidian\Ordinances\2020\Ordinance No. 0242-20.md,93,False
2633,0242-20,section_3,2020,Ordinance No. 0242-20.pdf,Thesis_Obsidian\Ordinances\2020\Ordinance No. 0242-20.md,14,False
2634,0242-20,section_4,2020,Ordinance No. 0242-20.pdf,Thesis_Obsidian\Ordinances\2020\Ordinance No. 0242-20.md,14,False
2635,0242-20,section_6,2020,Ordinance No. 0242-20.pdf,Thesis_Obsidian\Ordinances\2020\Ordinance No. 0242-20.md,126,False
2636,0242-20,section_7,2020,Ordinance No. 0242-20.pdf,Thesis_Obsidian\Ordinances\2020\Ordinance No. 0242-20.md,-1,True
2637,0242-20,section_8,2020,Ordinance No. 0242-20.pdf,Thesis_Obsidian\Ordinances\2020\Ordinance No. 0242-20.md,0,False
2638,0243-20,section_1,2020,Ordinance No. 0243-20.pdf,Thesis_Obsidian\Ordinances\2020\Ordinance No. 0243-20.md,-1,True
2639,0243-20,section_2,2020,Ordinance No. 0243-20.pdf,Thesis_Obsidian\Ordinances\2020\Ordinance No. 0243-20.md,90,False
2640,0243-20,section_3,2020,Ordinance No. 0243-20.pdf,Thesis_Obsidian\Ordinances\2020\Ordinance No. 0243-20.md,-1,True
2641,0243-20,section_4,2020,Ordinance No. 0243-20.pdf,Thesis_Obsidian\Ordinances\2020\Ordinance No. 0243-20.md,131,False
2642,0243-20,section_5,2020,Ordinance No. 0243-20.pdf,Thesis_Obsidian\Ordinances\2020\Ordinance No. 0243-20.md,16,False
2643,0243-20,section_6,2020,Ordinance No. 0243-20.pdf,Thesis_Obsidian\Ordinances\2020\Ordinance No. 0243-20.md,0,False
2644,0244-20,section_1,2020,Ordinance No. 0244-20.pdf,Thesis_Obsidian\Ordinances\2020\Ordinance No. 0244-20.md,150,False
2645,0244-20,section_2,2020,Ordinance No. 0244-20.pdf,Thesis_Obsidian\Ordinances\2020\Ordinance No. 0244-20.md,247,False
2646,0244-20,section_3,2020,Ordinance No. 0244-20.pdf,Thesis_Obsidian\Ordinances\2020\Ordinance No. 0244-20.md,-1,True
2647,0244-20,section_21,2020,Ordinance No. 0244-20.pdf,Thesis_Obsidian\Ordinances\2020\Ordinance No. 0244-20.md,230,False
2648,0244-20,section_5,2020,Ordinance No. 0244-20.pdf,Thesis_Obsidian\Ordinances\2020\Ordinance No. 0244-20.md,190,False
2649,0244-20,section_6,2020,Ordinance No. 0244-20.pdf,Thesis_Obsidian\Ordinances\2020\Ordinance No. 0244-20.md,10,False
2650,0244-20,section_4,2020,Ordinance No. 0244-20.pdf,Thesis_Obsidian\Ordinances\2020\Ordinance No. 0244-20.md,2,False
2651,0245-20,section_2,2020,Ordinance No. 0245-20.pdf,Thesis_Obsidian\Ordinances\2020\Ordinance No. 0245-20.md,93,False
2652,0245-20,section_3,2020,Ordinance No. 0245-20.pdf,Thesis_Obsidian\Ordinances\2020\Ordinance No. 0245-20.md,14,False
2653,0245-20,section_4,2020,Ordinance No. 0245-20.pdf,Thesis_Obsidian\Ordinances\2020\Ordinance No. 0245-20.md,14,False
2654,0245-20,section_5,2020,Ordinance No. 0245-20.pdf,Thesis_Obsidian\Ordinances\2020\Ordinance No. 0245-20.md,156,False
2655,0245-20,section_6,2020,Ordinance No. 0245-20.pdf,Thesis_Obsidian\Ordinances\2020\Ordinance No. 0245-20.md,0,False
2656,0246-20,section_2,2020,Ordinance No. 0246-20.pdf,Thesis_Obsidian\Ordinances\2020\Ordinance No. 0246-20.md,5,False
2657,0246-20,section_4,2020,Ordinance No. 0246-20.pdf,Thesis_Obsidian\Ordinances\2020\Ordinance No. 0246-20.md,142,False
2658,0246-20,section_5,2020,Ordinance No. 0246-20.pdf,Thesis_Obsidian\Ordinances\2020\Ordinance No. 0246-20.md,195,False
2659,0246-20,section_6,2020,Ordinance No. 0246-20.pdf,Thesis_Obsidian\Ordinances\2020\Ordinance No. 0246-20.md,14,False
2660,0246-20,section_7,2020,Ordinance No. 0246-20.pdf,Thesis_Obsidian\Ordinances\2020\Ordinance No. 0246-20.md,-1,True
2661,0250-20,section_1,2020,Ordinance No. 0250-20.pdf,Thesis_Obsidian\Ordinances\2020\Ordinance No. 0250-20.md,-1,True
2662,0250-20,section_2,2020,Ordinance No. 0250-20.pdf,Thesis_Obsidian\Ordinances\2020\Ordinance No. 0250-20.md,28,False
2663,0250-20,section_3,2020,Ordinance No. 0250-20.pdf,Thesis_Obsidian\Ordinances\2020\Ordinance No. 0250-20.md,93,False
2664,0250-20,section_4,2020,Ordinance No. 0250-20.pdf,Thesis_Obsidian\Ordinances\2020\Ordinance No. 0250-20.md,28,False
2665,0250-20,section_5,2020,Ordinance No. 0250-20.pdf,Thesis_Obsidian\Ordinances\2020\Ordinance No. 0250-20.md,14,False
2666,0250-20,section_6,2020,Ordinance No. 0250-20.pdf,Thesis_Obsidian\Ordinances\2020\Ordinance No. 0250-20.md,-1,True
2667,0250-20,section_7,2020,Ordinance No. 0250-20.pdf,Thesis_Obsidian\Ordinances\2020\Ordinance No. 0250-20.md,-1,True
2668,0250-20,section_8,2020,Ordinance No. 0250-20.pdf,Thesis_Obsidian\Ordinances\2020\Ordinance No. 0250-20.md,-1,True
2669,0250-20,section_9,2020,Ordinance No. 0250-20.pdf,Thesis_Obsidian\Ordinances\2020\Ordinance No. 0250-20.md,191,False
2670,0253-20,section_1,2020,Ordinance No. 0253-20.pdf,Thesis_Obsidian\Ordinances\2020\Ordinance No. 0253-20.md,57,False
2671,0253-20,section_2,2020,Ordinance No. 0253-20.pdf,Thesis_Obsidian\Ordinances\2020\Ordinance No. 0253-20.md,6,False
2672,0253-20,section_3,2020,Ordinance No. 0253-20.pdf,Thesis_Obsidian\Ordinances\2020\Ordinance No. 0253-20.md,6,False
2673,0253-20,section_4,2020,Ordinance No. 0253-20.pdf,Thesis_Obsidian\Ordinances\2020\Ordinance No. 0253-20.md,14,False
2674,0253-20,section_6,2020,Ordinance No. 0253-20.pdf,Thesis_Obsidian\Ordinances\2020\Ordinance No. 0253-20.md,16,False
2675,0253-20,section_7,2020,Ordinance No. 0253-20.pdf,Thesis_Obsidian\Ordinances\2020\Ordinance No. 0253-20.md,191,False
2676,0254-20,section_1,2020,Ordinance No. 0254-20.pdf,Thesis_Obsidian\Ordinances\2020\Ordinance No. 0254-20.md,20,False
2677,0254-20,section_2,2020,Ordinance No. 0254-20.pdf,Thesis_Obsidian\Ordinances\2020\Ordinance No. 0254-20.md,200,False
2678,0254-20,section_455,2020,Ordinance No. 0254-20.pdf,Thesis_Obsidian\Ordinances\2020\Ordinance No. 0254-20.md,85,False
2679,0254-20,section_3,2020,Ordinance No. 0254-20.pdf,Thesis_Obsidian\Ordinances\2020\Ordinance No. 0254-20.md,4,False
2680,0254-20,section_4,2020,Ordinance No. 0254-20.pdf,Thesis_Obsidian\Ordinances\2020\Ordinance No. 0254-20.md,139,False
2681,0254-20,section_5,2020,Ordinance No. 0254-20.pdf,Thesis_Obsidian\Ordinances\2020\Ordinance No. 0254-20.md,147,False
2682,0255-20,section_2,2020,Ordinance No. 0255-20.pdf,Thesis_Obsidian\Ordinances\2020\Ordinance No. 0255-20.md,6,False
2683,0255-20,section_4,2020,Ordinance No. 0255-20.pdf,Thesis_Obsidian\Ordinances\2020\Ordinance No. 0255-20.md,14,False
2684,0255-20,section_5,2020,Ordinance No. 0255-20.pdf,Thesis_Obsidian\Ordinances\2020\Ordinance No. 0255-20.md,126,False
2685,0255-20,section_6,2020,Ordinance No. 0255-20.pdf,Thesis_Obsidian\Ordinances\2020\Ordinance No. 0255-20.md,263,False
2686,0255-20,section_7,2020,Ordinance No. 0255-20.pdf,Thesis_Obsidian\Ordinances\2020\Ordinance No. 0255-20.md,-1,True
2687,0256-20,section_1,2020,Ordinance No. 0256-20.pdf,Thesis_Obsidian\Ordinances\2020\Ordinance No. 0256-20.md,57,False
2688,0256-20,section_2,2020,Ordinance No. 0256-20.pdf,Thesis_Obsidian\Ordinances\2020\Ordinance No. 0256-20.md,93,False
2689,0256-20,section_3,2020,Ordinance No. 0256-20.pdf,Thesis_Obsidian\Ordinances\2020\Ordinance No. 0256-20.md,6,False
2690,0256-20,section_4,2020,Ordinance No. 0256-20.pdf,Thesis_Obsidian\Ordinances\2020\Ordinance No. 0256-20.md,6,False
2691,0256-20,section_5,2020,Ordinance No. 0256-20.pdf,Thesis_Obsidian\Ordinances\2020\Ordinance No. 0256-20.md,6,False
2692,0256-20,section_6,2020,Ordinance No. 0256-20.pdf,Thesis_Obsidian\Ordinances\2020\Ordinance No. 0256-20.md,70,False
2693,0256-20,section_7,2020,Ordinance No. 0256-20.pdf,Thesis_Obsidian\Ordinances\2020\Ordinance No. 0256-20.md,6,False
2694,0256-20,section_9,2020,Ordinance No. 0256-20.pdf,Thesis_Obsidian\Ordinances\2020\Ordinance No. 0256-20.md,6,False
2695,0256-20,section_10,2020,Ordinance No. 0256-20.pdf,Thesis_Obsidian\Ordinances\2020\Ordinance No. 0256-20.md,6,False
2696,0256-20,section_11,2020,Ordinance No. 0256-20.pdf,Thesis_Obsidian\Ordinances\2020\Ordinance No. 0256-20.md,6,False
2697,0256-20,section_12,2020,Ordinance No. 0256-20.pdf,Thesis_Obsidian\Ordinances\2020\Ordinance No. 0256-20.md,44,False
2698,0256-20,section_13,2020,Ordinance No. 0256-20.pdf,Thesis_Obsidian\Ordinances\2020\Ordinance No. 0256-20.md,-1,True
2699,0256-20,section_14,2020,Ordinance No. 0256-20.pdf,Thesis_Obsidian\Ordinances\2020\Ordinance No. 0256-20.md,-1,True
2700,0256-20,section_15,2020,Ordinance No. 0256-20.pdf,Thesis_Obsidian\Ordinances\2020\Ordinance No. 0256-20.md,-1,True
2701,0256-20,section_16,2020,Ordinance No. 0256-20.pdf,Thesis_Obsidian\Ordinances\2020\Ordinance No. 0256-20.md,-1,True
2702,0256-20,section_17,2020,Ordinance No. 0256-20.pdf,Thesis_Obsidian\Ordinances\2020\Ordinance No. 0256-20.md,14,False
2703,0256-20,section_18,2020,Ordinance No. 0256-20.pdf,Thesis_Obsidian\Ordinances\2020\Ordinance No. 0256-20.md,115,False
2704,0256-20,section_19,2020,Ordinance No. 0256-20.pdf,Thesis_Obsidian\Ordinances\2020\Ordinance No. 0256-20.md,126,False
2705,0256-20,section_20,2020,Ordinance No. 0256-20.pdf,Thesis_Obsidian\Ordinances\2020\Ordinance No. 0256-20.md,191,False
2706,0257-20,section_1,2020,Ordinance No. 0257-20.pdf,Thesis_Obsidian\Ordinances\2020\Ordinance No. 0257-20.md,26,False
2707,0257-20,section_2,2020,Ordinance No. 0257-20.pdf,Thesis_Obsidian\Ordinances\2020\Ordinance No. 0257-20.md,122,False
2708,0257-20,section_3,2020,Ordinance No. 0257-20.pdf,Thesis_Obsidian\Ordinances\2020\Ordinance No. 0257-20.md,93,False
2709,0257-20,section_4,2020,Ordinance No. 0257-20.pdf,Thesis_Obsidian\Ordinances\2020\Ordinance No. 0257-20.md,131,False
2710,0257-20,section_5,2020,Ordinance No. 0257-20.pdf,Thesis_Obsidian\Ordinances\2020\Ordinance No. 0257-20.md,156,False
2711,0257-20,section_6,2020,Ordinance No. 0257-20.pdf,Thesis_Obsidian\Ordinances\2020\Ordinance No. 0257-20.md,-1,True
2712,0257-20,section_7,2020,Ordinance No. 0257-20.pdf,Thesis_Obsidian\Ordinances\2020\Ordinance No. 0257-20.md,-1,True
2713,0258-20,section_2,2020,Ordinance No. 0258-20.pdf,Thesis_Obsidian\Ordinances\2020\Ordinance No. 0258-20.md,32,False
2714,0258-20,section_3,2020,Ordinance No. 0258-20.pdf,Thesis_Obsidian\Ordinances\2020\Ordinance No. 0258-20.md,-1,True
2715,0258-20,section_4,2020,Ordinance No. 0258-20.pdf,Thesis_Obsidian\Ordinances\2020\Ordinance No. 0258-20.md,14,False
2716,0258-20,section_7,2020,Ordinance No. 0258-20.pdf,Thesis_Obsidian\Ordinances\2020\Ordinance No. 0258-20.md,126,False
2717,0258-20,section_8,2020,Ordinance No. 0258-20.pdf,Thesis_Obsidian\Ordinances\2020\Ordinance No. 0258-20.md,191,False
2718,0259-20,section_2,2020,Ordinance No. 0259-20.pdf,Thesis_Obsidian\Ordinances\2020\Ordinance No. 0259-20.md,119,False
2719,0259-20,section_3,2020,Ordinance No. 0259-20.pdf,Thesis_Obsidian\Ordinances\2020\Ordinance No. 0259-20.md,121,False
2720,0259-20,section_5,2020,Ordinance No. 0259-20.pdf,Thesis_Obsidian\Ordinances\2020\Ordinance No. 0259-20.md,121,False
2721,0259-20,section_6,2020,Ordinance No. 0259-20.pdf,Thesis_Obsidian\Ordinances\2020\Ordinance No. 0259-20.md,190,False
2722,0259-20,section_7,2020,Ordinance No. 0259-20.pdf,Thesis_Obsidian\Ordinances\2020\Ordinance No. 0259-20.md,202,False
2723,0259-20,section_9,2020,Ordinance No. 0259-20.pdf,Thesis_Obsidian\Ordinances\2020\Ordinance No. 0259-20.md,0,False
2724,0260-20,section_2,2020,Ordinance No. 0260-20.pdf,Thesis_Obsidian\Ordinances\2020\Ordinance No. 0260-20.md,28,False
2725,0260-20,section_3,2020,Ordinance No. 0260-20.pdf,Thesis_Obsidian\Ordinances\2020\Ordinance No. 0260-20.md,6,False
2726,0260-20,section_4,2020,Ordinance No. 0260-20.pdf,Thesis_Obsidian\Ordinances\2020\Ordinance No. 0260-20.md,6,False
2727,0260-20,section_5,2020,Ordinance No. 0260-20.pdf,Thesis_Obsidian\Ordinances\2020\Ordinance No. 0260-20.md,-1,True
2728,0260-20,section_6,2020,Ordinance No. 0260-20.pdf,Thesis_Obsidian\Ordinances\2020\Ordinance No. 0260-20.md,28,False
2729,0260-20,section_7,2020,Ordinance No. 0260-20.pdf,Thesis_Obsidian\Ordinances\2020\Ordinance No. 0260-20.md,-1,True
2730,0260-20,section_8,2020,Ordinance No. 0260-20.pdf,Thesis_Obsidian\Ordinances\2020\Ordinance No. 0260-20.md,-1,True
2731,0260-20,section_9,2020,Ordinance No. 0260-20.pdf,Thesis_Obsidian\Ordinances\2020\Ordinance No. 0260-20.md,0,False
2732,0267-20,section_1,2020,Ordinance No. 0267-20.pdf,Thesis_Obsidian\Ordinances\2020\Ordinance No. 0267-20.md,212,False
2733,0267-20,section_2,2020,Ordinance No. 0267-20.pdf,Thesis_Obsidian\Ordinances\2020\Ordinance No. 0267-20.md,136,False
2734,0267-20,section_22,2020,Ordinance No. 0267-20.pdf,Thesis_Obsidian\Ordinances\2020\Ordinance No. 0267-20.md,92,False
2735,0267-20,section_455,2020,Ordinance No. 0267-20.pdf,Thesis_Obsidian\Ordinances\2020\Ordinance No. 0267-20.md,85,False
2736,0267-20,section_3,2020,Ordinance No. 0267-20.pdf,Thesis_Obsidian\Ordinances\2020\Ordinance No. 0267-20.md,178,False
2737,0267-20,section_4,2020,Ordinance No. 0267-20.pdf,Thesis_Obsidian\Ordinances\2020\Ordinance No. 0267-20.md,156,False
2738,0267-20,section_5,2020,Ordinance No. 0267-20.pdf,Thesis_Obsidian\Ordinances\2020\Ordinance No. 0267-20.md,29,False
2739,0270-20,section_1,2020,Ordinance No. 0270-20.pdf,Thesis_Obsidian\Ordinances\2020\Ordinance No. 0270-20.md,57,False
2740,0270-20,section_2,2020,Ordinance No. 0270-20.pdf,Thesis_Obsidian\Ordinances\2020\Ordinance No. 0270-20.md,-1,True
2741,0270-20,section_4,2020,Ordinance No. 0270-20.pdf,Thesis_Obsidian\Ordinances\2020\Ordinance No. 0270-20.md,40,False
2742,0270-20,section_5,2020,Ordinance No. 0270-20.pdf,Thesis_Obsidian\Ordinances\2020\Ordinance No. 0270-20.md,235,False
2743,0270-20,section_6,2020,Ordinance No. 0270-20.pdf,Thesis_Obsidian\Ordinances\2020\Ordinance No. 0270-20.md,235,False
2744,0270-20,section_7,2020,Ordinance No. 0270-20.pdf,Thesis_Obsidian\Ordinances\2020\Ordinance No. 0270-20.md,235,False
2745,0270-20,section_8,2020,Ordinance No. 0270-20.pdf,Thesis_Obsidian\Ordinances\2020\Ordinance No. 0270-20.md,235,False
2746,0270-20,section_9,2020,Ordinance No. 0270-20.pdf,Thesis_Obsidian\Ordinances\2020\Ordinance No. 0270-20.md,235,False
2747,0270-20,section_10,2020,Ordinance No. 0270-20.pdf,Thesis_Obsidian\Ordinances\2020\Ordinance No. 0270-20.md,235,False
2748,0270-20,section_11,2020,Ordinance No. 0270-20.pdf,Thesis_Obsidian\Ordinances\2020\Ordinance No. 0270-20.md,235,False
2749,0270-20,section_12,2020,Ordinance No. 0270-20.pdf,Thesis_Obsidian\Ordinances\2020\Ordinance No. 0270-20.md,235,False
2750,0270-20,section_13,2020,Ordinance No. 0270-20.pdf,Thesis_Obsidian\Ordinances\2020\Ordinance No. 0270-20.md,235,False
2751,0270-20,section_14,2020,Ordinance No. 0270-20.pdf,Thesis_Obsidian\Ordinances\2020\Ordinance No. 0270-20.md,235,False
2752,0270-20,section_15,2020,Ordinance No. 0270-20.pdf,Thesis_Obsidian\Ordinances\2020\Ordinance No. 0270-20.md,63,False
2753,0270-20,section_16,2020,Ordinance No. 0270-20.pdf,Thesis_Obsidian\Ordinances\2020\Ordinance No. 0270-20.md,44,False
2754,0270-20,section_17,2020,Ordinance No. 0270-20.pdf,Thesis_Obsidian\Ordinances\2020\Ordinance No. 0270-20.md,27,False
2755,0270-20,section_18,2020,Ordinance No. 0270-20.pdf,Thesis_Obsidian\Ordinances\2020\Ordinance No. 0270-20.md,0,False
2756,0274-20,section_1,2020,Ordinance No. 0274-20.pdf,Thesis_Obsidian\Ordinances\2020\Ordinance No. 0274-20.md,81,False
2757,0274-20,section_2,2020,Ordinance No. 0274-20.pdf,Thesis_Obsidian\Ordinances\2020\Ordinance No. 0274-20.md,71,False
2758,0274-20,section_3,2020,Ordinance No. 0274-20.pdf,Thesis_Obsidian\Ordinances\2020\Ordinance No. 0274-20.md,4,False
2759,0274-20,section_4,2020,Ordinance No. 0274-20.pdf,Thesis_Obsidian\Ordinances\2020\Ordinance No. 0274-20.md,10,False
2760,0274-20,section_5,2020,Ordinance No. 0274-20.pdf,Thesis_Obsidian\Ordinances\2020\Ordinance No. 0274-20.md,24,False
2761,0275-20,section_1,2020,Ordinance No. 0275-20.pdf,Thesis_Obsidian\Ordinances\2020\Ordinance No. 0275-20.md,81,False
2762,0275-20,section_2,2020,Ordinance No. 0275-20.pdf,Thesis_Obsidian\Ordinances\2020\Ordinance No. 0275-20.md,71,False
2763,0275-20,section_3,2020,Ordinance No. 0275-20.pdf,Thesis_Obsidian\Ordinances\2020\Ordinance No. 0275-20.md,123,False
2764,0275-20,section_4,2020,Ordinance No. 0275-20.pdf,Thesis_Obsidian\Ordinances\2020\Ordinance No. 0275-20.md,209,False
2765,0275-20,section_5,2020,Ordinance No. 0275-20.pdf,Thesis_Obsidian\Ordinances\2020\Ordinance No. 0275-20.md,24,False
2766,0276-20,section_1,2020,Ordinance No. 0276-20.pdf,Thesis_Obsidian\Ordinances\2020\Ordinance No. 0276-20.md,81,False
2767,0276-20,section_2,2020,Ordinance No. 0276-20.pdf,Thesis_Obsidian\Ordinances\2020\Ordinance No. 0276-20.md,73,False
2768,0276-20,section_3,2020,Ordinance No. 0276-20.pdf,Thesis_Obsidian\Ordinances\2020\Ordinance No. 0276-20.md,4,False
2769,0276-20,section_4,2020,Ordinance No. 0276-20.pdf,Thesis_Obsidian\Ordinances\2020\Ordinance No. 0276-20.md,209,False
2770,0276-20,section_5,2020,Ordinance No. 0276-20.pdf,Thesis_Obsidian\Ordinances\2020\Ordinance No. 0276-20.md,24,False
2771,0279-20,section_1,2020,Ordinance No. 0279-20.pdf,Thesis_Obsidian\Ordinances\2020\Ordinance No. 0279-20.md,118,False
2772,0279-20,section_2,2020,Ordinance No. 0279-20.pdf,Thesis_Obsidian\Ordinances\2020\Ordinance No. 0279-20.md,67,False
2773,0279-20,section_3,2020,Ordinance No. 0279-20.pdf,Thesis_Obsidian\Ordinances\2020\Ordinance No. 0279-20.md,133,False
2774,0279-20,section_4,2020,Ordinance No. 0279-20.pdf,Thesis_Obsidian\Ordinances\2020\Ordinance No. 0279-20.md,3,False
2775,0279-20,section_5,2020,Ordinance No. 0279-20.pdf,Thesis_Obsidian\Ordinances\2020\Ordinance No. 0279-20.md,76,False
2776,0281-20,section_1,2020,Ordinance No. 0281-20.pdf,Thesis_Obsidian\Ordinances\2020\Ordinance No. 0281-20.md,89,False
2777,0281-20,section_16,2020,Ordinance No. 0281-20.pdf,Thesis_Obsidian\Ordinances\2020\Ordinance No. 0281-20.md,45,False
2778,0281-20,section_3,2020,Ordinance No. 0281-20.pdf,Thesis_Obsidian\Ordinances\2020\Ordinance No. 0281-20.md,4,False
2779,0281-20,section_4,2020,Ordinance No. 0281-20.pdf,Thesis_Obsidian\Ordinances\2020\Ordinance No. 0281-20.md,27,False
2780,0281-20,section_5,2020,Ordinance No. 0281-20.pdf,Thesis_Obsidian\Ordinances\2020\Ordinance No. 0281-20.md,239,False
2781,0283-20,section_1,2020,Ordinance No. 0283-20.pdf,Thesis_Obsidian\Ordinances\2020\Ordinance No. 0283-20.md,158,False
2782,0283-20,section_2,2020,Ordinance No. 0283-20.pdf,Thesis_Obsidian\Ordinances\2020\Ordinance No. 0283-20.md,21,False
2783,0283-20,section_3,2020,Ordinance No. 0283-20.pdf,Thesis_Obsidian\Ordinances\2020\Ordinance No. 0283-20.md,106,False
2784,0283-20,section_4,2020,Ordinance No. 0283-20.pdf,Thesis_Obsidian\Ordinances\2020\Ordinance No. 0283-20.md,177,False
2785,0284-20,section_1,2020,Ordinance No. 0284-20.pdf,Thesis_Obsidian\Ordinances\2020\Ordinance No. 0284-20.md,158,False
2786,0284-20,section_2,2020,Ordinance No. 0284-20.pdf,Thesis_Obsidian\Ordinances\2020\Ordinance No. 0284-20.md,21,False
2787,0284-20,section_3,2020,Ordinance No. 0284-20.pdf,Thesis_Obsidian\Ordinances\2020\Ordinance No. 0284-20.md,106,False
2788,0284-20,section_4,2020,Ordinance No. 0284-20.pdf,Thesis_Obsidian\Ordinances\2020\Ordinance No. 0284-20.md,3,False
2789,0284-20,section_5,2020,Ordinance No. 0284-20.pdf,Thesis_Obsidian\Ordinances\2020\Ordinance No. 0284-20.md,135,False
2790,0285-20,section_1,2020,Ordinance No. 0285-20.pdf,Thesis_Obsidian\Ordinances\2020\Ordinance No. 0285-20.md,158,False
2791,0285-20,section_2,2020,Ordinance No. 0285-20.pdf,Thesis_Obsidian\Ordinances\2020\Ordinance No. 0285-20.md,21,False
2792,0285-20,section_3,2020,Ordinance No. 0285-20.pdf,Thesis_Obsidian\Ordinances\2020\Ordinance No. 0285-20.md,106,False
2793,0285-20,section_4,2020,Ordinance No. 0285-20.pdf,Thesis_Obsidian\Ordinances\2020\Ordinance No. 0285-20.md,9,False
2794,0285-20,section_5,2020,Ordinance No. 0285-20.pdf,Thesis_Obsidian\Ordinances\2020\Ordinance No. 0285-20.md,135,False
2795,0286-20,section_1,2020,Ordinance No. 0286-20.pdf,Thesis_Obsidian\Ordinances\2020\Ordinance No. 0286-20.md,158,False
2796,0286-20,section_2,2020,Ordinance No. 0286-20.pdf,Thesis_Obsidian\Ordinances\2020\Ordinance No. 0286-20.md,21,False
2797,0286-20,section_3,2020,Ordinance No. 0286-20.pdf,Thesis_Obsidian\Ordinances\2020\Ordinance No. 0286-20.md,106,False
2798,0286-20,section_4,2020,Ordinance No. 0286-20.pdf,Thesis_Obsidian\Ordinances\2020\Ordinance No. 0286-20.md,86,False
2799,0286-20,section_5,2020,Ordinance No. 0286-20.pdf,Thesis_Obsidian\Ordinances\2020\Ordinance No. 0286-20.md,135,False
2800,0287-20,section_1,2020,Ordinance No. 0287-20.pdf,Thesis_Obsidian\Ordinances\2020\Ordinance No. 0287-20.md,77,False
2801,0287-20,section_2,2020,Ordinance No. 0287-20.pdf,Thesis_Obsidian\Ordinances\2020\Ordinance No. 0287-20.md,119,False
2802,0287-20,section_3,2020,Ordinance No. 0287-20.pdf,Thesis_Obsidian\Ordinances\2020\Ordinance No. 0287-20.md,260,False
2803,0287-20,section_4,2020,Ordinance No. 0287-20.pdf,Thesis_Obsidian\Ordinances\2020\Ordinance No. 0287-20.md,107,False
2804,0287-20,section_5,2020,Ordinance No. 0287-20.pdf,Thesis_Obsidian\Ordinances\2020\Ordinance No. 0287-20.md,65,False
2805,0287-20,section_6,2020,Ordinance No. 0287-20.pdf,Thesis_Obsidian\Ordinances\2020\Ordinance No. 0287-20.md,0,False
2806,0288-20,section_1,2020,Ordinance No. 0288-20.pdf,Thesis_Obsidian\Ordinances\2020\Ordinance No. 0288-20.md,23,False
2807,0288-20,section_2,2020,Ordinance No. 0288-20.pdf,Thesis_Obsidian\Ordinances\2020\Ordinance No. 0288-20.md,23,False
2808,0288-20,section_3,2020,Ordinance No. 0288-20.pdf,Thesis_Obsidian\Ordinances\2020\Ordinance No. 0288-20.md,23,False
2809,0288-20,section_4,2020,Ordinance No. 0288-20.pdf,Thesis_Obsidian\Ordinances\2020\Ordinance No. 0288-20.md,23,False
2810,0288-20,section_5,2020,Ordinance No. 0288-20.pdf,Thesis_Obsidian\Ordinances\2020\Ordinance No. 0288-20.md,157,False
2811,0288-20,section_6,2020,Ordinance No. 0288-20.pdf,Thesis_Obsidian\Ordinances\2020\Ordinance No. 0288-20.md,0,False
2812,0289-20,section_1,2020,Ordinance No. 0289-20.pdf,Thesis_Obsidian\Ordinances\2020\Ordinance No. 0289-20.md,244,False
2813,0289-20,section_2,2020,Ordinance No. 0289-20.pdf,Thesis_Obsidian\Ordinances\2020\Ordinance No. 0289-20.md,21,False
2814,0289-20,section_3,2020,Ordinance No. 0289-20.pdf,Thesis_Obsidian\Ordinances\2020\Ordinance No. 0289-20.md,177,False
2815,0289-20,section_4,2020,Ordinance No. 0289-20.pdf,Thesis_Obsidian\Ordinances\2020\Ordinance No. 0289-20.md,27,False
2816,0289-20,section_5,2020,Ordinance No. 0289-20.pdf,Thesis_Obsidian\Ordinances\2020\Ordinance No. 0289-20.md,135,False
2817,0290-20,section_1,2020,Ordinance No. 0290-20.pdf,Thesis_Obsidian\Ordinances\2020\Ordinance No. 0290-20.md,244,False
2818,0290-20,section_2,2020,Ordinance No. 0290-20.pdf,Thesis_Obsidian\Ordinances\2020\Ordinance No. 0290-20.md,21,False
2819,0290-20,section_3,2020,Ordinance No. 0290-20.pdf,Thesis_Obsidian\Ordinances\2020\Ordinance No. 0290-20.md,177,False
2820,0290-20,section_4,2020,Ordinance No. 0290-20.pdf,Thesis_Obsidian\Ordinances\2020\Ordinance No. 0290-20.md,135,False
2821,0291-20,section_1,2020,Ordinance No. 0291-20.pdf,Thesis_Obsidian\Ordinances\2020\Ordinance No. 0291-20.md,244,False
2822,0291-20,section_2,2020,Ordinance No. 0291-20.pdf,Thesis_Obsidian\Ordinances\2020\Ordinance No. 0291-20.md,21,False
2823,0291-20,section_3,2020,Ordinance No. 0291-20.pdf,Thesis_Obsidian\Ordinances\2020\Ordinance No. 0291-20.md,177,False
2824,0291-20,section_4,2020,Ordinance No. 0291-20.pdf,Thesis_Obsidian\Ordinances\2020\Ordinance No. 0291-20.md,18,False
2825,0291-20,section_5,2020,Ordinance No. 0291-20.pdf,Thesis_Obsidian\Ordinances\2020\Ordinance No. 0291-20.md,135,False
2826,0292-20,section_1,2020,Ordinance No. 0292-20.pdf,Thesis_Obsidian\Ordinances\2020\Ordinance No. 0292-20.md,244,False
2827,0292-20,section_2,2020,Ordinance No. 0292-20.pdf,Thesis_Obsidian\Ordinances\2020\Ordinance No. 0292-20.md,21,False
2828,0292-20,section_3,2020,Ordinance No. 0292-20.pdf,Thesis_Obsidian\Ordinances\2020\Ordinance No. 0292-20.md,177,False
2829,0292-20,section_4,2020,Ordinance No. 0292-20.pdf,Thesis_Obsidian\Ordinances\2020\Ordinance No. 0292-20.md,3,False
2830,0292-20,section_5,2020,Ordinance No. 0292-20.pdf,Thesis_Obsidian\Ordinances\2020\Ordinance No. 0292-20.md,135,False
2831,0293-20,section_2,2020,Ordinance No. 0293-20.pdf,Thesis_Obsidian\Ordinances\2020\Ordinance No. 0293-20.md,21,False
2832,0293-20,section_3,2020,Ordinance No. 0293-20.pdf,Thesis_Obsidian\Ordinances\2020\Ordinance No. 0293-20.md,177,False
2833,0293-20,section_4,2020,Ordinance No. 0293-20.pdf,Thesis_Obsidian\Ordinances\2020\Ordinance No. 0293-20.md,151,False
2834,0293-20,section_5,2020,Ordinance No. 0293-20.pdf,Thesis_Obsidian\Ordinances\2020\Ordinance No. 0293-20.md,135,False
2835,0294-20,section_1,2020,Ordinance No. 0294-20.pdf,Thesis_Obsidian\Ordinances\2020\Ordinance No. 0294-20.md,244,False
2836,0294-20,section_2,2020,Ordinance No. 0294-20.pdf,Thesis_Obsidian\Ordinances\2020\Ordinance No. 0294-20.md,21,False
2837,0294-20,section_3,2020,Ordinance No. 0294-20.pdf,Thesis_Obsidian\Ordinances\2020\Ordinance No. 0294-20.md,177,False
2838,0294-20,section_4,2020,Ordinance No. 0294-20.pdf,Thesis_Obsidian\Ordinances\2020\Ordinance No. 0294-20.md,148,False
2839,0294-20,section_5,2020,Ordinance No. 0294-20.pdf,Thesis_Obsidian\Ordinances\2020\Ordinance No. 0294-20.md,135,False
2840,0295-20,section_1,2020,Ordinance No. 0295-20.pdf,Thesis_Obsidian\Ordinances\2020\Ordinance No. 0295-20.md,244,False
2841,0295-20,section_2,2020,Ordinance No. 0295-20.pdf,Thesis_Obsidian\Ordinances\2020\Ordinance No. 0295-20.md,21,False
2842,0295-20,section_3,2020,Ordinance No. 0295-20.pdf,Thesis_Obsidian\Ordinances\2020\Ordinance No. 0295-20.md,177,False
2843,0295-20,section_4,2020,Ordinance No. 0295-20.pdf,Thesis_Obsidian\Ordinances\2020\Ordinance No. 0295-20.md,9,False
2844,0295-20,section_5,2020,Ordinance No. 0295-20.pdf,Thesis_Obsidian\Ordinances\2020\Ordinance No. 0295-20.md,135,False
2845,0296-20,section_1,2020,Ordinance No. 0296-20.pdf,Thesis_Obsidian\Ordinances\2020\Ordinance No. 0296-20.md,244,False
2846,0296-20,section_2,2020,Ordinance No. 0296-20.pdf,Thesis_Obsidian\Ordinances\2020\Ordinance No. 0296-20.md,21,False
2847,0296-20,section_3,2020,Ordinance No. 0296-20.pdf,Thesis_Obsidian\Ordinances\2020\Ordinance No. 0296-20.md,177,False
2848,0296-20,section_4,2020,Ordinance No. 0296-20.pdf,Thesis_Obsidian\Ordinances\2020\Ordinance No. 0296-20.md,72,False
2849,0296-20,section_5,2020,Ordinance No. 0296-20.pdf,Thesis_Obsidian\Ordinances\2020\Ordinance No. 0296-20.md,135,False
2850,0297-20,section_1,2020,Ordinance No. 0297-20.pdf,Thesis_Obsidian\Ordinances\2020\Ordinance No. 0297-20.md,244,False
2851,0297-20,section_2,2020,Ordinance No. 0297-20.pdf,Thesis_Obsidian\Ordinances\2020\Ordinance No. 0297-20.md,21,False
2852,0297-20,section_3,2020,Ordinance No. 0297-20.pdf,Thesis_Obsidian\Ordinances\2020\Ordinance No. 0297-20.md,177,False
2853,0297-20,section_4,2020,Ordinance No. 0297-20.pdf,Thesis_Obsidian\Ordinances\2020\Ordinance No. 0297-20.md,135,False
2854,0298-20,section_1,2020,Ordinance No. 0298-20.pdf,Thesis_Obsidian\Ordinances\2020\Ordinance No. 0298-20.md,244,False
2855,0298-20,section_2,2020,Ordinance No. 0298-20.pdf,Thesis_Obsidian\Ordinances\2020\Ordinance No. 0298-20.md,21,False
2856,0298-20,section_3,2020,Ordinance No. 0298-20.pdf,Thesis_Obsidian\Ordinances\2020\Ordinance No. 0298-20.md,177,False
2857,0298-20,section_4,2020,Ordinance No. 0298-20.pdf,Thesis_Obsidian\Ordinances\2020\Ordinance No. 0298-20.md,16,False
2858,0298-20,section_5,2020,Ordinance No. 0298-20.pdf,Thesis_Obsidian\Ordinances\2020\Ordinance No. 0298-20.md,135,False
2859,0299-20,section_1,2020,Ordinance No. 0299-20.pdf,Thesis_Obsidian\Ordinances\2020\Ordinance No. 0299-20.md,-1,True
2860,0299-20,section_3,2020,Ordinance No. 0299-20.pdf,Thesis_Obsidian\Ordinances\2020\Ordinance No. 0299-20.md,63,False
2861,0299-20,section_4,2020,Ordinance No. 0299-20.pdf,Thesis_Obsidian\Ordinances\2020\Ordinance No. 0299-20.md,3,False
2862,0299-20,section_5,2020,Ordinance No. 0299-20.pdf,Thesis_Obsidian\Ordinances\2020\Ordinance No. 0299-20.md,0,False
2863,0300-20,section_1,2020,Ordinance No. 0300-20.pdf,Thesis_Obsidian\Ordinances\2020\Ordinance No. 0300-20.md,-1,True
2864,0300-20,section_16,2020,Ordinance No. 0300-20.pdf,Thesis_Obsidian\Ordinances\2020\Ordinance No. 0300-20.md,176,False
2865,0300-20,section_3,2020,Ordinance No. 0300-20.pdf,Thesis_Obsidian\Ordinances\2020\Ordinance No. 0300-20.md,123,False
2866,0300-20,section_17,2020,Ordinance No. 0300-20.pdf,Thesis_Obsidian\Ordinances\2020\Ordinance No. 0300-20.md,18,False
2867,0300-20,section_18,2020,Ordinance No. 0300-20.pdf,Thesis_Obsidian\Ordinances\2020\Ordinance No. 0300-20.md,-1,True
2868,0300-20,section_2,2020,Ordinance No. 0300-20.pdf,Thesis_Obsidian\Ordinances\2020\Ordinance No. 0300-20.md,24,False
2869,0302-20,section_2,2020,Ordinance No. 0302-20.pdf,Thesis_Obsidian\Ordinances\2020\Ordinance No. 0302-20.md,247,False
2870,0302-20,section_3,2020,Ordinance No. 0302-20.pdf,Thesis_Obsidian\Ordinances\2020\Ordinance No. 0302-20.md,150,False
2871,0302-20,section_4,2020,Ordinance No. 0302-20.pdf,Thesis_Obsidian\Ordinances\2020\Ordinance No. 0302-20.md,150,False
2872,0302-20,section_6,2020,Ordinance No. 0302-20.pdf,Thesis_Obsidian\Ordinances\2020\Ordinance No. 0302-20.md,65,False
2873,0302-20,section_7,2020,Ordinance No. 0302-20.pdf,Thesis_Obsidian\Ordinances\2020\Ordinance No. 0302-20.md,0,False
2874,0304-20,section_2,2020,Ordinance No. 0304-20.pdf,Thesis_Obsidian\Ordinances\2020\Ordinance No. 0304-20.md,90,False
2875,0304-20,section_3,2020,Ordinance No. 0304-20.pdf,Thesis_Obsidian\Ordinances\2020\Ordinance No. 0304-20.md,-1,True
2876,0304-20,section_4,2020,Ordinance No. 0304-20.pdf,Thesis_Obsidian\Ordinances\2020\Ordinance No. 0304-20.md,131,False
2877,0304-20,section_5,2020,Ordinance No. 0304-20.pdf,Thesis_Obsidian\Ordinances\2020\Ordinance No. 0304-20.md,53,False
2878,0305-20,section_1,2020,Ordinance No. 0305-20.pdf,Thesis_Obsidian\Ordinances\2020\Ordinance No. 0305-20.md,26,False
2879,0305-20,section_2,2020,Ordinance No. 0305-20.pdf,Thesis_Obsidian\Ordinances\2020\Ordinance No. 0305-20.md,90,False
2880,0305-20,section_3,2020,Ordinance No. 0305-20.pdf,Thesis_Obsidian\Ordinances\2020\Ordinance No. 0305-20.md,93,False
2881,0305-20,section_4,2020,Ordinance No. 0305-20.pdf,Thesis_Obsidian\Ordinances\2020\Ordinance No. 0305-20.md,131,False
2882,0305-20,section_5,2020,Ordinance No. 0305-20.pdf,Thesis_Obsidian\Ordinances\2020\Ordinance No. 0305-20.md,131,False
2883,0305-20,section_6,2020,Ordinance No. 0305-20.pdf,Thesis_Obsidian\Ordinances\2020\Ordinance No. 0305-20.md,9,False
2884,0305-20,section_7,2020,Ordinance No. 0305-20.pdf,Thesis_Obsidian\Ordinances\2020\Ordinance No. 0305-20.md,103,False
2885,0305-20,section_8,2020,Ordinance No. 0305-20.pdf,Thesis_Obsidian\Ordinances\2020\Ordinance No. 0305-20.md,0,False
2886,0306-20,section_1,2020,Ordinance No. 0306-20.pdf,Thesis_Obsidian\Ordinances\2020\Ordinance No. 0306-20.md,46,False
2887,0306-20,section_2,2020,Ordinance No. 0306-20.pdf,Thesis_Obsidian\Ordinances\2020\Ordinance No. 0306-20.md,215,False
2888,0306-20,section_3,2020,Ordinance No. 0306-20.pdf,Thesis_Obsidian\Ordinances\2020\Ordinance No. 0306-20.md,46,False
2889,0306-20,section_4,2020,Ordinance No. 0306-20.pdf,Thesis_Obsidian\Ordinances\2020\Ordinance No. 0306-20.md,4,False
2890,0306-20,section_5,2020,Ordinance No. 0306-20.pdf,Thesis_Obsidian\Ordinances\2020\Ordinance No. 0306-20.md,126,False
2891,0306-20,section_6,2020,Ordinance No. 0306-20.pdf,Thesis_Obsidian\Ordinances\2020\Ordinance No. 0306-20.md,27,False
2892,0306-20,section_7,2020,Ordinance No. 0306-20.pdf,Thesis_Obsidian\Ordinances\2020\Ordinance No. 0306-20.md,147,False
2893,0308-20,section_1,2020,Ordinance No. 0308-20.pdf,Thesis_Obsidian\Ordinances\2020\Ordinance No. 0308-20.md,102,False
2894,0308-20,section_2,2020,Ordinance No. 0308-20.pdf,Thesis_Obsidian\Ordinances\2020\Ordinance No. 0308-20.md,58,False
2895,0308-20,section_2O,2020,Ordinance No. 0308-20.pdf,Thesis_Obsidian\Ordinances\2020\Ordinance No. 0308-20.md,40,False
2896,0308-20,section_3,2020,Ordinance No. 0308-20.pdf,Thesis_Obsidian\Ordinances\2020\Ordinance No. 0308-20.md,18,False
2897,0308-20,section_4,2020,Ordinance No. 0308-20.pdf,Thesis_Obsidian\Ordinances\2020\Ordinance No. 0308-20.md,0,False
2898,0309-20,section_1,2020,Ordinance No. 0309-20.pdf,Thesis_Obsidian\Ordinances\2020\Ordinance No. 0309-20.md,81,False
2899,0309-20,section_2,2020,Ordinance No. 0309-20.pdf,Thesis_Obsidian\Ordinances\2020\Ordinance No. 0309-20.md,-1,True
2900,0309-20,section_3,2020,Ordinance No. 0309-20.pdf,Thesis_Obsidian\Ordinances\2020\Ordinance No. 0309-20.md,-1,True
2901,0309-20,section_4,2020,Ordinance No. 0309-20.pdf,Thesis_Obsidian\Ordinances\2020\Ordinance No. 0309-20.md,4,False
2902,0309-20,section_5,2020,Ordinance No. 0309-20.pdf,Thesis_Obsidian\Ordinances\2020\Ordinance No. 0309-20.md,231,False
2903,0309-20,section_6,2020,Ordinance No. 0309-20.pdf,Thesis_Obsidian\Ordinances\2020\Ordinance No. 0309-20.md,239,False
2904,0310-20,section_1,2020,Ordinance No. 0310-20.pdf,Thesis_Obsidian\Ordinances\2020\Ordinance No. 0310-20.md,20,False
2905,0310-20,section_2,2020,Ordinance No. 0310-20.pdf,Thesis_Obsidian\Ordinances\2020\Ordinance No. 0310-20.md,59,False
2906,0310-20,section_4s,2020,Ordinance No. 0310-20.pdf,Thesis_Obsidian\Ordinances\2020\Ordinance No. 0310-20.md,261,False
2907,0310-20,section_3,2020,Ordinance No. 0310-20.pdf,Thesis_Obsidian\Ordinances\2020\Ordinance No. 0310-20.md,4,False
2908,0310-20,section_4,2020,Ordinance No. 0310-20.pdf,Thesis_Obsidian\Ordinances\2020\Ordinance No. 0310-20.md,10,False
2909,0310-20,section_5,2020,Ordinance No. 0310-20.pdf,Thesis_Obsidian\Ordinances\2020\Ordinance No. 0310-20.md,24,False
2910,0311-20,section_2,2020,Ordinance No. 0311-20.pdf,Thesis_Obsidian\Ordinances\2020\Ordinance No. 0311-20.md,-1,True
2911,0311-20,section_3,2020,Ordinance No. 0311-20.pdf,Thesis_Obsidian\Ordinances\2020\Ordinance No. 0311-20.md,-1,True
2912,0311-20,section_4,2020,Ordinance No. 0311-20.pdf,Thesis_Obsidian\Ordinances\2020\Ordinance No. 0311-20.md,-1,True
2913,0311-20,section_5,2020,Ordinance No. 0311-20.pdf,Thesis_Obsidian\Ordinances\2020\Ordinance No. 0311-20.md,-1,True
2914,0311-20,section_6,2020,Ordinance No. 0311-20.pdf,Thesis_Obsidian\Ordinances\2020\Ordinance No. 0311-20.md,-1,True
2915,0311-20,section_7,2020,Ordinance No. 0311-20.pdf,Thesis_Obsidian\Ordinances\2020\Ordinance No. 0311-20.md,66,False
2916,0311-20,section_8,2020,Ordinance No. 0311-20.pdf,Thesis_Obsidian\Ordinances\2020\Ordinance No. 0311-20.md,213,False
2917,0311-20,section_10,2020,Ordinance No. 0311-20.pdf,Thesis_Obsidian\Ordinances\2020\Ordinance No. 0311-20.md,-1,True
2918,0311-20,section_11,2020,Ordinance No. 0311-20.pdf,Thesis_Obsidian\Ordinances\2020\Ordinance No. 0311-20.md,103,False
2919,0311-20,section_12,2020,Ordinance No. 0311-20.pdf,Thesis_Obsidian\Ordinances\2020\Ordinance No. 0311-20.md,157,False
2920,0311-20,section_13,2020,Ordinance No. 0311-20.pdf,Thesis_Obsidian\Ordinances\2020\Ordinance No. 0311-20.md,54,False
2921,0315-20,section_1,2020,Ordinance No. 0315-20.pdf,Thesis_Obsidian\Ordinances\2020\Ordinance No. 0315-20.md,20,False
2922,0315-20,section_2,2020,Ordinance No. 0315-20.pdf,Thesis_Obsidian\Ordinances\2020\Ordinance No. 0315-20.md,89,False
2923,0315-20,section_16,2020,Ordinance No. 0315-20.pdf,Thesis_Obsidian\Ordinances\2020\Ordinance No. 0315-20.md,45,False
2924,0315-20,section_3,2020,Ordinance No. 0315-20.pdf,Thesis_Obsidian\Ordinances\2020\Ordinance No. 0315-20.md,178,False
2925,0315-20,section_4,2020,Ordinance No. 0315-20.pdf,Thesis_Obsidian\Ordinances\2020\Ordinance No. 0315-20.md,9,False
2926,0315-20,section_5,2020,Ordinance No. 0315-20.pdf,Thesis_Obsidian\Ordinances\2020\Ordinance No. 0315-20.md,29,False
2927,0316-20,section_1,2020,Ordinance No. 0316-20.pdf,Thesis_Obsidian\Ordinances\2020\Ordinance No. 0316-20.md,118,False
2928,0316-20,section_2,2020,Ordinance No. 0316-20.pdf,Thesis_Obsidian\Ordinances\2020\Ordinance No. 0316-20.md,64,False
2929,0316-20,section_455,2020,Ordinance No. 0316-20.pdf,Thesis_Obsidian\Ordinances\2020\Ordinance No. 0316-20.md,251,False
2930,0316-20,section_3,2020,Ordinance No. 0316-20.pdf,Thesis_Obsidian\Ordinances\2020\Ordinance No. 0316-20.md,133,False
2931,0316-20,section_4,2020,Ordinance No. 0316-20.pdf,Thesis_Obsidian\Ordinances\2020\Ordinance No. 0316-20.md,3,False
2932,0316-20,section_5,2020,Ordinance No. 0316-20.pdf,Thesis_Obsidian\Ordinances\2020\Ordinance No. 0316-20.md,76,False
2933,0316-20,section_11,2020,Ordinance No. 0316-20.pdf,Thesis_Obsidian\Ordinances\2020\Ordinance No. 0316-20.md,76,False
2934,0319-20,section_2,2020,Ordinance No. 0319-20.pdf,Thesis_Obsidian\Ordinances\2020\Ordinance No. 0319-20.md,236,False
2935,0319-20,section_3,2020,Ordinance No. 0319-20.pdf,Thesis_Obsidian\Ordinances\2020\Ordinance No. 0319-20.md,-1,True
2936,0319-20,section_4,2020,Ordinance No. 0319-20.pdf,Thesis_Obsidian\Ordinances\2020\Ordinance No. 0319-20.md,95,False
2937,0319-20,section_5,2020,Ordinance No. 0319-20.pdf,Thesis_Obsidian\Ordinances\2020\Ordinance No. 0319-20.md,28,False
2938,0320-20,section_1,2020,Ordinance No. 0320-20.pdf,Thesis_Obsidian\Ordinances\2020\Ordinance No. 0320-20.md,36,False
2939,0320-20,section_2,2020,Ordinance No. 0320-20.pdf,Thesis_Obsidian\Ordinances\2020\Ordinance No. 0320-20.md,264,False
2940,0320-20,section_3,2020,Ordinance No. 0320-20.pdf,Thesis_Obsidian\Ordinances\2020\Ordinance No. 0320-20.md,36,False
2941,0320-20,section_4,2020,Ordinance No. 0320-20.pdf,Thesis_Obsidian\Ordinances\2020\Ordinance No. 0320-20.md,9,False
2942,0320-20,section_5,2020,Ordinance No. 0320-20.pdf,Thesis_Obsidian\Ordinances\2020\Ordinance No. 0320-20.md,56,False
2943,0321-20,section_1,2020,Ordinance No. 0321-20.pdf,Thesis_Obsidian\Ordinances\2020\Ordinance No. 0321-20.md,36,False
2944,0321-20,section_2,2020,Ordinance No. 0321-20.pdf,Thesis_Obsidian\Ordinances\2020\Ordinance No. 0321-20.md,264,False
2945,0321-20,section_3,2020,Ordinance No. 0321-20.pdf,Thesis_Obsidian\Ordinances\2020\Ordinance No. 0321-20.md,36,False
2946,0321-20,section_4,2020,Ordinance No. 0321-20.pdf,Thesis_Obsidian\Ordinances\2020\Ordinance No. 0321-20.md,10,False
2947,0321-20,section_5,2020,Ordinance No. 0321-20.pdf,Thesis_Obsidian\Ordinances\2020\Ordinance No. 0321-20.md,56,False
2948,0322-20,section_1,2020,Ordinance No. 0322-20.pdf,Thesis_Obsidian\Ordinances\2020\Ordinance No. 0322-20.md,36,False
2949,0322-20,section_2,2020,Ordinance No. 0322-20.pdf,Thesis_Obsidian\Ordinances\2020\Ordinance No. 0322-20.md,67,False
2950,0322-20,section_3,2020,Ordinance No. 0322-20.pdf,Thesis_Obsidian\Ordinances\2020\Ordinance No. 0322-20.md,36,False
2951,0322-20,section_4,2020,Ordinance No. 0322-20.pdf,Thesis_Obsidian\Ordinances\2020\Ordinance No. 0322-20.md,38,False
2952,0322-20,section_5,2020,Ordinance No. 0322-20.pdf,Thesis_Obsidian\Ordinances\2020\Ordinance No. 0322-20.md,56,False
2953,0323-20,section_1,2020,Ordinance No. 0323-20.pdf,Thesis_Obsidian\Ordinances\2020\Ordinance No. 0323-20.md,-1,True
2954,0323-20,section_2,2020,Ordinance No. 0323-20.pdf,Thesis_Obsidian\Ordinances\2020\Ordinance No. 0323-20.md,67,False
2955,0323-20,section_3,2020,Ordinance No. 0323-20.pdf,Thesis_Obsidian\Ordinances\2020\Ordinance No. 0323-20.md,-1,True
2956,0323-20,section_4,2020,Ordinance No. 0323-20.pdf,Thesis_Obsidian\Ordinances\2020\Ordinance No. 0323-20.md,240,False
2957,0324-20,section_1,2020,Ordinance No. 0324-20.pdf,Thesis_Obsidian\Ordinances\2020\Ordinance No. 0324-20.md,158,False
2958,0324-20,section_2,2020,Ordinance No. 0324-20.pdf,Thesis_Obsidian\Ordinances\2020\Ordinance No. 0324-20.md,44,False
2959,0324-20,section_3,2020,Ordinance No. 0324-20.pdf,Thesis_Obsidian\Ordinances\2020\Ordinance No. 0324-20.md,106,False
2960,0324-20,section_4,2020,Ordinance No. 0324-20.pdf,Thesis_Obsidian\Ordinances\2020\Ordinance No. 0324-20.md,10,False
2961,0324-20,section_5,2020,Ordinance No. 0324-20.pdf,Thesis_Obsidian\Ordinances\2020\Ordinance No. 0324-20.md,135,False
2962,0325-20,section_1,2020,Ordinance No. 0325-20.pdf,Thesis_Obsidian\Ordinances\2020\Ordinance No. 0325-20.md,57,False
2963,0325-20,section_2,2020,Ordinance No. 0325-20.pdf,Thesis_Obsidian\Ordinances\2020\Ordinance No. 0325-20.md,32,False
2964,0325-20,section_3,2020,Ordinance No. 0325-20.pdf,Thesis_Obsidian\Ordinances\2020\Ordinance No. 0325-20.md,6,False
2965,0325-20,section_4,2020,Ordinance No. 0325-20.pdf,Thesis_Obsidian\Ordinances\2020\Ordinance No. 0325-20.md,93,False
2966,0325-20,section_5,2020,Ordinance No. 0325-20.pdf,Thesis_Obsidian\Ordinances\2020\Ordinance No. 0325-20.md,192,False
2967,0325-20,section_6,2020,Ordinance No. 0325-20.pdf,Thesis_Obsidian\Ordinances\2020\Ordinance No. 0325-20.md,14,False
2968,0325-20,section_7,2020,Ordinance No. 0325-20.pdf,Thesis_Obsidian\Ordinances\2020\Ordinance No. 0325-20.md,155,False
2969,0325-20,section_8,2020,Ordinance No. 0325-20.pdf,Thesis_Obsidian\Ordinances\2020\Ordinance No. 0325-20.md,28,False
2970,0325-20,section_9,2020,Ordinance No. 0325-20.pdf,Thesis_Obsidian\Ordinances\2020\Ordinance No. 0325-20.md,88,False
2971,0325-20,section_10,2020,Ordinance No. 0325-20.pdf,Thesis_Obsidian\Ordinances\2020\Ordinance No. 0325-20.md,-1,True
2972,0325-20,section_11,2020,Ordinance No. 0325-20.pdf,Thesis_Obsidian\Ordinances\2020\Ordinance No. 0325-20.md,-1,True
2973,0325-20,section_12,2020,Ordinance No. 0325-20.pdf,Thesis_Obsidian\Ordinances\2020\Ordinance No. 0325-20.md,223,False
2974,0326-20,section_2,2020,Ordinance No. 0326-20.pdf,Thesis_Obsidian\Ordinances\2020\Ordinance No. 0326-20.md,44,False
2975,0326-20,section_3,2020,Ordinance No. 0326-20.pdf,Thesis_Obsidian\Ordinances\2020\Ordinance No. 0326-20.md,177,False
2976,0326-20,section_4,2020,Ordinance No. 0326-20.pdf,Thesis_Obsidian\Ordinances\2020\Ordinance No. 0326-20.md,231,False
2977,0326-20,section_5,2020,Ordinance No. 0326-20.pdf,Thesis_Obsidian\Ordinances\2020\Ordinance No. 0326-20.md,135,False
2978,0327-20,section_1,2020,Ordinance No. 0327-20.pdf,Thesis_Obsidian\Ordinances\2020\Ordinance No. 0327-20.md,244,False
2979,0327-20,section_2,2020,Ordinance No. 0327-20.pdf,Thesis_Obsidian\Ordinances\2020\Ordinance No. 0327-20.md,21,False
2980,0327-20,section_3,2020,Ordinance No. 0327-20.pdf,Thesis_Obsidian\Ordinances\2020\Ordinance No. 0327-20.md,177,False
2981,0327-20,section_4,2020,Ordinance No. 0327-20.pdf,Thesis_Obsidian\Ordinances\2020\Ordinance No. 0327-20.md,135,False
2982,0328-20,section_1,2020,Ordinance No. 0328-20.pdf,Thesis_Obsidian\Ordinances\2020\Ordinance No. 0328-20.md,244,False
2983,0328-20,section_2,2020,Ordinance No. 0328-20.pdf,Thesis_Obsidian\Ordinances\2020\Ordinance No. 0328-20.md,21,False
2984,0328-20,section_3,2020,Ordinance No. 0328-20.pdf,Thesis_Obsidian\Ordinances\2020\Ordinance No. 0328-20.md,177,False
2985,0328-20,section_4,2020,Ordinance No. 0328-20.pdf,Thesis_Obsidian\Ordinances\2020\Ordinance No. 0328-20.md,135,False
2986,0329-20,section_2,2020,Ordinance No. 0329-20.pdf,Thesis_Obsidian\Ordinances\2020\Ordinance No. 0329-20.md,44,False
2987,0329-20,section_3,2020,Ordinance No. 0329-20.pdf,Thesis_Obsidian\Ordinances\2020\Ordinance No. 0329-20.md,177,False
2988,0329-20,section_4,2020,Ordinance No. 0329-20.pdf,Thesis_Obsidian\Ordinances\2020\Ordinance No. 0329-20.md,231,False
2989,0329-20,section_5,2020,Ordinance No. 0329-20.pdf,Thesis_Obsidian\Ordinances\2020\Ordinance No. 0329-20.md,135,False
2990,0330-20,section_1,2020,Ordinance No. 0330-20.pdf,Thesis_Obsidian\Ordinances\2020\Ordinance No. 0330-20.md,26,False
2991,0330-20,section_2,2020,Ordinance No. 0330-20.pdf,Thesis_Obsidian\Ordinances\2020\Ordinance No. 0330-20.md,-1,True
2992,0330-20,section_3,2020,Ordinance No. 0330-20.pdf,Thesis_Obsidian\Ordinances\2020\Ordinance No. 0330-20.md,70,False
2993,0330-20,section_4,2020,Ordinance No. 0330-20.pdf,Thesis_Obsidian\Ordinances\2020\Ordinance No. 0330-20.md,70,False
2994,0330-20,section_5,2020,Ordinance No. 0330-20.pdf,Thesis_Obsidian\Ordinances\2020\Ordinance No. 0330-20.md,40,False
2995,0330-20,section_6,2020,Ordinance No. 0330-20.pdf,Thesis_Obsidian\Ordinances\2020\Ordinance No. 0330-20.md,-1,True
2996,0330-20,section_7,2020,Ordinance No. 0330-20.pdf,Thesis_Obsidian\Ordinances\2020\Ordinance No. 0330-20.md,-1,True
2997,0330-20,section_8,2020,Ordinance No. 0330-20.pdf,Thesis_Obsidian\Ordinances\2020\Ordinance No. 0330-20.md,88,False
2998,0330-20,section_9,2020,Ordinance No. 0330-20.pdf,Thesis_Obsidian\Ordinances\2020\Ordinance No. 0330-20.md,70,False
2999,0330-20,section_10,2020,Ordinance No. 0330-20.pdf,Thesis_Obsidian\Ordinances\2020\Ordinance No. 0330-20.md,103,False
3000,0330-20,section_11,2020,Ordinance No. 0330-20.pdf,Thesis_Obsidian\Ordinances\2020\Ordinance No. 0330-20.md,233,False
3001,0330-20,section_12,2020,Ordinance No. 0330-20.pdf,Thesis_Obsidian\Ordinances\2020\Ordinance No. 0330-20.md,54,False
3002,0331-20,section_1,2020,Ordinance No. 0331-20.pdf,Thesis_Obsidian\Ordinances\2020\Ordinance No. 0331-20.md,118,False
3003,0331-20,section_2,2020,Ordinance No. 0331-20.pdf,Thesis_Obsidian\Ordinances\2020\Ordinance No. 0331-20.md,215,False
3004,0331-20,section_455,2020,Ordinance No. 0331-20.pdf,Thesis_Obsidian\Ordinances\2020\Ordinance No. 0331-20.md,245,False
3005,0331-20,section_22,2020,Ordinance No. 0331-20.pdf,Thesis_Obsidian\Ordinances\2020\Ordinance No. 0331-20.md,262,False
3006,0331-20,section_3,2020,Ordinance No. 0331-20.pdf,Thesis_Obsidian\Ordinances\2020\Ordinance No. 0331-20.md,133,False
3007,0331-20,section_4,2020,Ordinance No. 0331-20.pdf,Thesis_Obsidian\Ordinances\2020\Ordinance No. 0331-20.md,10,False
3008,0331-20,section_5,2020,Ordinance No. 0331-20.pdf,Thesis_Obsidian\Ordinances\2020\Ordinance No. 0331-20.md,76,False
3009,0334-20,section_1,2020,Ordinance No. 0334-20.pdf,Thesis_Obsidian\Ordinances\2020\Ordinance No. 0334-20.md,-1,True
3010,0334-20,section_2,2020,Ordinance No. 0334-20.pdf,Thesis_Obsidian\Ordinances\2020\Ordinance No. 0334-20.md,122,False
3011,0334-20,section_3,2020,Ordinance No. 0334-20.pdf,Thesis_Obsidian\Ordinances\2020\Ordinance No. 0334-20.md,90,False
3012,0334-20,section_276,2020,Ordinance No. 0334-20.pdf,Thesis_Obsidian\Ordinances\2020\Ordinance No. 0334-20.md,247,False
3013,0334-20,section_4,2020,Ordinance No. 0334-20.pdf,Thesis_Obsidian\Ordinances\2020\Ordinance No. 0334-20.md,137,False
3014,0334-20,section_5,2020,Ordinance No. 0334-20.pdf,Thesis_Obsidian\Ordinances\2020\Ordinance No. 0334-20.md,16,False
3015,0334-20,section_6,2020,Ordinance No. 0334-20.pdf,Thesis_Obsidian\Ordinances\2020\Ordinance No. 0334-20.md,0,False
3016,0335-20,section_1,2020,Ordinance No. 0335-20.pdf,Thesis_Obsidian\Ordinances\2020\Ordinance No. 0335-20.md,81,False
3017,0335-20,section_2,2020,Ordinance No. 0335-20.pdf,Thesis_Obsidian\Ordinances\2020\Ordinance No. 0335-20.md,130,False
3018,0335-20,section_3,2020,Ordinance No. 0335-20.pdf,Thesis_Obsidian\Ordinances\2020\Ordinance No. 0335-20.md,4,False
3019,0335-20,section_4,2020,Ordinance No. 0335-20.pdf,Thesis_Obsidian\Ordinances\2020\Ordinance No. 0335-20.md,10,False
3020,0335-20,section_5,2020,Ordinance No. 0335-20.pdf,Thesis_Obsidian\Ordinances\2020\Ordinance No. 0335-20.md,-1,True
3021,0336-20,section_1,2020,Ordinance No. 0336-20.pdf,Thesis_Obsidian\Ordinances\2020\Ordinance No. 0336-20.md,158,False
3022,0336-20,section_2,2020,Ordinance No. 0336-20.pdf,Thesis_Obsidian\Ordinances\2020\Ordinance No. 0336-20.md,44,False
3023,0336-20,section_3,2020,Ordinance No. 0336-20.pdf,Thesis_Obsidian\Ordinances\2020\Ordinance No. 0336-20.md,106,False
3024,0336-20,section_4,2020,Ordinance No. 0336-20.pdf,Thesis_Obsidian\Ordinances\2020\Ordinance No. 0336-20.md,16,False
3025,0336-20,section_5,2020,Ordinance No. 0336-20.pdf,Thesis_Obsidian\Ordinances\2020\Ordinance No. 0336-20.md,135,False
3026,0338-20,section_2,2020,Ordinance No. 0338-20.pdf,Thesis_Obsidian\Ordinances\2020\Ordinance No. 0338-20.md,44,False
3027,0338-20,section_3,2020,Ordinance No. 0338-20.pdf,Thesis_Obsidian\Ordinances\2020\Ordinance No. 0338-20.md,106,False
3028,0338-20,section_4,2020,Ordinance No. 0338-20.pdf,Thesis_Obsidian\Ordinances\2020\Ordinance No. 0338-20.md,-1,True
3029,0338-20,section_5,2020,Ordinance No. 0338-20.pdf,Thesis_Obsidian\Ordinances\2020\Ordinance No. 0338-20.md,135,False
3030,0339-20,section_2,2020,Ordinance No. 0339-20.pdf,Thesis_Obsidian\Ordinances\2020\Ordinance No. 0339-20.md,44,False
3031,0339-20,section_1,2020,Ordinance No. 0339-20.pdf,Thesis_Obsidian\Ordinances\2020\Ordinance No. 0339-20.md,44,False
3032,0339-20,section_3,2020,Ordinance No. 0339-20.pdf,Thesis_Obsidian\Ordinances\2020\Ordinance No. 0339-20.md,106,False
3033,0339-20,section_5,2020,Ordinance No. 0339-20.pdf,Thesis_Obsidian\Ordinances\2020\Ordinance No. 0339-20.md,135,False
3034,063-19,section_1,2020,Ordinance No. 063-19 (1).pdf,Thesis_Obsidian\Ordinances\2020\Ordinance No. 063-19.md,102,False
3035,063-19,section_2,2020,Ordinance No. 063-19 (1).pdf,Thesis_Obsidian\Ordinances\2020\Ordinance No. 063-19.md,58,False
3036,063-19,section_7,2020,Ordinance No. 063-19 (1).pdf,Thesis_Obsidian\Ordinances\2020\Ordinance No. 063-19.md,224,False
3037,065-19,section_2,2020,Ordinance No. 065-19 (1).pdf,Thesis_Obsidian\Ordinances\2020\Ordinance No. 065-19.md,14,False
3038,065-19,section_3,2020,Ordinance No. 065-19 (1).pdf,Thesis_Obsidian\Ordinances\2020\Ordinance No. 065-19.md,152,False
3039,065-19,section_4,2020,Ordinance No. 065-19 (1).pdf,Thesis_Obsidian\Ordinances\2020\Ordinance No. 065-19.md,224,False
3040,075-19,section_1,2020,Ordinance No. 075-19 (1).pdf,Thesis_Obsidian\Ordinances\2020\Ordinance No. 075-19.md,26,False
3041,075-19,section_2,2020,Ordinance No. 075-19 (1).pdf,Thesis_Obsidian\Ordinances\2020\Ordinance No. 075-19.md,58,False
3042,075-19,section_3,2020,Ordinance No. 075-19 (1).pdf,Thesis_Obsidian\Ordinances\2020\Ordinance No. 075-19.md,224,False
3043,Ordinance No. 000667-21,section_2,2021,Ordinance No. 000667-21.pdf,Thesis_Obsidian\Ordinances\2021\Ordinance No. 000667-21.md,67,False
3044,Ordinance No. 000667-21,section_4,2021,Ordinance No. 000667-21.pdf,Thesis_Obsidian\Ordinances\2021\Ordinance No. 000667-21.md,151,False
3045,Ordinance No. 000667-21,section_5,2021,Ordinance No. 000667-21.pdf,Thesis_Obsidian\Ordinances\2021\Ordinance No. 000667-21.md,111,False
3046,Ordinance No. 000671-21,section_1,2021,Ordinance No. 000671-21.pdf,Thesis_Obsidian\Ordinances\2021\Ordinance No. 000671-21.md,-1,True
3047,Ordinance No. 000671-21,section_2,2021,Ordinance No. 000671-21.pdf,Thesis_Obsidian\Ordinances\2021\Ordinance No. 000671-21.md,28,False
3048,Ordinance No. 000671-21,section_3,2021,Ordinance No. 000671-21.pdf,Thesis_Obsidian\Ordinances\2021\Ordinance No. 000671-21.md,93,False
3049,Ordinance No. 000671-21,section_4,2021,Ordinance No. 000671-21.pdf,Thesis_Obsidian\Ordinances\2021\Ordinance No. 000671-21.md,-1,True
3050,Ordinance No. 000671-21,section_6,2021,Ordinance No. 000671-21.pdf,Thesis_Obsidian\Ordinances\2021\Ordinance No. 000671-21.md,-1,True
3051,Ordinance No. 000671-21,section_8,2021,Ordinance No. 000671-21.pdf,Thesis_Obsidian\Ordinances\2021\Ordinance No. 000671-21.md,6,False
3052,Ordinance No. 000671-21,section_9,2021,Ordinance No. 000671-21.pdf,Thesis_Obsidian\Ordinances\2021\Ordinance No. 000671-21.md,30,False
3053,Ordinance No. 000671-21,section_10,2021,Ordinance No. 000671-21.pdf,Thesis_Obsidian\Ordinances\2021\Ordinance No. 000671-21.md,137,False
3054,Ordinance No. 000671-21,section_11,2021,Ordinance No. 000671-21.pdf,Thesis_Obsidian\Ordinances\2021\Ordinance No. 000671-21.md,217,False
3055,Ordinance No. 000671-21,section_13,2021,Ordinance No. 000671-21.pdf,Thesis_Obsidian\Ordinances\2021\Ordinance No. 000671-21.md,157,False
3056,Ordinance No. 000671-21,section_14,2021,Ordinance No. 000671-21.pdf,Thesis_Obsidian\Ordinances\2021\Ordinance No. 000671-21.md,2,False
3057,Ordinance No. 000673-21,section_1,2021,Ordinance No. 000673-21.pdf,Thesis_Obsidian\Ordinances\2021\Ordinance No. 000673-21.md,212,False
3058,Ordinance No. 000673-21,section_2,2021,Ordinance No. 000673-21.pdf,Thesis_Obsidian\Ordinances\2021\Ordinance No. 000673-21.md,200,False
3059,Ordinance No. 000673-21,section_455,2021,Ordinance No. 000673-21.pdf,Thesis_Obsidian\Ordinances\2021\Ordinance No. 000673-21.md,110,False
3060,Ordinance No. 000673-21,section_3,2021,Ordinance No. 000673-21.pdf,Thesis_Obsidian\Ordinances\2021\Ordinance No. 000673-21.md,178,False
3061,Ordinance No. 000673-21,section_4,2021,Ordinance No. 000673-21.pdf,Thesis_Obsidian\Ordinances\2021\Ordinance No. 000673-21.md,219,False
3062,Ordinance No. 000673-21,section_5,2021,Ordinance No. 000673-21.pdf,Thesis_Obsidian\Ordinances\2021\Ordinance No. 000673-21.md,29,False
3063,Ordinance No. 000676-21,section_2,2021,Ordinance No. 000676-21.pdf,Thesis_Obsidian\Ordinances\2021\Ordinance No. 000676-21.md,243,False
3064,Ordinance No. 000676-21,section_455,2021,Ordinance No. 000676-21.pdf,Thesis_Obsidian\Ordinances\2021\Ordinance No. 000676-21.md,-1,True
3065,Ordinance No. 000676-21,section_3,2021,Ordinance No. 000676-21.pdf,Thesis_Obsidian\Ordinances\2021\Ordinance No. 000676-21.md,-1,True
3066,Ordinance No. 000676-21,section_4,2021,Ordinance No. 000676-21.pdf,Thesis_Obsidian\Ordinances\2021\Ordinance No. 000676-21.md,53,False
3067,Ordinance No. 000677-21,section_1,2021,Ordinance No. 000677-21.pdf,Thesis_Obsidian\Ordinances\2021\Ordinance No. 000677-21.md,-1,True
3068,Ordinance No. 000677-21,section_2,2021,Ordinance No. 000677-21.pdf,Thesis_Obsidian\Ordinances\2021\Ordinance No. 000677-21.md,-1,True
3069,Ordinance No. 000677-21,section_455,2021,Ordinance No. 000677-21.pdf,Thesis_Obsidian\Ordinances\2021\Ordinance No. 000677-21.md,110,False
3070,Ordinance No. 000677-21,section_3,2021,Ordinance No. 000677-21.pdf,Thesis_Obsidian\Ordinances\2021\Ordinance No. 000677-21.md,-1,True
3071,Ordinance No. 000677-21,section_4,2021,Ordinance No. 000677-21.pdf,Thesis_Obsidian\Ordinances\2021\Ordinance No. 000677-21.md,219,False
3072,Ordinance No. 000677-21,section_5,2021,Ordinance No. 000677-21.pdf,Thesis_Obsidian\Ordinances\2021\Ordinance No. 000677-21.md,228,False
3073,Ordinance No. 000678-21,section_1,2021,Ordinance No. 000678-21.pdf,Thesis_Obsidian\Ordinances\2021\Ordinance No. 000678-21.md,212,False
3074,Ordinance No. 000678-21,section_2,2021,Ordinance No. 000678-21.pdf,Thesis_Obsidian\Ordinances\2021\Ordinance No. 000678-21.md,243,False
3075,Ordinance No. 000678-21,section_455,2021,Ordinance No. 000678-21.pdf,Thesis_Obsidian\Ordinances\2021\Ordinance No. 000678-21.md,129,False
3076,Ordinance No. 000678-21,section_16,2021,Ordinance No. 000678-21.pdf,Thesis_Obsidian\Ordinances\2021\Ordinance No. 000678-21.md,45,False
3077,Ordinance No. 000678-21,section_3,2021,Ordinance No. 000678-21.pdf,Thesis_Obsidian\Ordinances\2021\Ordinance No. 000678-21.md,178,False
3078,Ordinance No. 000678-21,section_4,2021,Ordinance No. 000678-21.pdf,Thesis_Obsidian\Ordinances\2021\Ordinance No. 000678-21.md,10,False
3079,Ordinance No. 000678-21,section_5,2021,Ordinance No. 000678-21.pdf,Thesis_Obsidian\Ordinances\2021\Ordinance No. 000678-21.md,49,False
3080,Ordinance No. 000681-21,section_1,2021,Ordinance No. 000681-21.pdf,Thesis_Obsidian\Ordinances\2021\Ordinance No. 000681-21.md,-1,True
3081,Ordinance No. 000681-21,section_2,2021,Ordinance No. 000681-21.pdf,Thesis_Obsidian\Ordinances\2021\Ordinance No. 000681-21.md,89,False
3082,Ordinance No. 000681-21,section_16,2021,Ordinance No. 000681-21.pdf,Thesis_Obsidian\Ordinances\2021\Ordinance No. 000681-21.md,45,False
3083,Ordinance No. 000681-21,section_3,2021,Ordinance No. 000681-21.pdf,Thesis_Obsidian\Ordinances\2021\Ordinance No. 000681-21.md,123,False
3084,Ordinance No. 000681-21,section_4,2021,Ordinance No. 000681-21.pdf,Thesis_Obsidian\Ordinances\2021\Ordinance No. 000681-21.md,27,False
3085,Ordinance No. 000681-21,section_5,2021,Ordinance No. 000681-21.pdf,Thesis_Obsidian\Ordinances\2021\Ordinance No. 000681-21.md,228,False
3086,Ordinance No. 000682-21,section_1,2021,Ordinance No. 000682-21.pdf,Thesis_Obsidian\Ordinances\2021\Ordinance No. 000682-21.md,-1,True
3087,Ordinance No. 000682-21,section_2,2021,Ordinance No. 000682-21.pdf,Thesis_Obsidian\Ordinances\2021\Ordinance No. 000682-21.md,175,False
3088,Ordinance No. 000682-21,section_455,2021,Ordinance No. 000682-21.pdf,Thesis_Obsidian\Ordinances\2021\Ordinance No. 000682-21.md,110,False
3089,Ordinance No. 000682-21,section_3,2021,Ordinance No. 000682-21.pdf,Thesis_Obsidian\Ordinances\2021\Ordinance No. 000682-21.md,-1,True
3090,Ordinance No. 000682-21,section_4,2021,Ordinance No. 000682-21.pdf,Thesis_Obsidian\Ordinances\2021\Ordinance No. 000682-21.md,18,False
3091,Ordinance No. 000682-21,section_5,2021,Ordinance No. 000682-21.pdf,Thesis_Obsidian\Ordinances\2021\Ordinance No. 000682-21.md,203,False
3092,Ordinance No. 000683-21,section_1,2021,Ordinance No. 000683-21.pdf,Thesis_Obsidian\Ordinances\2021\Ordinance No. 000683-21.md,-1,True
3093,Ordinance No. 000683-21,section_2,2021,Ordinance No. 000683-21.pdf,Thesis_Obsidian\Ordinances\2021\Ordinance No. 000683-21.md,175,False
3094,Ordinance No. 000683-21,section_455,2021,Ordinance No. 000683-21.pdf,Thesis_Obsidian\Ordinances\2021\Ordinance No. 000683-21.md,110,False
3095,Ordinance No. 000683-21,section_3,2021,Ordinance No. 000683-21.pdf,Thesis_Obsidian\Ordinances\2021\Ordinance No. 000683-21.md,-1,True
3096,Ordinance No. 000683-21,section_4,2021,Ordinance No. 000683-21.pdf,Thesis_Obsidian\Ordinances\2021\Ordinance No. 000683-21.md,18,False
3097,Ordinance No. 000683-21,section_5,2021,Ordinance No. 000683-21.pdf,Thesis_Obsidian\Ordinances\2021\Ordinance No. 000683-21.md,203,False
3098,Ordinance No. 000689-19,section_1,2021,Ordinance No. 000689-19.pdf,Thesis_Obsidian\Ordinances\2021\Ordinance No. 000689-19.md,192,False
3099,Ordinance No. 000689-19,section_2,2021,Ordinance No. 000689-19.pdf,Thesis_Obsidian\Ordinances\2021\Ordinance No. 000689-19.md,192,False
3100,Ordinance No. 000689-19,section_3,2021,Ordinance No. 000689-19.pdf,Thesis_Obsidian\Ordinances\2021\Ordinance No. 000689-19.md,192,False
3101,Ordinance No. 000689-19,section_4,2021,Ordinance No. 000689-19.pdf,Thesis_Obsidian\Ordinances\2021\Ordinance No. 000689-19.md,192,False
3102,Ordinance No. 000689-19,section_5,2021,Ordinance No. 000689-19.pdf,Thesis_Obsidian\Ordinances\2021\Ordinance No. 000689-19.md,192,False
3103,Ordinance No. 000689-19,section_6,2021,Ordinance No. 000689-19.pdf,Thesis_Obsidian\Ordinances\2021\Ordinance No. 000689-19.md,192,False
3104,Ordinance No. 000689-19,section_7,2021,Ordinance No. 000689-19.pdf,Thesis_Obsidian\Ordinances\2021\Ordinance No. 000689-19.md,192,False
3105,Ordinance No. 000689-19,section_8,2021,Ordinance No. 000689-19.pdf,Thesis_Obsidian\Ordinances\2021\Ordinance No. 000689-19.md,14,False
3106,Ordinance No. 000689-19,section_9,2021,Ordinance No. 000689-19.pdf,Thesis_Obsidian\Ordinances\2021\Ordinance No. 000689-19.md,155,False
3107,Ordinance No. 000689-19,section_10,2021,Ordinance No. 000689-19.pdf,Thesis_Obsidian\Ordinances\2021\Ordinance No. 000689-19.md,155,False
3108,Ordinance No. 000689-19,section_12,2021,Ordinance No. 000689-19.pdf,Thesis_Obsidian\Ordinances\2021\Ordinance No. 000689-19.md,39,False
3109,Ordinance No. 000689-19,section_13,2021,Ordinance No. 000689-19.pdf,Thesis_Obsidian\Ordinances\2021\Ordinance No. 000689-19.md,134,False
3110,Ordinance No. 000689-19,section_14,2021,Ordinance No. 000689-19.pdf,Thesis_Obsidian\Ordinances\2021\Ordinance No. 000689-19.md,6,False
3111,Ordinance No. 000689-19,section_15,2021,Ordinance No. 000689-19.pdf,Thesis_Obsidian\Ordinances\2021\Ordinance No. 000689-19.md,223,False
3112,Ordinance No. 000692-21,section_2,2021,Ordinance No. 000692-21.pdf,Thesis_Obsidian\Ordinances\2021\Ordinance No. 000692-21.md,150,False
3113,Ordinance No. 000692-21,section_3,2021,Ordinance No. 000692-21.pdf,Thesis_Obsidian\Ordinances\2021\Ordinance No. 000692-21.md,65,False
3114,Ordinance No. 000692-21,section_4,2021,Ordinance No. 000692-21.pdf,Thesis_Obsidian\Ordinances\2021\Ordinance No. 000692-21.md,72,False
3115,Ordinance No. 000692-21,section_6,2021,Ordinance No. 000692-21.pdf,Thesis_Obsidian\Ordinances\2021\Ordinance No. 000692-21.md,1,False
3116,Ordinance No. 000693-21,section_1,2021,Ordinance No. 000693-21.pdf,Thesis_Obsidian\Ordinances\2021\Ordinance No. 000693-21.md,77,False
3117,Ordinance No. 000693-21,section_2,2021,Ordinance No. 000693-21.pdf,Thesis_Obsidian\Ordinances\2021\Ordinance No. 000693-21.md,246,False
3118,Ordinance No. 000693-21,section_2L,2021,Ordinance No. 000693-21.pdf,Thesis_Obsidian\Ordinances\2021\Ordinance No. 000693-21.md,162,False
3119,Ordinance No. 000693-21,section_4,2021,Ordinance No. 000693-21.pdf,Thesis_Obsidian\Ordinances\2021\Ordinance No. 000693-21.md,266,False
3120,Ordinance No. 000694-21,section_1,2021,Ordinance No. 000694-21.pdf,Thesis_Obsidian\Ordinances\2021\Ordinance No. 000694-21.md,46,False
3121,Ordinance No. 000694-21,section_2,2021,Ordinance No. 000694-21.pdf,Thesis_Obsidian\Ordinances\2021\Ordinance No. 000694-21.md,33,False
3122,Ordinance No. 000694-21,section_3,2021,Ordinance No. 000694-21.pdf,Thesis_Obsidian\Ordinances\2021\Ordinance No. 000694-21.md,63,False
3123,Ordinance No. 000694-21,section_4,2021,Ordinance No. 000694-21.pdf,Thesis_Obsidian\Ordinances\2021\Ordinance No. 000694-21.md,53,False
3124,Ordinance No. 000698-21,section_1,2021,Ordinance No. 000698-21.pdf,Thesis_Obsidian\Ordinances\2021\Ordinance No. 000698-21.md,193,False
3125,Ordinance No. 000698-21,section_2,2021,Ordinance No. 000698-21.pdf,Thesis_Obsidian\Ordinances\2021\Ordinance No. 000698-21.md,89,False
3126,Ordinance No. 000698-21,section_16,2021,Ordinance No. 000698-21.pdf,Thesis_Obsidian\Ordinances\2021\Ordinance No. 000698-21.md,193,False
3127,Ordinance No. 000698-21,section_4,2021,Ordinance No. 000698-21.pdf,Thesis_Obsidian\Ordinances\2021\Ordinance No. 000698-21.md,156,False
3128,Ordinance No. 000698-21,section_5,2021,Ordinance No. 000698-21.pdf,Thesis_Obsidian\Ordinances\2021\Ordinance No. 000698-21.md,232,False
3129,Ordinance No. 000699-21,section_1,2021,Ordinance No. 000699-21.pdf,Thesis_Obsidian\Ordinances\2021\Ordinance No. 000699-21.md,193,False
3130,Ordinance No. 000699-21,section_2,2021,Ordinance No. 000699-21.pdf,Thesis_Obsidian\Ordinances\2021\Ordinance No. 000699-21.md,-1,True
3131,Ordinance No. 000699-21,section_22,2021,Ordinance No. 000699-21.pdf,Thesis_Obsidian\Ordinances\2021\Ordinance No. 000699-21.md,262,False
3132,Ordinance No. 000699-21,section_3,2021,Ordinance No. 000699-21.pdf,Thesis_Obsidian\Ordinances\2021\Ordinance No. 000699-21.md,178,False
3133,Ordinance No. 000699-21,section_4,2021,Ordinance No. 000699-21.pdf,Thesis_Obsidian\Ordinances\2021\Ordinance No. 000699-21.md,152,False
3134,Ordinance No. 000699-21,section_5,2021,Ordinance No. 000699-21.pdf,Thesis_Obsidian\Ordinances\2021\Ordinance No. 000699-21.md,232,False
3135,Ordinance No. 000701-21,section_1,2021,Ordinance No. 000701-21.pdf,Thesis_Obsidian\Ordinances\2021\Ordinance No. 000701-21.md,43,False
3136,Ordinance No. 000701-21,section_2,2021,Ordinance No. 000701-21.pdf,Thesis_Obsidian\Ordinances\2021\Ordinance No. 000701-21.md,-1,True
3137,Ordinance No. 000701-21,section_16,2021,Ordinance No. 000701-21.pdf,Thesis_Obsidian\Ordinances\2021\Ordinance No. 000701-21.md,32,False
3138,Ordinance No. 000701-21,section_455,2021,Ordinance No. 000701-21.pdf,Thesis_Obsidian\Ordinances\2021\Ordinance No. 000701-21.md,251,False
3139,Ordinance No. 000701-21,section_3,2021,Ordinance No. 000701-21.pdf,Thesis_Obsidian\Ordinances\2021\Ordinance No. 000701-21.md,7,False
3140,Ordinance No. 000701-21,section_4,2021,Ordinance No. 000701-21.pdf,Thesis_Obsidian\Ordinances\2021\Ordinance No. 000701-21.md,27,False
3141,Ordinance No. 000701-21,section_5,2021,Ordinance No. 000701-21.pdf,Thesis_Obsidian\Ordinances\2021\Ordinance No. 000701-21.md,49,False
3142,Ordinance No. 000704-21,section_1,2021,Ordinance No. 000704-21.pdf,Thesis_Obsidian\Ordinances\2021\Ordinance No. 000704-21.md,43,False
3143,Ordinance No. 000704-21,section_2,2021,Ordinance No. 000704-21.pdf,Thesis_Obsidian\Ordinances\2021\Ordinance No. 000704-21.md,215,False
3144,Ordinance No. 000704-21,section_455,2021,Ordinance No. 000704-21.pdf,Thesis_Obsidian\Ordinances\2021\Ordinance No. 000704-21.md,262,False
3145,Ordinance No. 000704-21,section_3,2021,Ordinance No. 000704-21.pdf,Thesis_Obsidian\Ordinances\2021\Ordinance No. 000704-21.md,7,False
3146,Ordinance No. 000704-21,section_4,2021,Ordinance No. 000704-21.pdf,Thesis_Obsidian\Ordinances\2021\Ordinance No. 000704-21.md,18,False
3147,Ordinance No. 000704-21,section_5,2021,Ordinance No. 000704-21.pdf,Thesis_Obsidian\Ordinances\2021\Ordinance No. 000704-21.md,49,False
3148,Ordinance No. 000709-21,section_1,2021,Ordinance No. 000709-21.pdf,Thesis_Obsidian\Ordinances\2021\Ordinance No. 000709-21.md,94,False
3149,Ordinance No. 000709-21,section_2,2021,Ordinance No. 000709-21.pdf,Thesis_Obsidian\Ordinances\2021\Ordinance No. 000709-21.md,94,False
3150,Ordinance No. 000709-21,section_3,2021,Ordinance No. 000709-21.pdf,Thesis_Obsidian\Ordinances\2021\Ordinance No. 000709-21.md,72,False
3151,Ordinance No. 000709-21,section_4,2021,Ordinance No. 000709-21.pdf,Thesis_Obsidian\Ordinances\2021\Ordinance No. 000709-21.md,214,False
3152,Ordinance No. 000710-21,section_1,2021,Ordinance No. 000710-21.pdf,Thesis_Obsidian\Ordinances\2021\Ordinance No. 000710-21.md,94,False
3153,Ordinance No. 000710-21,section_2,2021,Ordinance No. 000710-21.pdf,Thesis_Obsidian\Ordinances\2021\Ordinance No. 000710-21.md,94,False
3154,Ordinance No. 000710-21,section_3,2021,Ordinance No. 000710-21.pdf,Thesis_Obsidian\Ordinances\2021\Ordinance No. 000710-21.md,38,False
3155,Ordinance No. 000710-21,section_4,2021,Ordinance No. 000710-21.pdf,Thesis_Obsidian\Ordinances\2021\Ordinance No. 000710-21.md,214,False
3156,Ordinance No. 000712-21,section_1,2021,Ordinance No. 000712-21.pdf,Thesis_Obsidian\Ordinances\2021\Ordinance No. 000712-21.md,94,False
3157,Ordinance No. 000712-21,section_2,2021,Ordinance No. 000712-21.pdf,Thesis_Obsidian\Ordinances\2021\Ordinance No. 000712-21.md,94,False
3158,Ordinance No. 000712-21,section_3,2021,Ordinance No. 000712-21.pdf,Thesis_Obsidian\Ordinances\2021\Ordinance No. 000712-21.md,27,False
3159,Ordinance No. 000712-21,section_4,2021,Ordinance No. 000712-21.pdf,Thesis_Obsidian\Ordinances\2021\Ordinance No. 000712-21.md,214,False
3160,Ordinance No. 000713-21,section_1,2021,Ordinance No. 000713-21.pdf,Thesis_Obsidian\Ordinances\2021\Ordinance No. 000713-21.md,94,False
3161,Ordinance No. 000713-21,section_2,2021,Ordinance No. 000713-21.pdf,Thesis_Obsidian\Ordinances\2021\Ordinance No. 000713-21.md,94,False
3162,Ordinance No. 000713-21,section_3,2021,Ordinance No. 000713-21.pdf,Thesis_Obsidian\Ordinances\2021\Ordinance No. 000713-21.md,3,False
3163,Ordinance No. 000713-21,section_4,2021,Ordinance No. 000713-21.pdf,Thesis_Obsidian\Ordinances\2021\Ordinance No. 000713-21.md,214,False
3164,Ordinance No. 000714-21,section_1,2021,Ordinance No. 000714-21.pdf,Thesis_Obsidian\Ordinances\2021\Ordinance No. 000714-21.md,94,False
3165,Ordinance No. 000714-21,section_2,2021,Ordinance No. 000714-21.pdf,Thesis_Obsidian\Ordinances\2021\Ordinance No. 000714-21.md,94,False
3166,Ordinance No. 000714-21,section_3,2021,Ordinance No. 000714-21.pdf,Thesis_Obsidian\Ordinances\2021\Ordinance No. 000714-21.md,18,False
3167,Ordinance No. 000714-21,section_4,2021,Ordinance No. 000714-21.pdf,Thesis_Obsidian\Ordinances\2021\Ordinance No. 000714-21.md,214,False
3168,Ordinance No. 000715-21,section_1,2021,Ordinance No. 000715-21.pdf,Thesis_Obsidian\Ordinances\2021\Ordinance No. 000715-21.md,94,False
3169,Ordinance No. 000715-21,section_2,2021,Ordinance No. 000715-21.pdf,Thesis_Obsidian\Ordinances\2021\Ordinance No. 000715-21.md,94,False
3170,Ordinance No. 000715-21,section_3,2021,Ordinance No. 000715-21.pdf,Thesis_Obsidian\Ordinances\2021\Ordinance No. 000715-21.md,27,False
3171,Ordinance No. 000715-21,section_4,2021,Ordinance No. 000715-21.pdf,Thesis_Obsidian\Ordinances\2021\Ordinance No. 000715-21.md,214,False
3172,Ordinance No. 000716-21,section_1,2021,Ordinance No. 000716-21.pdf,Thesis_Obsidian\Ordinances\2021\Ordinance No. 000716-21.md,94,False
3173,Ordinance No. 000716-21,section_3,2021,Ordinance No. 000716-21.pdf,Thesis_Obsidian\Ordinances\2021\Ordinance No. 000716-21.md,256,False
3174,Ordinance No. 000716-21,section_4,2021,Ordinance No. 000716-21.pdf,Thesis_Obsidian\Ordinances\2021\Ordinance No. 000716-21.md,214,False
3175,Ordinance No. 000717-21,section_1,2021,Ordinance No. 000717-21.pdf,Thesis_Obsidian\Ordinances\2021\Ordinance No. 000717-21.md,94,False
3176,Ordinance No. 000717-21,section_2,2021,Ordinance No. 000717-21.pdf,Thesis_Obsidian\Ordinances\2021\Ordinance No. 000717-21.md,94,False
3177,Ordinance No. 000717-21,section_3,2021,Ordinance No. 000717-21.pdf,Thesis_Obsidian\Ordinances\2021\Ordinance No. 000717-21.md,169,False
3178,Ordinance No. 000717-21,section_4,2021,Ordinance No. 000717-21.pdf,Thesis_Obsidian\Ordinances\2021\Ordinance No. 000717-21.md,214,False
3179,Ordinance No. 000718-21,section_1,2021,Ordinance No. 000718-21.pdf,Thesis_Obsidian\Ordinances\2021\Ordinance No. 000718-21.md,94,False
3180,Ordinance No. 000718-21,section_2,2021,Ordinance No. 000718-21.pdf,Thesis_Obsidian\Ordinances\2021\Ordinance No. 000718-21.md,94,False
3181,Ordinance No. 000718-21,section_3,2021,Ordinance No. 000718-21.pdf,Thesis_Obsidian\Ordinances\2021\Ordinance No. 000718-21.md,169,False
3182,Ordinance No. 000718-21,section_4,2021,Ordinance No. 000718-21.pdf,Thesis_Obsidian\Ordinances\2021\Ordinance No. 000718-21.md,214,False
3183,Ordinance No. 000722-21,section_1,2021,Ordinance No. 000722-21.pdf,Thesis_Obsidian\Ordinances\2021\Ordinance No. 000722-21.md,46,False
3184,Ordinance No. 000722-21,section_2,2021,Ordinance No. 000722-21.pdf,Thesis_Obsidian\Ordinances\2021\Ordinance No. 000722-21.md,64,False
3185,Ordinance No. 000722-21,section_16,2021,Ordinance No. 000722-21.pdf,Thesis_Obsidian\Ordinances\2021\Ordinance No. 000722-21.md,32,False
3186,Ordinance No. 000722-21,section_455,2021,Ordinance No. 000722-21.pdf,Thesis_Obsidian\Ordinances\2021\Ordinance No. 000722-21.md,-1,True
3187,Ordinance No. 000722-21,section_3,2021,Ordinance No. 000722-21.pdf,Thesis_Obsidian\Ordinances\2021\Ordinance No. 000722-21.md,63,False
3188,Ordinance No. 000722-21,section_4,2021,Ordinance No. 000722-21.pdf,Thesis_Obsidian\Ordinances\2021\Ordinance No. 000722-21.md,18,False
3189,Ordinance No. 000722-21,section_5,2021,Ordinance No. 000722-21.pdf,Thesis_Obsidian\Ordinances\2021\Ordinance No. 000722-21.md,228,False
3190,Ordinance No. 000723-21,section_2,2021,Ordinance No. 000723-21.pdf,Thesis_Obsidian\Ordinances\2021\Ordinance No. 000723-21.md,64,False
3191,Ordinance No. 000723-21,section_16,2021,Ordinance No. 000723-21.pdf,Thesis_Obsidian\Ordinances\2021\Ordinance No. 000723-21.md,32,False
3192,Ordinance No. 000723-21,section_455,2021,Ordinance No. 000723-21.pdf,Thesis_Obsidian\Ordinances\2021\Ordinance No. 000723-21.md,-1,True
3193,Ordinance No. 000723-21,section_4,2021,Ordinance No. 000723-21.pdf,Thesis_Obsidian\Ordinances\2021\Ordinance No. 000723-21.md,27,False
3194,Ordinance No. 000723-21,section_5,2021,Ordinance No. 000723-21.pdf,Thesis_Obsidian\Ordinances\2021\Ordinance No. 000723-21.md,228,False
3195,Ordinance No. 000724-21,section_1,2021,Ordinance No. 000724-21.pdf,Thesis_Obsidian\Ordinances\2021\Ordinance No. 000724-21.md,241,False
3196,Ordinance No. 000724-21,section_2,2021,Ordinance No. 000724-21.pdf,Thesis_Obsidian\Ordinances\2021\Ordinance No. 000724-21.md,67,False
3197,Ordinance No. 000724-21,section_3,2021,Ordinance No. 000724-21.pdf,Thesis_Obsidian\Ordinances\2021\Ordinance No. 000724-21.md,7,False
3198,Ordinance No. 000724-21,section_4,2021,Ordinance No. 000724-21.pdf,Thesis_Obsidian\Ordinances\2021\Ordinance No. 000724-21.md,3,False
3199,Ordinance No. 000724-21,section_5,2021,Ordinance No. 000724-21.pdf,Thesis_Obsidian\Ordinances\2021\Ordinance No. 000724-21.md,228,False
3200,Ordinance No. 000725-21,section_1,2021,Ordinance No. 000725-21.pdf,Thesis_Obsidian\Ordinances\2021\Ordinance No. 000725-21.md,61,False
3201,Ordinance No. 000725-21,section_5,2021,Ordinance No. 000725-21.pdf,Thesis_Obsidian\Ordinances\2021\Ordinance No. 000725-21.md,111,False
3202,Ordinance No. 000727-21,section_1,2021,Ordinance No. 000727-21.pdf,Thesis_Obsidian\Ordinances\2021\Ordinance No. 000727-21.md,26,False
3203,Ordinance No. 000727-21,section_2,2021,Ordinance No. 000727-21.pdf,Thesis_Obsidian\Ordinances\2021\Ordinance No. 000727-21.md,70,False
3204,Ordinance No. 000727-21,section_3,2021,Ordinance No. 000727-21.pdf,Thesis_Obsidian\Ordinances\2021\Ordinance No. 000727-21.md,25,False
3205,Ordinance No. 000727-21,section_4,2021,Ordinance No. 000727-21.pdf,Thesis_Obsidian\Ordinances\2021\Ordinance No. 000727-21.md,70,False
3206,Ordinance No. 000727-21,section_5,2021,Ordinance No. 000727-21.pdf,Thesis_Obsidian\Ordinances\2021\Ordinance No. 000727-21.md,-1,True
3207,Ordinance No. 000727-21,section_6,2021,Ordinance No. 000727-21.pdf,Thesis_Obsidian\Ordinances\2021\Ordinance No. 000727-21.md,126,False
3208,Ordinance No. 000727-21,section_7,2021,Ordinance No. 000727-21.pdf,Thesis_Obsidian\Ordinances\2021\Ordinance No. 000727-21.md,263,False
3209,Ordinance No. 000727-21,section_8,2021,Ordinance No. 000727-21.pdf,Thesis_Obsidian\Ordinances\2021\Ordinance No. 000727-21.md,0,False
3210,Ordinance No. 000728-21,section_1,2021,Ordinance No. 000728-21.pdf,Thesis_Obsidian\Ordinances\2021\Ordinance No. 000728-21.md,57,False
3211,Ordinance No. 000728-21,section_2,2021,Ordinance No. 000728-21.pdf,Thesis_Obsidian\Ordinances\2021\Ordinance No. 000728-21.md,-1,True
3212,Ordinance No. 000728-21,section_3,2021,Ordinance No. 000728-21.pdf,Thesis_Obsidian\Ordinances\2021\Ordinance No. 000728-21.md,6,False
3213,Ordinance No. 000728-21,section_4,2021,Ordinance No. 000728-21.pdf,Thesis_Obsidian\Ordinances\2021\Ordinance No. 000728-21.md,131,False
3214,Ordinance No. 000728-21,section_5,2021,Ordinance No. 000728-21.pdf,Thesis_Obsidian\Ordinances\2021\Ordinance No. 000728-21.md,131,False
3215,Ordinance No. 000728-21,section_6,2021,Ordinance No. 000728-21.pdf,Thesis_Obsidian\Ordinances\2021\Ordinance No. 000728-21.md,131,False
3216,Ordinance No. 000728-21,section_8,2021,Ordinance No. 000728-21.pdf,Thesis_Obsidian\Ordinances\2021\Ordinance No. 000728-21.md,-1,True
3217,Ordinance No. 000728-21,section_9,2021,Ordinance No. 000728-21.pdf,Thesis_Obsidian\Ordinances\2021\Ordinance No. 000728-21.md,131,False
3218,Ordinance No. 000728-21,section_10,2021,Ordinance No. 000728-21.pdf,Thesis_Obsidian\Ordinances\2021\Ordinance No. 000728-21.md,14,False
3219,Ordinance No. 000728-21,section_11,2021,Ordinance No. 000728-21.pdf,Thesis_Obsidian\Ordinances\2021\Ordinance No. 000728-21.md,88,False
3220,Ordinance No. 000728-21,section_12,2021,Ordinance No. 000728-21.pdf,Thesis_Obsidian\Ordinances\2021\Ordinance No. 000728-21.md,103,False
3221,Ordinance No. 000728-21,section_13,2021,Ordinance No. 000728-21.pdf,Thesis_Obsidian\Ordinances\2021\Ordinance No. 000728-21.md,231,False
3222,Ordinance No. 000728-21,section_14,2021,Ordinance No. 000728-21.pdf,Thesis_Obsidian\Ordinances\2021\Ordinance No. 000728-21.md,0,False
3223,Ordinance No. 000734-21,section_1,2021,Ordinance No. 000734-21.pdf,Thesis_Obsidian\Ordinances\2021\Ordinance No. 000734-21.md,118,False
3224,Ordinance No. 000734-21,section_2,2021,Ordinance No. 000734-21.pdf,Thesis_Obsidian\Ordinances\2021\Ordinance No. 000734-21.md,175,False
3225,Ordinance No. 000734-21,section_455,2021,Ordinance No. 000734-21.pdf,Thesis_Obsidian\Ordinances\2021\Ordinance No. 000734-21.md,196,False
3226,Ordinance No. 000734-21,section_16,2021,Ordinance No. 000734-21.pdf,Thesis_Obsidian\Ordinances\2021\Ordinance No. 000734-21.md,45,False
3227,Ordinance No. 000734-21,section_3,2021,Ordinance No. 000734-21.pdf,Thesis_Obsidian\Ordinances\2021\Ordinance No. 000734-21.md,133,False
3228,Ordinance No. 000734-21,section_4,2021,Ordinance No. 000734-21.pdf,Thesis_Obsidian\Ordinances\2021\Ordinance No. 000734-21.md,16,False
3229,Ordinance No. 000734-21,section_5,2021,Ordinance No. 000734-21.pdf,Thesis_Obsidian\Ordinances\2021\Ordinance No. 000734-21.md,111,False
3230,Ordinance No. 000736-21,section_1,2021,Ordinance No. 000736-21.pdf,Thesis_Obsidian\Ordinances\2021\Ordinance No. 000736-21.md,57,False
3231,Ordinance No. 000736-21,section_2,2021,Ordinance No. 000736-21.pdf,Thesis_Obsidian\Ordinances\2021\Ordinance No. 000736-21.md,-1,True
3232,Ordinance No. 000736-21,section_3,2021,Ordinance No. 000736-21.pdf,Thesis_Obsidian\Ordinances\2021\Ordinance No. 000736-21.md,-1,True
3233,Ordinance No. 000736-21,section_4,2021,Ordinance No. 000736-21.pdf,Thesis_Obsidian\Ordinances\2021\Ordinance No. 000736-21.md,210,False
3234,Ordinance No. 000736-21,section_5,2021,Ordinance No. 000736-21.pdf,Thesis_Obsidian\Ordinances\2021\Ordinance No. 000736-21.md,-1,True
3235,Ordinance No. 000736-21,section_6,2021,Ordinance No. 000736-21.pdf,Thesis_Obsidian\Ordinances\2021\Ordinance No. 000736-21.md,210,False
3236,Ordinance No. 000736-21,section_7,2021,Ordinance No. 000736-21.pdf,Thesis_Obsidian\Ordinances\2021\Ordinance No. 000736-21.md,210,False
3237,Ordinance No. 000736-21,section_9,2021,Ordinance No. 000736-21.pdf,Thesis_Obsidian\Ordinances\2021\Ordinance No. 000736-21.md,210,False
3238,Ordinance No. 000736-21,section_10,2021,Ordinance No. 000736-21.pdf,Thesis_Obsidian\Ordinances\2021\Ordinance No. 000736-21.md,-1,True
3239,Ordinance No. 000736-21,section_11,2021,Ordinance No. 000736-21.pdf,Thesis_Obsidian\Ordinances\2021\Ordinance No. 000736-21.md,210,False
3240,Ordinance No. 000736-21,section_12,2021,Ordinance No. 000736-21.pdf,Thesis_Obsidian\Ordinances\2021\Ordinance No. 000736-21.md,210,False
3241,Ordinance No. 000736-21,section_13,2021,Ordinance No. 000736-21.pdf,Thesis_Obsidian\Ordinances\2021\Ordinance No. 000736-21.md,210,False
3242,Ordinance No. 000736-21,section_14,2021,Ordinance No. 000736-21.pdf,Thesis_Obsidian\Ordinances\2021\Ordinance No. 000736-21.md,210,False
3243,Ordinance No. 000736-21,section_15,2021,Ordinance No. 000736-21.pdf,Thesis_Obsidian\Ordinances\2021\Ordinance No. 000736-21.md,-1,True
3244,Ordinance No. 000736-21,section_16,2021,Ordinance No. 000736-21.pdf,Thesis_Obsidian\Ordinances\2021\Ordinance No. 000736-21.md,210,False
3245,Ordinance No. 000736-21,section_17,2021,Ordinance No. 000736-21.pdf,Thesis_Obsidian\Ordinances\2021\Ordinance No. 000736-21.md,66,False
3246,Ordinance No. 000736-21,section_18,2021,Ordinance No. 000736-21.pdf,Thesis_Obsidian\Ordinances\2021\Ordinance No. 000736-21.md,210,False
3247,Ordinance No. 000736-21,section_19,2021,Ordinance No. 000736-21.pdf,Thesis_Obsidian\Ordinances\2021\Ordinance No. 000736-21.md,224,False
3248,Ordinance No. 000736-21,section_20,2021,Ordinance No. 000736-21.pdf,Thesis_Obsidian\Ordinances\2021\Ordinance No. 000736-21.md,40,False
3249,Ordinance No. 000736-21,section_21,2021,Ordinance No. 000736-21.pdf,Thesis_Obsidian\Ordinances\2021\Ordinance No. 000736-21.md,30,False
3250,Ordinance No. 000736-21,section_22,2021,Ordinance No. 000736-21.pdf,Thesis_Obsidian\Ordinances\2021\Ordinance No. 000736-21.md,-1,True
3251,Ordinance No. 000736-21,section_23,2021,Ordinance No. 000736-21.pdf,Thesis_Obsidian\Ordinances\2021\Ordinance No. 000736-21.md,210,False
3252,Ordinance No. 000736-21,section_24,2021,Ordinance No. 000736-21.pdf,Thesis_Obsidian\Ordinances\2021\Ordinance No. 000736-21.md,210,False
3253,Ordinance No. 000736-21,section_25,2021,Ordinance No. 000736-21.pdf,Thesis_Obsidian\Ordinances\2021\Ordinance No. 000736-21.md,-1,True
3254,Ordinance No. 000736-21,section_26,2021,Ordinance No. 000736-21.pdf,Thesis_Obsidian\Ordinances\2021\Ordinance No. 000736-21.md,213,False
3255,Ordinance No. 000736-21,section_27,2021,Ordinance No. 000736-21.pdf,Thesis_Obsidian\Ordinances\2021\Ordinance No. 000736-21.md,30,False
3256,Ordinance No. 000736-21,section_28,2021,Ordinance No. 000736-21.pdf,Thesis_Obsidian\Ordinances\2021\Ordinance No. 000736-21.md,30,False
3257,Ordinance No. 000736-21,section_29,2021,Ordinance No. 000736-21.pdf,Thesis_Obsidian\Ordinances\2021\Ordinance No. 000736-21.md,115,False
3258,Ordinance No. 000736-21,section_30,2021,Ordinance No. 000736-21.pdf,Thesis_Obsidian\Ordinances\2021\Ordinance No. 000736-21.md,54,False
3259,Ordinance No. 000740-21,section_1,2021,Ordinance No. 000740-21.pdf,Thesis_Obsidian\Ordinances\2021\Ordinance No. 000740-21.md,81,False
3260,Ordinance No. 000740-21,section_2,2021,Ordinance No. 000740-21.pdf,Thesis_Obsidian\Ordinances\2021\Ordinance No. 000740-21.md,175,False
3261,Ordinance No. 000740-21,section_455,2021,Ordinance No. 000740-21.pdf,Thesis_Obsidian\Ordinances\2021\Ordinance No. 000740-21.md,196,False
3262,Ordinance No. 000740-21,section_16,2021,Ordinance No. 000740-21.pdf,Thesis_Obsidian\Ordinances\2021\Ordinance No. 000740-21.md,69,False
3263,Ordinance No. 000740-21,section_3,2021,Ordinance No. 000740-21.pdf,Thesis_Obsidian\Ordinances\2021\Ordinance No. 000740-21.md,193,False
3264,Ordinance No. 000740-21,section_4,2021,Ordinance No. 000740-21.pdf,Thesis_Obsidian\Ordinances\2021\Ordinance No. 000740-21.md,-1,True
3265,Ordinance No. 000740-21,section_5,2021,Ordinance No. 000740-21.pdf,Thesis_Obsidian\Ordinances\2021\Ordinance No. 000740-21.md,-1,True
3266,Ordinance No. 000747-21,section_1,2021,Ordinance No. 000747-21.pdf,Thesis_Obsidian\Ordinances\2021\Ordinance No. 000747-21.md,61,False
3267,Ordinance No. 000747-21,section_2,2021,Ordinance No. 000747-21.pdf,Thesis_Obsidian\Ordinances\2021\Ordinance No. 000747-21.md,-1,True
3268,Ordinance No. 000747-21,section_3,2021,Ordinance No. 000747-21.pdf,Thesis_Obsidian\Ordinances\2021\Ordinance No. 000747-21.md,60,False
3269,Ordinance No. 000747-21,section_4,2021,Ordinance No. 000747-21.pdf,Thesis_Obsidian\Ordinances\2021\Ordinance No. 000747-21.md,231,False
3270,Ordinance No. 000747-21,section_5,2021,Ordinance No. 000747-21.pdf,Thesis_Obsidian\Ordinances\2021\Ordinance No. 000747-21.md,111,False
3271,Ordinance No. 000750-21,section_1,2021,Ordinance No. 000750-21.pdf,Thesis_Obsidian\Ordinances\2021\Ordinance No. 000750-21.md,61,False
3272,Ordinance No. 000750-21,section_2,2021,Ordinance No. 000750-21.pdf,Thesis_Obsidian\Ordinances\2021\Ordinance No. 000750-21.md,217,False
3273,Ordinance No. 000750-21,section_455,2021,Ordinance No. 000750-21.pdf,Thesis_Obsidian\Ordinances\2021\Ordinance No. 000750-21.md,34,False
3274,Ordinance No. 000750-21,section_4,2021,Ordinance No. 000750-21.pdf,Thesis_Obsidian\Ordinances\2021\Ordinance No. 000750-21.md,154,False
3275,Ordinance No. 000750-21,section_5,2021,Ordinance No. 000750-21.pdf,Thesis_Obsidian\Ordinances\2021\Ordinance No. 000750-21.md,111,False
3276,Ordinance No. 000752-21,section_1,2021,Ordinance No. 000752-21.pdf,Thesis_Obsidian\Ordinances\2021\Ordinance No. 000752-21.md,193,False
3277,Ordinance No. 000752-21,section_2,2021,Ordinance No. 000752-21.pdf,Thesis_Obsidian\Ordinances\2021\Ordinance No. 000752-21.md,101,False
3278,Ordinance No. 000752-21,section_3,2021,Ordinance No. 000752-21.pdf,Thesis_Obsidian\Ordinances\2021\Ordinance No. 000752-21.md,193,False
3279,Ordinance No. 000752-21,section_4,2021,Ordinance No. 000752-21.pdf,Thesis_Obsidian\Ordinances\2021\Ordinance No. 000752-21.md,38,False
3280,Ordinance No. 000752-21,section_5,2021,Ordinance No. 000752-21.pdf,Thesis_Obsidian\Ordinances\2021\Ordinance No. 000752-21.md,232,False
3281,Ordinance No. 000755-21,section_2,2021,Ordinance No. 000755-21.pdf,Thesis_Obsidian\Ordinances\2021\Ordinance No. 000755-21.md,136,False
3282,Ordinance No. 000755-21,section_13,2021,Ordinance No. 000755-21.pdf,Thesis_Obsidian\Ordinances\2021\Ordinance No. 000755-21.md,90,False
3283,Ordinance No. 000755-21,section_3,2021,Ordinance No. 000755-21.pdf,Thesis_Obsidian\Ordinances\2021\Ordinance No. 000755-21.md,52,False
3284,Ordinance No. 000755-21,section_4,2021,Ordinance No. 000755-21.pdf,Thesis_Obsidian\Ordinances\2021\Ordinance No. 000755-21.md,157,False
3285,Ordinance No. 000755-21,section_5,2021,Ordinance No. 000755-21.pdf,Thesis_Obsidian\Ordinances\2021\Ordinance No. 000755-21.md,0,False
3286,Ordinance No. 000762-21,section_1,2021,Ordinance No. 000762-21.pdf,Thesis_Obsidian\Ordinances\2021\Ordinance No. 000762-21.md,193,False
3287,Ordinance No. 000762-21,section_2,2021,Ordinance No. 000762-21.pdf,Thesis_Obsidian\Ordinances\2021\Ordinance No. 000762-21.md,112,False
3288,Ordinance No. 000762-21,section_455,2021,Ordinance No. 000762-21.pdf,Thesis_Obsidian\Ordinances\2021\Ordinance No. 000762-21.md,196,False
3289,Ordinance No. 000762-21,section_16,2021,Ordinance No. 000762-21.pdf,Thesis_Obsidian\Ordinances\2021\Ordinance No. 000762-21.md,69,False
3290,Ordinance No. 000762-21,section_3,2021,Ordinance No. 000762-21.pdf,Thesis_Obsidian\Ordinances\2021\Ordinance No. 000762-21.md,193,False
3291,Ordinance No. 000762-21,section_4,2021,Ordinance No. 000762-21.pdf,Thesis_Obsidian\Ordinances\2021\Ordinance No. 000762-21.md,18,False
3292,Ordinance No. 000762-21,section_5,2021,Ordinance No. 000762-21.pdf,Thesis_Obsidian\Ordinances\2021\Ordinance No. 000762-21.md,232,False
3293,Ordinance No. 000765-21,section_1,2021,Ordinance No. 000765-21.pdf,Thesis_Obsidian\Ordinances\2021\Ordinance No. 000765-21.md,46,False
3294,Ordinance No. 000765-21,section_2,2021,Ordinance No. 000765-21.pdf,Thesis_Obsidian\Ordinances\2021\Ordinance No. 000765-21.md,-1,True
3295,Ordinance No. 000765-21,section_455,2021,Ordinance No. 000765-21.pdf,Thesis_Obsidian\Ordinances\2021\Ordinance No. 000765-21.md,85,False
3296,Ordinance No. 000765-21,section_3,2021,Ordinance No. 000765-21.pdf,Thesis_Obsidian\Ordinances\2021\Ordinance No. 000765-21.md,63,False
3297,Ordinance No. 000765-21,section_4,2021,Ordinance No. 000765-21.pdf,Thesis_Obsidian\Ordinances\2021\Ordinance No. 000765-21.md,219,False
3298,Ordinance No. 000765-21,section_5,2021,Ordinance No. 000765-21.pdf,Thesis_Obsidian\Ordinances\2021\Ordinance No. 000765-21.md,98,False
3299,Ordinance No. 000767-21,section_1,2021,Ordinance No. 000767-21.pdf,Thesis_Obsidian\Ordinances\2021\Ordinance No. 000767-21.md,57,False
3300,Ordinance No. 000767-21,section_2,2021,Ordinance No. 000767-21.pdf,Thesis_Obsidian\Ordinances\2021\Ordinance No. 000767-21.md,28,False
3301,Ordinance No. 000767-21,section_3,2021,Ordinance No. 000767-21.pdf,Thesis_Obsidian\Ordinances\2021\Ordinance No. 000767-21.md,6,False
3302,Ordinance No. 000767-21,section_4,2021,Ordinance No. 000767-21.pdf,Thesis_Obsidian\Ordinances\2021\Ordinance No. 000767-21.md,6,False
3303,Ordinance No. 000767-21,section_5,2021,Ordinance No. 000767-21.pdf,Thesis_Obsidian\Ordinances\2021\Ordinance No. 000767-21.md,6,False
3304,Ordinance No. 000767-21,section_6,2021,Ordinance No. 000767-21.pdf,Thesis_Obsidian\Ordinances\2021\Ordinance No. 000767-21.md,40,False
3305,Ordinance No. 000767-21,section_7,2021,Ordinance No. 000767-21.pdf,Thesis_Obsidian\Ordinances\2021\Ordinance No. 000767-21.md,-1,True
3306,Ordinance No. 000767-21,section_8,2021,Ordinance No. 000767-21.pdf,Thesis_Obsidian\Ordinances\2021\Ordinance No. 000767-21.md,-1,True
3307,Ordinance No. 000767-21,section_10,2021,Ordinance No. 000767-21.pdf,Thesis_Obsidian\Ordinances\2021\Ordinance No. 000767-21.md,0,False
3308,Ordinance No. 000768-21,section_1,2021,Ordinance No. 000768-21.pdf,Thesis_Obsidian\Ordinances\2021\Ordinance No. 000768-21.md,61,False
3309,Ordinance No. 000768-21,section_2,2021,Ordinance No. 000768-21.pdf,Thesis_Obsidian\Ordinances\2021\Ordinance No. 000768-21.md,243,False
3310,Ordinance No. 000768-21,section_455,2021,Ordinance No. 000768-21.pdf,Thesis_Obsidian\Ordinances\2021\Ordinance No. 000768-21.md,-1,True
3311,Ordinance No. 000768-21,section_3,2021,Ordinance No. 000768-21.pdf,Thesis_Obsidian\Ordinances\2021\Ordinance No. 000768-21.md,60,False
3312,Ordinance No. 000768-21,section_4,2021,Ordinance No. 000768-21.pdf,Thesis_Obsidian\Ordinances\2021\Ordinance No. 000768-21.md,27,False
3313,Ordinance No. 000768-21,section_5,2021,Ordinance No. 000768-21.pdf,Thesis_Obsidian\Ordinances\2021\Ordinance No. 000768-21.md,111,False
3314,Ordinance No. 000770-21,section_1,2021,Ordinance No. 000770-21.pdf,Thesis_Obsidian\Ordinances\2021\Ordinance No. 000770-21.md,61,False
3315,Ordinance No. 000770-21,section_2,2021,Ordinance No. 000770-21.pdf,Thesis_Obsidian\Ordinances\2021\Ordinance No. 000770-21.md,215,False
3316,Ordinance No. 000770-21,section_455,2021,Ordinance No. 000770-21.pdf,Thesis_Obsidian\Ordinances\2021\Ordinance No. 000770-21.md,262,False
3317,Ordinance No. 000770-21,section_3,2021,Ordinance No. 000770-21.pdf,Thesis_Obsidian\Ordinances\2021\Ordinance No. 000770-21.md,60,False
3318,Ordinance No. 000770-21,section_4,2021,Ordinance No. 000770-21.pdf,Thesis_Obsidian\Ordinances\2021\Ordinance No. 000770-21.md,10,False
3319,Ordinance No. 000770-21,section_5,2021,Ordinance No. 000770-21.pdf,Thesis_Obsidian\Ordinances\2021\Ordinance No. 000770-21.md,111,False
3320,Ordinance No. 000772-21,section_1,2021,Ordinance No. 000772-21.pdf,Thesis_Obsidian\Ordinances\2021\Ordinance No. 000772-21.md,118,False
3321,Ordinance No. 000772-21,section_2,2021,Ordinance No. 000772-21.pdf,Thesis_Obsidian\Ordinances\2021\Ordinance No. 000772-21.md,217,False
3322,Ordinance No. 000772-21,section_455,2021,Ordinance No. 000772-21.pdf,Thesis_Obsidian\Ordinances\2021\Ordinance No. 000772-21.md,101,False
3323,Ordinance No. 000772-21,section_3,2021,Ordinance No. 000772-21.pdf,Thesis_Obsidian\Ordinances\2021\Ordinance No. 000772-21.md,111,False
3324,Ordinance No. 000778-21,section_1,2021,Ordinance No. 000778-21.pdf,Thesis_Obsidian\Ordinances\2021\Ordinance No. 000778-21.md,192,False
3325,Ordinance No. 000778-21,section_2,2021,Ordinance No. 000778-21.pdf,Thesis_Obsidian\Ordinances\2021\Ordinance No. 000778-21.md,192,False
3326,Ordinance No. 000778-21,section_3,2021,Ordinance No. 000778-21.pdf,Thesis_Obsidian\Ordinances\2021\Ordinance No. 000778-21.md,192,False
3327,Ordinance No. 000778-21,section_4,2021,Ordinance No. 000778-21.pdf,Thesis_Obsidian\Ordinances\2021\Ordinance No. 000778-21.md,192,False
3328,Ordinance No. 000778-21,section_5,2021,Ordinance No. 000778-21.pdf,Thesis_Obsidian\Ordinances\2021\Ordinance No. 000778-21.md,192,False
3329,Ordinance No. 000778-21,section_6,2021,Ordinance No. 000778-21.pdf,Thesis_Obsidian\Ordinances\2021\Ordinance No. 000778-21.md,192,False
3330,Ordinance No. 000778-21,section_8,2021,Ordinance No. 000778-21.pdf,Thesis_Obsidian\Ordinances\2021\Ordinance No. 000778-21.md,14,False
3331,Ordinance No. 000778-21,section_9,2021,Ordinance No. 000778-21.pdf,Thesis_Obsidian\Ordinances\2021\Ordinance No. 000778-21.md,155,False
3332,Ordinance No. 000778-21,section_10,2021,Ordinance No. 000778-21.pdf,Thesis_Obsidian\Ordinances\2021\Ordinance No. 000778-21.md,155,False
3333,Ordinance No. 000778-21,section_11,2021,Ordinance No. 000778-21.pdf,Thesis_Obsidian\Ordinances\2021\Ordinance No. 000778-21.md,192,False
3334,Ordinance No. 000778-21,section_12,2021,Ordinance No. 000778-21.pdf,Thesis_Obsidian\Ordinances\2021\Ordinance No. 000778-21.md,233,False
3335,Ordinance No. 000778-21,section_13,2021,Ordinance No. 000778-21.pdf,Thesis_Obsidian\Ordinances\2021\Ordinance No. 000778-21.md,134,False
3336,Ordinance No. 000778-21,section_14,2021,Ordinance No. 000778-21.pdf,Thesis_Obsidian\Ordinances\2021\Ordinance No. 000778-21.md,223,False
3337,Ordinance No. 000781-21,section_1,2021,Ordinance No. 000781-21.pdf,Thesis_Obsidian\Ordinances\2021\Ordinance No. 000781-21.md,112,False
3338,Ordinance No. 000781-21,section_455,2021,Ordinance No. 000781-21.pdf,Thesis_Obsidian\Ordinances\2021\Ordinance No. 000781-21.md,143,False
3339,Ordinance No. 000781-21,section_3,2021,Ordinance No. 000781-21.pdf,Thesis_Obsidian\Ordinances\2021\Ordinance No. 000781-21.md,178,False
3340,Ordinance No. 000781-21,section_4,2021,Ordinance No. 000781-21.pdf,Thesis_Obsidian\Ordinances\2021\Ordinance No. 000781-21.md,9,False
3341,Ordinance No. 000781-21,section_5,2021,Ordinance No. 000781-21.pdf,Thesis_Obsidian\Ordinances\2021\Ordinance No. 000781-21.md,49,False
3342,Ordinance No. 000783-21,section_1,2021,Ordinance No. 000783-21.pdf,Thesis_Obsidian\Ordinances\2021\Ordinance No. 000783-21.md,57,False
3343,Ordinance No. 000783-21,section_2,2021,Ordinance No. 000783-21.pdf,Thesis_Obsidian\Ordinances\2021\Ordinance No. 000783-21.md,28,False
3344,Ordinance No. 000783-21,section_3,2021,Ordinance No. 000783-21.pdf,Thesis_Obsidian\Ordinances\2021\Ordinance No. 000783-21.md,-1,True
3345,Ordinance No. 000783-21,section_4,2021,Ordinance No. 000783-21.pdf,Thesis_Obsidian\Ordinances\2021\Ordinance No. 000783-21.md,-1,True
3346,Ordinance No. 000783-21,section_5,2021,Ordinance No. 000783-21.pdf,Thesis_Obsidian\Ordinances\2021\Ordinance No. 000783-21.md,-1,True
3347,Ordinance No. 000783-21,section_6,2021,Ordinance No. 000783-21.pdf,Thesis_Obsidian\Ordinances\2021\Ordinance No. 000783-21.md,-1,True
3348,Ordinance No. 000783-21,section_7,2021,Ordinance No. 000783-21.pdf,Thesis_Obsidian\Ordinances\2021\Ordinance No. 000783-21.md,40,False
3349,Ordinance No. 000783-21,section_9,2021,Ordinance No. 000783-21.pdf,Thesis_Obsidian\Ordinances\2021\Ordinance No. 000783-21.md,-1,True
3350,Ordinance No. 000783-21,section_11,2021,Ordinance No. 000783-21.pdf,Thesis_Obsidian\Ordinances\2021\Ordinance No. 000783-21.md,-1,True
3351,Ordinance No. 000783-21,section_12,2021,Ordinance No. 000783-21.pdf,Thesis_Obsidian\Ordinances\2021\Ordinance No. 000783-21.md,28,False
3352,Ordinance No. 000783-21,section_13,2021,Ordinance No. 000783-21.pdf,Thesis_Obsidian\Ordinances\2021\Ordinance No. 000783-21.md,-1,True
3353,Ordinance No. 000783-21,section_14,2021,Ordinance No. 000783-21.pdf,Thesis_Obsidian\Ordinances\2021\Ordinance No. 000783-21.md,-1,True
3354,Ordinance No. 000783-21,section_15,2021,Ordinance No. 000783-21.pdf,Thesis_Obsidian\Ordinances\2021\Ordinance No. 000783-21.md,-1,True
3355,Ordinance No. 000783-21,section_16,2021,Ordinance No. 000783-21.pdf,Thesis_Obsidian\Ordinances\2021\Ordinance No. 000783-21.md,88,False
3356,Ordinance No. 000783-21,section_19,2021,Ordinance No. 000783-21.pdf,Thesis_Obsidian\Ordinances\2021\Ordinance No. 000783-21.md,103,False
3357,Ordinance No. 000783-21,section_20,2021,Ordinance No. 000783-21.pdf,Thesis_Obsidian\Ordinances\2021\Ordinance No. 000783-21.md,54,False
3358,Ordinance No. 000785-21,section_1,2021,Ordinance No. 000785-21.pdf,Thesis_Obsidian\Ordinances\2021\Ordinance No. 000785-21.md,94,False
3359,Ordinance No. 000785-21,section_2,2021,Ordinance No. 000785-21.pdf,Thesis_Obsidian\Ordinances\2021\Ordinance No. 000785-21.md,94,False
3360,Ordinance No. 000785-21,section_3,2021,Ordinance No. 000785-21.pdf,Thesis_Obsidian\Ordinances\2021\Ordinance No. 000785-21.md,16,False
3361,Ordinance No. 000785-21,section_4,2021,Ordinance No. 000785-21.pdf,Thesis_Obsidian\Ordinances\2021\Ordinance No. 000785-21.md,214,False
3362,Ordinance No. 000788-21,section_1,2021,Ordinance No. 000788-21.pdf,Thesis_Obsidian\Ordinances\2021\Ordinance No. 000788-21.md,94,False
3363,Ordinance No. 000788-21,section_2,2021,Ordinance No. 000788-21.pdf,Thesis_Obsidian\Ordinances\2021\Ordinance No. 000788-21.md,94,False
3364,Ordinance No. 000788-21,section_3,2021,Ordinance No. 000788-21.pdf,Thesis_Obsidian\Ordinances\2021\Ordinance No. 000788-21.md,9,False
3365,Ordinance No. 000788-21,section_4,2021,Ordinance No. 000788-21.pdf,Thesis_Obsidian\Ordinances\2021\Ordinance No. 000788-21.md,214,False
3366,Ordinance No. 000792-21,section_1,2021,Ordinance No. 000792-21.pdf,Thesis_Obsidian\Ordinances\2021\Ordinance No. 000792-21.md,81,False
3367,Ordinance No. 000792-21,section_2,2021,Ordinance No. 000792-21.pdf,Thesis_Obsidian\Ordinances\2021\Ordinance No. 000792-21.md,100,False
3368,Ordinance No. 000792-21,section_3,2021,Ordinance No. 000792-21.pdf,Thesis_Obsidian\Ordinances\2021\Ordinance No. 000792-21.md,4,False
3369,Ordinance No. 000792-21,section_4,2021,Ordinance No. 000792-21.pdf,Thesis_Obsidian\Ordinances\2021\Ordinance No. 000792-21.md,128,False
3370,Ordinance No. 000792-21,section_5,2021,Ordinance No. 000792-21.pdf,Thesis_Obsidian\Ordinances\2021\Ordinance No. 000792-21.md,49,False
3371,Ordinance No. 000793-21,section_1,2021,Ordinance No. 000793-21.pdf,Thesis_Obsidian\Ordinances\2021\Ordinance No. 000793-21.md,140,False
3372,Ordinance No. 000793-21,section_455,2021,Ordinance No. 000793-21.pdf,Thesis_Obsidian\Ordinances\2021\Ordinance No. 000793-21.md,89,False
3373,Ordinance No. 000793-21,section_16,2021,Ordinance No. 000793-21.pdf,Thesis_Obsidian\Ordinances\2021\Ordinance No. 000793-21.md,69,False
3374,Ordinance No. 000793-21,section_3,2021,Ordinance No. 000793-21.pdf,Thesis_Obsidian\Ordinances\2021\Ordinance No. 000793-21.md,160,False
3375,Ordinance No. 000793-21,section_5,2021,Ordinance No. 000793-21.pdf,Thesis_Obsidian\Ordinances\2021\Ordinance No. 000793-21.md,-1,True
3376,Ordinance No. 000797-21,section_1,2021,Ordinance No. 000797-21.pdf,Thesis_Obsidian\Ordinances\2021\Ordinance No. 000797-21.md,20,False
3377,Ordinance No. 000797-21,section_2,2021,Ordinance No. 000797-21.pdf,Thesis_Obsidian\Ordinances\2021\Ordinance No. 000797-21.md,200,False
3378,Ordinance No. 000797-21,section_455,2021,Ordinance No. 000797-21.pdf,Thesis_Obsidian\Ordinances\2021\Ordinance No. 000797-21.md,-1,True
3379,Ordinance No. 000797-21,section_4,2021,Ordinance No. 000797-21.pdf,Thesis_Obsidian\Ordinances\2021\Ordinance No. 000797-21.md,154,False
3380,Ordinance No. 000797-21,section_5,2021,Ordinance No. 000797-21.pdf,Thesis_Obsidian\Ordinances\2021\Ordinance No. 000797-21.md,49,False
3381,Ordinance No. 000798-21,section_1,2021,Ordinance No. 000798-21.pdf,Thesis_Obsidian\Ordinances\2021\Ordinance No. 000798-21.md,43,False
3382,Ordinance No. 000798-21,section_2,2021,Ordinance No. 000798-21.pdf,Thesis_Obsidian\Ordinances\2021\Ordinance No. 000798-21.md,243,False
3383,Ordinance No. 000798-21,section_455,2021,Ordinance No. 000798-21.pdf,Thesis_Obsidian\Ordinances\2021\Ordinance No. 000798-21.md,136,False
3384,Ordinance No. 000798-21,section_22,2021,Ordinance No. 000798-21.pdf,Thesis_Obsidian\Ordinances\2021\Ordinance No. 000798-21.md,101,False
3385,Ordinance No. 000798-21,section_3,2021,Ordinance No. 000798-21.pdf,Thesis_Obsidian\Ordinances\2021\Ordinance No. 000798-21.md,41,False
3386,Ordinance No. 000798-21,section_5,2021,Ordinance No. 000798-21.pdf,Thesis_Obsidian\Ordinances\2021\Ordinance No. 000798-21.md,49,False
3387,Ordinance No. 000799-21,section_1,2021,Ordinance No. 000799-21.pdf,Thesis_Obsidian\Ordinances\2021\Ordinance No. 000799-21.md,241,False
3388,Ordinance No. 000799-21,section_2,2021,Ordinance No. 000799-21.pdf,Thesis_Obsidian\Ordinances\2021\Ordinance No. 000799-21.md,79,False
3389,Ordinance No. 000799-21,section_3,2021,Ordinance No. 000799-21.pdf,Thesis_Obsidian\Ordinances\2021\Ordinance No. 000799-21.md,-1,True
3390,Ordinance No. 000799-21,section_4,2021,Ordinance No. 000799-21.pdf,Thesis_Obsidian\Ordinances\2021\Ordinance No. 000799-21.md,-1,True
3391,Ordinance No. 000799-21,section_5,2021,Ordinance No. 000799-21.pdf,Thesis_Obsidian\Ordinances\2021\Ordinance No. 000799-21.md,7,False
3392,Ordinance No. 000799-21,section_6,2021,Ordinance No. 000799-21.pdf,Thesis_Obsidian\Ordinances\2021\Ordinance No. 000799-21.md,-1,True
3393,Ordinance No. 000799-21,section_8,2021,Ordinance No. 000799-21.pdf,Thesis_Obsidian\Ordinances\2021\Ordinance No. 000799-21.md,49,False
3394,Ordinance No. 000800-21,section_1,2021,Ordinance No. 000800-21.pdf,Thesis_Obsidian\Ordinances\2021\Ordinance No. 000800-21.md,-1,True
3395,Ordinance No. 000800-21,section_2,2021,Ordinance No. 000800-21.pdf,Thesis_Obsidian\Ordinances\2021\Ordinance No. 000800-21.md,113,False
3396,Ordinance No. 000800-21,section_3,2021,Ordinance No. 000800-21.pdf,Thesis_Obsidian\Ordinances\2021\Ordinance No. 000800-21.md,7,False
3397,Ordinance No. 000800-21,section_4,2021,Ordinance No. 000800-21.pdf,Thesis_Obsidian\Ordinances\2021\Ordinance No. 000800-21.md,256,False
3398,Ordinance No. 000800-21,section_5,2021,Ordinance No. 000800-21.pdf,Thesis_Obsidian\Ordinances\2021\Ordinance No. 000800-21.md,49,False
3399,Ordinance No. 000801-21,section_1,2021,Ordinance No. 000801-21.pdf,Thesis_Obsidian\Ordinances\2021\Ordinance No. 000801-21.md,46,False
3400,Ordinance No. 000801-21,section_2,2021,Ordinance No. 000801-21.pdf,Thesis_Obsidian\Ordinances\2021\Ordinance No. 000801-21.md,59,False
3401,Ordinance No. 000801-21,section_3,2021,Ordinance No. 000801-21.pdf,Thesis_Obsidian\Ordinances\2021\Ordinance No. 000801-21.md,63,False
3402,Ordinance No. 000801-21,section_4,2021,Ordinance No. 000801-21.pdf,Thesis_Obsidian\Ordinances\2021\Ordinance No. 000801-21.md,9,False
3403,Ordinance No. 000801-21,section_5,2021,Ordinance No. 000801-21.pdf,Thesis_Obsidian\Ordinances\2021\Ordinance No. 000801-21.md,98,False
3404,Ordinance No. 000810-21,section_1,2021,Ordinance No. 000810-21.pdf,Thesis_Obsidian\Ordinances\2021\Ordinance No. 000810-21.md,212,False
3405,Ordinance No. 000810-21,section_2,2021,Ordinance No. 000810-21.pdf,Thesis_Obsidian\Ordinances\2021\Ordinance No. 000810-21.md,217,False
3406,Ordinance No. 000810-21,section_455,2021,Ordinance No. 000810-21.pdf,Thesis_Obsidian\Ordinances\2021\Ordinance No. 000810-21.md,-1,True
3407,Ordinance No. 000810-21,section_3,2021,Ordinance No. 000810-21.pdf,Thesis_Obsidian\Ordinances\2021\Ordinance No. 000810-21.md,178,False
3408,Ordinance No. 000810-21,section_4,2021,Ordinance No. 000810-21.pdf,Thesis_Obsidian\Ordinances\2021\Ordinance No. 000810-21.md,-1,True
3409,Ordinance No. 000810-21,section_5,2021,Ordinance No. 000810-21.pdf,Thesis_Obsidian\Ordinances\2021\Ordinance No. 000810-21.md,232,False
3410,Ordinance No. 000815-21,section_6,2021,Ordinance No. 000815-21.pdf,Thesis_Obsidian\Ordinances\2021\Ordinance No. 000815-21.md,202,False
3411,Ordinance No. 000815-21,section_7,2021,Ordinance No. 000815-21.pdf,Thesis_Obsidian\Ordinances\2021\Ordinance No. 000815-21.md,90,False
3412,Ordinance No. 000815-21,section_336,2021,Ordinance No. 000815-21.pdf,Thesis_Obsidian\Ordinances\2021\Ordinance No. 000815-21.md,90,False
3413,Ordinance No. 000815-21,section_8,2021,Ordinance No. 000815-21.pdf,Thesis_Obsidian\Ordinances\2021\Ordinance No. 000815-21.md,3,False
3414,Ordinance No. 000815-21,section_9,2021,Ordinance No. 000815-21.pdf,Thesis_Obsidian\Ordinances\2021\Ordinance No. 000815-21.md,-1,True
3415,Ordinance No. 000818-21,section_2,2021,Ordinance No. 000818-21.pdf,Thesis_Obsidian\Ordinances\2021\Ordinance No. 000818-21.md,70,False
3416,Ordinance No. 000818-21,section_3,2021,Ordinance No. 000818-21.pdf,Thesis_Obsidian\Ordinances\2021\Ordinance No. 000818-21.md,142,False
3417,Ordinance No. 000818-21,section_4,2021,Ordinance No. 000818-21.pdf,Thesis_Obsidian\Ordinances\2021\Ordinance No. 000818-21.md,42,False
3418,Ordinance No. 000818-21,section_5,2021,Ordinance No. 000818-21.pdf,Thesis_Obsidian\Ordinances\2021\Ordinance No. 000818-21.md,5,False
3419,Ordinance No. 000818-21,section_6,2021,Ordinance No. 000818-21.pdf,Thesis_Obsidian\Ordinances\2021\Ordinance No. 000818-21.md,5,False
3420,Ordinance No. 000818-21,section_7,2021,Ordinance No. 000818-21.pdf,Thesis_Obsidian\Ordinances\2021\Ordinance No. 000818-21.md,70,False
3421,Ordinance No. 000818-21,section_8,2021,Ordinance No. 000818-21.pdf,Thesis_Obsidian\Ordinances\2021\Ordinance No. 000818-21.md,170,False
3422,Ordinance No. 000818-21,section_10,2021,Ordinance No. 000818-21.pdf,Thesis_Obsidian\Ordinances\2021\Ordinance No. 000818-21.md,115,False
3423,Ordinance No. 000818-21,section_11,2021,Ordinance No. 000818-21.pdf,Thesis_Obsidian\Ordinances\2021\Ordinance No. 000818-21.md,58,False
3424,Ordinance No. 000818-21,section_12,2021,Ordinance No. 000818-21.pdf,Thesis_Obsidian\Ordinances\2021\Ordinance No. 000818-21.md,0,False
3425,Ordinance No. 000818-21,section_9,2021,Ordinance No. 000818-21.pdf,Thesis_Obsidian\Ordinances\2021\Ordinance No. 000818-21.md,-1,True
3426,Ordinance No. 000819-21,section_2,2021,Ordinance No. 000819-21.pdf,Thesis_Obsidian\Ordinances\2021\Ordinance No. 000819-21.md,122,False
3427,Ordinance No. 000819-21,section_3,2021,Ordinance No. 000819-21.pdf,Thesis_Obsidian\Ordinances\2021\Ordinance No. 000819-21.md,58,False
3428,Ordinance No. 000819-21,section_4,2021,Ordinance No. 000819-21.pdf,Thesis_Obsidian\Ordinances\2021\Ordinance No. 000819-21.md,137,False
3429,Ordinance No. 000819-21,section_5,2021,Ordinance No. 000819-21.pdf,Thesis_Obsidian\Ordinances\2021\Ordinance No. 000819-21.md,137,False
3430,Ordinance No. 000819-21,section_6,2021,Ordinance No. 000819-21.pdf,Thesis_Obsidian\Ordinances\2021\Ordinance No. 000819-21.md,27,False
3431,Ordinance No. 000819-21,section_7,2021,Ordinance No. 000819-21.pdf,Thesis_Obsidian\Ordinances\2021\Ordinance No. 000819-21.md,0,False
3432,Ordinance No. 000821-21,section_1,2021,Ordinance No. 000821-21.pdf,Thesis_Obsidian\Ordinances\2021\Ordinance No. 000821-21.md,199,False
3433,Ordinance No. 000821-21,section_2,2021,Ordinance No. 000821-21.pdf,Thesis_Obsidian\Ordinances\2021\Ordinance No. 000821-21.md,-1,True
3434,Ordinance No. 000827-21,section_1,2021,Ordinance No. 000827-21.pdf,Thesis_Obsidian\Ordinances\2021\Ordinance No. 000827-21.md,254,False
3435,Ordinance No. 000827-21,section_2,2021,Ordinance No. 000827-21.pdf,Thesis_Obsidian\Ordinances\2021\Ordinance No. 000827-21.md,119,False
3436,Ordinance No. 000827-21,section_3,2021,Ordinance No. 000827-21.pdf,Thesis_Obsidian\Ordinances\2021\Ordinance No. 000827-21.md,248,False
3437,Ordinance No. 000827-21,section_4,2021,Ordinance No. 000827-21.pdf,Thesis_Obsidian\Ordinances\2021\Ordinance No. 000827-21.md,121,False
3438,Ordinance No. 000839-21,section_1,2021,Ordinance No. 000839-21.pdf,Thesis_Obsidian\Ordinances\2021\Ordinance No. 000839-21.md,23,False
3439,Ordinance No. 000839-21,section_3,2021,Ordinance No. 000839-21.pdf,Thesis_Obsidian\Ordinances\2021\Ordinance No. 000839-21.md,23,False
3440,Ordinance No. 000839-21,section_5,2021,Ordinance No. 000839-21.pdf,Thesis_Obsidian\Ordinances\2021\Ordinance No. 000839-21.md,-1,True
3441,Ordinance No. 000839-21,section_6,2021,Ordinance No. 000839-21.pdf,Thesis_Obsidian\Ordinances\2021\Ordinance No. 000839-21.md,93,False
3442,Ordinance No. 000839-21,section_7,2021,Ordinance No. 000839-21.pdf,Thesis_Obsidian\Ordinances\2021\Ordinance No. 000839-21.md,75,False
3443,Ordinance No. 000839-21,section_8,2021,Ordinance No. 000839-21.pdf,Thesis_Obsidian\Ordinances\2021\Ordinance No. 000839-21.md,23,False
3444,Ordinance No. 000841-21,section_1,2021,Ordinance No. 000841-21.pdf,Thesis_Obsidian\Ordinances\2021\Ordinance No. 000841-21.md,-1,True
3445,Ordinance No. 000841-21,section_2,2021,Ordinance No. 000841-21.pdf,Thesis_Obsidian\Ordinances\2021\Ordinance No. 000841-21.md,64,False
3446,Ordinance No. 000841-21,section_22,2021,Ordinance No. 000841-21.pdf,Thesis_Obsidian\Ordinances\2021\Ordinance No. 000841-21.md,249,False
3447,Ordinance No. 000841-21,section_25,2021,Ordinance No. 000841-21.pdf,Thesis_Obsidian\Ordinances\2021\Ordinance No. 000841-21.md,59,False
3448,Ordinance No. 000841-21,section_3,2021,Ordinance No. 000841-21.pdf,Thesis_Obsidian\Ordinances\2021\Ordinance No. 000841-21.md,4,False
3449,Ordinance No. 000841-21,section_4,2021,Ordinance No. 000841-21.pdf,Thesis_Obsidian\Ordinances\2021\Ordinance No. 000841-21.md,10,False
3450,Ordinance No. 000841-21,section_5,2021,Ordinance No. 000841-21.pdf,Thesis_Obsidian\Ordinances\2021\Ordinance No. 000841-21.md,49,False
3451,Ordinance No. 000845-21,section_1,2021,Ordinance No. 000845-21.pdf,Thesis_Obsidian\Ordinances\2021\Ordinance No. 000845-21.md,64,False
3452,Ordinance No. 000845-21,section_22,2021,Ordinance No. 000845-21.pdf,Thesis_Obsidian\Ordinances\2021\Ordinance No. 000845-21.md,92,False
3453,Ordinance No. 000845-21,section_455,2021,Ordinance No. 000845-21.pdf,Thesis_Obsidian\Ordinances\2021\Ordinance No. 000845-21.md,85,False
3454,Ordinance No. 000845-21,section_3,2021,Ordinance No. 000845-21.pdf,Thesis_Obsidian\Ordinances\2021\Ordinance No. 000845-21.md,7,False
3455,Ordinance No. 000845-21,section_4,2021,Ordinance No. 000845-21.pdf,Thesis_Obsidian\Ordinances\2021\Ordinance No. 000845-21.md,86,False
3456,Ordinance No. 000845-21,section_5,2021,Ordinance No. 000845-21.pdf,Thesis_Obsidian\Ordinances\2021\Ordinance No. 000845-21.md,49,False
3457,Ordinance No. 000848-21,section_1,2021,Ordinance No. 000848-21.pdf,Thesis_Obsidian\Ordinances\2021\Ordinance No. 000848-21.md,77,False
3458,Ordinance No. 000848-21,section_2,2021,Ordinance No. 000848-21.pdf,Thesis_Obsidian\Ordinances\2021\Ordinance No. 000848-21.md,119,False
3459,Ordinance No. 000848-21,section_3,2021,Ordinance No. 000848-21.pdf,Thesis_Obsidian\Ordinances\2021\Ordinance No. 000848-21.md,162,False
3460,Ordinance No. 000848-21,section_4,2021,Ordinance No. 000848-21.pdf,Thesis_Obsidian\Ordinances\2021\Ordinance No. 000848-21.md,-1,True
3461,Ordinance No. 000848-21,section_5,2021,Ordinance No. 000848-21.pdf,Thesis_Obsidian\Ordinances\2021\Ordinance No. 000848-21.md,65,False
3462,Ordinance No. 000848-21,section_6,2021,Ordinance No. 000848-21.pdf,Thesis_Obsidian\Ordinances\2021\Ordinance No. 000848-21.md,2,False
3463,Ordinance No. 000851-21,section_1,2021,Ordinance No. 000851-21.pdf,Thesis_Obsidian\Ordinances\2021\Ordinance No. 000851-21.md,164,False
3464,Ordinance No. 000851-21,section_2,2021,Ordinance No. 000851-21.pdf,Thesis_Obsidian\Ordinances\2021\Ordinance No. 000851-21.md,68,False
3465,Ordinance No. 000851-21,section_3,2021,Ordinance No. 000851-21.pdf,Thesis_Obsidian\Ordinances\2021\Ordinance No. 000851-21.md,167,False
3466,Ordinance No. 000851-21,section_4,2021,Ordinance No. 000851-21.pdf,Thesis_Obsidian\Ordinances\2021\Ordinance No. 000851-21.md,0,False
3467,0361-10,section_1,2021,Ordinance No. 000706-21.pdf,Thesis_Obsidian\Ordinances\2021\Ordinance No. 0361-10.md,102,False
3468,0361-10,section_2,2021,Ordinance No. 000706-21.pdf,Thesis_Obsidian\Ordinances\2021\Ordinance No. 0361-10.md,14,False
3469,0361-10,section_3,2021,Ordinance No. 000706-21.pdf,Thesis_Obsidian\Ordinances\2021\Ordinance No. 0361-10.md,58,False
3470,0361-10,section_48,2021,Ordinance No. 000706-21.pdf,Thesis_Obsidian\Ordinances\2021\Ordinance No. 0361-10.md,155,False
3471,0361-10,section_4,2021,Ordinance No. 000706-21.pdf,Thesis_Obsidian\Ordinances\2021\Ordinance No. 0361-10.md,38,False
3472,0361-10,section_5,2021,Ordinance No. 000706-21.pdf,Thesis_Obsidian\Ordinances\2021\Ordinance No. 0361-10.md,134,False
3473,0361-10,section_6,2021,Ordinance No. 000706-21.pdf,Thesis_Obsidian\Ordinances\2021\Ordinance No. 0361-10.md,-1,True
3474,0464-21,section_1,2021,Ordinance No. 0464-21.pdf,Thesis_Obsidian\Ordinances\2021\Ordinance No. 0464-21.md,26,False
3475,0464-21,section_2,2021,Ordinance No. 0464-21.pdf,Thesis_Obsidian\Ordinances\2021\Ordinance No. 0464-21.md,6,False
3476,0464-21,section_3,2021,Ordinance No. 0464-21.pdf,Thesis_Obsidian\Ordinances\2021\Ordinance No. 0464-21.md,6,False
3477,0464-21,section_4,2021,Ordinance No. 0464-21.pdf,Thesis_Obsidian\Ordinances\2021\Ordinance No. 0464-21.md,217,False
3478,0464-21,section_5,2021,Ordinance No. 0464-21.pdf,Thesis_Obsidian\Ordinances\2021\Ordinance No. 0464-21.md,14,False
3479,0464-21,section_6,2021,Ordinance No. 0464-21.pdf,Thesis_Obsidian\Ordinances\2021\Ordinance No. 0464-21.md,-1,True
3480,0464-21,section_7,2021,Ordinance No. 0464-21.pdf,Thesis_Obsidian\Ordinances\2021\Ordinance No. 0464-21.md,155,False
3481,0464-21,section_8,2021,Ordinance No. 0464-21.pdf,Thesis_Obsidian\Ordinances\2021\Ordinance No. 0464-21.md,155,False
3482,0464-21,section_9,2021,Ordinance No. 0464-21.pdf,Thesis_Obsidian\Ordinances\2021\Ordinance No. 0464-21.md,114,False
3483,0464-21,section_10,2021,Ordinance No. 0464-21.pdf,Thesis_Obsidian\Ordinances\2021\Ordinance No. 0464-21.md,54,False
3484,0466-21,section_1,2021,Ordinance No. 0466-21.pdf,Thesis_Obsidian\Ordinances\2021\Ordinance No. 0466-21.md,6,False
3485,0466-21,section_2,2021,Ordinance No. 0466-21.pdf,Thesis_Obsidian\Ordinances\2021\Ordinance No. 0466-21.md,6,False
3486,0466-21,section_3,2021,Ordinance No. 0466-21.pdf,Thesis_Obsidian\Ordinances\2021\Ordinance No. 0466-21.md,14,False
3487,0466-21,section_4,2021,Ordinance No. 0466-21.pdf,Thesis_Obsidian\Ordinances\2021\Ordinance No. 0466-21.md,115,False
3488,0466-21,section_5,2021,Ordinance No. 0466-21.pdf,Thesis_Obsidian\Ordinances\2021\Ordinance No. 0466-21.md,134,False
3489,0466-21,section_6,2021,Ordinance No. 0466-21.pdf,Thesis_Obsidian\Ordinances\2021\Ordinance No. 0466-21.md,-1,True
3490,0468-21,section_2,2021,Ordinance No. 0468-21.pdf,Thesis_Obsidian\Ordinances\2021\Ordinance No. 0468-21.md,90,False
3491,0468-21,section_3,2021,Ordinance No. 0468-21.pdf,Thesis_Obsidian\Ordinances\2021\Ordinance No. 0468-21.md,131,False
3492,0468-21,section_4,2021,Ordinance No. 0468-21.pdf,Thesis_Obsidian\Ordinances\2021\Ordinance No. 0468-21.md,6,False
3493,0468-21,section_5,2021,Ordinance No. 0468-21.pdf,Thesis_Obsidian\Ordinances\2021\Ordinance No. 0468-21.md,-1,True
3494,0468-21,section_6,2021,Ordinance No. 0468-21.pdf,Thesis_Obsidian\Ordinances\2021\Ordinance No. 0468-21.md,0,False
3495,0474-21,section_1,2021,Ordinance No. 0474-21.pdf,Thesis_Obsidian\Ordinances\2021\Ordinance No. 0474-21.md,57,False
3496,0474-21,section_2,2021,Ordinance No. 0474-21.pdf,Thesis_Obsidian\Ordinances\2021\Ordinance No. 0474-21.md,-1,True
3497,0474-21,section_3,2021,Ordinance No. 0474-21.pdf,Thesis_Obsidian\Ordinances\2021\Ordinance No. 0474-21.md,142,False
3498,0474-21,section_4,2021,Ordinance No. 0474-21.pdf,Thesis_Obsidian\Ordinances\2021\Ordinance No. 0474-21.md,5,False
3499,0474-21,section_5,2021,Ordinance No. 0474-21.pdf,Thesis_Obsidian\Ordinances\2021\Ordinance No. 0474-21.md,142,False
3500,0474-21,section_6,2021,Ordinance No. 0474-21.pdf,Thesis_Obsidian\Ordinances\2021\Ordinance No. 0474-21.md,-1,True
3501,0474-21,section_7,2021,Ordinance No. 0474-21.pdf,Thesis_Obsidian\Ordinances\2021\Ordinance No. 0474-21.md,40,False
3502,0474-21,section_9,2021,Ordinance No. 0474-21.pdf,Thesis_Obsidian\Ordinances\2021\Ordinance No. 0474-21.md,195,False
3503,0474-21,section_10,2021,Ordinance No. 0474-21.pdf,Thesis_Obsidian\Ordinances\2021\Ordinance No. 0474-21.md,-1,True
3504,0474-21,section_11,2021,Ordinance No. 0474-21.pdf,Thesis_Obsidian\Ordinances\2021\Ordinance No. 0474-21.md,-1,True
3505,0474-21,section_12,2021,Ordinance No. 0474-21.pdf,Thesis_Obsidian\Ordinances\2021\Ordinance No. 0474-21.md,-1,True
3506,0474-21,section_13,2021,Ordinance No. 0474-21.pdf,Thesis_Obsidian\Ordinances\2021\Ordinance No. 0474-21.md,142,False
3507,0474-21,section_14,2021,Ordinance No. 0474-21.pdf,Thesis_Obsidian\Ordinances\2021\Ordinance No. 0474-21.md,142,False
3508,0474-21,section_16,2021,Ordinance No. 0474-21.pdf,Thesis_Obsidian\Ordinances\2021\Ordinance No. 0474-21.md,182,False
3509,0474-21,section_17,2021,Ordinance No. 0474-21.pdf,Thesis_Obsidian\Ordinances\2021\Ordinance No. 0474-21.md,182,False
3510,0474-21,section_18,2021,Ordinance No. 0474-21.pdf,Thesis_Obsidian\Ordinances\2021\Ordinance No. 0474-21.md,182,False
3511,0474-21,section_19,2021,Ordinance No. 0474-21.pdf,Thesis_Obsidian\Ordinances\2021\Ordinance No. 0474-21.md,-1,True
3512,0474-21,section_20,2021,Ordinance No. 0474-21.pdf,Thesis_Obsidian\Ordinances\2021\Ordinance No. 0474-21.md,142,False
3513,0474-21,section_21,2021,Ordinance No. 0474-21.pdf,Thesis_Obsidian\Ordinances\2021\Ordinance No. 0474-21.md,182,False
3514,0474-21,section_22,2021,Ordinance No. 0474-21.pdf,Thesis_Obsidian\Ordinances\2021\Ordinance No. 0474-21.md,-1,True
3515,0474-21,section_23,2021,Ordinance No. 0474-21.pdf,Thesis_Obsidian\Ordinances\2021\Ordinance No. 0474-21.md,14,False
3516,0474-21,section_24,2021,Ordinance No. 0474-21.pdf,Thesis_Obsidian\Ordinances\2021\Ordinance No. 0474-21.md,14,False
3517,0474-21,section_25,2021,Ordinance No. 0474-21.pdf,Thesis_Obsidian\Ordinances\2021\Ordinance No. 0474-21.md,182,False
3518,0474-21,section_26,2021,Ordinance No. 0474-21.pdf,Thesis_Obsidian\Ordinances\2021\Ordinance No. 0474-21.md,-1,True
3519,0474-21,section_27,2021,Ordinance No. 0474-21.pdf,Thesis_Obsidian\Ordinances\2021\Ordinance No. 0474-21.md,30,False
3520,0474-21,section_28,2021,Ordinance No. 0474-21.pdf,Thesis_Obsidian\Ordinances\2021\Ordinance No. 0474-21.md,88,False
3521,0474-21,section_29,2021,Ordinance No. 0474-21.pdf,Thesis_Obsidian\Ordinances\2021\Ordinance No. 0474-21.md,233,False
3522,0474-21,section_30,2021,Ordinance No. 0474-21.pdf,Thesis_Obsidian\Ordinances\2021\Ordinance No. 0474-21.md,126,False
3523,0474-21,section_31,2021,Ordinance No. 0474-21.pdf,Thesis_Obsidian\Ordinances\2021\Ordinance No. 0474-21.md,54,False
3524,0476-21,section_1,2021,Ordinance No. 0476-21.pdf,Thesis_Obsidian\Ordinances\2021\Ordinance No. 0476-21.md,55,False
3525,0476-21,section_2,2021,Ordinance No. 0476-21.pdf,Thesis_Obsidian\Ordinances\2021\Ordinance No. 0476-21.md,55,False
3526,0476-21,section_3,2021,Ordinance No. 0476-21.pdf,Thesis_Obsidian\Ordinances\2021\Ordinance No. 0476-21.md,131,False
3527,0476-21,section_4,2021,Ordinance No. 0476-21.pdf,Thesis_Obsidian\Ordinances\2021\Ordinance No. 0476-21.md,131,False
3528,0476-21,section_5,2021,Ordinance No. 0476-21.pdf,Thesis_Obsidian\Ordinances\2021\Ordinance No. 0476-21.md,-1,True
3529,0476-21,section_6,2021,Ordinance No. 0476-21.pdf,Thesis_Obsidian\Ordinances\2021\Ordinance No. 0476-21.md,40,False
3530,0476-21,section_7,2021,Ordinance No. 0476-21.pdf,Thesis_Obsidian\Ordinances\2021\Ordinance No. 0476-21.md,199,False
3531,0476-21,section_8,2021,Ordinance No. 0476-21.pdf,Thesis_Obsidian\Ordinances\2021\Ordinance No. 0476-21.md,240,False
3532,0476-21,section_9,2021,Ordinance No. 0476-21.pdf,Thesis_Obsidian\Ordinances\2021\Ordinance No. 0476-21.md,233,False
3533,0476-21,section_10,2021,Ordinance No. 0476-21.pdf,Thesis_Obsidian\Ordinances\2021\Ordinance No. 0476-21.md,134,False
3534,0476-21,section_11,2021,Ordinance No. 0476-21.pdf,Thesis_Obsidian\Ordinances\2021\Ordinance No. 0476-21.md,0,False
3535,0478-21,section_1,2021,Ordinance No. 0478-21.pdf,Thesis_Obsidian\Ordinances\2021\Ordinance No. 0478-21.md,57,False
3536,0478-21,section_2,2021,Ordinance No. 0478-21.pdf,Thesis_Obsidian\Ordinances\2021\Ordinance No. 0478-21.md,28,False
3537,0478-21,section_3,2021,Ordinance No. 0478-21.pdf,Thesis_Obsidian\Ordinances\2021\Ordinance No. 0478-21.md,6,False
3538,0478-21,section_4,2021,Ordinance No. 0478-21.pdf,Thesis_Obsidian\Ordinances\2021\Ordinance No. 0478-21.md,28,False
3539,0478-21,section_5,2021,Ordinance No. 0478-21.pdf,Thesis_Obsidian\Ordinances\2021\Ordinance No. 0478-21.md,6,False
3540,0478-21,section_6,2021,Ordinance No. 0478-21.pdf,Thesis_Obsidian\Ordinances\2021\Ordinance No. 0478-21.md,-1,True
3541,0478-21,section_8,2021,Ordinance No. 0478-21.pdf,Thesis_Obsidian\Ordinances\2021\Ordinance No. 0478-21.md,6,False
3542,0478-21,section_9,2021,Ordinance No. 0478-21.pdf,Thesis_Obsidian\Ordinances\2021\Ordinance No. 0478-21.md,6,False
3543,0478-21,section_10,2021,Ordinance No. 0478-21.pdf,Thesis_Obsidian\Ordinances\2021\Ordinance No. 0478-21.md,-1,True
3544,0478-21,section_11,2021,Ordinance No. 0478-21.pdf,Thesis_Obsidian\Ordinances\2021\Ordinance No. 0478-21.md,-1,True
3545,0478-21,section_12,2021,Ordinance No. 0478-21.pdf,Thesis_Obsidian\Ordinances\2021\Ordinance No. 0478-21.md,6,False
3546,0478-21,section_13,2021,Ordinance No. 0478-21.pdf,Thesis_Obsidian\Ordinances\2021\Ordinance No. 0478-21.md,-1,True
3547,0478-21,section_14,2021,Ordinance No. 0478-21.pdf,Thesis_Obsidian\Ordinances\2021\Ordinance No. 0478-21.md,-1,True
3548,0478-21,section_15,2021,Ordinance No. 0478-21.pdf,Thesis_Obsidian\Ordinances\2021\Ordinance No. 0478-21.md,28,False
3549,0478-21,section_16,2021,Ordinance No. 0478-21.pdf,Thesis_Obsidian\Ordinances\2021\Ordinance No. 0478-21.md,-1,True
3550,0478-21,section_18,2021,Ordinance No. 0478-21.pdf,Thesis_Obsidian\Ordinances\2021\Ordinance No. 0478-21.md,-1,True
3551,0478-21,section_19,2021,Ordinance No. 0478-21.pdf,Thesis_Obsidian\Ordinances\2021\Ordinance No. 0478-21.md,14,False
3552,0478-21,section_20,2021,Ordinance No. 0478-21.pdf,Thesis_Obsidian\Ordinances\2021\Ordinance No. 0478-21.md,-1,True
3553,0478-21,section_21,2021,Ordinance No. 0478-21.pdf,Thesis_Obsidian\Ordinances\2021\Ordinance No. 0478-21.md,-1,True
3554,0478-21,section_22,2021,Ordinance No. 0478-21.pdf,Thesis_Obsidian\Ordinances\2021\Ordinance No. 0478-21.md,54,False
3555,0480-21,section_1,2021,Ordinance No. 0480-21.pdf,Thesis_Obsidian\Ordinances\2021\Ordinance No. 0480-21.md,-1,True
3556,0480-21,section_2,2021,Ordinance No. 0480-21.pdf,Thesis_Obsidian\Ordinances\2021\Ordinance No. 0480-21.md,64,False
3557,0480-21,section_22,2021,Ordinance No. 0480-21.pdf,Thesis_Obsidian\Ordinances\2021\Ordinance No. 0480-21.md,-1,True
3558,0480-21,section_3,2021,Ordinance No. 0480-21.pdf,Thesis_Obsidian\Ordinances\2021\Ordinance No. 0480-21.md,-1,True
3559,0480-21,section_4,2021,Ordinance No. 0480-21.pdf,Thesis_Obsidian\Ordinances\2021\Ordinance No. 0480-21.md,3,False
3560,0480-21,section_5,2021,Ordinance No. 0480-21.pdf,Thesis_Obsidian\Ordinances\2021\Ordinance No. 0480-21.md,228,False
3561,0488-21,section_1,2021,Ordinance No. 0488-21.pdf,Thesis_Obsidian\Ordinances\2021\Ordinance No. 0488-21.md,212,False
3562,0488-21,section_2,2021,Ordinance No. 0488-21.pdf,Thesis_Obsidian\Ordinances\2021\Ordinance No. 0488-21.md,267,False
3563,0488-21,section_3,2021,Ordinance No. 0488-21.pdf,Thesis_Obsidian\Ordinances\2021\Ordinance No. 0488-21.md,178,False
3564,0488-21,section_4,2021,Ordinance No. 0488-21.pdf,Thesis_Obsidian\Ordinances\2021\Ordinance No. 0488-21.md,95,False
3565,0488-21,section_5,2021,Ordinance No. 0488-21.pdf,Thesis_Obsidian\Ordinances\2021\Ordinance No. 0488-21.md,-1,True
3566,0490-21,section_1,2021,Ordinance No. 0490-21.pdf,Thesis_Obsidian\Ordinances\2021\Ordinance No. 0490-21.md,43,False
3567,0490-21,section_2,2021,Ordinance No. 0490-21.pdf,Thesis_Obsidian\Ordinances\2021\Ordinance No. 0490-21.md,89,False
3568,0490-21,section_16,2021,Ordinance No. 0490-21.pdf,Thesis_Obsidian\Ordinances\2021\Ordinance No. 0490-21.md,176,False
3569,0490-21,section_3,2021,Ordinance No. 0490-21.pdf,Thesis_Obsidian\Ordinances\2021\Ordinance No. 0490-21.md,7,False
3570,0490-21,section_4,2021,Ordinance No. 0490-21.pdf,Thesis_Obsidian\Ordinances\2021\Ordinance No. 0490-21.md,74,False
3571,0490-21,section_5,2021,Ordinance No. 0490-21.pdf,Thesis_Obsidian\Ordinances\2021\Ordinance No. 0490-21.md,49,False
3572,0491-21,section_1,2021,Ordinance No. 0491-21.pdf,Thesis_Obsidian\Ordinances\2021\Ordinance No. 0491-21.md,102,False
3573,0491-21,section_2,2021,Ordinance No. 0491-21.pdf,Thesis_Obsidian\Ordinances\2021\Ordinance No. 0491-21.md,90,False
3574,0491-21,section_3,2021,Ordinance No. 0491-21.pdf,Thesis_Obsidian\Ordinances\2021\Ordinance No. 0491-21.md,-1,True
3575,0491-21,section_4,2021,Ordinance No. 0491-21.pdf,Thesis_Obsidian\Ordinances\2021\Ordinance No. 0491-21.md,6,False
3576,0491-21,section_5,2021,Ordinance No. 0491-21.pdf,Thesis_Obsidian\Ordinances\2021\Ordinance No. 0491-21.md,16,False
3577,0491-21,section_6,2021,Ordinance No. 0491-21.pdf,Thesis_Obsidian\Ordinances\2021\Ordinance No. 0491-21.md,223,False
3578,0494-21,section_1,2021,Ordinance No. 0494-21.pdf,Thesis_Obsidian\Ordinances\2021\Ordinance No. 0494-21.md,124,False
3579,0494-21,section_2,2021,Ordinance No. 0494-21.pdf,Thesis_Obsidian\Ordinances\2021\Ordinance No. 0494-21.md,21,False
3580,0494-21,section_3,2021,Ordinance No. 0494-21.pdf,Thesis_Obsidian\Ordinances\2021\Ordinance No. 0494-21.md,52,False
3581,0494-21,section_4,2021,Ordinance No. 0494-21.pdf,Thesis_Obsidian\Ordinances\2021\Ordinance No. 0494-21.md,-1,True
3582,0494-21,section_6,2021,Ordinance No. 0494-21.pdf,Thesis_Obsidian\Ordinances\2021\Ordinance No. 0494-21.md,-1,True
3583,0495-21,section_1,2021,Ordinance No. 0495-21.pdf,Thesis_Obsidian\Ordinances\2021\Ordinance No. 0495-21.md,26,False
3584,0495-21,section_2,2021,Ordinance No. 0495-21.pdf,Thesis_Obsidian\Ordinances\2021\Ordinance No. 0495-21.md,6,False
3585,0495-21,section_3,2021,Ordinance No. 0495-21.pdf,Thesis_Obsidian\Ordinances\2021\Ordinance No. 0495-21.md,6,False
3586,0495-21,section_4,2021,Ordinance No. 0495-21.pdf,Thesis_Obsidian\Ordinances\2021\Ordinance No. 0495-21.md,93,False
3587,0495-21,section_5,2021,Ordinance No. 0495-21.pdf,Thesis_Obsidian\Ordinances\2021\Ordinance No. 0495-21.md,-1,True
3588,0495-21,section_6,2021,Ordinance No. 0495-21.pdf,Thesis_Obsidian\Ordinances\2021\Ordinance No. 0495-21.md,217,False
3589,0495-21,section_7,2021,Ordinance No. 0495-21.pdf,Thesis_Obsidian\Ordinances\2021\Ordinance No. 0495-21.md,-1,True
3590,0495-21,section_8,2021,Ordinance No. 0495-21.pdf,Thesis_Obsidian\Ordinances\2021\Ordinance No. 0495-21.md,40,False
3591,0495-21,section_9,2021,Ordinance No. 0495-21.pdf,Thesis_Obsidian\Ordinances\2021\Ordinance No. 0495-21.md,14,False
3592,0495-21,section_10,2021,Ordinance No. 0495-21.pdf,Thesis_Obsidian\Ordinances\2021\Ordinance No. 0495-21.md,248,False
3593,0495-21,section_11,2021,Ordinance No. 0495-21.pdf,Thesis_Obsidian\Ordinances\2021\Ordinance No. 0495-21.md,74,False
3594,0495-21,section_12,2021,Ordinance No. 0495-21.pdf,Thesis_Obsidian\Ordinances\2021\Ordinance No. 0495-21.md,0,False
3595,0497-21,section_1,2021,Ordinance No. 0497-21.pdf,Thesis_Obsidian\Ordinances\2021\Ordinance No. 0497-21.md,-1,True
3596,0497-21,section_2,2021,Ordinance No. 0497-21.pdf,Thesis_Obsidian\Ordinances\2021\Ordinance No. 0497-21.md,71,False
3597,0497-21,section_3,2021,Ordinance No. 0497-21.pdf,Thesis_Obsidian\Ordinances\2021\Ordinance No. 0497-21.md,60,False
3598,0497-21,section_4,2021,Ordinance No. 0497-21.pdf,Thesis_Obsidian\Ordinances\2021\Ordinance No. 0497-21.md,86,False
3599,0497-21,section_5,2021,Ordinance No. 0497-21.pdf,Thesis_Obsidian\Ordinances\2021\Ordinance No. 0497-21.md,76,False
3600,0501-21,section_2,2021,Ordinance No. 0501-21.pdf,Thesis_Obsidian\Ordinances\2021\Ordinance No. 0501-21.md,-1,True
3601,0501-21,section_3,2021,Ordinance No. 0501-21.pdf,Thesis_Obsidian\Ordinances\2021\Ordinance No. 0501-21.md,70,False
3602,0501-21,section_4,2021,Ordinance No. 0501-21.pdf,Thesis_Obsidian\Ordinances\2021\Ordinance No. 0501-21.md,-1,True
3603,0501-21,section_6,2021,Ordinance No. 0501-21.pdf,Thesis_Obsidian\Ordinances\2021\Ordinance No. 0501-21.md,-1,True
3604,0501-21,section_7,2021,Ordinance No. 0501-21.pdf,Thesis_Obsidian\Ordinances\2021\Ordinance No. 0501-21.md,-1,True
3605,0501-21,section_8,2021,Ordinance No. 0501-21.pdf,Thesis_Obsidian\Ordinances\2021\Ordinance No. 0501-21.md,-1,True
3606,0501-21,section_9,2021,Ordinance No. 0501-21.pdf,Thesis_Obsidian\Ordinances\2021\Ordinance No. 0501-21.md,-1,True
3607,0501-21,section_10,2021,Ordinance No. 0501-21.pdf,Thesis_Obsidian\Ordinances\2021\Ordinance No. 0501-21.md,-1,True
3608,0505-21,section_1,2021,Ordinance No. 0505-21.pdf,Thesis_Obsidian\Ordinances\2021\Ordinance No. 0505-21.md,140,False
3609,0505-21,section_2,2021,Ordinance No. 0505-21.pdf,Thesis_Obsidian\Ordinances\2021\Ordinance No. 0505-21.md,236,False
3610,0505-21,section_3,2021,Ordinance No. 0505-21.pdf,Thesis_Obsidian\Ordinances\2021\Ordinance No. 0505-21.md,140,False
3611,0505-21,section_4,2021,Ordinance No. 0505-21.pdf,Thesis_Obsidian\Ordinances\2021\Ordinance No. 0505-21.md,3,False
3612,0505-21,section_5,2021,Ordinance No. 0505-21.pdf,Thesis_Obsidian\Ordinances\2021\Ordinance No. 0505-21.md,28,False
3613,0506-21,section_1,2021,Ordinance No. 0506-21.pdf,Thesis_Obsidian\Ordinances\2021\Ordinance No. 0506-21.md,172,False
3614,0506-21,section_2,2021,Ordinance No. 0506-21.pdf,Thesis_Obsidian\Ordinances\2021\Ordinance No. 0506-21.md,236,False
3615,0506-21,section_3,2021,Ordinance No. 0506-21.pdf,Thesis_Obsidian\Ordinances\2021\Ordinance No. 0506-21.md,41,False
3616,0506-21,section_5,2021,Ordinance No. 0506-21.pdf,Thesis_Obsidian\Ordinances\2021\Ordinance No. 0506-21.md,24,False
3617,0510-21,section_1,2021,Ordinance No. 0510-21.pdf,Thesis_Obsidian\Ordinances\2021\Ordinance No. 0510-21.md,-1,True
3618,0510-21,section_2,2021,Ordinance No. 0510-21.pdf,Thesis_Obsidian\Ordinances\2021\Ordinance No. 0510-21.md,32,False
3619,0510-21,section_3,2021,Ordinance No. 0510-21.pdf,Thesis_Obsidian\Ordinances\2021\Ordinance No. 0510-21.md,60,False
3620,0510-21,section_4,2021,Ordinance No. 0510-21.pdf,Thesis_Obsidian\Ordinances\2021\Ordinance No. 0510-21.md,128,False
3621,0510-21,section_5,2021,Ordinance No. 0510-21.pdf,Thesis_Obsidian\Ordinances\2021\Ordinance No. 0510-21.md,111,False
3622,0511-21,section_1,2021,Ordinance No. 0511-21.pdf,Thesis_Obsidian\Ordinances\2021\Ordinance No. 0511-21.md,46,False
3623,0511-21,section_2,2021,Ordinance No. 0511-21.pdf,Thesis_Obsidian\Ordinances\2021\Ordinance No. 0511-21.md,59,False
3624,0511-21,section_3,2021,Ordinance No. 0511-21.pdf,Thesis_Obsidian\Ordinances\2021\Ordinance No. 0511-21.md,63,False
3625,0511-21,section_4,2021,Ordinance No. 0511-21.pdf,Thesis_Obsidian\Ordinances\2021\Ordinance No. 0511-21.md,16,False
3626,0511-21,section_5,2021,Ordinance No. 0511-21.pdf,Thesis_Obsidian\Ordinances\2021\Ordinance No. 0511-21.md,56,False
3627,0513-21,section_1,2021,Ordinance No. 0513-21.pdf,Thesis_Obsidian\Ordinances\2021\Ordinance No. 0513-21.md,102,False
3628,0513-21,section_2,2021,Ordinance No. 0513-21.pdf,Thesis_Obsidian\Ordinances\2021\Ordinance No. 0513-21.md,58,False
3629,0513-21,section_3,2021,Ordinance No. 0513-21.pdf,Thesis_Obsidian\Ordinances\2021\Ordinance No. 0513-21.md,40,False
3630,0513-21,section_4,2021,Ordinance No. 0513-21.pdf,Thesis_Obsidian\Ordinances\2021\Ordinance No. 0513-21.md,204,False
3631,0517-21,section_1,2021,Ordinance No. 0517-21.pdf,Thesis_Obsidian\Ordinances\2021\Ordinance No. 0517-21.md,20,False
3632,0517-21,section_2,2021,Ordinance No. 0517-21.pdf,Thesis_Obsidian\Ordinances\2021\Ordinance No. 0517-21.md,89,False
3633,0517-21,section_16,2021,Ordinance No. 0517-21.pdf,Thesis_Obsidian\Ordinances\2021\Ordinance No. 0517-21.md,69,False
3634,0517-21,section_3,2021,Ordinance No. 0517-21.pdf,Thesis_Obsidian\Ordinances\2021\Ordinance No. 0517-21.md,4,False
3635,0517-21,section_4,2021,Ordinance No. 0517-21.pdf,Thesis_Obsidian\Ordinances\2021\Ordinance No. 0517-21.md,16,False
3636,0517-21,section_5,2021,Ordinance No. 0517-21.pdf,Thesis_Obsidian\Ordinances\2021\Ordinance No. 0517-21.md,24,False
3637,0524-21,section_1,2021,Ordinance No. 0524-21.pdf,Thesis_Obsidian\Ordinances\2021\Ordinance No. 0524-21.md,43,False
3638,0524-21,section_2,2021,Ordinance No. 0524-21.pdf,Thesis_Obsidian\Ordinances\2021\Ordinance No. 0524-21.md,59,False
3639,0524-21,section_3,2021,Ordinance No. 0524-21.pdf,Thesis_Obsidian\Ordinances\2021\Ordinance No. 0524-21.md,7,False
3640,0524-21,section_4,2021,Ordinance No. 0524-21.pdf,Thesis_Obsidian\Ordinances\2021\Ordinance No. 0524-21.md,16,False
3641,0524-21,section_5,2021,Ordinance No. 0524-21.pdf,Thesis_Obsidian\Ordinances\2021\Ordinance No. 0524-21.md,24,False
3642,0525-21,section_1,2021,Ordinance No. 0525-21.pdf,Thesis_Obsidian\Ordinances\2021\Ordinance No. 0525-21.md,59,False
3643,0525-21,section_3,2021,Ordinance No. 0525-21.pdf,Thesis_Obsidian\Ordinances\2021\Ordinance No. 0525-21.md,123,False
3644,0525-21,section_4,2021,Ordinance No. 0525-21.pdf,Thesis_Obsidian\Ordinances\2021\Ordinance No. 0525-21.md,10,False
3645,0525-21,section_5,2021,Ordinance No. 0525-21.pdf,Thesis_Obsidian\Ordinances\2021\Ordinance No. 0525-21.md,203,False
3646,0527-21,section_1,2021,Ordinance No. 0527-21.pdf,Thesis_Obsidian\Ordinances\2021\Ordinance No. 0527-21.md,-1,True
3647,0527-21,section_2,2021,Ordinance No. 0527-21.pdf,Thesis_Obsidian\Ordinances\2021\Ordinance No. 0527-21.md,90,False
3648,0527-21,section_3,2021,Ordinance No. 0527-21.pdf,Thesis_Obsidian\Ordinances\2021\Ordinance No. 0527-21.md,4,False
3649,0527-21,section_4,2021,Ordinance No. 0527-21.pdf,Thesis_Obsidian\Ordinances\2021\Ordinance No. 0527-21.md,3,False
3650,0527-21,section_5,2021,Ordinance No. 0527-21.pdf,Thesis_Obsidian\Ordinances\2021\Ordinance No. 0527-21.md,-1,True
3651,0528-21,section_1,2021,Ordinance No. 0528-21.pdf,Thesis_Obsidian\Ordinances\2021\Ordinance No. 0528-21.md,26,False
3652,0528-21,section_2,2021,Ordinance No. 0528-21.pdf,Thesis_Obsidian\Ordinances\2021\Ordinance No. 0528-21.md,28,False
3653,0528-21,section_3,2021,Ordinance No. 0528-21.pdf,Thesis_Obsidian\Ordinances\2021\Ordinance No. 0528-21.md,93,False
3654,0528-21,section_4,2021,Ordinance No. 0528-21.pdf,Thesis_Obsidian\Ordinances\2021\Ordinance No. 0528-21.md,6,False
3655,0528-21,section_5,2021,Ordinance No. 0528-21.pdf,Thesis_Obsidian\Ordinances\2021\Ordinance No. 0528-21.md,-1,True
3656,0528-21,section_6,2021,Ordinance No. 0528-21.pdf,Thesis_Obsidian\Ordinances\2021\Ordinance No. 0528-21.md,14,False
3657,0528-21,section_7,2021,Ordinance No. 0528-21.pdf,Thesis_Obsidian\Ordinances\2021\Ordinance No. 0528-21.md,6,False
3658,0528-21,section_8,2021,Ordinance No. 0528-21.pdf,Thesis_Obsidian\Ordinances\2021\Ordinance No. 0528-21.md,-1,True
3659,0528-21,section_9,2021,Ordinance No. 0528-21.pdf,Thesis_Obsidian\Ordinances\2021\Ordinance No. 0528-21.md,6,False
3660,0528-21,section_10,2021,Ordinance No. 0528-21.pdf,Thesis_Obsidian\Ordinances\2021\Ordinance No. 0528-21.md,14,False
3661,0528-21,section_11,2021,Ordinance No. 0528-21.pdf,Thesis_Obsidian\Ordinances\2021\Ordinance No. 0528-21.md,6,False
3662,0528-21,section_12,2021,Ordinance No. 0528-21.pdf,Thesis_Obsidian\Ordinances\2021\Ordinance No. 0528-21.md,30,False
3663,0528-21,section_13,2021,Ordinance No. 0528-21.pdf,Thesis_Obsidian\Ordinances\2021\Ordinance No. 0528-21.md,127,False
3664,0528-21,section_14,2021,Ordinance No. 0528-21.pdf,Thesis_Obsidian\Ordinances\2021\Ordinance No. 0528-21.md,-1,True
3665,0528-21,section_15,2021,Ordinance No. 0528-21.pdf,Thesis_Obsidian\Ordinances\2021\Ordinance No. 0528-21.md,-1,True
3666,0528-21,section_16,2021,Ordinance No. 0528-21.pdf,Thesis_Obsidian\Ordinances\2021\Ordinance No. 0528-21.md,115,False
3667,0528-21,section_17,2021,Ordinance No. 0528-21.pdf,Thesis_Obsidian\Ordinances\2021\Ordinance No. 0528-21.md,103,False
3668,0528-21,section_18,2021,Ordinance No. 0528-21.pdf,Thesis_Obsidian\Ordinances\2021\Ordinance No. 0528-21.md,54,False
3669,0529-21,section_1,2021,Ordinance No. 0529-21.pdf,Thesis_Obsidian\Ordinances\2021\Ordinance No. 0529-21.md,84,False
3670,0529-21,section_2,2021,Ordinance No. 0529-21.pdf,Thesis_Obsidian\Ordinances\2021\Ordinance No. 0529-21.md,63,False
3671,0529-21,section_3,2021,Ordinance No. 0529-21.pdf,Thesis_Obsidian\Ordinances\2021\Ordinance No. 0529-21.md,0,False
3672,0531-21,section_1,2021,Ordinance No. 0531-21.pdf,Thesis_Obsidian\Ordinances\2021\Ordinance No. 0531-21.md,-1,True
3673,0531-21,section_2,2021,Ordinance No. 0531-21.pdf,Thesis_Obsidian\Ordinances\2021\Ordinance No. 0531-21.md,236,False
3674,0531-21,section_3,2021,Ordinance No. 0531-21.pdf,Thesis_Obsidian\Ordinances\2021\Ordinance No. 0531-21.md,-1,True
3675,0531-21,section_4,2021,Ordinance No. 0531-21.pdf,Thesis_Obsidian\Ordinances\2021\Ordinance No. 0531-21.md,16,False
3676,0531-21,section_5,2021,Ordinance No. 0531-21.pdf,Thesis_Obsidian\Ordinances\2021\Ordinance No. 0531-21.md,-1,True
3677,0535-21,section_1,2021,Ordinance No. 0535-21.pdf,Thesis_Obsidian\Ordinances\2021\Ordinance No. 0535-21.md,20,False
3678,0535-21,section_2,2021,Ordinance No. 0535-21.pdf,Thesis_Obsidian\Ordinances\2021\Ordinance No. 0535-21.md,67,False
3679,0535-21,section_4,2021,Ordinance No. 0535-21.pdf,Thesis_Obsidian\Ordinances\2021\Ordinance No. 0535-21.md,128,False
3680,0535-21,section_5,2021,Ordinance No. 0535-21.pdf,Thesis_Obsidian\Ordinances\2021\Ordinance No. 0535-21.md,49,False
3681,0538-21,section_1,2021,Ordinance No. 0538-21.pdf,Thesis_Obsidian\Ordinances\2021\Ordinance No. 0538-21.md,172,False
3682,0538-21,section_2,2021,Ordinance No. 0538-21.pdf,Thesis_Obsidian\Ordinances\2021\Ordinance No. 0538-21.md,33,False
3683,0538-21,section_3,2021,Ordinance No. 0538-21.pdf,Thesis_Obsidian\Ordinances\2021\Ordinance No. 0538-21.md,4,False
3684,0538-21,section_4,2021,Ordinance No. 0538-21.pdf,Thesis_Obsidian\Ordinances\2021\Ordinance No. 0538-21.md,3,False
3685,0538-21,section_5,2021,Ordinance No. 0538-21.pdf,Thesis_Obsidian\Ordinances\2021\Ordinance No. 0538-21.md,49,False
3686,0543-21,section_1,2021,Ordinance No. 0543-21.pdf,Thesis_Obsidian\Ordinances\2021\Ordinance No. 0543-21.md,46,False
3687,0543-21,section_2,2021,Ordinance No. 0543-21.pdf,Thesis_Obsidian\Ordinances\2021\Ordinance No. 0543-21.md,89,False
3688,0543-21,section_16,2021,Ordinance No. 0543-21.pdf,Thesis_Obsidian\Ordinances\2021\Ordinance No. 0543-21.md,69,False
3689,0543-21,section_4,2021,Ordinance No. 0543-21.pdf,Thesis_Obsidian\Ordinances\2021\Ordinance No. 0543-21.md,128,False
3690,0543-21,section_5,2021,Ordinance No. 0543-21.pdf,Thesis_Obsidian\Ordinances\2021\Ordinance No. 0543-21.md,29,False
3691,0544-21,section_1,2021,Ordinance No. 0544-21.pdf,Thesis_Obsidian\Ordinances\2021\Ordinance No. 0544-21.md,26,False
3692,0544-21,section_2,2021,Ordinance No. 0544-21.pdf,Thesis_Obsidian\Ordinances\2021\Ordinance No. 0544-21.md,44,False
3693,0544-21,section_3,2021,Ordinance No. 0544-21.pdf,Thesis_Obsidian\Ordinances\2021\Ordinance No. 0544-21.md,44,False
3694,0544-21,section_5,2021,Ordinance No. 0544-21.pdf,Thesis_Obsidian\Ordinances\2021\Ordinance No. 0544-21.md,44,False
3695,0544-21,section_6,2021,Ordinance No. 0544-21.pdf,Thesis_Obsidian\Ordinances\2021\Ordinance No. 0544-21.md,25,False
3696,0544-21,section_7,2021,Ordinance No. 0544-21.pdf,Thesis_Obsidian\Ordinances\2021\Ordinance No. 0544-21.md,25,False
3697,0544-21,section_9,2021,Ordinance No. 0544-21.pdf,Thesis_Obsidian\Ordinances\2021\Ordinance No. 0544-21.md,44,False
3698,0544-21,section_10,2021,Ordinance No. 0544-21.pdf,Thesis_Obsidian\Ordinances\2021\Ordinance No. 0544-21.md,44,False
3699,0544-21,section_11,2021,Ordinance No. 0544-21.pdf,Thesis_Obsidian\Ordinances\2021\Ordinance No. 0544-21.md,44,False
3700,0544-21,section_12,2021,Ordinance No. 0544-21.pdf,Thesis_Obsidian\Ordinances\2021\Ordinance No. 0544-21.md,25,False
3701,0544-21,section_13,2021,Ordinance No. 0544-21.pdf,Thesis_Obsidian\Ordinances\2021\Ordinance No. 0544-21.md,25,False
3702,0544-21,section_14,2021,Ordinance No. 0544-21.pdf,Thesis_Obsidian\Ordinances\2021\Ordinance No. 0544-21.md,44,False
3703,0544-21,section_15,2021,Ordinance No. 0544-21.pdf,Thesis_Obsidian\Ordinances\2021\Ordinance No. 0544-21.md,44,False
3704,0544-21,section_16,2021,Ordinance No. 0544-21.pdf,Thesis_Obsidian\Ordinances\2021\Ordinance No. 0544-21.md,44,False
3705,0544-21,section_18,2021,Ordinance No. 0544-21.pdf,Thesis_Obsidian\Ordinances\2021\Ordinance No. 0544-21.md,88,False
3706,0544-21,section_20,2021,Ordinance No. 0544-21.pdf,Thesis_Obsidian\Ordinances\2021\Ordinance No. 0544-21.md,114,False
3707,0544-21,section_2L,2021,Ordinance No. 0544-21.pdf,Thesis_Obsidian\Ordinances\2021\Ordinance No. 0544-21.md,0,False
3708,0546-21,section_2,2021,Ordinance No. 0546-21.pdf,Thesis_Obsidian\Ordinances\2021\Ordinance No. 0546-21.md,-1,True
3709,0546-21,section_3,2021,Ordinance No. 0546-21.pdf,Thesis_Obsidian\Ordinances\2021\Ordinance No. 0546-21.md,6,False
3710,0546-21,section_4,2021,Ordinance No. 0546-21.pdf,Thesis_Obsidian\Ordinances\2021\Ordinance No. 0546-21.md,-1,True
3711,0546-21,section_5,2021,Ordinance No. 0546-21.pdf,Thesis_Obsidian\Ordinances\2021\Ordinance No. 0546-21.md,70,False
3712,0546-21,section_6,2021,Ordinance No. 0546-21.pdf,Thesis_Obsidian\Ordinances\2021\Ordinance No. 0546-21.md,40,False
3713,0546-21,section_7,2021,Ordinance No. 0546-21.pdf,Thesis_Obsidian\Ordinances\2021\Ordinance No. 0546-21.md,70,False
3714,0546-21,section_8,2021,Ordinance No. 0546-21.pdf,Thesis_Obsidian\Ordinances\2021\Ordinance No. 0546-21.md,30,False
3715,0546-21,section_9,2021,Ordinance No. 0546-21.pdf,Thesis_Obsidian\Ordinances\2021\Ordinance No. 0546-21.md,30,False
3716,0546-21,section_11,2021,Ordinance No. 0546-21.pdf,Thesis_Obsidian\Ordinances\2021\Ordinance No. 0546-21.md,103,False
3717,0546-21,section_12,2021,Ordinance No. 0546-21.pdf,Thesis_Obsidian\Ordinances\2021\Ordinance No. 0546-21.md,157,False
3718,0546-21,section_13,2021,Ordinance No. 0546-21.pdf,Thesis_Obsidian\Ordinances\2021\Ordinance No. 0546-21.md,54,False
3719,0550-21,section_1,2021,Ordinance No. 0550-21.pdf,Thesis_Obsidian\Ordinances\2021\Ordinance No. 0550-21.md,184,False
3720,0550-21,section_2,2021,Ordinance No. 0550-21.pdf,Thesis_Obsidian\Ordinances\2021\Ordinance No. 0550-21.md,64,False
3721,0550-21,section_35,2021,Ordinance No. 0550-21.pdf,Thesis_Obsidian\Ordinances\2021\Ordinance No. 0550-21.md,113,False
3722,0550-21,section_3,2021,Ordinance No. 0550-21.pdf,Thesis_Obsidian\Ordinances\2021\Ordinance No. 0550-21.md,123,False
3723,0550-21,section_4,2021,Ordinance No. 0550-21.pdf,Thesis_Obsidian\Ordinances\2021\Ordinance No. 0550-21.md,3,False
3724,0550-21,section_5,2021,Ordinance No. 0550-21.pdf,Thesis_Obsidian\Ordinances\2021\Ordinance No. 0550-21.md,-1,True
3725,0551-21,section_1,2021,Ordinance No. 0551-21.pdf,Thesis_Obsidian\Ordinances\2021\Ordinance No. 0551-21.md,23,False
3726,0551-21,section_2,2021,Ordinance No. 0551-21.pdf,Thesis_Obsidian\Ordinances\2021\Ordinance No. 0551-21.md,-1,True
3727,0551-21,section_3,2021,Ordinance No. 0551-21.pdf,Thesis_Obsidian\Ordinances\2021\Ordinance No. 0551-21.md,23,False
3728,0551-21,section_4,2021,Ordinance No. 0551-21.pdf,Thesis_Obsidian\Ordinances\2021\Ordinance No. 0551-21.md,63,False
3729,0551-21,section_5,2021,Ordinance No. 0551-21.pdf,Thesis_Obsidian\Ordinances\2021\Ordinance No. 0551-21.md,-1,True
3730,0551-21,section_6,2021,Ordinance No. 0551-21.pdf,Thesis_Obsidian\Ordinances\2021\Ordinance No. 0551-21.md,93,False
3731,0551-21,section_7,2021,Ordinance No. 0551-21.pdf,Thesis_Obsidian\Ordinances\2021\Ordinance No. 0551-21.md,53,False
3732,0552-21,section_1,2021,Ordinance No. 0552-21.pdf,Thesis_Obsidian\Ordinances\2021\Ordinance No. 0552-21.md,43,False
3733,0552-21,section_2,2021,Ordinance No. 0552-21.pdf,Thesis_Obsidian\Ordinances\2021\Ordinance No. 0552-21.md,33,False
3734,0552-21,section_3,2021,Ordinance No. 0552-21.pdf,Thesis_Obsidian\Ordinances\2021\Ordinance No. 0552-21.md,7,False
3735,0552-21,section_4,2021,Ordinance No. 0552-21.pdf,Thesis_Obsidian\Ordinances\2021\Ordinance No. 0552-21.md,154,False
3736,0552-21,section_5,2021,Ordinance No. 0552-21.pdf,Thesis_Obsidian\Ordinances\2021\Ordinance No. 0552-21.md,49,False
3737,0555-21,section_1,2021,Ordinance No. 0555-21.pdf,Thesis_Obsidian\Ordinances\2021\Ordinance No. 0555-21.md,-1,True
3738,0555-21,section_2,2021,Ordinance No. 0555-21.pdf,Thesis_Obsidian\Ordinances\2021\Ordinance No. 0555-21.md,-1,True
3739,0555-21,section_3,2021,Ordinance No. 0555-21.pdf,Thesis_Obsidian\Ordinances\2021\Ordinance No. 0555-21.md,-1,True
3740,0555-21,section_4,2021,Ordinance No. 0555-21.pdf,Thesis_Obsidian\Ordinances\2021\Ordinance No. 0555-21.md,10,False
3741,0555-21,section_5,2021,Ordinance No. 0555-21.pdf,Thesis_Obsidian\Ordinances\2021\Ordinance No. 0555-21.md,228,False
3742,0565-21,section_1,2021,Ordinance No. 0565-21.pdf,Thesis_Obsidian\Ordinances\2021\Ordinance No. 0565-21.md,61,False
3743,0565-21,section_2,2021,Ordinance No. 0565-21.pdf,Thesis_Obsidian\Ordinances\2021\Ordinance No. 0565-21.md,32,False
3744,0565-21,section_17,2021,Ordinance No. 0565-21.pdf,Thesis_Obsidian\Ordinances\2021\Ordinance No. 0565-21.md,59,False
3745,0565-21,section_3,2021,Ordinance No. 0565-21.pdf,Thesis_Obsidian\Ordinances\2021\Ordinance No. 0565-21.md,41,False
3746,0565-21,section_5,2021,Ordinance No. 0565-21.pdf,Thesis_Obsidian\Ordinances\2021\Ordinance No. 0565-21.md,76,False
3747,0576-21,section_1,2021,Ordinance No. 0576-21.pdf,Thesis_Obsidian\Ordinances\2021\Ordinance No. 0576-21.md,57,False
3748,0576-21,section_2,2021,Ordinance No. 0576-21.pdf,Thesis_Obsidian\Ordinances\2021\Ordinance No. 0576-21.md,28,False
3749,0576-21,section_3,2021,Ordinance No. 0576-21.pdf,Thesis_Obsidian\Ordinances\2021\Ordinance No. 0576-21.md,70,False
3750,0576-21,section_4,2021,Ordinance No. 0576-21.pdf,Thesis_Obsidian\Ordinances\2021\Ordinance No. 0576-21.md,28,False
3751,0576-21,section_5,2021,Ordinance No. 0576-21.pdf,Thesis_Obsidian\Ordinances\2021\Ordinance No. 0576-21.md,25,False
3752,0576-21,section_6,2021,Ordinance No. 0576-21.pdf,Thesis_Obsidian\Ordinances\2021\Ordinance No. 0576-21.md,88,False
3753,0576-21,section_7,2021,Ordinance No. 0576-21.pdf,Thesis_Obsidian\Ordinances\2021\Ordinance No. 0576-21.md,3,False
3754,0576-21,section_8,2021,Ordinance No. 0576-21.pdf,Thesis_Obsidian\Ordinances\2021\Ordinance No. 0576-21.md,-1,True
3755,0576-21,section_9,2021,Ordinance No. 0576-21.pdf,Thesis_Obsidian\Ordinances\2021\Ordinance No. 0576-21.md,32,False
3756,0577-21,section_1,2021,Ordinance No. 0577-21.pdf,Thesis_Obsidian\Ordinances\2021\Ordinance No. 0577-21.md,150,False
3757,0577-21,section_2,2021,Ordinance No. 0577-21.pdf,Thesis_Obsidian\Ordinances\2021\Ordinance No. 0577-21.md,150,False
3758,0577-21,section_3,2021,Ordinance No. 0577-21.pdf,Thesis_Obsidian\Ordinances\2021\Ordinance No. 0577-21.md,121,False
3759,0577-21,section_4,2021,Ordinance No. 0577-21.pdf,Thesis_Obsidian\Ordinances\2021\Ordinance No. 0577-21.md,150,False
3760,0577-21,section_5,2021,Ordinance No. 0577-21.pdf,Thesis_Obsidian\Ordinances\2021\Ordinance No. 0577-21.md,65,False
3761,0577-21,section_6,2021,Ordinance No. 0577-21.pdf,Thesis_Obsidian\Ordinances\2021\Ordinance No. 0577-21.md,156,False
3762,0577-21,section_7,2021,Ordinance No. 0577-21.pdf,Thesis_Obsidian\Ordinances\2021\Ordinance No. 0577-21.md,1,False
3763,0580-21,section_1,2021,Ordinance No. 0580-21.pdf,Thesis_Obsidian\Ordinances\2021\Ordinance No. 0580-21.md,61,False
3764,0580-21,section_2,2021,Ordinance No. 0580-21.pdf,Thesis_Obsidian\Ordinances\2021\Ordinance No. 0580-21.md,130,False
3765,0580-21,section_3,2021,Ordinance No. 0580-21.pdf,Thesis_Obsidian\Ordinances\2021\Ordinance No. 0580-21.md,60,False
3766,0580-21,section_4,2021,Ordinance No. 0580-21.pdf,Thesis_Obsidian\Ordinances\2021\Ordinance No. 0580-21.md,151,False
3767,0580-21,section_5,2021,Ordinance No. 0580-21.pdf,Thesis_Obsidian\Ordinances\2021\Ordinance No. 0580-21.md,253,False
3768,0582-21,section_1,2021,Ordinance No. 0582-21.pdf,Thesis_Obsidian\Ordinances\2021\Ordinance No. 0582-21.md,23,False
3769,0582-21,section_2,2021,Ordinance No. 0582-21.pdf,Thesis_Obsidian\Ordinances\2021\Ordinance No. 0582-21.md,218,False
3770,0582-21,section_3,2021,Ordinance No. 0582-21.pdf,Thesis_Obsidian\Ordinances\2021\Ordinance No. 0582-21.md,23,False
3771,0582-21,section_4,2021,Ordinance No. 0582-21.pdf,Thesis_Obsidian\Ordinances\2021\Ordinance No. 0582-21.md,263,False
3772,0582-21,section_5,2021,Ordinance No. 0582-21.pdf,Thesis_Obsidian\Ordinances\2021\Ordinance No. 0582-21.md,23,False
3773,0583-21,section_1,2021,Ordinance No. 0583-21.pdf,Thesis_Obsidian\Ordinances\2021\Ordinance No. 0583-21.md,179,False
3774,0583-21,section_2,2021,Ordinance No. 0583-21.pdf,Thesis_Obsidian\Ordinances\2021\Ordinance No. 0583-21.md,21,False
3775,0583-21,section_3,2021,Ordinance No. 0583-21.pdf,Thesis_Obsidian\Ordinances\2021\Ordinance No. 0583-21.md,23,False
3776,0583-21,section_4,2021,Ordinance No. 0583-21.pdf,Thesis_Obsidian\Ordinances\2021\Ordinance No. 0583-21.md,10,False
3777,0583-21,section_5,2021,Ordinance No. 0583-21.pdf,Thesis_Obsidian\Ordinances\2021\Ordinance No. 0583-21.md,0,False
3778,0585-21,section_1,2021,Ordinance No. 0585-21.pdf,Thesis_Obsidian\Ordinances\2021\Ordinance No. 0585-21.md,-1,True
3779,0585-21,section_2,2021,Ordinance No. 0585-21.pdf,Thesis_Obsidian\Ordinances\2021\Ordinance No. 0585-21.md,-1,True
3780,0585-21,section_3,2021,Ordinance No. 0585-21.pdf,Thesis_Obsidian\Ordinances\2021\Ordinance No. 0585-21.md,70,False
3781,0585-21,section_4,2021,Ordinance No. 0585-21.pdf,Thesis_Obsidian\Ordinances\2021\Ordinance No. 0585-21.md,6,False
3782,0585-21,section_5,2021,Ordinance No. 0585-21.pdf,Thesis_Obsidian\Ordinances\2021\Ordinance No. 0585-21.md,40,False
3783,0585-21,section_6,2021,Ordinance No. 0585-21.pdf,Thesis_Obsidian\Ordinances\2021\Ordinance No. 0585-21.md,213,False
3784,0585-21,section_7,2021,Ordinance No. 0585-21.pdf,Thesis_Obsidian\Ordinances\2021\Ordinance No. 0585-21.md,-1,True
3785,0585-21,section_8,2021,Ordinance No. 0585-21.pdf,Thesis_Obsidian\Ordinances\2021\Ordinance No. 0585-21.md,88,False
3786,0585-21,section_10,2021,Ordinance No. 0585-21.pdf,Thesis_Obsidian\Ordinances\2021\Ordinance No. 0585-21.md,114,False
3787,0585-21,section_11,2021,Ordinance No. 0585-21.pdf,Thesis_Obsidian\Ordinances\2021\Ordinance No. 0585-21.md,0,False
3788,0586-21,section_1,2021,Ordinance No. 0586-21.pdf,Thesis_Obsidian\Ordinances\2021\Ordinance No. 0586-21.md,-1,True
3789,0586-21,section_2,2021,Ordinance No. 0586-21.pdf,Thesis_Obsidian\Ordinances\2021\Ordinance No. 0586-21.md,243,False
3790,0586-21,section_455,2021,Ordinance No. 0586-21.pdf,Thesis_Obsidian\Ordinances\2021\Ordinance No. 0586-21.md,101,False
3791,0586-21,section_3,2021,Ordinance No. 0586-21.pdf,Thesis_Obsidian\Ordinances\2021\Ordinance No. 0586-21.md,-1,True
3792,0586-21,section_4,2021,Ordinance No. 0586-21.pdf,Thesis_Obsidian\Ordinances\2021\Ordinance No. 0586-21.md,16,False
3793,0586-21,section_5,2021,Ordinance No. 0586-21.pdf,Thesis_Obsidian\Ordinances\2021\Ordinance No. 0586-21.md,240,False
3794,0587-21,section_1,2021,Ordinance No. 0587-21.pdf,Thesis_Obsidian\Ordinances\2021\Ordinance No. 0587-21.md,184,False
3795,0587-21,section_2,2021,Ordinance No. 0587-21.pdf,Thesis_Obsidian\Ordinances\2021\Ordinance No. 0587-21.md,32,False
3796,0587-21,section_3,2021,Ordinance No. 0587-21.pdf,Thesis_Obsidian\Ordinances\2021\Ordinance No. 0587-21.md,123,False
3797,0587-21,section_4,2021,Ordinance No. 0587-21.pdf,Thesis_Obsidian\Ordinances\2021\Ordinance No. 0587-21.md,18,False
3798,0587-21,section_5,2021,Ordinance No. 0587-21.pdf,Thesis_Obsidian\Ordinances\2021\Ordinance No. 0587-21.md,-1,True
3799,0588-21,section_1,2021,Ordinance No. 0588-21.pdf,Thesis_Obsidian\Ordinances\2021\Ordinance No. 0588-21.md,43,False
3800,0588-21,section_2,2021,Ordinance No. 0588-21.pdf,Thesis_Obsidian\Ordinances\2021\Ordinance No. 0588-21.md,32,False
3801,0588-21,section_3,2021,Ordinance No. 0588-21.pdf,Thesis_Obsidian\Ordinances\2021\Ordinance No. 0588-21.md,7,False
3802,0588-21,section_4,2021,Ordinance No. 0588-21.pdf,Thesis_Obsidian\Ordinances\2021\Ordinance No. 0588-21.md,44,False
3803,0589-21,section_2,2021,Ordinance No. 0589-21.pdf,Thesis_Obsidian\Ordinances\2021\Ordinance No. 0589-21.md,-1,True
3804,0589-21,section_3,2021,Ordinance No. 0589-21.pdf,Thesis_Obsidian\Ordinances\2021\Ordinance No. 0589-21.md,134,False
3805,0589-21,section_4,2021,Ordinance No. 0589-21.pdf,Thesis_Obsidian\Ordinances\2021\Ordinance No. 0589-21.md,157,False
3806,0589-21,section_5,2021,Ordinance No. 0589-21.pdf,Thesis_Obsidian\Ordinances\2021\Ordinance No. 0589-21.md,-1,True
3807,0590-21,section_1,2021,Ordinance No. 0590-21.pdf,Thesis_Obsidian\Ordinances\2021\Ordinance No. 0590-21.md,26,False
3808,0590-21,section_2,2021,Ordinance No. 0590-21.pdf,Thesis_Obsidian\Ordinances\2021\Ordinance No. 0590-21.md,14,False
3809,0590-21,section_3,2021,Ordinance No. 0590-21.pdf,Thesis_Obsidian\Ordinances\2021\Ordinance No. 0590-21.md,74,False
3810,0590-21,section_4,2021,Ordinance No. 0590-21.pdf,Thesis_Obsidian\Ordinances\2021\Ordinance No. 0590-21.md,223,False
3811,0591-21,section_1,2021,Ordinance No. 0591-21.pdf,Thesis_Obsidian\Ordinances\2021\Ordinance No. 0591-21.md,57,False
3812,0591-21,section_2,2021,Ordinance No. 0591-21.pdf,Thesis_Obsidian\Ordinances\2021\Ordinance No. 0591-21.md,14,False
3813,0591-21,section_7,2021,Ordinance No. 0591-21.pdf,Thesis_Obsidian\Ordinances\2021\Ordinance No. 0591-21.md,155,False
3814,0591-21,section_3,2021,Ordinance No. 0591-21.pdf,Thesis_Obsidian\Ordinances\2021\Ordinance No. 0591-21.md,233,False
3815,0591-21,section_4,2021,Ordinance No. 0591-21.pdf,Thesis_Obsidian\Ordinances\2021\Ordinance No. 0591-21.md,223,False
3816,0593-21,section_1,2021,Ordinance No. 0593-21.pdf,Thesis_Obsidian\Ordinances\2021\Ordinance No. 0593-21.md,212,False
3817,0593-21,section_2,2021,Ordinance No. 0593-21.pdf,Thesis_Obsidian\Ordinances\2021\Ordinance No. 0593-21.md,215,False
3818,0593-21,section_455,2021,Ordinance No. 0593-21.pdf,Thesis_Obsidian\Ordinances\2021\Ordinance No. 0593-21.md,33,False
3819,0593-21,section_3,2021,Ordinance No. 0593-21.pdf,Thesis_Obsidian\Ordinances\2021\Ordinance No. 0593-21.md,178,False
3820,0593-21,section_4,2021,Ordinance No. 0593-21.pdf,Thesis_Obsidian\Ordinances\2021\Ordinance No. 0593-21.md,9,False
3821,0593-21,section_5,2021,Ordinance No. 0593-21.pdf,Thesis_Obsidian\Ordinances\2021\Ordinance No. 0593-21.md,29,False
3822,0594-21,section_1,2021,Ordinance No. 0594-21.pdf,Thesis_Obsidian\Ordinances\2021\Ordinance No. 0594-21.md,212,False
3823,0594-21,section_2,2021,Ordinance No. 0594-21.pdf,Thesis_Obsidian\Ordinances\2021\Ordinance No. 0594-21.md,33,False
3824,0594-21,section_3,2021,Ordinance No. 0594-21.pdf,Thesis_Obsidian\Ordinances\2021\Ordinance No. 0594-21.md,178,False
3825,0594-21,section_4,2021,Ordinance No. 0594-21.pdf,Thesis_Obsidian\Ordinances\2021\Ordinance No. 0594-21.md,3,False
3826,0594-21,section_5,2021,Ordinance No. 0594-21.pdf,Thesis_Obsidian\Ordinances\2021\Ordinance No. 0594-21.md,29,False
3827,0601-21,section_1,2021,Ordinance No. 0601-21.pdf,Thesis_Obsidian\Ordinances\2021\Ordinance No. 0601-21.md,46,False
3828,0601-21,section_2,2021,Ordinance No. 0601-21.pdf,Thesis_Obsidian\Ordinances\2021\Ordinance No. 0601-21.md,217,False
3829,0601-21,section_455,2021,Ordinance No. 0601-21.pdf,Thesis_Obsidian\Ordinances\2021\Ordinance No. 0601-21.md,-1,True
3830,0601-21,section_3,2021,Ordinance No. 0601-21.pdf,Thesis_Obsidian\Ordinances\2021\Ordinance No. 0601-21.md,63,False
3831,0601-21,section_4,2021,Ordinance No. 0601-21.pdf,Thesis_Obsidian\Ordinances\2021\Ordinance No. 0601-21.md,128,False
3832,0601-21,section_5,2021,Ordinance No. 0601-21.pdf,Thesis_Obsidian\Ordinances\2021\Ordinance No. 0601-21.md,228,False
3833,0602-21,section_1,2021,Ordinance No. 0602-21.pdf,Thesis_Obsidian\Ordinances\2021\Ordinance No. 0602-21.md,32,False
3834,0602-21,section_3,2021,Ordinance No. 0602-21.pdf,Thesis_Obsidian\Ordinances\2021\Ordinance No. 0602-21.md,46,False
3835,0602-21,section_4,2021,Ordinance No. 0602-21.pdf,Thesis_Obsidian\Ordinances\2021\Ordinance No. 0602-21.md,63,False
3836,0602-21,section_5,2021,Ordinance No. 0602-21.pdf,Thesis_Obsidian\Ordinances\2021\Ordinance No. 0602-21.md,126,False
3837,0602-21,section_6,2021,Ordinance No. 0602-21.pdf,Thesis_Obsidian\Ordinances\2021\Ordinance No. 0602-21.md,98,False
3838,0602-21,section_16,2021,Ordinance No. 0602-21.pdf,Thesis_Obsidian\Ordinances\2021\Ordinance No. 0602-21.md,56,False
3839,0602-21,section_455,2021,Ordinance No. 0602-21.pdf,Thesis_Obsidian\Ordinances\2021\Ordinance No. 0602-21.md,29,False
3840,0604-21,section_1,2021,Ordinance No. 0604-21.pdf,Thesis_Obsidian\Ordinances\2021\Ordinance No. 0604-21.md,212,False
3841,0604-21,section_2,2021,Ordinance No. 0604-21.pdf,Thesis_Obsidian\Ordinances\2021\Ordinance No. 0604-21.md,-1,True
3842,0604-21,section_3,2021,Ordinance No. 0604-21.pdf,Thesis_Obsidian\Ordinances\2021\Ordinance No. 0604-21.md,178,False
3843,0604-21,section_4,2021,Ordinance No. 0604-21.pdf,Thesis_Obsidian\Ordinances\2021\Ordinance No. 0604-21.md,29,False
3844,0604-21,section_16,2021,Ordinance No. 0604-21.pdf,Thesis_Obsidian\Ordinances\2021\Ordinance No. 0604-21.md,29,False
3845,0605-21,section_1,2021,Ordinance No. 0605-21.pdf,Thesis_Obsidian\Ordinances\2021\Ordinance No. 0605-21.md,212,False
3846,0605-21,section_2,2021,Ordinance No. 0605-21.pdf,Thesis_Obsidian\Ordinances\2021\Ordinance No. 0605-21.md,200,False
3847,0605-21,section_455,2021,Ordinance No. 0605-21.pdf,Thesis_Obsidian\Ordinances\2021\Ordinance No. 0605-21.md,143,False
3848,0605-21,section_3,2021,Ordinance No. 0605-21.pdf,Thesis_Obsidian\Ordinances\2021\Ordinance No. 0605-21.md,178,False
3849,0605-21,section_4,2021,Ordinance No. 0605-21.pdf,Thesis_Obsidian\Ordinances\2021\Ordinance No. 0605-21.md,10,False
3850,0605-21,section_5,2021,Ordinance No. 0605-21.pdf,Thesis_Obsidian\Ordinances\2021\Ordinance No. 0605-21.md,29,False
3851,0611-21,section_1,2021,Ordinance No. 0611-21.pdf,Thesis_Obsidian\Ordinances\2021\Ordinance No. 0611-21.md,57,False
3852,0611-21,section_2,2021,Ordinance No. 0611-21.pdf,Thesis_Obsidian\Ordinances\2021\Ordinance No. 0611-21.md,52,False
3853,0611-21,section_3,2021,Ordinance No. 0611-21.pdf,Thesis_Obsidian\Ordinances\2021\Ordinance No. 0611-21.md,23,False
3854,0611-21,section_4,2021,Ordinance No. 0611-21.pdf,Thesis_Obsidian\Ordinances\2021\Ordinance No. 0611-21.md,157,False
3855,0611-21,section_5,2021,Ordinance No. 0611-21.pdf,Thesis_Obsidian\Ordinances\2021\Ordinance No. 0611-21.md,0,False
3856,0613-21,section_1,2021,Ordinance No. 0613-21.pdf,Thesis_Obsidian\Ordinances\2021\Ordinance No. 0613-21.md,212,False
3857,0613-21,section_2,2021,Ordinance No. 0613-21.pdf,Thesis_Obsidian\Ordinances\2021\Ordinance No. 0613-21.md,100,False
3858,0613-21,section_16,2021,Ordinance No. 0613-21.pdf,Thesis_Obsidian\Ordinances\2021\Ordinance No. 0613-21.md,69,False
3859,0613-21,section_3,2021,Ordinance No. 0613-21.pdf,Thesis_Obsidian\Ordinances\2021\Ordinance No. 0613-21.md,7,False
3860,0613-21,section_4,2021,Ordinance No. 0613-21.pdf,Thesis_Obsidian\Ordinances\2021\Ordinance No. 0613-21.md,18,False
3861,0613-21,section_5,2021,Ordinance No. 0613-21.pdf,Thesis_Obsidian\Ordinances\2021\Ordinance No. 0613-21.md,24,False
3862,0614-21,section_1,2021,Ordinance No. 0614-21.pdf,Thesis_Obsidian\Ordinances\2021\Ordinance No. 0614-21.md,61,False
3863,0614-21,section_2,2021,Ordinance No. 0614-21.pdf,Thesis_Obsidian\Ordinances\2021\Ordinance No. 0614-21.md,59,False
3864,0614-21,section_3,2021,Ordinance No. 0614-21.pdf,Thesis_Obsidian\Ordinances\2021\Ordinance No. 0614-21.md,60,False
3865,0614-21,section_4,2021,Ordinance No. 0614-21.pdf,Thesis_Obsidian\Ordinances\2021\Ordinance No. 0614-21.md,18,False
3866,0614-21,section_5,2021,Ordinance No. 0614-21.pdf,Thesis_Obsidian\Ordinances\2021\Ordinance No. 0614-21.md,111,False
3867,0615-21,section_1,2021,Ordinance No. 0615-21.pdf,Thesis_Obsidian\Ordinances\2021\Ordinance No. 0615-21.md,43,False
3868,0615-21,section_2,2021,Ordinance No. 0615-21.pdf,Thesis_Obsidian\Ordinances\2021\Ordinance No. 0615-21.md,175,False
3869,0615-21,section_455,2021,Ordinance No. 0615-21.pdf,Thesis_Obsidian\Ordinances\2021\Ordinance No. 0615-21.md,143,False
3870,0615-21,section_3,2021,Ordinance No. 0615-21.pdf,Thesis_Obsidian\Ordinances\2021\Ordinance No. 0615-21.md,7,False
3871,0615-21,section_4,2021,Ordinance No. 0615-21.pdf,Thesis_Obsidian\Ordinances\2021\Ordinance No. 0615-21.md,10,False
3872,0615-21,section_5,2021,Ordinance No. 0615-21.pdf,Thesis_Obsidian\Ordinances\2021\Ordinance No. 0615-21.md,-1,True
3873,0616-21,section_1,2021,Ordinance No. 0616-21.pdf,Thesis_Obsidian\Ordinances\2021\Ordinance No. 0616-21.md,140,False
3874,0616-21,section_2,2021,Ordinance No. 0616-21.pdf,Thesis_Obsidian\Ordinances\2021\Ordinance No. 0616-21.md,236,False
3875,0616-21,section_3,2021,Ordinance No. 0616-21.pdf,Thesis_Obsidian\Ordinances\2021\Ordinance No. 0616-21.md,140,False
3876,0616-21,section_4,2021,Ordinance No. 0616-21.pdf,Thesis_Obsidian\Ordinances\2021\Ordinance No. 0616-21.md,16,False
3877,0616-21,section_5,2021,Ordinance No. 0616-21.pdf,Thesis_Obsidian\Ordinances\2021\Ordinance No. 0616-21.md,-1,True
3878,0617-21,section_1,2021,Ordinance No. 0617-21.pdf,Thesis_Obsidian\Ordinances\2021\Ordinance No. 0617-21.md,-1,True
3879,0617-21,section_2,2021,Ordinance No. 0617-21.pdf,Thesis_Obsidian\Ordinances\2021\Ordinance No. 0617-21.md,130,False
3880,0617-21,section_3,2021,Ordinance No. 0617-21.pdf,Thesis_Obsidian\Ordinances\2021\Ordinance No. 0617-21.md,60,False
3881,0617-21,section_4,2021,Ordinance No. 0617-21.pdf,Thesis_Obsidian\Ordinances\2021\Ordinance No. 0617-21.md,16,False
3882,0617-21,section_5,2021,Ordinance No. 0617-21.pdf,Thesis_Obsidian\Ordinances\2021\Ordinance No. 0617-21.md,76,False
3883,0629-21,section_1,2021,Ordinance No. 0629-21.pdf,Thesis_Obsidian\Ordinances\2021\Ordinance No. 0629-21.md,26,False
3884,0629-21,section_2,2021,Ordinance No. 0629-21.pdf,Thesis_Obsidian\Ordinances\2021\Ordinance No. 0629-21.md,90,False
3885,0629-21,section_3,2021,Ordinance No. 0629-21.pdf,Thesis_Obsidian\Ordinances\2021\Ordinance No. 0629-21.md,80,False
3886,0629-21,section_4,2021,Ordinance No. 0629-21.pdf,Thesis_Obsidian\Ordinances\2021\Ordinance No. 0629-21.md,27,False
3887,0629-21,section_5,2021,Ordinance No. 0629-21.pdf,Thesis_Obsidian\Ordinances\2021\Ordinance No. 0629-21.md,0,False
3888,0635-21,section_1,2021,Ordinance No. 0635-21.pdf,Thesis_Obsidian\Ordinances\2021\Ordinance No. 0635-21.md,-1,True
3889,0635-21,section_2,2021,Ordinance No. 0635-21.pdf,Thesis_Obsidian\Ordinances\2021\Ordinance No. 0635-21.md,-1,True
3890,0635-21,section_22,2021,Ordinance No. 0635-21.pdf,Thesis_Obsidian\Ordinances\2021\Ordinance No. 0635-21.md,129,False
3891,0635-21,section_455,2021,Ordinance No. 0635-21.pdf,Thesis_Obsidian\Ordinances\2021\Ordinance No. 0635-21.md,251,False
3892,0635-21,section_3,2021,Ordinance No. 0635-21.pdf,Thesis_Obsidian\Ordinances\2021\Ordinance No. 0635-21.md,-1,True
3893,0635-21,section_4,2021,Ordinance No. 0635-21.pdf,Thesis_Obsidian\Ordinances\2021\Ordinance No. 0635-21.md,72,False
3894,0635-21,section_5,2021,Ordinance No. 0635-21.pdf,Thesis_Obsidian\Ordinances\2021\Ordinance No. 0635-21.md,242,False
3895,0636-21,section_2,2021,Ordinance No. 0636-21.pdf,Thesis_Obsidian\Ordinances\2021\Ordinance No. 0636-21.md,64,False
3896,0636-21,section_22,2021,Ordinance No. 0636-21.pdf,Thesis_Obsidian\Ordinances\2021\Ordinance No. 0636-21.md,249,False
3897,0636-21,section_455,2021,Ordinance No. 0636-21.pdf,Thesis_Obsidian\Ordinances\2021\Ordinance No. 0636-21.md,85,False
3898,0636-21,section_3,2021,Ordinance No. 0636-21.pdf,Thesis_Obsidian\Ordinances\2021\Ordinance No. 0636-21.md,-1,True
3899,0636-21,section_4,2021,Ordinance No. 0636-21.pdf,Thesis_Obsidian\Ordinances\2021\Ordinance No. 0636-21.md,72,False
3900,0636-21,section_5,2021,Ordinance No. 0636-21.pdf,Thesis_Obsidian\Ordinances\2021\Ordinance No. 0636-21.md,242,False
3901,0637-21,section_1,2021,Ordinance No. 0637-21.pdf,Thesis_Obsidian\Ordinances\2021\Ordinance No. 0637-21.md,-1,True
3902,0637-21,section_2,2021,Ordinance No. 0637-21.pdf,Thesis_Obsidian\Ordinances\2021\Ordinance No. 0637-21.md,-1,True
3903,0637-21,section_22,2021,Ordinance No. 0637-21.pdf,Thesis_Obsidian\Ordinances\2021\Ordinance No. 0637-21.md,129,False
3904,0637-21,section_455,2021,Ordinance No. 0637-21.pdf,Thesis_Obsidian\Ordinances\2021\Ordinance No. 0637-21.md,196,False
3905,0637-21,section_16,2021,Ordinance No. 0637-21.pdf,Thesis_Obsidian\Ordinances\2021\Ordinance No. 0637-21.md,45,False
3906,0637-21,section_3,2021,Ordinance No. 0637-21.pdf,Thesis_Obsidian\Ordinances\2021\Ordinance No. 0637-21.md,-1,True
3907,0637-21,section_4,2021,Ordinance No. 0637-21.pdf,Thesis_Obsidian\Ordinances\2021\Ordinance No. 0637-21.md,72,False
3908,0637-21,section_5,2021,Ordinance No. 0637-21.pdf,Thesis_Obsidian\Ordinances\2021\Ordinance No. 0637-21.md,242,False
3909,0638-21,section_1,2021,Ordinance No. 0638-21.pdf,Thesis_Obsidian\Ordinances\2021\Ordinance No. 0638-21.md,-1,True
3910,0638-21,section_2,2021,Ordinance No. 0638-21.pdf,Thesis_Obsidian\Ordinances\2021\Ordinance No. 0638-21.md,64,False
3911,0638-21,section_22,2021,Ordinance No. 0638-21.pdf,Thesis_Obsidian\Ordinances\2021\Ordinance No. 0638-21.md,129,False
3912,0638-21,section_455,2021,Ordinance No. 0638-21.pdf,Thesis_Obsidian\Ordinances\2021\Ordinance No. 0638-21.md,251,False
3913,0638-21,section_3,2021,Ordinance No. 0638-21.pdf,Thesis_Obsidian\Ordinances\2021\Ordinance No. 0638-21.md,-1,True
3914,0638-21,section_4,2021,Ordinance No. 0638-21.pdf,Thesis_Obsidian\Ordinances\2021\Ordinance No. 0638-21.md,18,False
3915,0638-21,section_5,2021,Ordinance No. 0638-21.pdf,Thesis_Obsidian\Ordinances\2021\Ordinance No. 0638-21.md,242,False
3916,0639-21,section_1,2021,Ordinance No. 0639-21.pdf,Thesis_Obsidian\Ordinances\2021\Ordinance No. 0639-21.md,-1,True
3917,0639-21,section_2,2021,Ordinance No. 0639-21.pdf,Thesis_Obsidian\Ordinances\2021\Ordinance No. 0639-21.md,64,False
3918,0639-21,section_22,2021,Ordinance No. 0639-21.pdf,Thesis_Obsidian\Ordinances\2021\Ordinance No. 0639-21.md,129,False
3919,0639-21,section_455,2021,Ordinance No. 0639-21.pdf,Thesis_Obsidian\Ordinances\2021\Ordinance No. 0639-21.md,251,False
3920,0639-21,section_3,2021,Ordinance No. 0639-21.pdf,Thesis_Obsidian\Ordinances\2021\Ordinance No. 0639-21.md,-1,True
3921,0639-21,section_5,2021,Ordinance No. 0639-21.pdf,Thesis_Obsidian\Ordinances\2021\Ordinance No. 0639-21.md,242,False
3922,0640-21,section_1,2021,Ordinance No. 0640-21.pdf,Thesis_Obsidian\Ordinances\2021\Ordinance No. 0640-21.md,-1,True
3923,0640-21,section_2,2021,Ordinance No. 0640-21.pdf,Thesis_Obsidian\Ordinances\2021\Ordinance No. 0640-21.md,-1,True
3924,0640-21,section_22,2021,Ordinance No. 0640-21.pdf,Thesis_Obsidian\Ordinances\2021\Ordinance No. 0640-21.md,92,False
3925,0640-21,section_455,2021,Ordinance No. 0640-21.pdf,Thesis_Obsidian\Ordinances\2021\Ordinance No. 0640-21.md,110,False
3926,0640-21,section_3,2021,Ordinance No. 0640-21.pdf,Thesis_Obsidian\Ordinances\2021\Ordinance No. 0640-21.md,-1,True
3927,0640-21,section_4,2021,Ordinance No. 0640-21.pdf,Thesis_Obsidian\Ordinances\2021\Ordinance No. 0640-21.md,10,False
3928,0640-21,section_5,2021,Ordinance No. 0640-21.pdf,Thesis_Obsidian\Ordinances\2021\Ordinance No. 0640-21.md,242,False
3929,0641-21,section_1,2021,Ordinance No. 0641-21.pdf,Thesis_Obsidian\Ordinances\2021\Ordinance No. 0641-21.md,-1,True
3930,0641-21,section_2,2021,Ordinance No. 0641-21.pdf,Thesis_Obsidian\Ordinances\2021\Ordinance No. 0641-21.md,175,False
3931,0641-21,section_22,2021,Ordinance No. 0641-21.pdf,Thesis_Obsidian\Ordinances\2021\Ordinance No. 0641-21.md,92,False
3932,0641-21,section_455,2021,Ordinance No. 0641-21.pdf,Thesis_Obsidian\Ordinances\2021\Ordinance No. 0641-21.md,110,False
3933,0641-21,section_4,2021,Ordinance No. 0641-21.pdf,Thesis_Obsidian\Ordinances\2021\Ordinance No. 0641-21.md,148,False
3934,0641-21,section_5,2021,Ordinance No. 0641-21.pdf,Thesis_Obsidian\Ordinances\2021\Ordinance No. 0641-21.md,242,False
3935,0642-21,section_1,2021,Ordinance No. 0642-21.pdf,Thesis_Obsidian\Ordinances\2021\Ordinance No. 0642-21.md,-1,True
3936,0642-21,section_2,2021,Ordinance No. 0642-21.pdf,Thesis_Obsidian\Ordinances\2021\Ordinance No. 0642-21.md,136,False
3937,0642-21,section_22,2021,Ordinance No. 0642-21.pdf,Thesis_Obsidian\Ordinances\2021\Ordinance No. 0642-21.md,92,False
3938,0642-21,section_455,2021,Ordinance No. 0642-21.pdf,Thesis_Obsidian\Ordinances\2021\Ordinance No. 0642-21.md,85,False
3939,0642-21,section_3,2021,Ordinance No. 0642-21.pdf,Thesis_Obsidian\Ordinances\2021\Ordinance No. 0642-21.md,-1,True
3940,0642-21,section_4,2021,Ordinance No. 0642-21.pdf,Thesis_Obsidian\Ordinances\2021\Ordinance No. 0642-21.md,3,False
3941,0642-21,section_5,2021,Ordinance No. 0642-21.pdf,Thesis_Obsidian\Ordinances\2021\Ordinance No. 0642-21.md,242,False
3942,0643-21,section_4,2021,Ordinance No. 0643-21.pdf,Thesis_Obsidian\Ordinances\2021\Ordinance No. 0643-21.md,148,False
3943,0643-21,section_5,2021,Ordinance No. 0643-21.pdf,Thesis_Obsidian\Ordinances\2021\Ordinance No. 0643-21.md,242,False
3944,0644-21,section_1,2021,Ordinance No. 0644-21.pdf,Thesis_Obsidian\Ordinances\2021\Ordinance No. 0644-21.md,-1,True
3945,0644-21,section_2,2021,Ordinance No. 0644-21.pdf,Thesis_Obsidian\Ordinances\2021\Ordinance No. 0644-21.md,136,False
3946,0644-21,section_22,2021,Ordinance No. 0644-21.pdf,Thesis_Obsidian\Ordinances\2021\Ordinance No. 0644-21.md,249,False
3947,0644-21,section_455,2021,Ordinance No. 0644-21.pdf,Thesis_Obsidian\Ordinances\2021\Ordinance No. 0644-21.md,85,False
3948,0644-21,section_3,2021,Ordinance No. 0644-21.pdf,Thesis_Obsidian\Ordinances\2021\Ordinance No. 0644-21.md,-1,True
3949,0644-21,section_4,2021,Ordinance No. 0644-21.pdf,Thesis_Obsidian\Ordinances\2021\Ordinance No. 0644-21.md,75,False
3950,0644-21,section_5,2021,Ordinance No. 0644-21.pdf,Thesis_Obsidian\Ordinances\2021\Ordinance No. 0644-21.md,242,False
3951,0645-21,section_1,2021,Ordinance No. 0645-21.pdf,Thesis_Obsidian\Ordinances\2021\Ordinance No. 0645-21.md,-1,True
3952,0645-21,section_22,2021,Ordinance No. 0645-21.pdf,Thesis_Obsidian\Ordinances\2021\Ordinance No. 0645-21.md,92,False
3953,0645-21,section_455,2021,Ordinance No. 0645-21.pdf,Thesis_Obsidian\Ordinances\2021\Ordinance No. 0645-21.md,196,False
3954,0645-21,section_16,2021,Ordinance No. 0645-21.pdf,Thesis_Obsidian\Ordinances\2021\Ordinance No. 0645-21.md,45,False
3955,0645-21,section_3,2021,Ordinance No. 0645-21.pdf,Thesis_Obsidian\Ordinances\2021\Ordinance No. 0645-21.md,-1,True
3956,0645-21,section_4,2021,Ordinance No. 0645-21.pdf,Thesis_Obsidian\Ordinances\2021\Ordinance No. 0645-21.md,72,False
3957,0645-21,section_5,2021,Ordinance No. 0645-21.pdf,Thesis_Obsidian\Ordinances\2021\Ordinance No. 0645-21.md,242,False
3958,0650-21,section_1,2021,Ordinance No. 0650-21.pdf,Thesis_Obsidian\Ordinances\2021\Ordinance No. 0650-21.md,212,False
3959,0650-21,section_2,2021,Ordinance No. 0650-21.pdf,Thesis_Obsidian\Ordinances\2021\Ordinance No. 0650-21.md,217,False
3960,0650-21,section_455,2021,Ordinance No. 0650-21.pdf,Thesis_Obsidian\Ordinances\2021\Ordinance No. 0650-21.md,-1,True
3961,0650-21,section_3,2021,Ordinance No. 0650-21.pdf,Thesis_Obsidian\Ordinances\2021\Ordinance No. 0650-21.md,178,False
3962,0650-21,section_4,2021,Ordinance No. 0650-21.pdf,Thesis_Obsidian\Ordinances\2021\Ordinance No. 0650-21.md,156,False
3963,0650-21,section_5,2021,Ordinance No. 0650-21.pdf,Thesis_Obsidian\Ordinances\2021\Ordinance No. 0650-21.md,232,False
3964,0653-21,section_2,2021,Ordinance No. 0653-21.pdf,Thesis_Obsidian\Ordinances\2021\Ordinance No. 0653-21.md,215,False
3965,0653-21,section_16,2021,Ordinance No. 0653-21.pdf,Thesis_Obsidian\Ordinances\2021\Ordinance No. 0653-21.md,32,False
3966,0653-21,section_3,2021,Ordinance No. 0653-21.pdf,Thesis_Obsidian\Ordinances\2021\Ordinance No. 0653-21.md,60,False
3967,0653-21,section_4,2021,Ordinance No. 0653-21.pdf,Thesis_Obsidian\Ordinances\2021\Ordinance No. 0653-21.md,18,False
3968,0653-21,section_5,2021,Ordinance No. 0653-21.pdf,Thesis_Obsidian\Ordinances\2021\Ordinance No. 0653-21.md,76,False
3969,0653-21,section_455,2021,Ordinance No. 0653-21.pdf,Thesis_Obsidian\Ordinances\2021\Ordinance No. 0653-21.md,253,False
3970,0654-21,section_1,2021,Ordinance No. 0654-21.pdf,Thesis_Obsidian\Ordinances\2021\Ordinance No. 0654-21.md,61,False
3971,0654-21,section_2,2021,Ordinance No. 0654-21.pdf,Thesis_Obsidian\Ordinances\2021\Ordinance No. 0654-21.md,32,False
3972,0654-21,section_3,2021,Ordinance No. 0654-21.pdf,Thesis_Obsidian\Ordinances\2021\Ordinance No. 0654-21.md,60,False
3973,0654-21,section_4,2021,Ordinance No. 0654-21.pdf,Thesis_Obsidian\Ordinances\2021\Ordinance No. 0654-21.md,38,False
3974,0654-21,section_5,2021,Ordinance No. 0654-21.pdf,Thesis_Obsidian\Ordinances\2021\Ordinance No. 0654-21.md,-1,True
3975,0657-21,section_1,2021,Ordinance No. 0657-21.pdf,Thesis_Obsidian\Ordinances\2021\Ordinance No. 0657-21.md,-1,True
3976,0657-21,section_2,2021,Ordinance No. 0657-21.pdf,Thesis_Obsidian\Ordinances\2021\Ordinance No. 0657-21.md,200,False
3977,0657-21,section_455,2021,Ordinance No. 0657-21.pdf,Thesis_Obsidian\Ordinances\2021\Ordinance No. 0657-21.md,85,False
3978,0657-21,section_3,2021,Ordinance No. 0657-21.pdf,Thesis_Obsidian\Ordinances\2021\Ordinance No. 0657-21.md,-1,True
3979,0657-21,section_4,2021,Ordinance No. 0657-21.pdf,Thesis_Obsidian\Ordinances\2021\Ordinance No. 0657-21.md,128,False
3980,0657-21,section_5,2021,Ordinance No. 0657-21.pdf,Thesis_Obsidian\Ordinances\2021\Ordinance No. 0657-21.md,-1,True
3981,0658-21,section_1,2021,Ordinance No. 0658-21.pdf,Thesis_Obsidian\Ordinances\2021\Ordinance No. 0658-21.md,57,False
3982,0658-21,section_2,2021,Ordinance No. 0658-21.pdf,Thesis_Obsidian\Ordinances\2021\Ordinance No. 0658-21.md,215,False
3983,0658-21,section_16,2021,Ordinance No. 0658-21.pdf,Thesis_Obsidian\Ordinances\2021\Ordinance No. 0658-21.md,127,False
3984,0658-21,section_3,2021,Ordinance No. 0658-21.pdf,Thesis_Obsidian\Ordinances\2021\Ordinance No. 0658-21.md,127,False
3985,0658-21,section_4,2021,Ordinance No. 0658-21.pdf,Thesis_Obsidian\Ordinances\2021\Ordinance No. 0658-21.md,134,False
3986,0658-21,section_5,2021,Ordinance No. 0658-21.pdf,Thesis_Obsidian\Ordinances\2021\Ordinance No. 0658-21.md,114,False
3987,0658-21,section_6,2021,Ordinance No. 0658-21.pdf,Thesis_Obsidian\Ordinances\2021\Ordinance No. 0658-21.md,0,False
3988,0659-21,section_1,2021,Ordinance No. 0659-21.pdf,Thesis_Obsidian\Ordinances\2021\Ordinance No. 0659-21.md,179,False
3989,0659-21,section_2,2021,Ordinance No. 0659-21.pdf,Thesis_Obsidian\Ordinances\2021\Ordinance No. 0659-21.md,21,False
3990,0659-21,section_3,2021,Ordinance No. 0659-21.pdf,Thesis_Obsidian\Ordinances\2021\Ordinance No. 0659-21.md,52,False
3991,0659-21,section_4,2021,Ordinance No. 0659-21.pdf,Thesis_Obsidian\Ordinances\2021\Ordinance No. 0659-21.md,-1,True
3992,0659-21,section_5,2021,Ordinance No. 0659-21.pdf,Thesis_Obsidian\Ordinances\2021\Ordinance No. 0659-21.md,18,False
3993,0659-21,section_6,2021,Ordinance No. 0659-21.pdf,Thesis_Obsidian\Ordinances\2021\Ordinance No. 0659-21.md,0,False
3994,0660-21,section_1,2021,Ordinance No. 0660-21.pdf,Thesis_Obsidian\Ordinances\2021\Ordinance No. 0660-21.md,212,False
3995,0660-21,section_2,2021,Ordinance No. 0660-21.pdf,Thesis_Obsidian\Ordinances\2021\Ordinance No. 0660-21.md,-1,True
3996,0660-21,section_455,2021,Ordinance No. 0660-21.pdf,Thesis_Obsidian\Ordinances\2021\Ordinance No. 0660-21.md,-1,True
3997,0660-21,section_3,2021,Ordinance No. 0660-21.pdf,Thesis_Obsidian\Ordinances\2021\Ordinance No. 0660-21.md,178,False
3998,0660-21,section_4,2021,Ordinance No. 0660-21.pdf,Thesis_Obsidian\Ordinances\2021\Ordinance No. 0660-21.md,16,False
3999,0660-21,section_5,2021,Ordinance No. 0660-21.pdf,Thesis_Obsidian\Ordinances\2021\Ordinance No. 0660-21.md,29,False
4000,0663-21,section_1,2021,Ordinance No. 0663-21.pdf,Thesis_Obsidian\Ordinances\2021\Ordinance No. 0663-21.md,-1,True
4001,0663-21,section_2,2021,Ordinance No. 0663-21.pdf,Thesis_Obsidian\Ordinances\2021\Ordinance No. 0663-21.md,112,False
4002,0663-21,section_455,2021,Ordinance No. 0663-21.pdf,Thesis_Obsidian\Ordinances\2021\Ordinance No. 0663-21.md,100,False
4003,0663-21,section_3,2021,Ordinance No. 0663-21.pdf,Thesis_Obsidian\Ordinances\2021\Ordinance No. 0663-21.md,7,False
4004,0663-21,section_4,2021,Ordinance No. 0663-21.pdf,Thesis_Obsidian\Ordinances\2021\Ordinance No. 0663-21.md,10,False
4005,0663-21,section_5,2021,Ordinance No. 0663-21.pdf,Thesis_Obsidian\Ordinances\2021\Ordinance No. 0663-21.md,49,False
4006,0665-21,section_1,2021,Ordinance No. 0665-21.pdf,Thesis_Obsidian\Ordinances\2021\Ordinance No. 0665-21.md,34,False
4007,0665-21,section_3,2021,Ordinance No. 0665-21.pdf,Thesis_Obsidian\Ordinances\2021\Ordinance No. 0665-21.md,7,False
4008,0665-21,section_2,2021,Ordinance No. 0665-21.pdf,Thesis_Obsidian\Ordinances\2021\Ordinance No. 0665-21.md,74,False
4009,0665-21,section_5,2021,Ordinance No. 0665-21.pdf,Thesis_Obsidian\Ordinances\2021\Ordinance No. 0665-21.md,49,False
4010,0669-21,section_1,2021,Ordinance No. 000669-21.pdf,Thesis_Obsidian\Ordinances\2021\Ordinance No. 0669-21.md,43,False
4011,0669-21,section_2,2021,Ordinance No. 000669-21.pdf,Thesis_Obsidian\Ordinances\2021\Ordinance No. 0669-21.md,215,False
4012,0669-21,section_455,2021,Ordinance No. 000669-21.pdf,Thesis_Obsidian\Ordinances\2021\Ordinance No. 0669-21.md,33,False
4013,0669-21,section_3,2021,Ordinance No. 000669-21.pdf,Thesis_Obsidian\Ordinances\2021\Ordinance No. 0669-21.md,7,False
4014,0669-21,section_4,2021,Ordinance No. 000669-21.pdf,Thesis_Obsidian\Ordinances\2021\Ordinance No. 0669-21.md,231,False
4015,0669-21,section_5,2021,Ordinance No. 000669-21.pdf,Thesis_Obsidian\Ordinances\2021\Ordinance No. 0669-21.md,49,False
4016,0680-21,section_1,2021,Ordinance No. 000680-21.pdf,Thesis_Obsidian\Ordinances\2021\Ordinance No. 0680-21.md,26,False
4017,0680-21,section_2,2021,Ordinance No. 000680-21.pdf,Thesis_Obsidian\Ordinances\2021\Ordinance No. 0680-21.md,-1,True
4018,0680-21,section_3,2021,Ordinance No. 000680-21.pdf,Thesis_Obsidian\Ordinances\2021\Ordinance No. 0680-21.md,-1,True
4019,0680-21,section_4,2021,Ordinance No. 000680-21.pdf,Thesis_Obsidian\Ordinances\2021\Ordinance No. 0680-21.md,44,False
4020,0680-21,section_6,2021,Ordinance No. 000680-21.pdf,Thesis_Obsidian\Ordinances\2021\Ordinance No. 0680-21.md,194,False
4021,0680-21,section_5,2021,Ordinance No. 000680-21.pdf,Thesis_Obsidian\Ordinances\2021\Ordinance No. 0680-21.md,-1,True
4022,0680-21,section_8,2021,Ordinance No. 000680-21.pdf,Thesis_Obsidian\Ordinances\2021\Ordinance No. 0680-21.md,44,False
4023,0680-21,section_9,2021,Ordinance No. 000680-21.pdf,Thesis_Obsidian\Ordinances\2021\Ordinance No. 0680-21.md,221,False
4024,0680-21,section_10,2021,Ordinance No. 000680-21.pdf,Thesis_Obsidian\Ordinances\2021\Ordinance No. 0680-21.md,-1,True
4025,0680-21,section_11,2021,Ordinance No. 000680-21.pdf,Thesis_Obsidian\Ordinances\2021\Ordinance No. 0680-21.md,14,False
4026,0680-21,section_12,2021,Ordinance No. 000680-21.pdf,Thesis_Obsidian\Ordinances\2021\Ordinance No. 0680-21.md,155,False
4027,0680-21,section_13,2021,Ordinance No. 000680-21.pdf,Thesis_Obsidian\Ordinances\2021\Ordinance No. 0680-21.md,155,False
4028,0680-21,section_14,2021,Ordinance No. 000680-21.pdf,Thesis_Obsidian\Ordinances\2021\Ordinance No. 0680-21.md,155,False
4029,0680-21,section_15,2021,Ordinance No. 000680-21.pdf,Thesis_Obsidian\Ordinances\2021\Ordinance No. 0680-21.md,-1,True
4030,0680-21,section_16,2021,Ordinance No. 000680-21.pdf,Thesis_Obsidian\Ordinances\2021\Ordinance No. 0680-21.md,-1,True
4031,0680-21,section_17,2021,Ordinance No. 000680-21.pdf,Thesis_Obsidian\Ordinances\2021\Ordinance No. 0680-21.md,30,False
4032,0680-21,section_18,2021,Ordinance No. 000680-21.pdf,Thesis_Obsidian\Ordinances\2021\Ordinance No. 0680-21.md,88,False
4033,0680-21,section_19,2021,Ordinance No. 000680-21.pdf,Thesis_Obsidian\Ordinances\2021\Ordinance No. 0680-21.md,256,False
4034,0680-21,section_20,2021,Ordinance No. 000680-21.pdf,Thesis_Obsidian\Ordinances\2021\Ordinance No. 0680-21.md,0,False
4035,0685-21,section_5,2021,Ordinance No. 000685-21.pdf,Thesis_Obsidian\Ordinances\2021\Ordinance No. 0685-21.md,228,False
4036,0690-21,section_1,2021,Ordinance No. 000690-21.pdf,Thesis_Obsidian\Ordinances\2021\Ordinance No. 0690-21.md,-1,True
4037,0690-21,section_2,2021,Ordinance No. 000690-21.pdf,Thesis_Obsidian\Ordinances\2021\Ordinance No. 0690-21.md,33,False
4038,0690-21,section_3,2021,Ordinance No. 000690-21.pdf,Thesis_Obsidian\Ordinances\2021\Ordinance No. 0690-21.md,4,False
4039,0690-21,section_4,2021,Ordinance No. 000690-21.pdf,Thesis_Obsidian\Ordinances\2021\Ordinance No. 0690-21.md,219,False
4040,0690-21,section_5,2021,Ordinance No. 000690-21.pdf,Thesis_Obsidian\Ordinances\2021\Ordinance No. 0690-21.md,228,False
4041,0711-21,section_1,2021,Ordinance No. 000711-21.pdf,Thesis_Obsidian\Ordinances\2021\Ordinance No. 0711-21.md,94,False
4042,0711-21,section_3,2021,Ordinance No. 000711-21.pdf,Thesis_Obsidian\Ordinances\2021\Ordinance No. 0711-21.md,94,False
4043,0711-21,section_4,2021,Ordinance No. 000711-21.pdf,Thesis_Obsidian\Ordinances\2021\Ordinance No. 0711-21.md,74,False
4044,0711-21,section_5,2021,Ordinance No. 000711-21.pdf,Thesis_Obsidian\Ordinances\2021\Ordinance No. 0711-21.md,214,False
4045,0846-21,section_1,2021,Ordinance No. 000846-21.pdf,Thesis_Obsidian\Ordinances\2021\Ordinance No. 0846-21.md,193,False
4046,0846-21,section_2,2021,Ordinance No. 000846-21.pdf,Thesis_Obsidian\Ordinances\2021\Ordinance No. 0846-21.md,64,False
4047,0846-21,section_22,2021,Ordinance No. 000846-21.pdf,Thesis_Obsidian\Ordinances\2021\Ordinance No. 0846-21.md,249,False
4048,0846-21,section_455,2021,Ordinance No. 000846-21.pdf,Thesis_Obsidian\Ordinances\2021\Ordinance No. 0846-21.md,143,False
4049,0846-21,section_4,2021,Ordinance No. 000846-21.pdf,Thesis_Obsidian\Ordinances\2021\Ordinance No. 0846-21.md,232,False
4050,087-19,section_1,2021,Ordinance No. 087-19 (1).pdf,Thesis_Obsidian\Ordinances\2021\Ordinance No. 087-19.md,77,False
4051,087-19,section_2,2021,Ordinance No. 087-19 (1).pdf,Thesis_Obsidian\Ordinances\2021\Ordinance No. 087-19.md,119,False
4052,087-19,section_3,2021,Ordinance No. 087-19 (1).pdf,Thesis_Obsidian\Ordinances\2021\Ordinance No. 087-19.md,42,False
4053,087-19,section_4,2021,Ordinance No. 087-19 (1).pdf,Thesis_Obsidian\Ordinances\2021\Ordinance No. 087-19.md,107,False
4054,087-19,section_5,2021,Ordinance No. 087-19 (1).pdf,Thesis_Obsidian\Ordinances\2021\Ordinance No. 087-19.md,65,False
4055,087-19,section_6,2021,Ordinance No. 087-19 (1).pdf,Thesis_Obsidian\Ordinances\2021\Ordinance No. 087-19.md,1,False
4056,Ordinance No. 000003-22,section_1,2022,Ordinance No. 000003-22.pdf,Thesis_Obsidian\Ordinances\2022\Ordinance No. 000003-22.md,15,False
4057,Ordinance No. 000003-22,section_2,2022,Ordinance No. 000003-22.pdf,Thesis_Obsidian\Ordinances\2022\Ordinance No. 000003-22.md,12,False
4058,Ordinance No. 000003-22,section_3,2022,Ordinance No. 000003-22.pdf,Thesis_Obsidian\Ordinances\2022\Ordinance No. 000003-22.md,-1,True
4059,Ordinance No. 000003-22,section_4,2022,Ordinance No. 000003-22.pdf,Thesis_Obsidian\Ordinances\2022\Ordinance No. 000003-22.md,16,False
4060,Ordinance No. 000003-22,section_5,2022,Ordinance No. 000003-22.pdf,Thesis_Obsidian\Ordinances\2022\Ordinance No. 000003-22.md,8,False
4061,Ordinance No. 000004-22,section_1,2022,Ordinance No. 000004-22.pdf,Thesis_Obsidian\Ordinances\2022\Ordinance No. 000004-22.md,105,False
4062,Ordinance No. 000004-22,section_2,2022,Ordinance No. 000004-22.pdf,Thesis_Obsidian\Ordinances\2022\Ordinance No. 000004-22.md,13,False
4063,Ordinance No. 000004-22,section_3,2022,Ordinance No. 000004-22.pdf,Thesis_Obsidian\Ordinances\2022\Ordinance No. 000004-22.md,105,False
4064,Ordinance No. 000004-22,section_4,2022,Ordinance No. 000004-22.pdf,Thesis_Obsidian\Ordinances\2022\Ordinance No. 000004-22.md,252,False
4065,Ordinance No. 000004-22,section_5,2022,Ordinance No. 000004-22.pdf,Thesis_Obsidian\Ordinances\2022\Ordinance No. 000004-22.md,105,False
4066,Ordinance No. 000007-22,section_1,2022,Ordinance No. 000007-22.pdf,Thesis_Obsidian\Ordinances\2022\Ordinance No. 000007-22.md,117,False
4067,Ordinance No. 000007-22,section_2,2022,Ordinance No. 000007-22.pdf,Thesis_Obsidian\Ordinances\2022\Ordinance No. 000007-22.md,37,False
4068,Ordinance No. 000007-22,section_3,2022,Ordinance No. 000007-22.pdf,Thesis_Obsidian\Ordinances\2022\Ordinance No. 000007-22.md,198,False
4069,Ordinance No. 000007-22,section_4,2022,Ordinance No. 000007-22.pdf,Thesis_Obsidian\Ordinances\2022\Ordinance No. 000007-22.md,205,False
4070,Ordinance No. 000007-22,section_5,2022,Ordinance No. 000007-22.pdf,Thesis_Obsidian\Ordinances\2022\Ordinance No. 000007-22.md,8,False
4071,Ordinance No. 000008-22,section_1,2022,Ordinance No. 000008-22.pdf,Thesis_Obsidian\Ordinances\2022\Ordinance No. 000008-22.md,15,False
4072,Ordinance No. 000008-22,section_2,2022,Ordinance No. 000008-22.pdf,Thesis_Obsidian\Ordinances\2022\Ordinance No. 000008-22.md,37,False
4073,Ordinance No. 000008-22,section_3,2022,Ordinance No. 000008-22.pdf,Thesis_Obsidian\Ordinances\2022\Ordinance No. 000008-22.md,22,False
4074,Ordinance No. 000008-22,section_4,2022,Ordinance No. 000008-22.pdf,Thesis_Obsidian\Ordinances\2022\Ordinance No. 000008-22.md,211,False
4075,Ordinance No. 000008-22,section_5,2022,Ordinance No. 000008-22.pdf,Thesis_Obsidian\Ordinances\2022\Ordinance No. 000008-22.md,8,False
4076,Ordinance No. 000010-22,section_1,2022,Ordinance No. 000010-22.pdf,Thesis_Obsidian\Ordinances\2022\Ordinance No. 000010-22.md,80,False
4077,Ordinance No. 000010-22,section_2,2022,Ordinance No. 000010-22.pdf,Thesis_Obsidian\Ordinances\2022\Ordinance No. 000010-22.md,13,False
4078,Ordinance No. 000010-22,section_3,2022,Ordinance No. 000010-22.pdf,Thesis_Obsidian\Ordinances\2022\Ordinance No. 000010-22.md,80,False
4079,Ordinance No. 000010-22,section_4,2022,Ordinance No. 000010-22.pdf,Thesis_Obsidian\Ordinances\2022\Ordinance No. 000010-22.md,74,False
4080,Ordinance No. 000010-22,section_5,2022,Ordinance No. 000010-22.pdf,Thesis_Obsidian\Ordinances\2022\Ordinance No. 000010-22.md,8,False
4081,Ordinance No. 000011-22,section_1,2022,Ordinance No. 000011-22.pdf,Thesis_Obsidian\Ordinances\2022\Ordinance No. 000011-22.md,51,False
4082,Ordinance No. 000011-22,section_2,2022,Ordinance No. 000011-22.pdf,Thesis_Obsidian\Ordinances\2022\Ordinance No. 000011-22.md,51,False
4083,Ordinance No. 000011-22,section_3,2022,Ordinance No. 000011-22.pdf,Thesis_Obsidian\Ordinances\2022\Ordinance No. 000011-22.md,187,False
4084,Ordinance No. 000013-22,section_1,2022,Ordinance No. 000013-22.pdf,Thesis_Obsidian\Ordinances\2022\Ordinance No. 000013-22.md,127,False
4085,Ordinance No. 000013-22,section_2,2022,Ordinance No. 000013-22.pdf,Thesis_Obsidian\Ordinances\2022\Ordinance No. 000013-22.md,79,False
4086,Ordinance No. 000013-22,section_3,2022,Ordinance No. 000013-22.pdf,Thesis_Obsidian\Ordinances\2022\Ordinance No. 000013-22.md,127,False
4087,Ordinance No. 000013-22,section_4,2022,Ordinance No. 000013-22.pdf,Thesis_Obsidian\Ordinances\2022\Ordinance No. 000013-22.md,95,False
4088,Ordinance No. 000013-22,section_5,2022,Ordinance No. 000013-22.pdf,Thesis_Obsidian\Ordinances\2022\Ordinance No. 000013-22.md,127,False
4089,Ordinance No. 000014-22,section_1,2022,Ordinance No. 000014-22.pdf,Thesis_Obsidian\Ordinances\2022\Ordinance No. 000014-22.md,127,False
4090,Ordinance No. 000014-22,section_2,2022,Ordinance No. 000014-22.pdf,Thesis_Obsidian\Ordinances\2022\Ordinance No. 000014-22.md,79,False
4091,Ordinance No. 000014-22,section_3,2022,Ordinance No. 000014-22.pdf,Thesis_Obsidian\Ordinances\2022\Ordinance No. 000014-22.md,127,False
4092,Ordinance No. 000014-22,section_4,2022,Ordinance No. 000014-22.pdf,Thesis_Obsidian\Ordinances\2022\Ordinance No. 000014-22.md,128,False
4093,Ordinance No. 000014-22,section_5,2022,Ordinance No. 000014-22.pdf,Thesis_Obsidian\Ordinances\2022\Ordinance No. 000014-22.md,127,False
4094,Ordinance No. 000030-22,section_1,2022,Ordinance No. 000030-22.pdf,Thesis_Obsidian\Ordinances\2022\Ordinance No. 000030-22.md,173,False
4095,Ordinance No. 000030-22,section_3,2022,Ordinance No. 000030-22.pdf,Thesis_Obsidian\Ordinances\2022\Ordinance No. 000030-22.md,42,False
4096,Ordinance No. 000030-22,section_4,2022,Ordinance No. 000030-22.pdf,Thesis_Obsidian\Ordinances\2022\Ordinance No. 000030-22.md,-1,True
4097,Ordinance No. 000030-22,section_5,2022,Ordinance No. 000030-22.pdf,Thesis_Obsidian\Ordinances\2022\Ordinance No. 000030-22.md,197,False
4098,Ordinance No. 000030-22,section_6,2022,Ordinance No. 000030-22.pdf,Thesis_Obsidian\Ordinances\2022\Ordinance No. 000030-22.md,1,False
4099,Ordinance No. 000789-21,section_2,2022,Ordinance No. 000789-21.pdf,Thesis_Obsidian\Ordinances\2022\Ordinance No. 000789-21.md,94,False
4100,Ordinance No. 000789-21,section_4,2022,Ordinance No. 000789-21.pdf,Thesis_Obsidian\Ordinances\2022\Ordinance No. 000789-21.md,214,False
4101,Ordinance No. 000854-22,section_1,2022,Ordinance No. 000854-22.pdf,Thesis_Obsidian\Ordinances\2022\Ordinance No. 000854-22.md,5,False
4102,Ordinance No. 000854-22,section_2,2022,Ordinance No. 000854-22.pdf,Thesis_Obsidian\Ordinances\2022\Ordinance No. 000854-22.md,5,False
4103,Ordinance No. 000854-22,section_3,2022,Ordinance No. 000854-22.pdf,Thesis_Obsidian\Ordinances\2022\Ordinance No. 000854-22.md,5,False
4104,Ordinance No. 000854-22,section_4,2022,Ordinance No. 000854-22.pdf,Thesis_Obsidian\Ordinances\2022\Ordinance No. 000854-22.md,5,False
4105,Ordinance No. 000854-22,section_5,2022,Ordinance No. 000854-22.pdf,Thesis_Obsidian\Ordinances\2022\Ordinance No. 000854-22.md,5,False
4106,Ordinance No. 000854-22,section_6,2022,Ordinance No. 000854-22.pdf,Thesis_Obsidian\Ordinances\2022\Ordinance No. 000854-22.md,5,False
4107,Ordinance No. 000854-22,section_7,2022,Ordinance No. 000854-22.pdf,Thesis_Obsidian\Ordinances\2022\Ordinance No. 000854-22.md,5,False
4108,Ordinance No. 000854-22,section_8,2022,Ordinance No. 000854-22.pdf,Thesis_Obsidian\Ordinances\2022\Ordinance No. 000854-22.md,5,False
4109,Ordinance No. 000854-22,section_9,2022,Ordinance No. 000854-22.pdf,Thesis_Obsidian\Ordinances\2022\Ordinance No. 000854-22.md,5,False
4110,Ordinance No. 000854-22,section_10,2022,Ordinance No. 000854-22.pdf,Thesis_Obsidian\Ordinances\2022\Ordinance No. 000854-22.md,5,False
4111,Ordinance No. 000854-22,section_11,2022,Ordinance No. 000854-22.pdf,Thesis_Obsidian\Ordinances\2022\Ordinance No. 000854-22.md,5,False
4112,Ordinance No. 000854-22,section_12,2022,Ordinance No. 000854-22.pdf,Thesis_Obsidian\Ordinances\2022\Ordinance No. 000854-22.md,5,False
4113,Ordinance No. 000854-22,section_13,2022,Ordinance No. 000854-22.pdf,Thesis_Obsidian\Ordinances\2022\Ordinance No. 000854-22.md,5,False
4114,Ordinance No. 000854-22,section_14,2022,Ordinance No. 000854-22.pdf,Thesis_Obsidian\Ordinances\2022\Ordinance No. 000854-22.md,5,False
4115,Ordinance No. 000854-22,section_15,2022,Ordinance No. 000854-22.pdf,Thesis_Obsidian\Ordinances\2022\Ordinance No. 000854-22.md,5,False
4116,Ordinance No. 000854-22,section_16,2022,Ordinance No. 000854-22.pdf,Thesis_Obsidian\Ordinances\2022\Ordinance No. 000854-22.md,5,False
4117,Ordinance No. 000854-22,section_17,2022,Ordinance No. 000854-22.pdf,Thesis_Obsidian\Ordinances\2022\Ordinance No. 000854-22.md,40,False
4118,Ordinance No. 000854-22,section_18,2022,Ordinance No. 000854-22.pdf,Thesis_Obsidian\Ordinances\2022\Ordinance No. 000854-22.md,5,False
4119,Ordinance No. 000854-22,section_19,2022,Ordinance No. 000854-22.pdf,Thesis_Obsidian\Ordinances\2022\Ordinance No. 000854-22.md,5,False
4120,Ordinance No. 000854-22,section_20,2022,Ordinance No. 000854-22.pdf,Thesis_Obsidian\Ordinances\2022\Ordinance No. 000854-22.md,5,False
4121,Ordinance No. 000854-22,section_21,2022,Ordinance No. 000854-22.pdf,Thesis_Obsidian\Ordinances\2022\Ordinance No. 000854-22.md,-1,True
4122,Ordinance No. 000854-22,section_22,2022,Ordinance No. 000854-22.pdf,Thesis_Obsidian\Ordinances\2022\Ordinance No. 000854-22.md,5,False
4123,Ordinance No. 000854-22,section_23,2022,Ordinance No. 000854-22.pdf,Thesis_Obsidian\Ordinances\2022\Ordinance No. 000854-22.md,-1,True
4124,Ordinance No. 000854-22,section_24,2022,Ordinance No. 000854-22.pdf,Thesis_Obsidian\Ordinances\2022\Ordinance No. 000854-22.md,-1,True
4125,Ordinance No. 000854-22,section_25,2022,Ordinance No. 000854-22.pdf,Thesis_Obsidian\Ordinances\2022\Ordinance No. 000854-22.md,233,False
4126,Ordinance No. 000854-22,section_26,2022,Ordinance No. 000854-22.pdf,Thesis_Obsidian\Ordinances\2022\Ordinance No. 000854-22.md,126,False
4127,Ordinance No. 000854-22,section_27,2022,Ordinance No. 000854-22.pdf,Thesis_Obsidian\Ordinances\2022\Ordinance No. 000854-22.md,54,False
4128,Ordinance No. 000856-22,section_1,2022,Ordinance No. 000856-22.pdf,Thesis_Obsidian\Ordinances\2022\Ordinance No. 000856-22.md,212,False
4129,Ordinance No. 000856-22,section_2,2022,Ordinance No. 000856-22.pdf,Thesis_Obsidian\Ordinances\2022\Ordinance No. 000856-22.md,-1,True
4130,Ordinance No. 000856-22,section_455,2022,Ordinance No. 000856-22.pdf,Thesis_Obsidian\Ordinances\2022\Ordinance No. 000856-22.md,85,False
4131,Ordinance No. 000856-22,section_3,2022,Ordinance No. 000856-22.pdf,Thesis_Obsidian\Ordinances\2022\Ordinance No. 000856-22.md,178,False
4132,Ordinance No. 000856-22,section_5,2022,Ordinance No. 000856-22.pdf,Thesis_Obsidian\Ordinances\2022\Ordinance No. 000856-22.md,232,False
4133,Ordinance No. 000869-22,section_1,2022,Ordinance No. 000869-22.pdf,Thesis_Obsidian\Ordinances\2022\Ordinance No. 000869-22.md,61,False
4134,Ordinance No. 000869-22,section_2,2022,Ordinance No. 000869-22.pdf,Thesis_Obsidian\Ordinances\2022\Ordinance No. 000869-22.md,243,False
4135,Ordinance No. 000869-22,section_455,2022,Ordinance No. 000869-22.pdf,Thesis_Obsidian\Ordinances\2022\Ordinance No. 000869-22.md,245,False
4136,Ordinance No. 000869-22,section_22,2022,Ordinance No. 000869-22.pdf,Thesis_Obsidian\Ordinances\2022\Ordinance No. 000869-22.md,262,False
4137,Ordinance No. 000869-22,section_3,2022,Ordinance No. 000869-22.pdf,Thesis_Obsidian\Ordinances\2022\Ordinance No. 000869-22.md,60,False
4138,Ordinance No. 000869-22,section_4,2022,Ordinance No. 000869-22.pdf,Thesis_Obsidian\Ordinances\2022\Ordinance No. 000869-22.md,3,False
4139,Ordinance No. 000869-22,section_5,2022,Ordinance No. 000869-22.pdf,Thesis_Obsidian\Ordinances\2022\Ordinance No. 000869-22.md,111,False
4140,Ordinance No. 000870-22,section_1,2022,Ordinance No. 000870-22.pdf,Thesis_Obsidian\Ordinances\2022\Ordinance No. 000870-22.md,61,False
4141,Ordinance No. 000870-22,section_2,2022,Ordinance No. 000870-22.pdf,Thesis_Obsidian\Ordinances\2022\Ordinance No. 000870-22.md,217,False
4142,Ordinance No. 000870-22,section_455,2022,Ordinance No. 000870-22.pdf,Thesis_Obsidian\Ordinances\2022\Ordinance No. 000870-22.md,245,False
4143,Ordinance No. 000870-22,section_22,2022,Ordinance No. 000870-22.pdf,Thesis_Obsidian\Ordinances\2022\Ordinance No. 000870-22.md,262,False
4144,Ordinance No. 000870-22,section_3,2022,Ordinance No. 000870-22.pdf,Thesis_Obsidian\Ordinances\2022\Ordinance No. 000870-22.md,60,False
4145,Ordinance No. 000870-22,section_4,2022,Ordinance No. 000870-22.pdf,Thesis_Obsidian\Ordinances\2022\Ordinance No. 000870-22.md,219,False
4146,Ordinance No. 000870-22,section_5,2022,Ordinance No. 000870-22.pdf,Thesis_Obsidian\Ordinances\2022\Ordinance No. 000870-22.md,111,False
4147,Ordinance No. 000877-22,section_1,2022,Ordinance No. 000877-22.pdf,Thesis_Obsidian\Ordinances\2022\Ordinance No. 000877-22.md,-1,True
4148,Ordinance No. 000877-22,section_2,2022,Ordinance No. 000877-22.pdf,Thesis_Obsidian\Ordinances\2022\Ordinance No. 000877-22.md,84,False
4149,Ordinance No. 000877-22,section_3,2022,Ordinance No. 000877-22.pdf,Thesis_Obsidian\Ordinances\2022\Ordinance No. 000877-22.md,84,False
4150,Ordinance No. 000877-22,section_5,2022,Ordinance No. 000877-22.pdf,Thesis_Obsidian\Ordinances\2022\Ordinance No. 000877-22.md,0,False
4151,Ordinance No. 000877-22,section_4,2022,Ordinance No. 000877-22.pdf,Thesis_Obsidian\Ordinances\2022\Ordinance No. 000877-22.md,56,False
4152,Ordinance No. 000878-22,section_1,2022,Ordinance No. 000878-22.pdf,Thesis_Obsidian\Ordinances\2022\Ordinance No. 000878-22.md,61,False
4153,Ordinance No. 000878-22,section_2,2022,Ordinance No. 000878-22.pdf,Thesis_Obsidian\Ordinances\2022\Ordinance No. 000878-22.md,34,False
4154,Ordinance No. 000878-22,section_4,2022,Ordinance No. 000878-22.pdf,Thesis_Obsidian\Ordinances\2022\Ordinance No. 000878-22.md,128,False
4155,Ordinance No. 000878-22,section_5,2022,Ordinance No. 000878-22.pdf,Thesis_Obsidian\Ordinances\2022\Ordinance No. 000878-22.md,111,False
4156,Ordinance No. 000882-22,section_1,2022,Ordinance No. 000882-22.pdf,Thesis_Obsidian\Ordinances\2022\Ordinance No. 000882-22.md,51,False
4157,Ordinance No. 000882-22,section_3,2022,Ordinance No. 000882-22.pdf,Thesis_Obsidian\Ordinances\2022\Ordinance No. 000882-22.md,187,False
4158,Ordinance No. 000883-22,section_2,2022,Ordinance No. 000883-22.pdf,Thesis_Obsidian\Ordinances\2022\Ordinance No. 000883-22.md,144,False
4159,Ordinance No. 000883-22,section_3,2022,Ordinance No. 000883-22.pdf,Thesis_Obsidian\Ordinances\2022\Ordinance No. 000883-22.md,187,False
4160,Ordinance No. 000886-22,section_2,2022,Ordinance No. 000886-22.pdf,Thesis_Obsidian\Ordinances\2022\Ordinance No. 000886-22.md,-1,True
4161,Ordinance No. 000886-22,section_4,2022,Ordinance No. 000886-22.pdf,Thesis_Obsidian\Ordinances\2022\Ordinance No. 000886-22.md,38,False
4162,Ordinance No. 000886-22,section_5,2022,Ordinance No. 000886-22.pdf,Thesis_Obsidian\Ordinances\2022\Ordinance No. 000886-22.md,232,False
4163,Ordinance No. 000887-22,section_1,2022,Ordinance No. 000887-22.pdf,Thesis_Obsidian\Ordinances\2022\Ordinance No. 000887-22.md,43,False
4164,Ordinance No. 000887-22,section_2,2022,Ordinance No. 000887-22.pdf,Thesis_Obsidian\Ordinances\2022\Ordinance No. 000887-22.md,64,False
4165,Ordinance No. 000887-22,section_16,2022,Ordinance No. 000887-22.pdf,Thesis_Obsidian\Ordinances\2022\Ordinance No. 000887-22.md,32,False
4166,Ordinance No. 000887-22,section_455,2022,Ordinance No. 000887-22.pdf,Thesis_Obsidian\Ordinances\2022\Ordinance No. 000887-22.md,143,False
4167,Ordinance No. 000887-22,section_4,2022,Ordinance No. 000887-22.pdf,Thesis_Obsidian\Ordinances\2022\Ordinance No. 000887-22.md,9,False
4168,Ordinance No. 000887-22,section_5,2022,Ordinance No. 000887-22.pdf,Thesis_Obsidian\Ordinances\2022\Ordinance No. 000887-22.md,49,False
4169,Ordinance No. 000890-22,section_2,2022,Ordinance No. 000890-22.pdf,Thesis_Obsidian\Ordinances\2022\Ordinance No. 000890-22.md,246,False
4170,Ordinance No. 000890-22,section_3,2022,Ordinance No. 000890-22.pdf,Thesis_Obsidian\Ordinances\2022\Ordinance No. 000890-22.md,248,False
4171,Ordinance No. 000890-22,section_4,2022,Ordinance No. 000890-22.pdf,Thesis_Obsidian\Ordinances\2022\Ordinance No. 000890-22.md,121,False
4172,Ordinance No. 000890-22,section_5,2022,Ordinance No. 000890-22.pdf,Thesis_Obsidian\Ordinances\2022\Ordinance No. 000890-22.md,121,False
4173,Ordinance No. 000890-22,section_6,2022,Ordinance No. 000890-22.pdf,Thesis_Obsidian\Ordinances\2022\Ordinance No. 000890-22.md,190,False
4174,Ordinance No. 000890-22,section_7,2022,Ordinance No. 000890-22.pdf,Thesis_Obsidian\Ordinances\2022\Ordinance No. 000890-22.md,202,False
4175,Ordinance No. 000890-22,section_8,2022,Ordinance No. 000890-22.pdf,Thesis_Obsidian\Ordinances\2022\Ordinance No. 000890-22.md,3,False
4176,Ordinance No. 000890-22,section_9,2022,Ordinance No. 000890-22.pdf,Thesis_Obsidian\Ordinances\2022\Ordinance No. 000890-22.md,-1,True
4177,Ordinance No. 000891-22,section_1,2022,Ordinance No. 000891-22.pdf,Thesis_Obsidian\Ordinances\2022\Ordinance No. 000891-22.md,159,False
4178,Ordinance No. 000891-22,section_2,2022,Ordinance No. 000891-22.pdf,Thesis_Obsidian\Ordinances\2022\Ordinance No. 000891-22.md,159,False
4179,Ordinance No. 000891-22,section_3,2022,Ordinance No. 000891-22.pdf,Thesis_Obsidian\Ordinances\2022\Ordinance No. 000891-22.md,159,False
4180,Ordinance No. 000891-22,section_5,2022,Ordinance No. 000891-22.pdf,Thesis_Obsidian\Ordinances\2022\Ordinance No. 000891-22.md,159,False
4181,Ordinance No. 000891-22,section_6,2022,Ordinance No. 000891-22.pdf,Thesis_Obsidian\Ordinances\2022\Ordinance No. 000891-22.md,159,False
4182,Ordinance No. 000891-22,section_8,2022,Ordinance No. 000891-22.pdf,Thesis_Obsidian\Ordinances\2022\Ordinance No. 000891-22.md,159,False
4183,Ordinance No. 000891-22,section_9,2022,Ordinance No. 000891-22.pdf,Thesis_Obsidian\Ordinances\2022\Ordinance No. 000891-22.md,159,False
4184,Ordinance No. 000891-22,section_11,2022,Ordinance No. 000891-22.pdf,Thesis_Obsidian\Ordinances\2022\Ordinance No. 000891-22.md,159,False
4185,Ordinance No. 000891-22,section_12,2022,Ordinance No. 000891-22.pdf,Thesis_Obsidian\Ordinances\2022\Ordinance No. 000891-22.md,40,False
4186,Ordinance No. 000891-22,section_13,2022,Ordinance No. 000891-22.pdf,Thesis_Obsidian\Ordinances\2022\Ordinance No. 000891-22.md,159,False
4187,Ordinance No. 000891-22,section_77,2022,Ordinance No. 000891-22.pdf,Thesis_Obsidian\Ordinances\2022\Ordinance No. 000891-22.md,-1,True
4188,Ordinance No. 000891-22,section_14,2022,Ordinance No. 000891-22.pdf,Thesis_Obsidian\Ordinances\2022\Ordinance No. 000891-22.md,159,False
4189,Ordinance No. 000891-22,section_15,2022,Ordinance No. 000891-22.pdf,Thesis_Obsidian\Ordinances\2022\Ordinance No. 000891-22.md,159,False
4190,Ordinance No. 000891-22,section_16,2022,Ordinance No. 000891-22.pdf,Thesis_Obsidian\Ordinances\2022\Ordinance No. 000891-22.md,88,False
4191,Ordinance No. 000891-22,section_17,2022,Ordinance No. 000891-22.pdf,Thesis_Obsidian\Ordinances\2022\Ordinance No. 000891-22.md,157,False
4192,Ordinance No. 000891-22,section_18,2022,Ordinance No. 000891-22.pdf,Thesis_Obsidian\Ordinances\2022\Ordinance No. 000891-22.md,30,False
4193,Ordinance No. 000891-22,section_19,2022,Ordinance No. 000891-22.pdf,Thesis_Obsidian\Ordinances\2022\Ordinance No. 000891-22.md,0,False
4194,Ordinance No. 000894-22,section_1,2022,Ordinance No. 000894-22.pdf,Thesis_Obsidian\Ordinances\2022\Ordinance No. 000894-22.md,43,False
4195,Ordinance No. 000894-22,section_2,2022,Ordinance No. 000894-22.pdf,Thesis_Obsidian\Ordinances\2022\Ordinance No. 000894-22.md,64,False
4196,Ordinance No. 000894-22,section_22,2022,Ordinance No. 000894-22.pdf,Thesis_Obsidian\Ordinances\2022\Ordinance No. 000894-22.md,101,False
4197,Ordinance No. 000894-22,section_3,2022,Ordinance No. 000894-22.pdf,Thesis_Obsidian\Ordinances\2022\Ordinance No. 000894-22.md,7,False
4198,Ordinance No. 000894-22,section_4,2022,Ordinance No. 000894-22.pdf,Thesis_Obsidian\Ordinances\2022\Ordinance No. 000894-22.md,231,False
4199,Ordinance No. 000894-22,section_5,2022,Ordinance No. 000894-22.pdf,Thesis_Obsidian\Ordinances\2022\Ordinance No. 000894-22.md,49,False
4200,Ordinance No. 000896-22,section_1,2022,Ordinance No. 000896-22.pdf,Thesis_Obsidian\Ordinances\2022\Ordinance No. 000896-22.md,193,False
4201,Ordinance No. 000896-22,section_2,2022,Ordinance No. 000896-22.pdf,Thesis_Obsidian\Ordinances\2022\Ordinance No. 000896-22.md,34,False
4202,Ordinance No. 000896-22,section_3,2022,Ordinance No. 000896-22.pdf,Thesis_Obsidian\Ordinances\2022\Ordinance No. 000896-22.md,193,False
4203,Ordinance No. 000896-22,section_4,2022,Ordinance No. 000896-22.pdf,Thesis_Obsidian\Ordinances\2022\Ordinance No. 000896-22.md,39,False
4204,Ordinance No. 000896-22,section_5,2022,Ordinance No. 000896-22.pdf,Thesis_Obsidian\Ordinances\2022\Ordinance No. 000896-22.md,240,False
4205,Ordinance No. 000898-22,section_1,2022,Ordinance No. 000898-22.pdf,Thesis_Obsidian\Ordinances\2022\Ordinance No. 000898-22.md,26,False
4206,Ordinance No. 000898-22,section_2,2022,Ordinance No. 000898-22.pdf,Thesis_Obsidian\Ordinances\2022\Ordinance No. 000898-22.md,125,False
4207,Ordinance No. 000898-22,section_3,2022,Ordinance No. 000898-22.pdf,Thesis_Obsidian\Ordinances\2022\Ordinance No. 000898-22.md,125,False
4208,Ordinance No. 000898-22,section_4,2022,Ordinance No. 000898-22.pdf,Thesis_Obsidian\Ordinances\2022\Ordinance No. 000898-22.md,125,False
4209,Ordinance No. 000898-22,section_5,2022,Ordinance No. 000898-22.pdf,Thesis_Obsidian\Ordinances\2022\Ordinance No. 000898-22.md,93,False
4210,Ordinance No. 000898-22,section_6,2022,Ordinance No. 000898-22.pdf,Thesis_Obsidian\Ordinances\2022\Ordinance No. 000898-22.md,125,False
4211,Ordinance No. 000898-22,section_7,2022,Ordinance No. 000898-22.pdf,Thesis_Obsidian\Ordinances\2022\Ordinance No. 000898-22.md,30,False
4212,Ordinance No. 000898-22,section_8,2022,Ordinance No. 000898-22.pdf,Thesis_Obsidian\Ordinances\2022\Ordinance No. 000898-22.md,-1,True
4213,Ordinance No. 000898-22,section_9,2022,Ordinance No. 000898-22.pdf,Thesis_Obsidian\Ordinances\2022\Ordinance No. 000898-22.md,30,False
4214,Ordinance No. 000898-22,section_10,2022,Ordinance No. 000898-22.pdf,Thesis_Obsidian\Ordinances\2022\Ordinance No. 000898-22.md,14,False
4215,Ordinance No. 000898-22,section_11,2022,Ordinance No. 000898-22.pdf,Thesis_Obsidian\Ordinances\2022\Ordinance No. 000898-22.md,155,False
4216,Ordinance No. 000898-22,section_12,2022,Ordinance No. 000898-22.pdf,Thesis_Obsidian\Ordinances\2022\Ordinance No. 000898-22.md,155,False
4217,Ordinance No. 000898-22,section_13,2022,Ordinance No. 000898-22.pdf,Thesis_Obsidian\Ordinances\2022\Ordinance No. 000898-22.md,103,False
4218,Ordinance No. 000898-22,section_14,2022,Ordinance No. 000898-22.pdf,Thesis_Obsidian\Ordinances\2022\Ordinance No. 000898-22.md,114,False
4219,Ordinance No. 000898-22,section_15,2022,Ordinance No. 000898-22.pdf,Thesis_Obsidian\Ordinances\2022\Ordinance No. 000898-22.md,54,False
4220,Ordinance No. 000899-22,section_1,2022,Ordinance No. 000899-22.pdf,Thesis_Obsidian\Ordinances\2022\Ordinance No. 000899-22.md,195,False
4221,Ordinance No. 000899-22,section_2,2022,Ordinance No. 000899-22.pdf,Thesis_Obsidian\Ordinances\2022\Ordinance No. 000899-22.md,90,False
4222,Ordinance No. 000899-22,section_3,2022,Ordinance No. 000899-22.pdf,Thesis_Obsidian\Ordinances\2022\Ordinance No. 000899-22.md,195,False
4223,Ordinance No. 000899-22,section_4,2022,Ordinance No. 000899-22.pdf,Thesis_Obsidian\Ordinances\2022\Ordinance No. 000899-22.md,131,False
4224,Ordinance No. 000899-22,section_5,2022,Ordinance No. 000899-22.pdf,Thesis_Obsidian\Ordinances\2022\Ordinance No. 000899-22.md,90,False
4225,Ordinance No. 000899-22,section_6,2022,Ordinance No. 000899-22.pdf,Thesis_Obsidian\Ordinances\2022\Ordinance No. 000899-22.md,103,False
4226,Ordinance No. 000899-22,section_7,2022,Ordinance No. 000899-22.pdf,Thesis_Obsidian\Ordinances\2022\Ordinance No. 000899-22.md,154,False
4227,Ordinance No. 000899-22,section_8,2022,Ordinance No. 000899-22.pdf,Thesis_Obsidian\Ordinances\2022\Ordinance No. 000899-22.md,0,False
4228,Ordinance No. 000901-22,section_1,2022,Ordinance No. 000901-22.pdf,Thesis_Obsidian\Ordinances\2022\Ordinance No. 000901-22.md,-1,True
4229,Ordinance No. 000901-22,section_2,2022,Ordinance No. 000901-22.pdf,Thesis_Obsidian\Ordinances\2022\Ordinance No. 000901-22.md,34,False
4230,Ordinance No. 000901-22,section_3,2022,Ordinance No. 000901-22.pdf,Thesis_Obsidian\Ordinances\2022\Ordinance No. 000901-22.md,-1,True
4231,Ordinance No. 000901-22,section_4,2022,Ordinance No. 000901-22.pdf,Thesis_Obsidian\Ordinances\2022\Ordinance No. 000901-22.md,38,False
4232,Ordinance No. 000901-22,section_5,2022,Ordinance No. 000901-22.pdf,Thesis_Obsidian\Ordinances\2022\Ordinance No. 000901-22.md,228,False
4233,Ordinance No. 000909-22,section_1,2022,Ordinance No. 000909-22.pdf,Thesis_Obsidian\Ordinances\2022\Ordinance No. 000909-22.md,59,False
4234,Ordinance No. 000909-22,section_3,2022,Ordinance No. 000909-22.pdf,Thesis_Obsidian\Ordinances\2022\Ordinance No. 000909-22.md,-1,True
4235,Ordinance No. 000910-22,section_1,2022,Ordinance No. 000910-22.pdf,Thesis_Obsidian\Ordinances\2022\Ordinance No. 000910-22.md,100,False
4236,Ordinance No. 000910-22,section_16,2022,Ordinance No. 000910-22.pdf,Thesis_Obsidian\Ordinances\2022\Ordinance No. 000910-22.md,45,False
4237,Ordinance No. 000910-22,section_3,2022,Ordinance No. 000910-22.pdf,Thesis_Obsidian\Ordinances\2022\Ordinance No. 000910-22.md,140,False
4238,Ordinance No. 000910-22,section_4,2022,Ordinance No. 000910-22.pdf,Thesis_Obsidian\Ordinances\2022\Ordinance No. 000910-22.md,151,False
4239,Ordinance No. 000910-22,section_5,2022,Ordinance No. 000910-22.pdf,Thesis_Obsidian\Ordinances\2022\Ordinance No. 000910-22.md,-1,True
4240,Ordinance No. 000917-22,section_1,2022,Ordinance No. 000917-22.pdf,Thesis_Obsidian\Ordinances\2022\Ordinance No. 000917-22.md,172,False
4241,Ordinance No. 000917-22,section_2,2022,Ordinance No. 000917-22.pdf,Thesis_Obsidian\Ordinances\2022\Ordinance No. 000917-22.md,236,False
4242,Ordinance No. 000917-22,section_4,2022,Ordinance No. 000917-22.pdf,Thesis_Obsidian\Ordinances\2022\Ordinance No. 000917-22.md,39,False
4243,Ordinance No. 000917-22,section_5,2022,Ordinance No. 000917-22.pdf,Thesis_Obsidian\Ordinances\2022\Ordinance No. 000917-22.md,49,False
4244,Ordinance No. 000919-22,section_1,2022,Ordinance No. 000919-22.pdf,Thesis_Obsidian\Ordinances\2022\Ordinance No. 000919-22.md,26,False
4245,Ordinance No. 000919-22,section_2,2022,Ordinance No. 000919-22.pdf,Thesis_Obsidian\Ordinances\2022\Ordinance No. 000919-22.md,28,False
4246,Ordinance No. 000919-22,section_3,2022,Ordinance No. 000919-22.pdf,Thesis_Obsidian\Ordinances\2022\Ordinance No. 000919-22.md,-1,True
4247,Ordinance No. 000919-22,section_4,2022,Ordinance No. 000919-22.pdf,Thesis_Obsidian\Ordinances\2022\Ordinance No. 000919-22.md,-1,True
4248,Ordinance No. 000919-22,section_5,2022,Ordinance No. 000919-22.pdf,Thesis_Obsidian\Ordinances\2022\Ordinance No. 000919-22.md,-1,True
4249,Ordinance No. 000919-22,section_6,2022,Ordinance No. 000919-22.pdf,Thesis_Obsidian\Ordinances\2022\Ordinance No. 000919-22.md,-1,True
4250,Ordinance No. 000919-22,section_8,2022,Ordinance No. 000919-22.pdf,Thesis_Obsidian\Ordinances\2022\Ordinance No. 000919-22.md,-1,True
4251,Ordinance No. 000919-22,section_10,2022,Ordinance No. 000919-22.pdf,Thesis_Obsidian\Ordinances\2022\Ordinance No. 000919-22.md,-1,True
4252,Ordinance No. 000919-22,section_12,2022,Ordinance No. 000919-22.pdf,Thesis_Obsidian\Ordinances\2022\Ordinance No. 000919-22.md,-1,True
4253,Ordinance No. 000919-22,section_14,2022,Ordinance No. 000919-22.pdf,Thesis_Obsidian\Ordinances\2022\Ordinance No. 000919-22.md,-1,True
4254,Ordinance No. 000919-22,section_15,2022,Ordinance No. 000919-22.pdf,Thesis_Obsidian\Ordinances\2022\Ordinance No. 000919-22.md,-1,True
4255,Ordinance No. 000919-22,section_16,2022,Ordinance No. 000919-22.pdf,Thesis_Obsidian\Ordinances\2022\Ordinance No. 000919-22.md,127,False
4256,Ordinance No. 000919-22,section_17,2022,Ordinance No. 000919-22.pdf,Thesis_Obsidian\Ordinances\2022\Ordinance No. 000919-22.md,40,False
4257,Ordinance No. 000919-22,section_18,2022,Ordinance No. 000919-22.pdf,Thesis_Obsidian\Ordinances\2022\Ordinance No. 000919-22.md,-1,True
4258,Ordinance No. 000919-22,section_19,2022,Ordinance No. 000919-22.pdf,Thesis_Obsidian\Ordinances\2022\Ordinance No. 000919-22.md,14,False
4259,Ordinance No. 000919-22,section_20,2022,Ordinance No. 000919-22.pdf,Thesis_Obsidian\Ordinances\2022\Ordinance No. 000919-22.md,-1,True
4260,Ordinance No. 000919-22,section_23,2022,Ordinance No. 000919-22.pdf,Thesis_Obsidian\Ordinances\2022\Ordinance No. 000919-22.md,-1,True
4261,Ordinance No. 000924-22,section_1,2022,Ordinance No. 000924-22.pdf,Thesis_Obsidian\Ordinances\2022\Ordinance No. 000924-22.md,149,False
4262,Ordinance No. 000924-22,section_2,2022,Ordinance No. 000924-22.pdf,Thesis_Obsidian\Ordinances\2022\Ordinance No. 000924-22.md,13,False
4263,Ordinance No. 000924-22,section_3,2022,Ordinance No. 000924-22.pdf,Thesis_Obsidian\Ordinances\2022\Ordinance No. 000924-22.md,22,False
4264,Ordinance No. 000924-22,section_4,2022,Ordinance No. 000924-22.pdf,Thesis_Obsidian\Ordinances\2022\Ordinance No. 000924-22.md,74,False
4265,Ordinance No. 000924-22,section_5,2022,Ordinance No. 000924-22.pdf,Thesis_Obsidian\Ordinances\2022\Ordinance No. 000924-22.md,149,False
4266,Ordinance No. 000928-22,section_1,2022,Ordinance No. 000928-22.pdf,Thesis_Obsidian\Ordinances\2022\Ordinance No. 000928-22.md,46,False
4267,Ordinance No. 000928-22,section_2,2022,Ordinance No. 000928-22.pdf,Thesis_Obsidian\Ordinances\2022\Ordinance No. 000928-22.md,243,False
4268,Ordinance No. 000928-22,section_455,2022,Ordinance No. 000928-22.pdf,Thesis_Obsidian\Ordinances\2022\Ordinance No. 000928-22.md,-1,True
4269,Ordinance No. 000928-22,section_3,2022,Ordinance No. 000928-22.pdf,Thesis_Obsidian\Ordinances\2022\Ordinance No. 000928-22.md,63,False
4270,Ordinance No. 000928-22,section_4,2022,Ordinance No. 000928-22.pdf,Thesis_Obsidian\Ordinances\2022\Ordinance No. 000928-22.md,219,False
4271,Ordinance No. 000928-22,section_5,2022,Ordinance No. 000928-22.pdf,Thesis_Obsidian\Ordinances\2022\Ordinance No. 000928-22.md,56,False
4272,Ordinance No. 000930-22,section_1,2022,Ordinance No. 000930-22.pdf,Thesis_Obsidian\Ordinances\2022\Ordinance No. 000930-22.md,13,False
4273,Ordinance No. 000930-22,section_3,2022,Ordinance No. 000930-22.pdf,Thesis_Obsidian\Ordinances\2022\Ordinance No. 000930-22.md,80,False
4274,Ordinance No. 000930-22,section_4,2022,Ordinance No. 000930-22.pdf,Thesis_Obsidian\Ordinances\2022\Ordinance No. 000930-22.md,95,False
4275,Ordinance No. 000930-22,section_5,2022,Ordinance No. 000930-22.pdf,Thesis_Obsidian\Ordinances\2022\Ordinance No. 000930-22.md,8,False
4276,Ordinance No. 000931-22,section_1,2022,Ordinance No. 000931-22.pdf,Thesis_Obsidian\Ordinances\2022\Ordinance No. 000931-22.md,80,False
4277,Ordinance No. 000931-22,section_2,2022,Ordinance No. 000931-22.pdf,Thesis_Obsidian\Ordinances\2022\Ordinance No. 000931-22.md,183,False
4278,Ordinance No. 000931-22,section_3,2022,Ordinance No. 000931-22.pdf,Thesis_Obsidian\Ordinances\2022\Ordinance No. 000931-22.md,80,False
4279,Ordinance No. 000931-22,section_4,2022,Ordinance No. 000931-22.pdf,Thesis_Obsidian\Ordinances\2022\Ordinance No. 000931-22.md,95,False
4280,Ordinance No. 000931-22,section_5,2022,Ordinance No. 000931-22.pdf,Thesis_Obsidian\Ordinances\2022\Ordinance No. 000931-22.md,8,False
4281,Ordinance No. 000933-22,section_1,2022,Ordinance No. 000933-22.pdf,Thesis_Obsidian\Ordinances\2022\Ordinance No. 000933-22.md,150,False
4282,Ordinance No. 000933-22,section_2,2022,Ordinance No. 000933-22.pdf,Thesis_Obsidian\Ordinances\2022\Ordinance No. 000933-22.md,230,False
4283,Ordinance No. 000933-22,section_3,2022,Ordinance No. 000933-22.pdf,Thesis_Obsidian\Ordinances\2022\Ordinance No. 000933-22.md,150,False
4284,Ordinance No. 000933-22,section_4,2022,Ordinance No. 000933-22.pdf,Thesis_Obsidian\Ordinances\2022\Ordinance No. 000933-22.md,150,False
4285,Ordinance No. 000933-22,section_5,2022,Ordinance No. 000933-22.pdf,Thesis_Obsidian\Ordinances\2022\Ordinance No. 000933-22.md,-1,True
4286,Ordinance No. 000933-22,section_6,2022,Ordinance No. 000933-22.pdf,Thesis_Obsidian\Ordinances\2022\Ordinance No. 000933-22.md,65,False
4287,Ordinance No. 000933-22,section_7,2022,Ordinance No. 000933-22.pdf,Thesis_Obsidian\Ordinances\2022\Ordinance No. 000933-22.md,1,False
4288,Ordinance No. 000935-22,section_1,2022,Ordinance No. 000935-22.pdf,Thesis_Obsidian\Ordinances\2022\Ordinance No. 000935-22.md,164,False
4289,Ordinance No. 000935-22,section_3,2022,Ordinance No. 000935-22.pdf,Thesis_Obsidian\Ordinances\2022\Ordinance No. 000935-22.md,167,False
4290,Ordinance No. 000935-22,section_4,2022,Ordinance No. 000935-22.pdf,Thesis_Obsidian\Ordinances\2022\Ordinance No. 000935-22.md,2,False
4291,Ordinance No. 000936-22,section_1,2022,Ordinance No. 000936-22.pdf,Thesis_Obsidian\Ordinances\2022\Ordinance No. 000936-22.md,15,False
4292,Ordinance No. 000936-22,section_2,2022,Ordinance No. 000936-22.pdf,Thesis_Obsidian\Ordinances\2022\Ordinance No. 000936-22.md,13,False
4293,Ordinance No. 000936-22,section_3,2022,Ordinance No. 000936-22.pdf,Thesis_Obsidian\Ordinances\2022\Ordinance No. 000936-22.md,-1,True
4294,Ordinance No. 000936-22,section_4,2022,Ordinance No. 000936-22.pdf,Thesis_Obsidian\Ordinances\2022\Ordinance No. 000936-22.md,95,False
4295,Ordinance No. 000936-22,section_5,2022,Ordinance No. 000936-22.pdf,Thesis_Obsidian\Ordinances\2022\Ordinance No. 000936-22.md,8,False
4296,Ordinance No. 000937-22,section_1,2022,Ordinance No. 000937-22.pdf,Thesis_Obsidian\Ordinances\2022\Ordinance No. 000937-22.md,15,False
4297,Ordinance No. 000937-22,section_2,2022,Ordinance No. 000937-22.pdf,Thesis_Obsidian\Ordinances\2022\Ordinance No. 000937-22.md,13,False
4298,Ordinance No. 000937-22,section_3,2022,Ordinance No. 000937-22.pdf,Thesis_Obsidian\Ordinances\2022\Ordinance No. 000937-22.md,216,False
4299,Ordinance No. 000937-22,section_4,2022,Ordinance No. 000937-22.pdf,Thesis_Obsidian\Ordinances\2022\Ordinance No. 000937-22.md,151,False
4300,Ordinance No. 000937-22,section_5,2022,Ordinance No. 000937-22.pdf,Thesis_Obsidian\Ordinances\2022\Ordinance No. 000937-22.md,8,False
4301,Ordinance No. 000938-22,section_1,2022,Ordinance No. 000938-22.pdf,Thesis_Obsidian\Ordinances\2022\Ordinance No. 000938-22.md,61,False
4302,Ordinance No. 000938-22,section_2,2022,Ordinance No. 000938-22.pdf,Thesis_Obsidian\Ordinances\2022\Ordinance No. 000938-22.md,34,False
4303,Ordinance No. 000938-22,section_4,2022,Ordinance No. 000938-22.pdf,Thesis_Obsidian\Ordinances\2022\Ordinance No. 000938-22.md,114,False
4304,Ordinance No. 000938-22,section_5,2022,Ordinance No. 000938-22.pdf,Thesis_Obsidian\Ordinances\2022\Ordinance No. 000938-22.md,111,False
4305,Ordinance No. 000940-22,section_1,2022,Ordinance No. 000940-22.pdf,Thesis_Obsidian\Ordinances\2022\Ordinance No. 000940-22.md,46,False
4306,Ordinance No. 000940-22,section_2,2022,Ordinance No. 000940-22.pdf,Thesis_Obsidian\Ordinances\2022\Ordinance No. 000940-22.md,200,False
4307,Ordinance No. 000940-22,section_455,2022,Ordinance No. 000940-22.pdf,Thesis_Obsidian\Ordinances\2022\Ordinance No. 000940-22.md,-1,True
4308,Ordinance No. 000940-22,section_4,2022,Ordinance No. 000940-22.pdf,Thesis_Obsidian\Ordinances\2022\Ordinance No. 000940-22.md,154,False
4309,Ordinance No. 000940-22,section_5,2022,Ordinance No. 000940-22.pdf,Thesis_Obsidian\Ordinances\2022\Ordinance No. 000940-22.md,98,False
4310,Ordinance No. 000943-22,section_1,2022,Ordinance No. 000943-22.pdf,Thesis_Obsidian\Ordinances\2022\Ordinance No. 000943-22.md,-1,True
4311,Ordinance No. 000943-22,section_2,2022,Ordinance No. 000943-22.pdf,Thesis_Obsidian\Ordinances\2022\Ordinance No. 000943-22.md,243,False
4312,Ordinance No. 000943-22,section_455,2022,Ordinance No. 000943-22.pdf,Thesis_Obsidian\Ordinances\2022\Ordinance No. 000943-22.md,34,False
4313,Ordinance No. 000950-22,section_1,2022,Ordinance No. 000950-22.pdf,Thesis_Obsidian\Ordinances\2022\Ordinance No. 000950-22.md,-1,True
4314,Ordinance No. 000950-22,section_3,2022,Ordinance No. 000950-22.pdf,Thesis_Obsidian\Ordinances\2022\Ordinance No. 000950-22.md,35,False
4315,Ordinance No. 000950-22,section_4,2022,Ordinance No. 000950-22.pdf,Thesis_Obsidian\Ordinances\2022\Ordinance No. 000950-22.md,-1,True
4316,Ordinance No. 000950-22,section_5,2022,Ordinance No. 000950-22.pdf,Thesis_Obsidian\Ordinances\2022\Ordinance No. 000950-22.md,35,False
4317,Ordinance No. 000950-22,section_6,2022,Ordinance No. 000950-22.pdf,Thesis_Obsidian\Ordinances\2022\Ordinance No. 000950-22.md,-1,True
4318,Ordinance No. 000950-22,section_7,2022,Ordinance No. 000950-22.pdf,Thesis_Obsidian\Ordinances\2022\Ordinance No. 000950-22.md,35,False
4319,Ordinance No. 000950-22,section_8,2022,Ordinance No. 000950-22.pdf,Thesis_Obsidian\Ordinances\2022\Ordinance No. 000950-22.md,40,False
4320,Ordinance No. 000950-22,section_9,2022,Ordinance No. 000950-22.pdf,Thesis_Obsidian\Ordinances\2022\Ordinance No. 000950-22.md,-1,True
4321,Ordinance No. 000950-22,section_10,2022,Ordinance No. 000950-22.pdf,Thesis_Obsidian\Ordinances\2022\Ordinance No. 000950-22.md,88,False
4322,Ordinance No. 000950-22,section_11,2022,Ordinance No. 000950-22.pdf,Thesis_Obsidian\Ordinances\2022\Ordinance No. 000950-22.md,30,False
4323,Ordinance No. 000950-22,section_12,2022,Ordinance No. 000950-22.pdf,Thesis_Obsidian\Ordinances\2022\Ordinance No. 000950-22.md,114,False
4324,Ordinance No. 000950-22,section_13,2022,Ordinance No. 000950-22.pdf,Thesis_Obsidian\Ordinances\2022\Ordinance No. 000950-22.md,134,False
4325,Ordinance No. 000950-22,section_14,2022,Ordinance No. 000950-22.pdf,Thesis_Obsidian\Ordinances\2022\Ordinance No. 000950-22.md,54,False
4326,Ordinance No. 000954-22,section_1,2022,Ordinance No. 000954-22.pdf,Thesis_Obsidian\Ordinances\2022\Ordinance No. 000954-22.md,-1,True
4327,Ordinance No. 000954-22,section_2,2022,Ordinance No. 000954-22.pdf,Thesis_Obsidian\Ordinances\2022\Ordinance No. 000954-22.md,28,False
4328,Ordinance No. 000954-22,section_3,2022,Ordinance No. 000954-22.pdf,Thesis_Obsidian\Ordinances\2022\Ordinance No. 000954-22.md,28,False
4329,Ordinance No. 000954-22,section_4,2022,Ordinance No. 000954-22.pdf,Thesis_Obsidian\Ordinances\2022\Ordinance No. 000954-22.md,-1,True
4330,Ordinance No. 000954-22,section_6,2022,Ordinance No. 000954-22.pdf,Thesis_Obsidian\Ordinances\2022\Ordinance No. 000954-22.md,40,False
4331,Ordinance No. 000954-22,section_7,2022,Ordinance No. 000954-22.pdf,Thesis_Obsidian\Ordinances\2022\Ordinance No. 000954-22.md,195,False
4332,Ordinance No. 000954-22,section_8,2022,Ordinance No. 000954-22.pdf,Thesis_Obsidian\Ordinances\2022\Ordinance No. 000954-22.md,210,False
4333,Ordinance No. 000954-22,section_9,2022,Ordinance No. 000954-22.pdf,Thesis_Obsidian\Ordinances\2022\Ordinance No. 000954-22.md,88,False
4334,Ordinance No. 000954-22,section_11,2022,Ordinance No. 000954-22.pdf,Thesis_Obsidian\Ordinances\2022\Ordinance No. 000954-22.md,30,False
4335,Ordinance No. 000954-22,section_12,2022,Ordinance No. 000954-22.pdf,Thesis_Obsidian\Ordinances\2022\Ordinance No. 000954-22.md,30,False
4336,Ordinance No. 000954-22,section_15,2022,Ordinance No. 000954-22.pdf,Thesis_Obsidian\Ordinances\2022\Ordinance No. 000954-22.md,-1,True
4337,Ordinance No. 000954-22,section_16,2022,Ordinance No. 000954-22.pdf,Thesis_Obsidian\Ordinances\2022\Ordinance No. 000954-22.md,156,False
4338,Ordinance No. 000954-22,section_17,2022,Ordinance No. 000954-22.pdf,Thesis_Obsidian\Ordinances\2022\Ordinance No. 000954-22.md,223,False
4339,Ordinance No. 000974-22,section_1,2022,Ordinance No. 000974-22.pdf,Thesis_Obsidian\Ordinances\2022\Ordinance No. 000974-22.md,26,False
4340,Ordinance No. 000974-22,section_2,2022,Ordinance No. 000974-22.pdf,Thesis_Obsidian\Ordinances\2022\Ordinance No. 000974-22.md,32,False
4341,Ordinance No. 000974-22,section_3,2022,Ordinance No. 000974-22.pdf,Thesis_Obsidian\Ordinances\2022\Ordinance No. 000974-22.md,213,False
4342,Ordinance No. 000974-22,section_4,2022,Ordinance No. 000974-22.pdf,Thesis_Obsidian\Ordinances\2022\Ordinance No. 000974-22.md,-1,True
4343,Ordinance No. 000974-22,section_5,2022,Ordinance No. 000974-22.pdf,Thesis_Obsidian\Ordinances\2022\Ordinance No. 000974-22.md,195,False
4344,Ordinance No. 000974-22,section_6,2022,Ordinance No. 000974-22.pdf,Thesis_Obsidian\Ordinances\2022\Ordinance No. 000974-22.md,195,False
4345,Ordinance No. 000974-22,section_8,2022,Ordinance No. 000974-22.pdf,Thesis_Obsidian\Ordinances\2022\Ordinance No. 000974-22.md,233,False
4346,Ordinance No. 000974-22,section_9,2022,Ordinance No. 000974-22.pdf,Thesis_Obsidian\Ordinances\2022\Ordinance No. 000974-22.md,0,False
4347,Ordinance No. 000980-22,section_1,2022,Ordinance No. 000980-22.pdf,Thesis_Obsidian\Ordinances\2022\Ordinance No. 000980-22.md,55,False
4348,Ordinance No. 000980-22,section_2,2022,Ordinance No. 000980-22.pdf,Thesis_Obsidian\Ordinances\2022\Ordinance No. 000980-22.md,183,False
4349,Ordinance No. 000980-22,section_3,2022,Ordinance No. 000980-22.pdf,Thesis_Obsidian\Ordinances\2022\Ordinance No. 000980-22.md,-1,True
4350,Ordinance No. 000980-22,section_4,2022,Ordinance No. 000980-22.pdf,Thesis_Obsidian\Ordinances\2022\Ordinance No. 000980-22.md,38,False
4351,Ordinance No. 000980-22,section_5,2022,Ordinance No. 000980-22.pdf,Thesis_Obsidian\Ordinances\2022\Ordinance No. 000980-22.md,55,False
4352,Ordinance No. 000989-22,section_1,2022,Ordinance No. 000989-22.pdf,Thesis_Obsidian\Ordinances\2022\Ordinance No. 000989-22.md,102,False
4353,Ordinance No. 000989-22,section_2,2022,Ordinance No. 000989-22.pdf,Thesis_Obsidian\Ordinances\2022\Ordinance No. 000989-22.md,58,False
4354,Ordinance No. 000989-22,section_4,2022,Ordinance No. 000989-22.pdf,Thesis_Obsidian\Ordinances\2022\Ordinance No. 000989-22.md,48,False
4355,Ordinance No. 000989-22,section_5,2022,Ordinance No. 000989-22.pdf,Thesis_Obsidian\Ordinances\2022\Ordinance No. 000989-22.md,157,False
4356,Ordinance No. 000989-22,section_6,2022,Ordinance No. 000989-22.pdf,Thesis_Obsidian\Ordinances\2022\Ordinance No. 000989-22.md,223,False
4357,Ordinance No. 000990-22,section_1,2022,Ordinance No. 000990-22.pdf,Thesis_Obsidian\Ordinances\2022\Ordinance No. 000990-22.md,15,False
4358,Ordinance No. 000990-22,section_2,2022,Ordinance No. 000990-22.pdf,Thesis_Obsidian\Ordinances\2022\Ordinance No. 000990-22.md,13,False
4359,Ordinance No. 000990-22,section_3,2022,Ordinance No. 000990-22.pdf,Thesis_Obsidian\Ordinances\2022\Ordinance No. 000990-22.md,216,False
4360,Ordinance No. 000990-22,section_4,2022,Ordinance No. 000990-22.pdf,Thesis_Obsidian\Ordinances\2022\Ordinance No. 000990-22.md,-1,True
4361,Ordinance No. 000990-22,section_5,2022,Ordinance No. 000990-22.pdf,Thesis_Obsidian\Ordinances\2022\Ordinance No. 000990-22.md,8,False
4362,Ordinance No. 000991-22,section_1,2022,Ordinance No. 000991-22.pdf,Thesis_Obsidian\Ordinances\2022\Ordinance No. 000991-22.md,105,False
4363,Ordinance No. 000991-22,section_2,2022,Ordinance No. 000991-22.pdf,Thesis_Obsidian\Ordinances\2022\Ordinance No. 000991-22.md,13,False
4364,Ordinance No. 000991-22,section_3,2022,Ordinance No. 000991-22.pdf,Thesis_Obsidian\Ordinances\2022\Ordinance No. 000991-22.md,105,False
4365,Ordinance No. 000991-22,section_5,2022,Ordinance No. 000991-22.pdf,Thesis_Obsidian\Ordinances\2022\Ordinance No. 000991-22.md,105,False
4366,001-22,section_1,2022,Ordinance No. 001-22.pdf,Thesis_Obsidian\Ordinances\2022\Ordinance No. 001-22.md,34,False
4367,001-22,section_3,2022,Ordinance No. 001-22.pdf,Thesis_Obsidian\Ordinances\2022\Ordinance No. 001-22.md,60,False
4368,001-22,section_4,2022,Ordinance No. 001-22.pdf,Thesis_Obsidian\Ordinances\2022\Ordinance No. 001-22.md,95,False
4369,001-22,section_5,2022,Ordinance No. 001-22.pdf,Thesis_Obsidian\Ordinances\2022\Ordinance No. 001-22.md,207,False
4370,Ordinance No. 001000-22,section_1,2022,Ordinance No. 001000-22.pdf,Thesis_Obsidian\Ordinances\2022\Ordinance No. 001000-22.md,89,False
4371,Ordinance No. 001000-22,section_16,2022,Ordinance No. 001000-22.pdf,Thesis_Obsidian\Ordinances\2022\Ordinance No. 001000-22.md,45,False
4372,Ordinance No. 001000-22,section_3,2022,Ordinance No. 001000-22.pdf,Thesis_Obsidian\Ordinances\2022\Ordinance No. 001000-22.md,36,False
4373,Ordinance No. 001000-22,section_4,2022,Ordinance No. 001000-22.pdf,Thesis_Obsidian\Ordinances\2022\Ordinance No. 001000-22.md,86,False
4374,Ordinance No. 001000-22,section_5,2022,Ordinance No. 001000-22.pdf,Thesis_Obsidian\Ordinances\2022\Ordinance No. 001000-22.md,111,False
4375,002-22,section_1,2022,Ordinance No. 002-22.pdf,Thesis_Obsidian\Ordinances\2022\Ordinance No. 002-22.md,-1,True
4376,002-22,section_2,2022,Ordinance No. 002-22.pdf,Thesis_Obsidian\Ordinances\2022\Ordinance No. 002-22.md,129,False
4377,002-22,section_16,2022,Ordinance No. 002-22.pdf,Thesis_Obsidian\Ordinances\2022\Ordinance No. 002-22.md,264,False
4378,002-22,section_3,2022,Ordinance No. 002-22.pdf,Thesis_Obsidian\Ordinances\2022\Ordinance No. 002-22.md,-1,True
4379,002-22,section_4,2022,Ordinance No. 002-22.pdf,Thesis_Obsidian\Ordinances\2022\Ordinance No. 002-22.md,152,False
4380,002-22,section_5,2022,Ordinance No. 002-22.pdf,Thesis_Obsidian\Ordinances\2022\Ordinance No. 002-22.md,19,False
4381,003-22,section_1,2022,Ordinance No. 003-22.pdf,Thesis_Obsidian\Ordinances\2022\Ordinance No. 003-22.md,15,False
4382,003-22,section_2,2022,Ordinance No. 003-22.pdf,Thesis_Obsidian\Ordinances\2022\Ordinance No. 003-22.md,12,False
4383,003-22,section_3,2022,Ordinance No. 003-22.pdf,Thesis_Obsidian\Ordinances\2022\Ordinance No. 003-22.md,205,False
4384,003-22,section_5,2022,Ordinance No. 003-22.pdf,Thesis_Obsidian\Ordinances\2022\Ordinance No. 003-22.md,8,False
4385,004-22,section_1,2022,Ordinance No. 004-22.pdf,Thesis_Obsidian\Ordinances\2022\Ordinance No. 004-22.md,105,False
4386,004-22,section_2,2022,Ordinance No. 004-22.pdf,Thesis_Obsidian\Ordinances\2022\Ordinance No. 004-22.md,13,False
4387,004-22,section_3,2022,Ordinance No. 004-22.pdf,Thesis_Obsidian\Ordinances\2022\Ordinance No. 004-22.md,105,False
4388,004-22,section_4,2022,Ordinance No. 004-22.pdf,Thesis_Obsidian\Ordinances\2022\Ordinance No. 004-22.md,10,False
4389,004-22,section_5,2022,Ordinance No. 004-22.pdf,Thesis_Obsidian\Ordinances\2022\Ordinance No. 004-22.md,105,False
4390,006-22,section_2,2022,Ordinance No. 006-22.pdf,Thesis_Obsidian\Ordinances\2022\Ordinance No. 006-22.md,12,False
4391,006-22,section_3,2022,Ordinance No. 006-22.pdf,Thesis_Obsidian\Ordinances\2022\Ordinance No. 006-22.md,198,False
4392,006-22,section_4,2022,Ordinance No. 006-22.pdf,Thesis_Obsidian\Ordinances\2022\Ordinance No. 006-22.md,38,False
4393,006-22,section_5,2022,Ordinance No. 006-22.pdf,Thesis_Obsidian\Ordinances\2022\Ordinance No. 006-22.md,8,False
4394,007-22,section_1,2022,Ordinance No. 007-22.pdf,Thesis_Obsidian\Ordinances\2022\Ordinance No. 007-22.md,-1,True
4395,007-22,section_2,2022,Ordinance No. 007-22.pdf,Thesis_Obsidian\Ordinances\2022\Ordinance No. 007-22.md,37,False
4396,007-22,section_4,2022,Ordinance No. 007-22.pdf,Thesis_Obsidian\Ordinances\2022\Ordinance No. 007-22.md,205,False
4397,007-22,section_3,2022,Ordinance No. 007-22.pdf,Thesis_Obsidian\Ordinances\2022\Ordinance No. 007-22.md,205,False
4398,007-22,section_5,2022,Ordinance No. 007-22.pdf,Thesis_Obsidian\Ordinances\2022\Ordinance No. 007-22.md,8,False
4399,008-22,section_1,2022,Ordinance No. 008-22.pdf,Thesis_Obsidian\Ordinances\2022\Ordinance No. 008-22.md,37,False
4400,008-22,section_3,2022,Ordinance No. 008-22.pdf,Thesis_Obsidian\Ordinances\2022\Ordinance No. 008-22.md,22,False
4401,008-22,section_4,2022,Ordinance No. 008-22.pdf,Thesis_Obsidian\Ordinances\2022\Ordinance No. 008-22.md,38,False
4402,008-22,section_5,2022,Ordinance No. 008-22.pdf,Thesis_Obsidian\Ordinances\2022\Ordinance No. 008-22.md,8,False
4403,009-22,section_1,2022,Ordinance No. 009-22.pdf,Thesis_Obsidian\Ordinances\2022\Ordinance No. 009-22.md,15,False
4404,009-22,section_2,2022,Ordinance No. 009-22.pdf,Thesis_Obsidian\Ordinances\2022\Ordinance No. 009-22.md,37,False
4405,009-22,section_3,2022,Ordinance No. 009-22.pdf,Thesis_Obsidian\Ordinances\2022\Ordinance No. 009-22.md,-1,True
4406,009-22,section_4,2022,Ordinance No. 009-22.pdf,Thesis_Obsidian\Ordinances\2022\Ordinance No. 009-22.md,151,False
4407,009-22,section_5,2022,Ordinance No. 009-22.pdf,Thesis_Obsidian\Ordinances\2022\Ordinance No. 009-22.md,8,False
4408,010-22,section_2,2022,Ordinance No. 010-22.pdf,Thesis_Obsidian\Ordinances\2022\Ordinance No. 010-22.md,13,False
4409,010-22,section_3,2022,Ordinance No. 010-22.pdf,Thesis_Obsidian\Ordinances\2022\Ordinance No. 010-22.md,80,False
4410,010-22,section_4,2022,Ordinance No. 010-22.pdf,Thesis_Obsidian\Ordinances\2022\Ordinance No. 010-22.md,74,False
4411,010-22,section_5,2022,Ordinance No. 010-22.pdf,Thesis_Obsidian\Ordinances\2022\Ordinance No. 010-22.md,8,False
4412,0100-22,section_1,2022,Ordinance No. 0100-22 (creating DCDAC).pdf,Thesis_Obsidian\Ordinances\2022\Ordinance No. 0100-22.md,26,False
4413,0100-22,section_2,2022,Ordinance No. 0100-22 (creating DCDAC).pdf,Thesis_Obsidian\Ordinances\2022\Ordinance No. 0100-22.md,25,False
4414,0100-22,section_3,2022,Ordinance No. 0100-22 (creating DCDAC).pdf,Thesis_Obsidian\Ordinances\2022\Ordinance No. 0100-22.md,25,False
4415,0100-22,section_4,2022,Ordinance No. 0100-22 (creating DCDAC).pdf,Thesis_Obsidian\Ordinances\2022\Ordinance No. 0100-22.md,25,False
4416,0100-22,section_6,2022,Ordinance No. 0100-22 (creating DCDAC).pdf,Thesis_Obsidian\Ordinances\2022\Ordinance No. 0100-22.md,25,False
4417,0100-22,section_7,2022,Ordinance No. 0100-22 (creating DCDAC).pdf,Thesis_Obsidian\Ordinances\2022\Ordinance No. 0100-22.md,25,False
4418,0100-22,section_9,2022,Ordinance No. 0100-22 (creating DCDAC).pdf,Thesis_Obsidian\Ordinances\2022\Ordinance No. 0100-22.md,30,False
4419,0100-22,section_11,2022,Ordinance No. 0100-22 (creating DCDAC).pdf,Thesis_Obsidian\Ordinances\2022\Ordinance No. 0100-22.md,97,False
4420,01000-22,section_1,2022,Ordinance No. 01000-22.pdf,Thesis_Obsidian\Ordinances\2022\Ordinance No. 01000-22.md,36,False
4421,01000-22,section_2,2022,Ordinance No. 01000-22.pdf,Thesis_Obsidian\Ordinances\2022\Ordinance No. 01000-22.md,89,False
4422,01000-22,section_16,2022,Ordinance No. 01000-22.pdf,Thesis_Obsidian\Ordinances\2022\Ordinance No. 01000-22.md,45,False
4423,01000-22,section_3,2022,Ordinance No. 01000-22.pdf,Thesis_Obsidian\Ordinances\2022\Ordinance No. 01000-22.md,36,False
4424,01000-22,section_4,2022,Ordinance No. 01000-22.pdf,Thesis_Obsidian\Ordinances\2022\Ordinance No. 01000-22.md,38,False
4425,01000-22,section_5,2022,Ordinance No. 01000-22.pdf,Thesis_Obsidian\Ordinances\2022\Ordinance No. 01000-22.md,56,False
4426,01001-22,section_1,2022,Ordinance No. 01001-22.pdf,Thesis_Obsidian\Ordinances\2022\Ordinance No. 01001-22.md,36,False
4427,01001-22,section_2,2022,Ordinance No. 01001-22.pdf,Thesis_Obsidian\Ordinances\2022\Ordinance No. 01001-22.md,89,False
4428,01001-22,section_16,2022,Ordinance No. 01001-22.pdf,Thesis_Obsidian\Ordinances\2022\Ordinance No. 01001-22.md,45,False
4429,01001-22,section_3,2022,Ordinance No. 01001-22.pdf,Thesis_Obsidian\Ordinances\2022\Ordinance No. 01001-22.md,36,False
4430,01001-22,section_4,2022,Ordinance No. 01001-22.pdf,Thesis_Obsidian\Ordinances\2022\Ordinance No. 01001-22.md,151,False
4431,01001-22,section_5,2022,Ordinance No. 01001-22.pdf,Thesis_Obsidian\Ordinances\2022\Ordinance No. 01001-22.md,56,False
4432,01002-22,section_1,2022,Ordinance No. 01002-22.pdf,Thesis_Obsidian\Ordinances\2022\Ordinance No. 01002-22.md,40,False
4433,01002-22,section_5,2022,Ordinance No. 01002-22.pdf,Thesis_Obsidian\Ordinances\2022\Ordinance No. 01002-22.md,223,False
4434,01004-22,section_1,2022,Ordinance No. 01004-22.pdf,Thesis_Obsidian\Ordinances\2022\Ordinance No. 01004-22.md,-1,True
4435,01004-22,section_2,2022,Ordinance No. 01004-22.pdf,Thesis_Obsidian\Ordinances\2022\Ordinance No. 01004-22.md,136,False
4436,01004-22,section_25,2022,Ordinance No. 01004-22.pdf,Thesis_Obsidian\Ordinances\2022\Ordinance No. 01004-22.md,59,False
4437,01004-22,section_16,2022,Ordinance No. 01004-22.pdf,Thesis_Obsidian\Ordinances\2022\Ordinance No. 01004-22.md,45,False
4438,01004-22,section_3,2022,Ordinance No. 01004-22.pdf,Thesis_Obsidian\Ordinances\2022\Ordinance No. 01004-22.md,7,False
4439,01004-22,section_4,2022,Ordinance No. 01004-22.pdf,Thesis_Obsidian\Ordinances\2022\Ordinance No. 01004-22.md,209,False
4440,01004-22,section_5,2022,Ordinance No. 01004-22.pdf,Thesis_Obsidian\Ordinances\2022\Ordinance No. 01004-22.md,49,False
4441,01005-22,section_25,2022,Ordinance No. 01005-22.pdf,Thesis_Obsidian\Ordinances\2022\Ordinance No. 01005-22.md,59,False
4442,01005-22,section_455,2022,Ordinance No. 01005-22.pdf,Thesis_Obsidian\Ordinances\2022\Ordinance No. 01005-22.md,110,False
4443,01005-22,section_3,2022,Ordinance No. 01005-22.pdf,Thesis_Obsidian\Ordinances\2022\Ordinance No. 01005-22.md,7,False
4444,01005-22,section_4,2022,Ordinance No. 01005-22.pdf,Thesis_Obsidian\Ordinances\2022\Ordinance No. 01005-22.md,209,False
4445,01005-22,section_5,2022,Ordinance No. 01005-22.pdf,Thesis_Obsidian\Ordinances\2022\Ordinance No. 01005-22.md,49,False
4446,01006-22,section_1,2022,Ordinance No. 01006-22.pdf,Thesis_Obsidian\Ordinances\2022\Ordinance No. 01006-22.md,59,False
4447,01006-22,section_455,2022,Ordinance No. 01006-22.pdf,Thesis_Obsidian\Ordinances\2022\Ordinance No. 01006-22.md,110,False
4448,01006-22,section_3,2022,Ordinance No. 01006-22.pdf,Thesis_Obsidian\Ordinances\2022\Ordinance No. 01006-22.md,49,False
4449,01007-22,section_1,2022,Ordinance No. 01007-22.pdf,Thesis_Obsidian\Ordinances\2022\Ordinance No. 01007-22.md,-1,True
4450,01007-22,section_2,2022,Ordinance No. 01007-22.pdf,Thesis_Obsidian\Ordinances\2022\Ordinance No. 01007-22.md,59,False
4451,01007-22,section_455,2022,Ordinance No. 01007-22.pdf,Thesis_Obsidian\Ordinances\2022\Ordinance No. 01007-22.md,85,False
4452,01007-22,section_3,2022,Ordinance No. 01007-22.pdf,Thesis_Obsidian\Ordinances\2022\Ordinance No. 01007-22.md,7,False
4453,01007-22,section_4,2022,Ordinance No. 01007-22.pdf,Thesis_Obsidian\Ordinances\2022\Ordinance No. 01007-22.md,209,False
4454,01007-22,section_5,2022,Ordinance No. 01007-22.pdf,Thesis_Obsidian\Ordinances\2022\Ordinance No. 01007-22.md,49,False
4455,0101-22,section_1,2022,Ordinance No. 0101-22 (Paleng-QR Ph).pdf,Thesis_Obsidian\Ordinances\2022\Ordinance No. 0101-22.md,32,False
4456,0101-22,section_3,2022,Ordinance No. 0101-22 (Paleng-QR Ph).pdf,Thesis_Obsidian\Ordinances\2022\Ordinance No. 0101-22.md,6,False
4457,0101-22,section_4,2022,Ordinance No. 0101-22 (Paleng-QR Ph).pdf,Thesis_Obsidian\Ordinances\2022\Ordinance No. 0101-22.md,93,False
4458,0101-22,section_5,2022,Ordinance No. 0101-22 (Paleng-QR Ph).pdf,Thesis_Obsidian\Ordinances\2022\Ordinance No. 0101-22.md,6,False
4459,0101-22,section_6,2022,Ordinance No. 0101-22 (Paleng-QR Ph).pdf,Thesis_Obsidian\Ordinances\2022\Ordinance No. 0101-22.md,-1,True
4460,0101-22,section_8,2022,Ordinance No. 0101-22 (Paleng-QR Ph).pdf,Thesis_Obsidian\Ordinances\2022\Ordinance No. 0101-22.md,40,False
4461,0101-22,section_9,2022,Ordinance No. 0101-22 (Paleng-QR Ph).pdf,Thesis_Obsidian\Ordinances\2022\Ordinance No. 0101-22.md,-1,True
4462,0101-22,section_10,2022,Ordinance No. 0101-22 (Paleng-QR Ph).pdf,Thesis_Obsidian\Ordinances\2022\Ordinance No. 0101-22.md,-1,True
4463,0101-22,section_12,2022,Ordinance No. 0101-22 (Paleng-QR Ph).pdf,Thesis_Obsidian\Ordinances\2022\Ordinance No. 0101-22.md,97,False
4464,0103-22,section_2,2022,Ordinance No. 0103-22.pdf,Thesis_Obsidian\Ordinances\2022\Ordinance No. 0103-22.md,13,False
4465,0103-22,section_3,2022,Ordinance No. 0103-22.pdf,Thesis_Obsidian\Ordinances\2022\Ordinance No. 0103-22.md,-1,True
4466,0103-22,section_4,2022,Ordinance No. 0103-22.pdf,Thesis_Obsidian\Ordinances\2022\Ordinance No. 0103-22.md,-1,True
4467,0103-22,section_5,2022,Ordinance No. 0103-22.pdf,Thesis_Obsidian\Ordinances\2022\Ordinance No. 0103-22.md,8,False
4468,0104-22,section_2,2022,Ordinance No. 0104-22.pdf,Thesis_Obsidian\Ordinances\2022\Ordinance No. 0104-22.md,13,False
4469,0104-22,section_3,2022,Ordinance No. 0104-22.pdf,Thesis_Obsidian\Ordinances\2022\Ordinance No. 0104-22.md,205,False
4470,0104-22,section_5,2022,Ordinance No. 0104-22.pdf,Thesis_Obsidian\Ordinances\2022\Ordinance No. 0104-22.md,8,False
4471,0109-22,section_1,2022,Ordinance No. 0109-22.pdf,Thesis_Obsidian\Ordinances\2022\Ordinance No. 0109-22.md,31,False
4472,0109-22,section_2,2022,Ordinance No. 0109-22.pdf,Thesis_Obsidian\Ordinances\2022\Ordinance No. 0109-22.md,79,False
4473,0109-22,section_3,2022,Ordinance No. 0109-22.pdf,Thesis_Obsidian\Ordinances\2022\Ordinance No. 0109-22.md,31,False
4474,0109-22,section_4,2022,Ordinance No. 0109-22.pdf,Thesis_Obsidian\Ordinances\2022\Ordinance No. 0109-22.md,174,False
4475,011-22,section_1,2022,Ordinance No. 011-22.pdf,Thesis_Obsidian\Ordinances\2022\Ordinance No. 011-22.md,51,False
4476,011-22,section_3,2022,Ordinance No. 011-22.pdf,Thesis_Obsidian\Ordinances\2022\Ordinance No. 011-22.md,187,False
4477,0110-22,section_1,2022,Ordinance No. 0110-22.pdf,Thesis_Obsidian\Ordinances\2022\Ordinance No. 0110-22.md,179,False
4478,0110-22,section_2,2022,Ordinance No. 0110-22.pdf,Thesis_Obsidian\Ordinances\2022\Ordinance No. 0110-22.md,21,False
4479,0110-22,section_3,2022,Ordinance No. 0110-22.pdf,Thesis_Obsidian\Ordinances\2022\Ordinance No. 0110-22.md,23,False
4480,0110-22,section_4,2022,Ordinance No. 0110-22.pdf,Thesis_Obsidian\Ordinances\2022\Ordinance No. 0110-22.md,103,False
4481,0110-22,section_5,2022,Ordinance No. 0110-22.pdf,Thesis_Obsidian\Ordinances\2022\Ordinance No. 0110-22.md,27,False
4482,0110-22,section_6,2022,Ordinance No. 0110-22.pdf,Thesis_Obsidian\Ordinances\2022\Ordinance No. 0110-22.md,97,False
4483,0112-22,section_2,2022,Ordinance No. 0112-22.pdf,Thesis_Obsidian\Ordinances\2022\Ordinance No. 0112-22.md,90,False
4484,0112-22,section_25,2022,Ordinance No. 0112-22.pdf,Thesis_Obsidian\Ordinances\2022\Ordinance No. 0112-22.md,59,False
4485,0112-22,section_3,2022,Ordinance No. 0112-22.pdf,Thesis_Obsidian\Ordinances\2022\Ordinance No. 0112-22.md,80,False
4486,0112-22,section_4,2022,Ordinance No. 0112-22.pdf,Thesis_Obsidian\Ordinances\2022\Ordinance No. 0112-22.md,39,False
4487,0112-22,section_5,2022,Ordinance No. 0112-22.pdf,Thesis_Obsidian\Ordinances\2022\Ordinance No. 0112-22.md,82,False
4488,0113-22,section_1,2022,Ordinance No. 0113-22.pdf,Thesis_Obsidian\Ordinances\2022\Ordinance No. 0113-22.md,43,False
4489,0113-22,section_2,2022,Ordinance No. 0113-22.pdf,Thesis_Obsidian\Ordinances\2022\Ordinance No. 0113-22.md,245,False
4490,0113-22,section_22,2022,Ordinance No. 0113-22.pdf,Thesis_Obsidian\Ordinances\2022\Ordinance No. 0113-22.md,92,False
4491,0113-22,section_35,2022,Ordinance No. 0113-22.pdf,Thesis_Obsidian\Ordinances\2022\Ordinance No. 0113-22.md,113,False
4492,0113-22,section_455,2022,Ordinance No. 0113-22.pdf,Thesis_Obsidian\Ordinances\2022\Ordinance No. 0113-22.md,143,False
4493,0113-22,section_3,2022,Ordinance No. 0113-22.pdf,Thesis_Obsidian\Ordinances\2022\Ordinance No. 0113-22.md,7,False
4494,0113-22,section_4,2022,Ordinance No. 0113-22.pdf,Thesis_Obsidian\Ordinances\2022\Ordinance No. 0113-22.md,9,False
4495,0113-22,section_5,2022,Ordinance No. 0113-22.pdf,Thesis_Obsidian\Ordinances\2022\Ordinance No. 0113-22.md,19,False
4496,0115-22,section_1,2022,Ordinance No. 0115-22.pdf,Thesis_Obsidian\Ordinances\2022\Ordinance No. 0115-22.md,172,False
4497,0115-22,section_2,2022,Ordinance No. 0115-22.pdf,Thesis_Obsidian\Ordinances\2022\Ordinance No. 0115-22.md,175,False
4498,0115-22,section_455,2022,Ordinance No. 0115-22.pdf,Thesis_Obsidian\Ordinances\2022\Ordinance No. 0115-22.md,113,False
4499,0115-22,section_3,2022,Ordinance No. 0115-22.pdf,Thesis_Obsidian\Ordinances\2022\Ordinance No. 0115-22.md,41,False
4500,0115-22,section_5,2022,Ordinance No. 0115-22.pdf,Thesis_Obsidian\Ordinances\2022\Ordinance No. 0115-22.md,-1,True
4501,0116-22,section_1,2022,Ordinance No. 0116-22.pdf,Thesis_Obsidian\Ordinances\2022\Ordinance No. 0116-22.md,184,False
4502,0116-22,section_2,2022,Ordinance No. 0116-22.pdf,Thesis_Obsidian\Ordinances\2022\Ordinance No. 0116-22.md,-1,True
4503,0116-22,section_25,2022,Ordinance No. 0116-22.pdf,Thesis_Obsidian\Ordinances\2022\Ordinance No. 0116-22.md,59,False
4504,0116-22,section_455,2022,Ordinance No. 0116-22.pdf,Thesis_Obsidian\Ordinances\2022\Ordinance No. 0116-22.md,100,False
4505,0116-22,section_16,2022,Ordinance No. 0116-22.pdf,Thesis_Obsidian\Ordinances\2022\Ordinance No. 0116-22.md,176,False
4506,0116-22,section_22,2022,Ordinance No. 0116-22.pdf,Thesis_Obsidian\Ordinances\2022\Ordinance No. 0116-22.md,92,False
4507,0116-22,section_3,2022,Ordinance No. 0116-22.pdf,Thesis_Obsidian\Ordinances\2022\Ordinance No. 0116-22.md,123,False
4508,0116-22,section_4,2022,Ordinance No. 0116-22.pdf,Thesis_Obsidian\Ordinances\2022\Ordinance No. 0116-22.md,39,False
4509,0116-22,section_5,2022,Ordinance No. 0116-22.pdf,Thesis_Obsidian\Ordinances\2022\Ordinance No. 0116-22.md,-1,True
4510,0117-22,section_1,2022,Ordinance No. 0117-22.pdf,Thesis_Obsidian\Ordinances\2022\Ordinance No. 0117-22.md,61,False
4511,0117-22,section_2,2022,Ordinance No. 0117-22.pdf,Thesis_Obsidian\Ordinances\2022\Ordinance No. 0117-22.md,113,False
4512,0117-22,section_4,2022,Ordinance No. 0117-22.pdf,Thesis_Obsidian\Ordinances\2022\Ordinance No. 0117-22.md,127,False
4513,0119-22,section_1,2022,Ordinance No. 0119-22 Deed of Usufruct DCWD .pdf,Thesis_Obsidian\Ordinances\2022\Ordinance No. 0119-22.md,46,False
4514,0119-22,section_2,2022,Ordinance No. 0119-22 Deed of Usufruct DCWD .pdf,Thesis_Obsidian\Ordinances\2022\Ordinance No. 0119-22.md,33,False
4515,0119-22,section_3,2022,Ordinance No. 0119-22 Deed of Usufruct DCWD .pdf,Thesis_Obsidian\Ordinances\2022\Ordinance No. 0119-22.md,63,False
4516,0119-22,section_4,2022,Ordinance No. 0119-22 Deed of Usufruct DCWD .pdf,Thesis_Obsidian\Ordinances\2022\Ordinance No. 0119-22.md,53,False
4517,0120-22,section_1,2022,Ordinance No. 0120-22.pdf,Thesis_Obsidian\Ordinances\2022\Ordinance No. 0120-22.md,61,False
4518,0120-22,section_2,2022,Ordinance No. 0120-22.pdf,Thesis_Obsidian\Ordinances\2022\Ordinance No. 0120-22.md,71,False
4519,0120-22,section_4,2022,Ordinance No. 0120-22.pdf,Thesis_Obsidian\Ordinances\2022\Ordinance No. 0120-22.md,10,False
4520,0120-22,section_5,2022,Ordinance No. 0120-22.pdf,Thesis_Obsidian\Ordinances\2022\Ordinance No. 0120-22.md,207,False
4521,0121-22,section_1,2022,Ordinance No. 0121-22.pdf,Thesis_Obsidian\Ordinances\2022\Ordinance No. 0121-22.md,20,False
4522,0121-22,section_3,2022,Ordinance No. 0121-22.pdf,Thesis_Obsidian\Ordinances\2022\Ordinance No. 0121-22.md,187,False
4523,0122-22,section_1,2022,Ordinance No. 0122-22.pdf,Thesis_Obsidian\Ordinances\2022\Ordinance No. 0122-22.md,51,False
4524,0122-22,section_2,2022,Ordinance No. 0122-22.pdf,Thesis_Obsidian\Ordinances\2022\Ordinance No. 0122-22.md,144,False
4525,0122-22,section_3,2022,Ordinance No. 0122-22.pdf,Thesis_Obsidian\Ordinances\2022\Ordinance No. 0122-22.md,187,False
4526,0125-22,section_1,2022,Ordinance No. 0125-22.pdf,Thesis_Obsidian\Ordinances\2022\Ordinance No. 0125-22.md,11,False
4527,0125-22,section_2,2022,Ordinance No. 0125-22.pdf,Thesis_Obsidian\Ordinances\2022\Ordinance No. 0125-22.md,208,False
4528,0125-22,section_3,2022,Ordinance No. 0125-22.pdf,Thesis_Obsidian\Ordinances\2022\Ordinance No. 0125-22.md,91,False
4529,0125-22,section_5,2022,Ordinance No. 0125-22.pdf,Thesis_Obsidian\Ordinances\2022\Ordinance No. 0125-22.md,166,False
4530,0126-22,section_2,2022,Ordinance No. 0126-22.pdf,Thesis_Obsidian\Ordinances\2022\Ordinance No. 0126-22.md,208,False
4531,0126-22,section_3,2022,Ordinance No. 0126-22.pdf,Thesis_Obsidian\Ordinances\2022\Ordinance No. 0126-22.md,91,False
4532,0126-22,section_4,2022,Ordinance No. 0126-22.pdf,Thesis_Obsidian\Ordinances\2022\Ordinance No. 0126-22.md,-1,True
4533,0126-22,section_5,2022,Ordinance No. 0126-22.pdf,Thesis_Obsidian\Ordinances\2022\Ordinance No. 0126-22.md,166,False
4534,0127-22,section_8,2022,Ordinance No. 0127-22 (Annual Budget 2023).pdf,Thesis_Obsidian\Ordinances\2022\Ordinance No. 0127-22.md,202,False
4535,0127-22,section_9,2022,Ordinance No. 0127-22 (Annual Budget 2023).pdf,Thesis_Obsidian\Ordinances\2022\Ordinance No. 0127-22.md,90,False
4536,0127-22,section_10,2022,Ordinance No. 0127-22 (Annual Budget 2023).pdf,Thesis_Obsidian\Ordinances\2022\Ordinance No. 0127-22.md,204,False
4537,0127-22,section_11,2022,Ordinance No. 0127-22 (Annual Budget 2023).pdf,Thesis_Obsidian\Ordinances\2022\Ordinance No. 0127-22.md,-1,True
4538,0128-22,section_1,2022,Ordinance No. 0128-22.pdf,Thesis_Obsidian\Ordinances\2022\Ordinance No. 0128-22.md,11,False
4539,0128-22,section_2,2022,Ordinance No. 0128-22.pdf,Thesis_Obsidian\Ordinances\2022\Ordinance No. 0128-22.md,208,False
4540,0128-22,section_66,2022,Ordinance No. 0128-22.pdf,Thesis_Obsidian\Ordinances\2022\Ordinance No. 0128-22.md,91,False
4541,0128-22,section_4,2022,Ordinance No. 0128-22.pdf,Thesis_Obsidian\Ordinances\2022\Ordinance No. 0128-22.md,114,False
4542,0128-22,section_5,2022,Ordinance No. 0128-22.pdf,Thesis_Obsidian\Ordinances\2022\Ordinance No. 0128-22.md,166,False
4543,013-22,section_2,2022,Ordinance No. 013-22.pdf,Thesis_Obsidian\Ordinances\2022\Ordinance No. 013-22.md,32,False
4544,013-22,section_455,2022,Ordinance No. 013-22.pdf,Thesis_Obsidian\Ordinances\2022\Ordinance No. 013-22.md,100,False
4545,013-22,section_3,2022,Ordinance No. 013-22.pdf,Thesis_Obsidian\Ordinances\2022\Ordinance No. 013-22.md,127,False
4546,013-22,section_4,2022,Ordinance No. 013-22.pdf,Thesis_Obsidian\Ordinances\2022\Ordinance No. 013-22.md,38,False
4547,013-22,section_5,2022,Ordinance No. 013-22.pdf,Thesis_Obsidian\Ordinances\2022\Ordinance No. 013-22.md,127,False
4548,0130-22,section_1,2022,Ordinance No. 0130-22.pdf,Thesis_Obsidian\Ordinances\2022\Ordinance No. 0130-22.md,46,False
4549,0130-22,section_2,2022,Ordinance No. 0130-22.pdf,Thesis_Obsidian\Ordinances\2022\Ordinance No. 0130-22.md,100,False
4550,0130-22,section_16,2022,Ordinance No. 0130-22.pdf,Thesis_Obsidian\Ordinances\2022\Ordinance No. 0130-22.md,45,False
4551,0130-22,section_3,2022,Ordinance No. 0130-22.pdf,Thesis_Obsidian\Ordinances\2022\Ordinance No. 0130-22.md,63,False
4552,0130-22,section_5,2022,Ordinance No. 0130-22.pdf,Thesis_Obsidian\Ordinances\2022\Ordinance No. 0130-22.md,114,False
4553,0130-22,section_6,2022,Ordinance No. 0130-22.pdf,Thesis_Obsidian\Ordinances\2022\Ordinance No. 0130-22.md,98,False
4554,0132-22,section_1,2022,Ordinance No. 0132-22.pdf,Thesis_Obsidian\Ordinances\2022\Ordinance No. 0132-22.md,179,False
4555,0132-22,section_2,2022,Ordinance No. 0132-22.pdf,Thesis_Obsidian\Ordinances\2022\Ordinance No. 0132-22.md,21,False
4556,0132-22,section_5,2022,Ordinance No. 0132-22.pdf,Thesis_Obsidian\Ordinances\2022\Ordinance No. 0132-22.md,53,False
4557,0133-22,section_1,2022,Ordinance No. 0133-22.pdf,Thesis_Obsidian\Ordinances\2022\Ordinance No. 0133-22.md,117,False
4558,0133-22,section_2,2022,Ordinance No. 0133-22.pdf,Thesis_Obsidian\Ordinances\2022\Ordinance No. 0133-22.md,13,False
4559,0133-22,section_3,2022,Ordinance No. 0133-22.pdf,Thesis_Obsidian\Ordinances\2022\Ordinance No. 0133-22.md,-1,True
4560,0133-22,section_4,2022,Ordinance No. 0133-22.pdf,Thesis_Obsidian\Ordinances\2022\Ordinance No. 0133-22.md,95,False
4561,0133-22,section_5,2022,Ordinance No. 0133-22.pdf,Thesis_Obsidian\Ordinances\2022\Ordinance No. 0133-22.md,8,False
4562,0134-22,section_1,2022,Ordinance No. 0134-22.pdf,Thesis_Obsidian\Ordinances\2022\Ordinance No. 0134-22.md,80,False
4563,0134-22,section_2,2022,Ordinance No. 0134-22.pdf,Thesis_Obsidian\Ordinances\2022\Ordinance No. 0134-22.md,13,False
4564,0134-22,section_3,2022,Ordinance No. 0134-22.pdf,Thesis_Obsidian\Ordinances\2022\Ordinance No. 0134-22.md,171,False
4565,0134-22,section_4,2022,Ordinance No. 0134-22.pdf,Thesis_Obsidian\Ordinances\2022\Ordinance No. 0134-22.md,39,False
4566,0134-22,section_5,2022,Ordinance No. 0134-22.pdf,Thesis_Obsidian\Ordinances\2022\Ordinance No. 0134-22.md,8,False
4567,0135-22,section_1,2022,Ordinance No. 0135-22.pdf,Thesis_Obsidian\Ordinances\2022\Ordinance No. 0135-22.md,61,False
4568,0135-22,section_455,2022,Ordinance No. 0135-22.pdf,Thesis_Obsidian\Ordinances\2022\Ordinance No. 0135-22.md,101,False
4569,0135-22,section_3,2022,Ordinance No. 0135-22.pdf,Thesis_Obsidian\Ordinances\2022\Ordinance No. 0135-22.md,60,False
4570,0135-22,section_4,2022,Ordinance No. 0135-22.pdf,Thesis_Obsidian\Ordinances\2022\Ordinance No. 0135-22.md,38,False
4571,0135-22,section_5,2022,Ordinance No. 0135-22.pdf,Thesis_Obsidian\Ordinances\2022\Ordinance No. 0135-22.md,207,False
4572,014-22,section_1,2022,Ordinance No. 014-22.pdf,Thesis_Obsidian\Ordinances\2022\Ordinance No. 014-22.md,127,False
4573,014-22,section_2,2022,Ordinance No. 014-22.pdf,Thesis_Obsidian\Ordinances\2022\Ordinance No. 014-22.md,79,False
4574,014-22,section_3,2022,Ordinance No. 014-22.pdf,Thesis_Obsidian\Ordinances\2022\Ordinance No. 014-22.md,127,False
4575,014-22,section_4,2022,Ordinance No. 014-22.pdf,Thesis_Obsidian\Ordinances\2022\Ordinance No. 014-22.md,38,False
4576,014-22,section_5,2022,Ordinance No. 014-22.pdf,Thesis_Obsidian\Ordinances\2022\Ordinance No. 014-22.md,127,False
4577,015-22,section_1,2022,Ordinance No. 015-22.pdf,Thesis_Obsidian\Ordinances\2022\Ordinance No. 015-22.md,127,False
4578,015-22,section_2,2022,Ordinance No. 015-22.pdf,Thesis_Obsidian\Ordinances\2022\Ordinance No. 015-22.md,32,False
4579,015-22,section_455,2022,Ordinance No. 015-22.pdf,Thesis_Obsidian\Ordinances\2022\Ordinance No. 015-22.md,-1,True
4580,015-22,section_4,2022,Ordinance No. 015-22.pdf,Thesis_Obsidian\Ordinances\2022\Ordinance No. 015-22.md,86,False
4581,015-22,section_5,2022,Ordinance No. 015-22.pdf,Thesis_Obsidian\Ordinances\2022\Ordinance No. 015-22.md,127,False
4582,016-22,section_1,2022,Ordinance No. 016-22.pdf,Thesis_Obsidian\Ordinances\2022\Ordinance No. 016-22.md,127,False
4583,016-22,section_2,2022,Ordinance No. 016-22.pdf,Thesis_Obsidian\Ordinances\2022\Ordinance No. 016-22.md,32,False
4584,016-22,section_455,2022,Ordinance No. 016-22.pdf,Thesis_Obsidian\Ordinances\2022\Ordinance No. 016-22.md,-1,True
4585,016-22,section_4,2022,Ordinance No. 016-22.pdf,Thesis_Obsidian\Ordinances\2022\Ordinance No. 016-22.md,95,False
4586,016-22,section_5,2022,Ordinance No. 016-22.pdf,Thesis_Obsidian\Ordinances\2022\Ordinance No. 016-22.md,127,False
4587,017-22,section_1,2022,Ordinance No. 017-22.pdf,Thesis_Obsidian\Ordinances\2022\Ordinance No. 017-22.md,184,False
4588,017-22,section_2,2022,Ordinance No. 017-22.pdf,Thesis_Obsidian\Ordinances\2022\Ordinance No. 017-22.md,89,False
4589,017-22,section_16,2022,Ordinance No. 017-22.pdf,Thesis_Obsidian\Ordinances\2022\Ordinance No. 017-22.md,176,False
4590,017-22,section_3,2022,Ordinance No. 017-22.pdf,Thesis_Obsidian\Ordinances\2022\Ordinance No. 017-22.md,41,False
4591,017-22,section_5,2022,Ordinance No. 017-22.pdf,Thesis_Obsidian\Ordinances\2022\Ordinance No. 017-22.md,19,False
4592,019-22,section_1,2022,Ordinance No. 019-22 Amendment Agri and Biosystem Eng_g.pdf,Thesis_Obsidian\Ordinances\2022\Ordinance No. 019-22.md,58,False
4593,019-22,section_2,2022,Ordinance No. 019-22 Amendment Agri and Biosystem Eng_g.pdf,Thesis_Obsidian\Ordinances\2022\Ordinance No. 019-22.md,25,False
4594,019-22,section_3,2022,Ordinance No. 019-22 Amendment Agri and Biosystem Eng_g.pdf,Thesis_Obsidian\Ordinances\2022\Ordinance No. 019-22.md,25,False
4595,019-22,section_4,2022,Ordinance No. 019-22 Amendment Agri and Biosystem Eng_g.pdf,Thesis_Obsidian\Ordinances\2022\Ordinance No. 019-22.md,25,False
4596,019-22,section_5,2022,Ordinance No. 019-22 Amendment Agri and Biosystem Eng_g.pdf,Thesis_Obsidian\Ordinances\2022\Ordinance No. 019-22.md,82,False
4597,020-22,section_1,2022,Ordinance No. 020-22.pdf,Thesis_Obsidian\Ordinances\2022\Ordinance No. 020-22.md,34,False
4598,020-22,section_3,2022,Ordinance No. 020-22.pdf,Thesis_Obsidian\Ordinances\2022\Ordinance No. 020-22.md,60,False
4599,020-22,section_4,2022,Ordinance No. 020-22.pdf,Thesis_Obsidian\Ordinances\2022\Ordinance No. 020-22.md,39,False
4600,020-22,section_5,2022,Ordinance No. 020-22.pdf,Thesis_Obsidian\Ordinances\2022\Ordinance No. 020-22.md,269,False
4601,021-22,section_1,2022,Ordinance No. 021-22.pdf,Thesis_Obsidian\Ordinances\2022\Ordinance No. 021-22.md,-1,True
4602,021-22,section_2,2022,Ordinance No. 021-22.pdf,Thesis_Obsidian\Ordinances\2022\Ordinance No. 021-22.md,101,False
4603,021-22,section_3,2022,Ordinance No. 021-22.pdf,Thesis_Obsidian\Ordinances\2022\Ordinance No. 021-22.md,41,False
4604,021-22,section_5,2022,Ordinance No. 021-22.pdf,Thesis_Obsidian\Ordinances\2022\Ordinance No. 021-22.md,153,False
4605,022-22,section_2,2022,Ordinance No. 022-22.pdf,Thesis_Obsidian\Ordinances\2022\Ordinance No. 022-22.md,122,False
4606,022-22,section_3,2022,Ordinance No. 022-22.pdf,Thesis_Obsidian\Ordinances\2022\Ordinance No. 022-22.md,131,False
4607,022-22,section_4,2022,Ordinance No. 022-22.pdf,Thesis_Obsidian\Ordinances\2022\Ordinance No. 022-22.md,-1,True
4608,022-22,section_1,2022,Ordinance No. 022-22.pdf,Thesis_Obsidian\Ordinances\2022\Ordinance No. 022-22.md,26,False
4609,023-22,section_2,2022,Ordinance No. 023-22.pdf,Thesis_Obsidian\Ordinances\2022\Ordinance No. 023-22.md,37,False
4610,023-22,section_3,2022,Ordinance No. 023-22.pdf,Thesis_Obsidian\Ordinances\2022\Ordinance No. 023-22.md,105,False
4611,023-22,section_4,2022,Ordinance No. 023-22.pdf,Thesis_Obsidian\Ordinances\2022\Ordinance No. 023-22.md,39,False
4612,023-22,section_5,2022,Ordinance No. 023-22.pdf,Thesis_Obsidian\Ordinances\2022\Ordinance No. 023-22.md,82,False
4613,024-22,section_2,2022,Ordinance No. 024-22.pdf,Thesis_Obsidian\Ordinances\2022\Ordinance No. 024-22.md,218,False
4614,024-22,section_4,2022,Ordinance No. 024-22.pdf,Thesis_Obsidian\Ordinances\2022\Ordinance No. 024-22.md,39,False
4615,024-22,section_5,2022,Ordinance No. 024-22.pdf,Thesis_Obsidian\Ordinances\2022\Ordinance No. 024-22.md,-1,True
4616,027-22,section_1,2022,Ordinance No. 027-22.pdf,Thesis_Obsidian\Ordinances\2022\Ordinance No. 027-22.md,20,False
4617,027-22,section_2,2022,Ordinance No. 027-22.pdf,Thesis_Obsidian\Ordinances\2022\Ordinance No. 027-22.md,34,False
4618,027-22,section_5,2022,Ordinance No. 027-22.pdf,Thesis_Obsidian\Ordinances\2022\Ordinance No. 027-22.md,19,False
4619,028-22,section_1,2022,Ordinance No. 028-22.pdf,Thesis_Obsidian\Ordinances\2022\Ordinance No. 028-22.md,46,False
4620,028-22,section_2,2022,Ordinance No. 028-22.pdf,Thesis_Obsidian\Ordinances\2022\Ordinance No. 028-22.md,129,False
4621,028-22,section_16,2022,Ordinance No. 028-22.pdf,Thesis_Obsidian\Ordinances\2022\Ordinance No. 028-22.md,45,False
4622,028-22,section_3,2022,Ordinance No. 028-22.pdf,Thesis_Obsidian\Ordinances\2022\Ordinance No. 028-22.md,63,False
4623,028-22,section_4,2022,Ordinance No. 028-22.pdf,Thesis_Obsidian\Ordinances\2022\Ordinance No. 028-22.md,148,False
4624,028-22,section_5,2022,Ordinance No. 028-22.pdf,Thesis_Obsidian\Ordinances\2022\Ordinance No. 028-22.md,98,False
4625,029-22,section_1,2022,Ordinance No. 029-22.pdf,Thesis_Obsidian\Ordinances\2022\Ordinance No. 029-22.md,173,False
4626,029-22,section_4,2022,Ordinance No. 029-22.pdf,Thesis_Obsidian\Ordinances\2022\Ordinance No. 029-22.md,99,False
4627,029-22,section_5,2022,Ordinance No. 029-22.pdf,Thesis_Obsidian\Ordinances\2022\Ordinance No. 029-22.md,197,False
4628,032-22,section_2,2022,Ordinance No. 032-22.pdf,Thesis_Obsidian\Ordinances\2022\Ordinance No. 032-22.md,201,False
4629,032-22,section_3,2022,Ordinance No. 032-22.pdf,Thesis_Obsidian\Ordinances\2022\Ordinance No. 032-22.md,42,False
4630,032-22,section_4,2022,Ordinance No. 032-22.pdf,Thesis_Obsidian\Ordinances\2022\Ordinance No. 032-22.md,270,False
4631,032-22,section_5,2022,Ordinance No. 032-22.pdf,Thesis_Obsidian\Ordinances\2022\Ordinance No. 032-22.md,197,False
4632,032-22,section_6,2022,Ordinance No. 032-22.pdf,Thesis_Obsidian\Ordinances\2022\Ordinance No. 032-22.md,1,False
4633,034-22,section_1,2022,Ordinance No. 034-22.pdf,Thesis_Obsidian\Ordinances\2022\Ordinance No. 034-22.md,96,False
4634,034-22,section_2,2022,Ordinance No. 034-22.pdf,Thesis_Obsidian\Ordinances\2022\Ordinance No. 034-22.md,62,False
4635,034-22,section_4,2022,Ordinance No. 034-22.pdf,Thesis_Obsidian\Ordinances\2022\Ordinance No. 034-22.md,-1,True
4636,034-22,section_5,2022,Ordinance No. 034-22.pdf,Thesis_Obsidian\Ordinances\2022\Ordinance No. 034-22.md,197,False
4637,034-22,section_6,2022,Ordinance No. 034-22.pdf,Thesis_Obsidian\Ordinances\2022\Ordinance No. 034-22.md,1,False
4638,037-22,section_1,2022,Ordinance No. 037-22.pdf,Thesis_Obsidian\Ordinances\2022\Ordinance No. 037-22.md,17,False
4639,037-22,section_2,2022,Ordinance No. 037-22.pdf,Thesis_Obsidian\Ordinances\2022\Ordinance No. 037-22.md,165,False
4640,037-22,section_3,2022,Ordinance No. 037-22.pdf,Thesis_Obsidian\Ordinances\2022\Ordinance No. 037-22.md,42,False
4641,037-22,section_4,2022,Ordinance No. 037-22.pdf,Thesis_Obsidian\Ordinances\2022\Ordinance No. 037-22.md,229,False
4642,037-22,section_5,2022,Ordinance No. 037-22.pdf,Thesis_Obsidian\Ordinances\2022\Ordinance No. 037-22.md,197,False
4643,037-22,section_6,2022,Ordinance No. 037-22.pdf,Thesis_Obsidian\Ordinances\2022\Ordinance No. 037-22.md,1,False
4644,039-22,section_1,2022,Ordinance No. 039-22.pdf,Thesis_Obsidian\Ordinances\2022\Ordinance No. 039-22.md,96,False
4645,039-22,section_2,2022,Ordinance No. 039-22.pdf,Thesis_Obsidian\Ordinances\2022\Ordinance No. 039-22.md,109,False
4646,039-22,section_3,2022,Ordinance No. 039-22.pdf,Thesis_Obsidian\Ordinances\2022\Ordinance No. 039-22.md,42,False
4647,039-22,section_4,2022,Ordinance No. 039-22.pdf,Thesis_Obsidian\Ordinances\2022\Ordinance No. 039-22.md,-1,True
4648,039-22,section_5,2022,Ordinance No. 039-22.pdf,Thesis_Obsidian\Ordinances\2022\Ordinance No. 039-22.md,197,False
4649,039-22,section_6,2022,Ordinance No. 039-22.pdf,Thesis_Obsidian\Ordinances\2022\Ordinance No. 039-22.md,1,False
4650,041-22,section_1,2022,Ordinance No. 041-22.pdf,Thesis_Obsidian\Ordinances\2022\Ordinance No. 041-22.md,17,False
4651,041-22,section_2,2022,Ordinance No. 041-22.pdf,Thesis_Obsidian\Ordinances\2022\Ordinance No. 041-22.md,62,False
4652,041-22,section_4,2022,Ordinance No. 041-22.pdf,Thesis_Obsidian\Ordinances\2022\Ordinance No. 041-22.md,229,False
4653,041-22,section_5,2022,Ordinance No. 041-22.pdf,Thesis_Obsidian\Ordinances\2022\Ordinance No. 041-22.md,197,False
4654,041-22,section_6,2022,Ordinance No. 041-22.pdf,Thesis_Obsidian\Ordinances\2022\Ordinance No. 041-22.md,1,False
4655,042-22,section_1,2022,Ordinance No. 042-22.pdf,Thesis_Obsidian\Ordinances\2022\Ordinance No. 042-22.md,11,False
4656,042-22,section_2,2022,Ordinance No. 042-22.pdf,Thesis_Obsidian\Ordinances\2022\Ordinance No. 042-22.md,208,False
4657,042-22,section_3,2022,Ordinance No. 042-22.pdf,Thesis_Obsidian\Ordinances\2022\Ordinance No. 042-22.md,91,False
4658,042-22,section_4,2022,Ordinance No. 042-22.pdf,Thesis_Obsidian\Ordinances\2022\Ordinance No. 042-22.md,39,False
4659,042-22,section_5,2022,Ordinance No. 042-22.pdf,Thesis_Obsidian\Ordinances\2022\Ordinance No. 042-22.md,166,False
4660,043-22,section_1,2022,Ordinance No. 043-22 (creating PDAC-PDAO).pdf,Thesis_Obsidian\Ordinances\2022\Ordinance No. 043-22.md,195,False
4661,043-22,section_2,2022,Ordinance No. 043-22 (creating PDAC-PDAO).pdf,Thesis_Obsidian\Ordinances\2022\Ordinance No. 043-22.md,26,False
4662,043-22,section_3,2022,Ordinance No. 043-22 (creating PDAC-PDAO).pdf,Thesis_Obsidian\Ordinances\2022\Ordinance No. 043-22.md,25,False
4663,043-22,section_4,2022,Ordinance No. 043-22 (creating PDAC-PDAO).pdf,Thesis_Obsidian\Ordinances\2022\Ordinance No. 043-22.md,25,False
4664,043-22,section_5,2022,Ordinance No. 043-22 (creating PDAC-PDAO).pdf,Thesis_Obsidian\Ordinances\2022\Ordinance No. 043-22.md,-1,True
4665,043-22,section_6,2022,Ordinance No. 043-22 (creating PDAC-PDAO).pdf,Thesis_Obsidian\Ordinances\2022\Ordinance No. 043-22.md,25,False
4666,043-22,section_7,2022,Ordinance No. 043-22 (creating PDAC-PDAO).pdf,Thesis_Obsidian\Ordinances\2022\Ordinance No. 043-22.md,-1,True
4667,043-22,section_8,2022,Ordinance No. 043-22 (creating PDAC-PDAO).pdf,Thesis_Obsidian\Ordinances\2022\Ordinance No. 043-22.md,25,False
4668,043-22,section_11,2022,Ordinance No. 043-22 (creating PDAC-PDAO).pdf,Thesis_Obsidian\Ordinances\2022\Ordinance No. 043-22.md,25,False
4669,043-22,section_13,2022,Ordinance No. 043-22 (creating PDAC-PDAO).pdf,Thesis_Obsidian\Ordinances\2022\Ordinance No. 043-22.md,25,False
4670,043-22,section_14,2022,Ordinance No. 043-22 (creating PDAC-PDAO).pdf,Thesis_Obsidian\Ordinances\2022\Ordinance No. 043-22.md,25,False
4671,043-22,section_15,2022,Ordinance No. 043-22 (creating PDAC-PDAO).pdf,Thesis_Obsidian\Ordinances\2022\Ordinance No. 043-22.md,25,False
4672,043-22,section_16,2022,Ordinance No. 043-22 (creating PDAC-PDAO).pdf,Thesis_Obsidian\Ordinances\2022\Ordinance No. 043-22.md,-1,True
4673,044-22,section_1,2022,Ordinance No. 044-22.pdf,Thesis_Obsidian\Ordinances\2022\Ordinance No. 044-22.md,80,False
4674,044-22,section_2,2022,Ordinance No. 044-22.pdf,Thesis_Obsidian\Ordinances\2022\Ordinance No. 044-22.md,13,False
4675,044-22,section_3,2022,Ordinance No. 044-22.pdf,Thesis_Obsidian\Ordinances\2022\Ordinance No. 044-22.md,205,False
4676,044-22,section_5,2022,Ordinance No. 044-22.pdf,Thesis_Obsidian\Ordinances\2022\Ordinance No. 044-22.md,8,False
4677,047-22,section_1,2022,Ordinance No. 047-22.pdf,Thesis_Obsidian\Ordinances\2022\Ordinance No. 047-22.md,61,False
4678,047-22,section_2,2022,Ordinance No. 047-22.pdf,Thesis_Obsidian\Ordinances\2022\Ordinance No. 047-22.md,101,False
4679,047-22,section_3,2022,Ordinance No. 047-22.pdf,Thesis_Obsidian\Ordinances\2022\Ordinance No. 047-22.md,-1,True
4680,048-22,section_1,2022,Ordinance No. 048-22 Safety and Security Measures.pdf,Thesis_Obsidian\Ordinances\2022\Ordinance No. 048-22.md,57,False
4681,048-22,section_2,2022,Ordinance No. 048-22 Safety and Security Measures.pdf,Thesis_Obsidian\Ordinances\2022\Ordinance No. 048-22.md,-1,True
4682,048-22,section_3,2022,Ordinance No. 048-22 Safety and Security Measures.pdf,Thesis_Obsidian\Ordinances\2022\Ordinance No. 048-22.md,-1,True
4683,048-22,section_4,2022,Ordinance No. 048-22 Safety and Security Measures.pdf,Thesis_Obsidian\Ordinances\2022\Ordinance No. 048-22.md,40,False
4684,048-22,section_6,2022,Ordinance No. 048-22 Safety and Security Measures.pdf,Thesis_Obsidian\Ordinances\2022\Ordinance No. 048-22.md,-1,True
4685,048-22,section_7,2022,Ordinance No. 048-22 Safety and Security Measures.pdf,Thesis_Obsidian\Ordinances\2022\Ordinance No. 048-22.md,-1,True
4686,048-22,section_8,2022,Ordinance No. 048-22 Safety and Security Measures.pdf,Thesis_Obsidian\Ordinances\2022\Ordinance No. 048-22.md,6,False
4687,048-22,section_9,2022,Ordinance No. 048-22 Safety and Security Measures.pdf,Thesis_Obsidian\Ordinances\2022\Ordinance No. 048-22.md,-1,True
4688,048-22,section_11,2022,Ordinance No. 048-22 Safety and Security Measures.pdf,Thesis_Obsidian\Ordinances\2022\Ordinance No. 048-22.md,-1,True
4689,048-22,section_12,2022,Ordinance No. 048-22 Safety and Security Measures.pdf,Thesis_Obsidian\Ordinances\2022\Ordinance No. 048-22.md,14,False
4690,048-22,section_15,2022,Ordinance No. 048-22 Safety and Security Measures.pdf,Thesis_Obsidian\Ordinances\2022\Ordinance No. 048-22.md,155,False
4691,048-22,section_16,2022,Ordinance No. 048-22 Safety and Security Measures.pdf,Thesis_Obsidian\Ordinances\2022\Ordinance No. 048-22.md,40,False
4692,048-22,section_19,2022,Ordinance No. 048-22 Safety and Security Measures.pdf,Thesis_Obsidian\Ordinances\2022\Ordinance No. 048-22.md,126,False
4693,048-22,section_20,2022,Ordinance No. 048-22 Safety and Security Measures.pdf,Thesis_Obsidian\Ordinances\2022\Ordinance No. 048-22.md,39,False
4694,048-22,section_21,2022,Ordinance No. 048-22 Safety and Security Measures.pdf,Thesis_Obsidian\Ordinances\2022\Ordinance No. 048-22.md,-1,True
4695,049-22,section_1,2022,Ordinance No. 049-22.pdf,Thesis_Obsidian\Ordinances\2022\Ordinance No. 049-22.md,-1,True
4696,049-22,section_2,2022,Ordinance No. 049-22.pdf,Thesis_Obsidian\Ordinances\2022\Ordinance No. 049-22.md,79,False
4697,049-22,section_3,2022,Ordinance No. 049-22.pdf,Thesis_Obsidian\Ordinances\2022\Ordinance No. 049-22.md,31,False
4698,049-22,section_4,2022,Ordinance No. 049-22.pdf,Thesis_Obsidian\Ordinances\2022\Ordinance No. 049-22.md,53,False
4699,050-22,section_1,2022,Ordinance No. 050-22.pdf,Thesis_Obsidian\Ordinances\2022\Ordinance No. 050-22.md,43,False
4700,050-22,section_2,2022,Ordinance No. 050-22.pdf,Thesis_Obsidian\Ordinances\2022\Ordinance No. 050-22.md,34,False
4701,050-22,section_3,2022,Ordinance No. 050-22.pdf,Thesis_Obsidian\Ordinances\2022\Ordinance No. 050-22.md,-1,True
4702,051-22,section_1,2022,Ordinance No. 051-22.pdf,Thesis_Obsidian\Ordinances\2022\Ordinance No. 051-22.md,184,False
4703,051-22,section_455,2022,Ordinance No. 051-22.pdf,Thesis_Obsidian\Ordinances\2022\Ordinance No. 051-22.md,34,False
4704,051-22,section_4,2022,Ordinance No. 051-22.pdf,Thesis_Obsidian\Ordinances\2022\Ordinance No. 051-22.md,151,False
4705,051-22,section_5,2022,Ordinance No. 051-22.pdf,Thesis_Obsidian\Ordinances\2022\Ordinance No. 051-22.md,19,False
4706,052-22,section_1,2022,Ordinance No. 052-22.pdf,Thesis_Obsidian\Ordinances\2022\Ordinance No. 052-22.md,91,False
4707,052-22,section_5,2022,Ordinance No. 052-22.pdf,Thesis_Obsidian\Ordinances\2022\Ordinance No. 052-22.md,53,False
4708,053-22,section_1,2022,Ordinance No. 053-22.pdf,Thesis_Obsidian\Ordinances\2022\Ordinance No. 053-22.md,43,False
4709,053-22,section_2,2022,Ordinance No. 053-22.pdf,Thesis_Obsidian\Ordinances\2022\Ordinance No. 053-22.md,34,False
4710,053-22,section_4,2022,Ordinance No. 053-22.pdf,Thesis_Obsidian\Ordinances\2022\Ordinance No. 053-22.md,38,False
4711,053-22,section_5,2022,Ordinance No. 053-22.pdf,Thesis_Obsidian\Ordinances\2022\Ordinance No. 053-22.md,153,False
4712,054-22,section_1,2022,Ordinance No. 054-22.pdf,Thesis_Obsidian\Ordinances\2022\Ordinance No. 054-22.md,61,False
4713,054-22,section_2,2022,Ordinance No. 054-22.pdf,Thesis_Obsidian\Ordinances\2022\Ordinance No. 054-22.md,136,False
4714,054-22,section_22,2022,Ordinance No. 054-22.pdf,Thesis_Obsidian\Ordinances\2022\Ordinance No. 054-22.md,34,False
4715,054-22,section_4,2022,Ordinance No. 054-22.pdf,Thesis_Obsidian\Ordinances\2022\Ordinance No. 054-22.md,27,False
4716,054-22,section_5,2022,Ordinance No. 054-22.pdf,Thesis_Obsidian\Ordinances\2022\Ordinance No. 054-22.md,269,False
4717,062-22,section_1,2022,Ordinance No. 062-22.pdf,Thesis_Obsidian\Ordinances\2022\Ordinance No. 062-22.md,17,False
4718,062-22,section_2,2022,Ordinance No. 062-22.pdf,Thesis_Obsidian\Ordinances\2022\Ordinance No. 062-22.md,62,False
4719,062-22,section_4,2022,Ordinance No. 062-22.pdf,Thesis_Obsidian\Ordinances\2022\Ordinance No. 062-22.md,229,False
4720,062-22,section_5,2022,Ordinance No. 062-22.pdf,Thesis_Obsidian\Ordinances\2022\Ordinance No. 062-22.md,197,False
4721,062-22,section_6,2022,Ordinance No. 062-22.pdf,Thesis_Obsidian\Ordinances\2022\Ordinance No. 062-22.md,1,False
4722,067-22,section_1,2022,Ordinance No. 067-22.pdf,Thesis_Obsidian\Ordinances\2022\Ordinance No. 067-22.md,17,False
4723,067-22,section_2,2022,Ordinance No. 067-22.pdf,Thesis_Obsidian\Ordinances\2022\Ordinance No. 067-22.md,165,False
4724,067-22,section_3,2022,Ordinance No. 067-22.pdf,Thesis_Obsidian\Ordinances\2022\Ordinance No. 067-22.md,170,False
4725,067-22,section_4,2022,Ordinance No. 067-22.pdf,Thesis_Obsidian\Ordinances\2022\Ordinance No. 067-22.md,-1,True
4726,067-22,section_5,2022,Ordinance No. 067-22.pdf,Thesis_Obsidian\Ordinances\2022\Ordinance No. 067-22.md,197,False
4727,067-22,section_6,2022,Ordinance No. 067-22.pdf,Thesis_Obsidian\Ordinances\2022\Ordinance No. 067-22.md,1,False
4728,068-22,section_1,2022,Ordinance No. 068-22.pdf,Thesis_Obsidian\Ordinances\2022\Ordinance No. 068-22.md,17,False
4729,068-22,section_2,2022,Ordinance No. 068-22.pdf,Thesis_Obsidian\Ordinances\2022\Ordinance No. 068-22.md,165,False
4730,068-22,section_3,2022,Ordinance No. 068-22.pdf,Thesis_Obsidian\Ordinances\2022\Ordinance No. 068-22.md,170,False
4731,068-22,section_4,2022,Ordinance No. 068-22.pdf,Thesis_Obsidian\Ordinances\2022\Ordinance No. 068-22.md,270,False
4732,068-22,section_5,2022,Ordinance No. 068-22.pdf,Thesis_Obsidian\Ordinances\2022\Ordinance No. 068-22.md,197,False
4733,068-22,section_6,2022,Ordinance No. 068-22.pdf,Thesis_Obsidian\Ordinances\2022\Ordinance No. 068-22.md,1,False
4734,070-22,section_1,2022,Ordinance No. 070-22.pdf,Thesis_Obsidian\Ordinances\2022\Ordinance No. 070-22.md,17,False
4735,070-22,section_2,2022,Ordinance No. 070-22.pdf,Thesis_Obsidian\Ordinances\2022\Ordinance No. 070-22.md,62,False
4736,070-22,section_4,2022,Ordinance No. 070-22.pdf,Thesis_Obsidian\Ordinances\2022\Ordinance No. 070-22.md,138,False
4737,070-22,section_5,2022,Ordinance No. 070-22.pdf,Thesis_Obsidian\Ordinances\2022\Ordinance No. 070-22.md,197,False
4738,070-22,section_6,2022,Ordinance No. 070-22.pdf,Thesis_Obsidian\Ordinances\2022\Ordinance No. 070-22.md,47,False
4739,074-22,section_1,2022,Ordinance No. 074-22.pdf,Thesis_Obsidian\Ordinances\2022\Ordinance No. 074-22.md,258,False
4740,074-22,section_5,2022,Ordinance No. 074-22.pdf,Thesis_Obsidian\Ordinances\2022\Ordinance No. 074-22.md,197,False
4741,074-22,section_6,2022,Ordinance No. 074-22.pdf,Thesis_Obsidian\Ordinances\2022\Ordinance No. 074-22.md,47,False
4742,082-22,section_1,2022,Ordinance No. 082-22.pdf,Thesis_Obsidian\Ordinances\2022\Ordinance No. 082-22.md,17,False
4743,082-22,section_2,2022,Ordinance No. 082-22.pdf,Thesis_Obsidian\Ordinances\2022\Ordinance No. 082-22.md,227,False
4744,082-22,section_3,2022,Ordinance No. 082-22.pdf,Thesis_Obsidian\Ordinances\2022\Ordinance No. 082-22.md,42,False
4745,082-22,section_4,2022,Ordinance No. 082-22.pdf,Thesis_Obsidian\Ordinances\2022\Ordinance No. 082-22.md,138,False
4746,082-22,section_5,2022,Ordinance No. 082-22.pdf,Thesis_Obsidian\Ordinances\2022\Ordinance No. 082-22.md,197,False
4747,082-22,section_6,2022,Ordinance No. 082-22.pdf,Thesis_Obsidian\Ordinances\2022\Ordinance No. 082-22.md,47,False
4748,084-22,section_1,2022,Ordinance No. 084-22.pdf,Thesis_Obsidian\Ordinances\2022\Ordinance No. 084-22.md,199,False
4749,084-22,section_2,2022,Ordinance No. 084-22.pdf,Thesis_Obsidian\Ordinances\2022\Ordinance No. 084-22.md,33,False
4750,084-22,section_3,2022,Ordinance No. 084-22.pdf,Thesis_Obsidian\Ordinances\2022\Ordinance No. 084-22.md,199,False
4751,084-22,section_4,2022,Ordinance No. 084-22.pdf,Thesis_Obsidian\Ordinances\2022\Ordinance No. 084-22.md,86,False
4752,084-22,section_5,2022,Ordinance No. 084-22.pdf,Thesis_Obsidian\Ordinances\2022\Ordinance No. 084-22.md,-1,True
4753,085-22,section_1,2022,Ordinance No. 085-22.pdf,Thesis_Obsidian\Ordinances\2022\Ordinance No. 085-22.md,112,False
4754,085-22,section_455,2022,Ordinance No. 085-22.pdf,Thesis_Obsidian\Ordinances\2022\Ordinance No. 085-22.md,85,False
4755,085-22,section_3,2022,Ordinance No. 085-22.pdf,Thesis_Obsidian\Ordinances\2022\Ordinance No. 085-22.md,199,False
4756,085-22,section_4,2022,Ordinance No. 085-22.pdf,Thesis_Obsidian\Ordinances\2022\Ordinance No. 085-22.md,-1,True
4757,0854-22,section_1,2022,Ordinance No. 0854-22.pdf,Thesis_Obsidian\Ordinances\2022\Ordinance No. 0854-22.md,5,False
4758,0854-22,section_2,2022,Ordinance No. 0854-22.pdf,Thesis_Obsidian\Ordinances\2022\Ordinance No. 0854-22.md,5,False
4759,0854-22,section_3,2022,Ordinance No. 0854-22.pdf,Thesis_Obsidian\Ordinances\2022\Ordinance No. 0854-22.md,5,False
4760,0854-22,section_4,2022,Ordinance No. 0854-22.pdf,Thesis_Obsidian\Ordinances\2022\Ordinance No. 0854-22.md,5,False
4761,0854-22,section_5,2022,Ordinance No. 0854-22.pdf,Thesis_Obsidian\Ordinances\2022\Ordinance No. 0854-22.md,5,False
4762,0854-22,section_6,2022,Ordinance No. 0854-22.pdf,Thesis_Obsidian\Ordinances\2022\Ordinance No. 0854-22.md,5,False
4763,0854-22,section_7,2022,Ordinance No. 0854-22.pdf,Thesis_Obsidian\Ordinances\2022\Ordinance No. 0854-22.md,5,False
4764,0854-22,section_8,2022,Ordinance No. 0854-22.pdf,Thesis_Obsidian\Ordinances\2022\Ordinance No. 0854-22.md,5,False
4765,0854-22,section_9,2022,Ordinance No. 0854-22.pdf,Thesis_Obsidian\Ordinances\2022\Ordinance No. 0854-22.md,5,False
4766,0854-22,section_10,2022,Ordinance No. 0854-22.pdf,Thesis_Obsidian\Ordinances\2022\Ordinance No. 0854-22.md,5,False
4767,0854-22,section_11,2022,Ordinance No. 0854-22.pdf,Thesis_Obsidian\Ordinances\2022\Ordinance No. 0854-22.md,5,False
4768,0854-22,section_12,2022,Ordinance No. 0854-22.pdf,Thesis_Obsidian\Ordinances\2022\Ordinance No. 0854-22.md,5,False
4769,0854-22,section_14,2022,Ordinance No. 0854-22.pdf,Thesis_Obsidian\Ordinances\2022\Ordinance No. 0854-22.md,5,False
4770,0854-22,section_15,2022,Ordinance No. 0854-22.pdf,Thesis_Obsidian\Ordinances\2022\Ordinance No. 0854-22.md,5,False
4771,0854-22,section_16,2022,Ordinance No. 0854-22.pdf,Thesis_Obsidian\Ordinances\2022\Ordinance No. 0854-22.md,5,False
4772,0854-22,section_17,2022,Ordinance No. 0854-22.pdf,Thesis_Obsidian\Ordinances\2022\Ordinance No. 0854-22.md,40,False
4773,0854-22,section_18,2022,Ordinance No. 0854-22.pdf,Thesis_Obsidian\Ordinances\2022\Ordinance No. 0854-22.md,5,False
4774,0854-22,section_19,2022,Ordinance No. 0854-22.pdf,Thesis_Obsidian\Ordinances\2022\Ordinance No. 0854-22.md,5,False
4775,0854-22,section_20,2022,Ordinance No. 0854-22.pdf,Thesis_Obsidian\Ordinances\2022\Ordinance No. 0854-22.md,5,False
4776,0854-22,section_21,2022,Ordinance No. 0854-22.pdf,Thesis_Obsidian\Ordinances\2022\Ordinance No. 0854-22.md,5,False
4777,0854-22,section_22,2022,Ordinance No. 0854-22.pdf,Thesis_Obsidian\Ordinances\2022\Ordinance No. 0854-22.md,5,False
4778,0854-22,section_23,2022,Ordinance No. 0854-22.pdf,Thesis_Obsidian\Ordinances\2022\Ordinance No. 0854-22.md,-1,True
4779,0854-22,section_24,2022,Ordinance No. 0854-22.pdf,Thesis_Obsidian\Ordinances\2022\Ordinance No. 0854-22.md,-1,True
4780,0854-22,section_25,2022,Ordinance No. 0854-22.pdf,Thesis_Obsidian\Ordinances\2022\Ordinance No. 0854-22.md,115,False
4781,0854-22,section_26,2022,Ordinance No. 0854-22.pdf,Thesis_Obsidian\Ordinances\2022\Ordinance No. 0854-22.md,126,False
4782,0854-22,section_27,2022,Ordinance No. 0854-22.pdf,Thesis_Obsidian\Ordinances\2022\Ordinance No. 0854-22.md,54,False
4783,0856-22,section_455,2022,Ordinance No. 0856-22.pdf,Thesis_Obsidian\Ordinances\2022\Ordinance No. 0856-22.md,85,False
4784,0856-22,section_3,2022,Ordinance No. 0856-22.pdf,Thesis_Obsidian\Ordinances\2022\Ordinance No. 0856-22.md,178,False
4785,0856-22,section_5,2022,Ordinance No. 0856-22.pdf,Thesis_Obsidian\Ordinances\2022\Ordinance No. 0856-22.md,232,False
4786,0857-22,section_1,2022,Ordinance No. 000857-22.pdf,Thesis_Obsidian\Ordinances\2022\Ordinance No. 0857-22.md,61,False
4787,0857-22,section_2,2022,Ordinance No. 000857-22.pdf,Thesis_Obsidian\Ordinances\2022\Ordinance No. 0857-22.md,200,False
4788,0857-22,section_455,2022,Ordinance No. 000857-22.pdf,Thesis_Obsidian\Ordinances\2022\Ordinance No. 0857-22.md,110,False
4789,0857-22,section_3,2022,Ordinance No. 000857-22.pdf,Thesis_Obsidian\Ordinances\2022\Ordinance No. 0857-22.md,60,False
4790,0857-22,section_4,2022,Ordinance No. 000857-22.pdf,Thesis_Obsidian\Ordinances\2022\Ordinance No. 0857-22.md,9,False
4791,0857-22,section_5,2022,Ordinance No. 000857-22.pdf,Thesis_Obsidian\Ordinances\2022\Ordinance No. 0857-22.md,111,False
4792,0858-22,section_2,2022,Ordinance No. 0858-22.pdf,Thesis_Obsidian\Ordinances\2022\Ordinance No. 0858-22.md,34,False
4793,0858-22,section_4,2022,Ordinance No. 0858-22.pdf,Thesis_Obsidian\Ordinances\2022\Ordinance No. 0858-22.md,3,False
4794,0858-22,section_5,2022,Ordinance No. 0858-22.pdf,Thesis_Obsidian\Ordinances\2022\Ordinance No. 0858-22.md,49,False
4795,0859-22,section_1,2022,Ordinance No. 000859-22.pdf,Thesis_Obsidian\Ordinances\2022\Ordinance No. 0859-22.md,20,False
4796,0859-22,section_2,2022,Ordinance No. 000859-22.pdf,Thesis_Obsidian\Ordinances\2022\Ordinance No. 0859-22.md,262,False
4797,0859-22,section_3,2022,Ordinance No. 000859-22.pdf,Thesis_Obsidian\Ordinances\2022\Ordinance No. 0859-22.md,4,False
4798,0859-22,section_4,2022,Ordinance No. 000859-22.pdf,Thesis_Obsidian\Ordinances\2022\Ordinance No. 0859-22.md,53,False
4799,086-22,section_1,2022,Ordinance No. 086-22 IP attire.pdf,Thesis_Obsidian\Ordinances\2022\Ordinance No. 086-22.md,26,False
4800,086-22,section_2,2022,Ordinance No. 086-22 IP attire.pdf,Thesis_Obsidian\Ordinances\2022\Ordinance No. 086-22.md,182,False
4801,086-22,section_4,2022,Ordinance No. 086-22 IP attire.pdf,Thesis_Obsidian\Ordinances\2022\Ordinance No. 086-22.md,182,False
4802,086-22,section_5,2022,Ordinance No. 086-22 IP attire.pdf,Thesis_Obsidian\Ordinances\2022\Ordinance No. 086-22.md,-1,True
4803,086-22,section_6,2022,Ordinance No. 086-22 IP attire.pdf,Thesis_Obsidian\Ordinances\2022\Ordinance No. 086-22.md,-1,True
4804,086-22,section_7,2022,Ordinance No. 086-22 IP attire.pdf,Thesis_Obsidian\Ordinances\2022\Ordinance No. 086-22.md,182,False
4805,086-22,section_9,2022,Ordinance No. 086-22 IP attire.pdf,Thesis_Obsidian\Ordinances\2022\Ordinance No. 086-22.md,-1,True
4806,086-22,section_10,2022,Ordinance No. 086-22 IP attire.pdf,Thesis_Obsidian\Ordinances\2022\Ordinance No. 086-22.md,204,False
4807,086-22,section_11,2022,Ordinance No. 086-22 IP attire.pdf,Thesis_Obsidian\Ordinances\2022\Ordinance No. 086-22.md,-1,True
4808,0860-22,section_1,2022,Ordinance No. 0860-22.pdf,Thesis_Obsidian\Ordinances\2022\Ordinance No. 0860-22.md,43,False
4809,0860-22,section_2,2022,Ordinance No. 0860-22.pdf,Thesis_Obsidian\Ordinances\2022\Ordinance No. 0860-22.md,136,False
4810,0860-22,section_22,2022,Ordinance No. 0860-22.pdf,Thesis_Obsidian\Ordinances\2022\Ordinance No. 0860-22.md,-1,True
4811,0860-22,section_3,2022,Ordinance No. 0860-22.pdf,Thesis_Obsidian\Ordinances\2022\Ordinance No. 0860-22.md,7,False
4812,0860-22,section_455,2022,Ordinance No. 0860-22.pdf,Thesis_Obsidian\Ordinances\2022\Ordinance No. 0860-22.md,100,False
4813,0860-22,section_4,2022,Ordinance No. 0860-22.pdf,Thesis_Obsidian\Ordinances\2022\Ordinance No. 0860-22.md,18,False
4814,0860-22,section_5,2022,Ordinance No. 0860-22.pdf,Thesis_Obsidian\Ordinances\2022\Ordinance No. 0860-22.md,228,False
4815,0863-22,section_1,2022,Ordinance No. 000863-22.pdf,Thesis_Obsidian\Ordinances\2022\Ordinance No. 0863-22.md,46,False
4816,0863-22,section_2,2022,Ordinance No. 000863-22.pdf,Thesis_Obsidian\Ordinances\2022\Ordinance No. 0863-22.md,67,False
4817,0863-22,section_3,2022,Ordinance No. 000863-22.pdf,Thesis_Obsidian\Ordinances\2022\Ordinance No. 0863-22.md,63,False
4818,0863-22,section_4,2022,Ordinance No. 000863-22.pdf,Thesis_Obsidian\Ordinances\2022\Ordinance No. 0863-22.md,16,False
4819,0863-22,section_5,2022,Ordinance No. 000863-22.pdf,Thesis_Obsidian\Ordinances\2022\Ordinance No. 0863-22.md,98,False
4820,0869-22,section_1,2022,Ordinance No. 0869-22.pdf,Thesis_Obsidian\Ordinances\2022\Ordinance No. 0869-22.md,61,False
4821,0869-22,section_2,2022,Ordinance No. 0869-22.pdf,Thesis_Obsidian\Ordinances\2022\Ordinance No. 0869-22.md,215,False
4822,0869-22,section_455,2022,Ordinance No. 0869-22.pdf,Thesis_Obsidian\Ordinances\2022\Ordinance No. 0869-22.md,245,False
4823,0869-22,section_22,2022,Ordinance No. 0869-22.pdf,Thesis_Obsidian\Ordinances\2022\Ordinance No. 0869-22.md,262,False
4824,0869-22,section_3,2022,Ordinance No. 0869-22.pdf,Thesis_Obsidian\Ordinances\2022\Ordinance No. 0869-22.md,60,False
4825,0869-22,section_4,2022,Ordinance No. 0869-22.pdf,Thesis_Obsidian\Ordinances\2022\Ordinance No. 0869-22.md,3,False
4826,0869-22,section_5,2022,Ordinance No. 0869-22.pdf,Thesis_Obsidian\Ordinances\2022\Ordinance No. 0869-22.md,111,False
4827,0870-22,section_1,2022,Ordinance No. 0870-22.pdf,Thesis_Obsidian\Ordinances\2022\Ordinance No. 0870-22.md,61,False
4828,0870-22,section_2,2022,Ordinance No. 0870-22.pdf,Thesis_Obsidian\Ordinances\2022\Ordinance No. 0870-22.md,217,False
4829,0870-22,section_455,2022,Ordinance No. 0870-22.pdf,Thesis_Obsidian\Ordinances\2022\Ordinance No. 0870-22.md,245,False
4830,0870-22,section_22,2022,Ordinance No. 0870-22.pdf,Thesis_Obsidian\Ordinances\2022\Ordinance No. 0870-22.md,262,False
4831,0870-22,section_3,2022,Ordinance No. 0870-22.pdf,Thesis_Obsidian\Ordinances\2022\Ordinance No. 0870-22.md,60,False
4832,0870-22,section_4,2022,Ordinance No. 0870-22.pdf,Thesis_Obsidian\Ordinances\2022\Ordinance No. 0870-22.md,219,False
4833,0870-22,section_5,2022,Ordinance No. 0870-22.pdf,Thesis_Obsidian\Ordinances\2022\Ordinance No. 0870-22.md,111,False
4834,0873-22,section_1,2022,Ordinance No. 000873-22.pdf,Thesis_Obsidian\Ordinances\2022\Ordinance No. 0873-22.md,26,False
4835,0873-22,section_2,2022,Ordinance No. 000873-22.pdf,Thesis_Obsidian\Ordinances\2022\Ordinance No. 0873-22.md,159,False
4836,0873-22,section_3,2022,Ordinance No. 000873-22.pdf,Thesis_Obsidian\Ordinances\2022\Ordinance No. 0873-22.md,6,False
4837,0873-22,section_4,2022,Ordinance No. 000873-22.pdf,Thesis_Obsidian\Ordinances\2022\Ordinance No. 0873-22.md,159,False
4838,0873-22,section_5,2022,Ordinance No. 000873-22.pdf,Thesis_Obsidian\Ordinances\2022\Ordinance No. 0873-22.md,159,False
4839,0873-22,section_6,2022,Ordinance No. 000873-22.pdf,Thesis_Obsidian\Ordinances\2022\Ordinance No. 0873-22.md,159,False
4840,0873-22,section_7,2022,Ordinance No. 000873-22.pdf,Thesis_Obsidian\Ordinances\2022\Ordinance No. 0873-22.md,25,False
4841,0873-22,section_8,2022,Ordinance No. 000873-22.pdf,Thesis_Obsidian\Ordinances\2022\Ordinance No. 0873-22.md,25,False
4842,0873-22,section_9,2022,Ordinance No. 000873-22.pdf,Thesis_Obsidian\Ordinances\2022\Ordinance No. 0873-22.md,159,False
4843,0873-22,section_10,2022,Ordinance No. 000873-22.pdf,Thesis_Obsidian\Ordinances\2022\Ordinance No. 0873-22.md,-1,True
4844,0873-22,section_11,2022,Ordinance No. 000873-22.pdf,Thesis_Obsidian\Ordinances\2022\Ordinance No. 0873-22.md,88,False
4845,0873-22,section_12,2022,Ordinance No. 000873-22.pdf,Thesis_Obsidian\Ordinances\2022\Ordinance No. 0873-22.md,157,False
4846,0873-22,section_13,2022,Ordinance No. 000873-22.pdf,Thesis_Obsidian\Ordinances\2022\Ordinance No. 0873-22.md,0,False
4847,0874-22,section_1,2022,Ordinance No. 0874-22.pdf,Thesis_Obsidian\Ordinances\2022\Ordinance No. 0874-22.md,89,False
4848,0874-22,section_16,2022,Ordinance No. 0874-22.pdf,Thesis_Obsidian\Ordinances\2022\Ordinance No. 0874-22.md,45,False
4849,0874-22,section_3,2022,Ordinance No. 0874-22.pdf,Thesis_Obsidian\Ordinances\2022\Ordinance No. 0874-22.md,36,False
4850,0874-22,section_5,2022,Ordinance No. 0874-22.pdf,Thesis_Obsidian\Ordinances\2022\Ordinance No. 0874-22.md,56,False
4851,0875-22,section_1,2022,Ordinance No. 0875-22.pdf,Thesis_Obsidian\Ordinances\2022\Ordinance No. 0875-22.md,64,False
4852,0875-22,section_22,2022,Ordinance No. 0875-22.pdf,Thesis_Obsidian\Ordinances\2022\Ordinance No. 0875-22.md,249,False
4853,0875-22,section_455,2022,Ordinance No. 0875-22.pdf,Thesis_Obsidian\Ordinances\2022\Ordinance No. 0875-22.md,143,False
4854,0875-22,section_4,2022,Ordinance No. 0875-22.pdf,Thesis_Obsidian\Ordinances\2022\Ordinance No. 0875-22.md,151,False
4855,0875-22,section_5,2022,Ordinance No. 0875-22.pdf,Thesis_Obsidian\Ordinances\2022\Ordinance No. 0875-22.md,49,False
4856,0876-22,section_1,2022,Ordinance No. 000876-22.pdf,Thesis_Obsidian\Ordinances\2022\Ordinance No. 0876-22.md,-1,True
4857,0876-22,section_2,2022,Ordinance No. 000876-22.pdf,Thesis_Obsidian\Ordinances\2022\Ordinance No. 0876-22.md,31,False
4858,0876-22,section_3,2022,Ordinance No. 000876-22.pdf,Thesis_Obsidian\Ordinances\2022\Ordinance No. 0876-22.md,31,False
4859,0876-22,section_4,2022,Ordinance No. 000876-22.pdf,Thesis_Obsidian\Ordinances\2022\Ordinance No. 0876-22.md,40,False
4860,0876-22,section_5,2022,Ordinance No. 000876-22.pdf,Thesis_Obsidian\Ordinances\2022\Ordinance No. 0876-22.md,115,False
4861,0876-22,section_6,2022,Ordinance No. 000876-22.pdf,Thesis_Obsidian\Ordinances\2022\Ordinance No. 0876-22.md,0,False
4862,0877-22,section_1,2022,Ordinance No. 0877-22.pdf,Thesis_Obsidian\Ordinances\2022\Ordinance No. 0877-22.md,-1,True
4863,0877-22,section_2,2022,Ordinance No. 0877-22.pdf,Thesis_Obsidian\Ordinances\2022\Ordinance No. 0877-22.md,-1,True
4864,0877-22,section_3,2022,Ordinance No. 0877-22.pdf,Thesis_Obsidian\Ordinances\2022\Ordinance No. 0877-22.md,204,False
4865,0877-22,section_5,2022,Ordinance No. 0877-22.pdf,Thesis_Obsidian\Ordinances\2022\Ordinance No. 0877-22.md,0,False
4866,0878-22,section_1,2022,Ordinance No. 0878-22.pdf,Thesis_Obsidian\Ordinances\2022\Ordinance No. 0878-22.md,61,False
4867,0878-22,section_2,2022,Ordinance No. 0878-22.pdf,Thesis_Obsidian\Ordinances\2022\Ordinance No. 0878-22.md,34,False
4868,0878-22,section_3,2022,Ordinance No. 0878-22.pdf,Thesis_Obsidian\Ordinances\2022\Ordinance No. 0878-22.md,60,False
4869,0878-22,section_4,2022,Ordinance No. 0878-22.pdf,Thesis_Obsidian\Ordinances\2022\Ordinance No. 0878-22.md,151,False
4870,0878-22,section_5,2022,Ordinance No. 0878-22.pdf,Thesis_Obsidian\Ordinances\2022\Ordinance No. 0878-22.md,111,False
4871,088-22,section_1,2022,Ordinance No. 088-22.pdf,Thesis_Obsidian\Ordinances\2022\Ordinance No. 088-22.md,84,False
4872,088-22,section_2,2022,Ordinance No. 088-22.pdf,Thesis_Obsidian\Ordinances\2022\Ordinance No. 088-22.md,84,False
4873,088-22,section_3,2022,Ordinance No. 088-22.pdf,Thesis_Obsidian\Ordinances\2022\Ordinance No. 088-22.md,39,False
4874,088-22,section_4,2022,Ordinance No. 088-22.pdf,Thesis_Obsidian\Ordinances\2022\Ordinance No. 088-22.md,82,False
4875,0880-22,section_4,2022,Ordinance No. 0880-22.pdf,Thesis_Obsidian\Ordinances\2022\Ordinance No. 0880-22.md,74,False
4876,0880-22,section_5,2022,Ordinance No. 0880-22.pdf,Thesis_Obsidian\Ordinances\2022\Ordinance No. 0880-22.md,-1,True
4877,0880-22,section_6,2022,Ordinance No. 0880-22.pdf,Thesis_Obsidian\Ordinances\2022\Ordinance No. 0880-22.md,-1,True
4878,0881-22,section_1,2022,Ordinance No. 000881-22.pdf,Thesis_Obsidian\Ordinances\2022\Ordinance No. 0881-22.md,51,False
4879,0881-22,section_2,2022,Ordinance No. 000881-22.pdf,Thesis_Obsidian\Ordinances\2022\Ordinance No. 0881-22.md,144,False
4880,0881-22,section_3,2022,Ordinance No. 000881-22.pdf,Thesis_Obsidian\Ordinances\2022\Ordinance No. 0881-22.md,187,False
4881,0882-22,section_1,2022,Ordinance No. 0882-22.pdf,Thesis_Obsidian\Ordinances\2022\Ordinance No. 0882-22.md,144,False
4882,0882-22,section_3,2022,Ordinance No. 0882-22.pdf,Thesis_Obsidian\Ordinances\2022\Ordinance No. 0882-22.md,187,False
4883,089-22,section_1,2022,Ordinance No. 089-22.pdf,Thesis_Obsidian\Ordinances\2022\Ordinance No. 089-22.md,-1,True
4884,089-22,section_2,2022,Ordinance No. 089-22.pdf,Thesis_Obsidian\Ordinances\2022\Ordinance No. 089-22.md,67,False
4885,089-22,section_35,2022,Ordinance No. 089-22.pdf,Thesis_Obsidian\Ordinances\2022\Ordinance No. 089-22.md,113,False
4886,089-22,section_3,2022,Ordinance No. 089-22.pdf,Thesis_Obsidian\Ordinances\2022\Ordinance No. 089-22.md,-1,True
4887,089-22,section_4,2022,Ordinance No. 089-22.pdf,Thesis_Obsidian\Ordinances\2022\Ordinance No. 089-22.md,38,False
4888,089-22,section_5,2022,Ordinance No. 089-22.pdf,Thesis_Obsidian\Ordinances\2022\Ordinance No. 089-22.md,153,False
4889,0892-22,section_1,2022,Ordinance No. 000892-22.pdf,Thesis_Obsidian\Ordinances\2022\Ordinance No. 0892-22.md,80,False
4890,0892-22,section_2,2022,Ordinance No. 000892-22.pdf,Thesis_Obsidian\Ordinances\2022\Ordinance No. 0892-22.md,264,False
4891,0892-22,section_3,2022,Ordinance No. 000892-22.pdf,Thesis_Obsidian\Ordinances\2022\Ordinance No. 0892-22.md,-1,True
4892,0892-22,section_4,2022,Ordinance No. 000892-22.pdf,Thesis_Obsidian\Ordinances\2022\Ordinance No. 0892-22.md,18,False
4893,0892-22,section_5,2022,Ordinance No. 000892-22.pdf,Thesis_Obsidian\Ordinances\2022\Ordinance No. 0892-22.md,0,False
4894,0893-22,section_1,2022,Ordinance No. 000893-22.pdf,Thesis_Obsidian\Ordinances\2022\Ordinance No. 0893-22.md,26,False
4895,0893-22,section_2,2022,Ordinance No. 000893-22.pdf,Thesis_Obsidian\Ordinances\2022\Ordinance No. 0893-22.md,-1,True
4896,0893-22,section_3,2022,Ordinance No. 000893-22.pdf,Thesis_Obsidian\Ordinances\2022\Ordinance No. 0893-22.md,5,False
4897,0893-22,section_4,2022,Ordinance No. 000893-22.pdf,Thesis_Obsidian\Ordinances\2022\Ordinance No. 0893-22.md,5,False
4898,0893-22,section_5,2022,Ordinance No. 000893-22.pdf,Thesis_Obsidian\Ordinances\2022\Ordinance No. 0893-22.md,-1,True
4899,0893-22,section_6,2022,Ordinance No. 000893-22.pdf,Thesis_Obsidian\Ordinances\2022\Ordinance No. 0893-22.md,5,False
4900,0893-22,section_7,2022,Ordinance No. 000893-22.pdf,Thesis_Obsidian\Ordinances\2022\Ordinance No. 0893-22.md,40,False
4901,0893-22,section_8,2022,Ordinance No. 000893-22.pdf,Thesis_Obsidian\Ordinances\2022\Ordinance No. 0893-22.md,213,False
4902,0893-22,section_9,2022,Ordinance No. 000893-22.pdf,Thesis_Obsidian\Ordinances\2022\Ordinance No. 0893-22.md,213,False
4903,0893-22,section_10,2022,Ordinance No. 000893-22.pdf,Thesis_Obsidian\Ordinances\2022\Ordinance No. 0893-22.md,-1,True
4904,0893-22,section_11,2022,Ordinance No. 000893-22.pdf,Thesis_Obsidian\Ordinances\2022\Ordinance No. 0893-22.md,70,False
4905,0893-22,section_12,2022,Ordinance No. 000893-22.pdf,Thesis_Obsidian\Ordinances\2022\Ordinance No. 0893-22.md,30,False
4906,0893-22,section_13,2022,Ordinance No. 000893-22.pdf,Thesis_Obsidian\Ordinances\2022\Ordinance No. 0893-22.md,103,False
4907,0893-22,section_14,2022,Ordinance No. 000893-22.pdf,Thesis_Obsidian\Ordinances\2022\Ordinance No. 0893-22.md,157,False
4908,0893-22,section_15,2022,Ordinance No. 000893-22.pdf,Thesis_Obsidian\Ordinances\2022\Ordinance No. 0893-22.md,-1,True
4909,0895-22,section_1,2022,Ordinance No. 000895-22.pdf,Thesis_Obsidian\Ordinances\2022\Ordinance No. 0895-22.md,26,False
4910,0895-22,section_2,2022,Ordinance No. 000895-22.pdf,Thesis_Obsidian\Ordinances\2022\Ordinance No. 0895-22.md,-1,True
4911,0895-22,section_3,2022,Ordinance No. 000895-22.pdf,Thesis_Obsidian\Ordinances\2022\Ordinance No. 0895-22.md,-1,True
4912,0895-22,section_4,2022,Ordinance No. 000895-22.pdf,Thesis_Obsidian\Ordinances\2022\Ordinance No. 0895-22.md,131,False
4913,0895-22,section_5,2022,Ordinance No. 000895-22.pdf,Thesis_Obsidian\Ordinances\2022\Ordinance No. 0895-22.md,131,False
4914,0895-22,section_6,2022,Ordinance No. 000895-22.pdf,Thesis_Obsidian\Ordinances\2022\Ordinance No. 0895-22.md,-1,True
4915,0895-22,section_7,2022,Ordinance No. 000895-22.pdf,Thesis_Obsidian\Ordinances\2022\Ordinance No. 0895-22.md,30,False
4916,0895-22,section_8,2022,Ordinance No. 000895-22.pdf,Thesis_Obsidian\Ordinances\2022\Ordinance No. 0895-22.md,199,False
4917,0895-22,section_9,2022,Ordinance No. 000895-22.pdf,Thesis_Obsidian\Ordinances\2022\Ordinance No. 0895-22.md,240,False
4918,0895-22,section_10,2022,Ordinance No. 000895-22.pdf,Thesis_Obsidian\Ordinances\2022\Ordinance No. 0895-22.md,115,False
4919,0895-22,section_11,2022,Ordinance No. 000895-22.pdf,Thesis_Obsidian\Ordinances\2022\Ordinance No. 0895-22.md,134,False
4920,0895-22,section_12,2022,Ordinance No. 000895-22.pdf,Thesis_Obsidian\Ordinances\2022\Ordinance No. 0895-22.md,0,False
4921,0896-22,section_1,2022,Ordinance No. 0896-22.pdf,Thesis_Obsidian\Ordinances\2022\Ordinance No. 0896-22.md,193,False
4922,0896-22,section_2,2022,Ordinance No. 0896-22.pdf,Thesis_Obsidian\Ordinances\2022\Ordinance No. 0896-22.md,34,False
4923,0896-22,section_3,2022,Ordinance No. 0896-22.pdf,Thesis_Obsidian\Ordinances\2022\Ordinance No. 0896-22.md,193,False
4924,0896-22,section_4,2022,Ordinance No. 0896-22.pdf,Thesis_Obsidian\Ordinances\2022\Ordinance No. 0896-22.md,39,False
4925,0896-22,section_5,2022,Ordinance No. 0896-22.pdf,Thesis_Obsidian\Ordinances\2022\Ordinance No. 0896-22.md,232,False
4926,0897-22,section_1,2022,Ordinance No. 000897-22.pdf,Thesis_Obsidian\Ordinances\2022\Ordinance No. 0897-22.md,35,False
4927,0897-22,section_3,2022,Ordinance No. 000897-22.pdf,Thesis_Obsidian\Ordinances\2022\Ordinance No. 0897-22.md,35,False
4928,0897-22,section_4,2022,Ordinance No. 000897-22.pdf,Thesis_Obsidian\Ordinances\2022\Ordinance No. 0897-22.md,35,False
4929,0897-22,section_5,2022,Ordinance No. 000897-22.pdf,Thesis_Obsidian\Ordinances\2022\Ordinance No. 0897-22.md,35,False
4930,0897-22,section_6,2022,Ordinance No. 000897-22.pdf,Thesis_Obsidian\Ordinances\2022\Ordinance No. 0897-22.md,35,False
4931,0897-22,section_7,2022,Ordinance No. 000897-22.pdf,Thesis_Obsidian\Ordinances\2022\Ordinance No. 0897-22.md,35,False
4932,0897-22,section_8,2022,Ordinance No. 000897-22.pdf,Thesis_Obsidian\Ordinances\2022\Ordinance No. 0897-22.md,35,False
4933,0897-22,section_9,2022,Ordinance No. 000897-22.pdf,Thesis_Obsidian\Ordinances\2022\Ordinance No. 0897-22.md,35,False
4934,0897-22,section_10,2022,Ordinance No. 000897-22.pdf,Thesis_Obsidian\Ordinances\2022\Ordinance No. 0897-22.md,35,False
4935,0897-22,section_11,2022,Ordinance No. 000897-22.pdf,Thesis_Obsidian\Ordinances\2022\Ordinance No. 0897-22.md,35,False
4936,0897-22,section_12,2022,Ordinance No. 000897-22.pdf,Thesis_Obsidian\Ordinances\2022\Ordinance No. 0897-22.md,35,False
4937,0897-22,section_13,2022,Ordinance No. 000897-22.pdf,Thesis_Obsidian\Ordinances\2022\Ordinance No. 0897-22.md,35,False
4938,0897-22,section_14,2022,Ordinance No. 000897-22.pdf,Thesis_Obsidian\Ordinances\2022\Ordinance No. 0897-22.md,35,False
4939,0897-22,section_15,2022,Ordinance No. 000897-22.pdf,Thesis_Obsidian\Ordinances\2022\Ordinance No. 0897-22.md,35,False
4940,0897-22,section_16,2022,Ordinance No. 000897-22.pdf,Thesis_Obsidian\Ordinances\2022\Ordinance No. 0897-22.md,35,False
4941,0897-22,section_17,2022,Ordinance No. 000897-22.pdf,Thesis_Obsidian\Ordinances\2022\Ordinance No. 0897-22.md,35,False
4942,0897-22,section_18,2022,Ordinance No. 000897-22.pdf,Thesis_Obsidian\Ordinances\2022\Ordinance No. 0897-22.md,35,False
4943,0897-22,section_19,2022,Ordinance No. 000897-22.pdf,Thesis_Obsidian\Ordinances\2022\Ordinance No. 0897-22.md,35,False
4944,0897-22,section_20,2022,Ordinance No. 000897-22.pdf,Thesis_Obsidian\Ordinances\2022\Ordinance No. 0897-22.md,35,False
4945,0897-22,section_21,2022,Ordinance No. 000897-22.pdf,Thesis_Obsidian\Ordinances\2022\Ordinance No. 0897-22.md,35,False
4946,0897-22,section_22,2022,Ordinance No. 000897-22.pdf,Thesis_Obsidian\Ordinances\2022\Ordinance No. 0897-22.md,35,False
4947,0897-22,section_23,2022,Ordinance No. 000897-22.pdf,Thesis_Obsidian\Ordinances\2022\Ordinance No. 0897-22.md,35,False
4948,0897-22,section_24,2022,Ordinance No. 000897-22.pdf,Thesis_Obsidian\Ordinances\2022\Ordinance No. 0897-22.md,35,False
4949,0897-22,section_25,2022,Ordinance No. 000897-22.pdf,Thesis_Obsidian\Ordinances\2022\Ordinance No. 0897-22.md,35,False
4950,0897-22,section_26,2022,Ordinance No. 000897-22.pdf,Thesis_Obsidian\Ordinances\2022\Ordinance No. 0897-22.md,35,False
4951,0897-22,section_27,2022,Ordinance No. 000897-22.pdf,Thesis_Obsidian\Ordinances\2022\Ordinance No. 0897-22.md,35,False
4952,0897-22,section_28,2022,Ordinance No. 000897-22.pdf,Thesis_Obsidian\Ordinances\2022\Ordinance No. 0897-22.md,44,False
4953,0897-22,section_29,2022,Ordinance No. 000897-22.pdf,Thesis_Obsidian\Ordinances\2022\Ordinance No. 0897-22.md,35,False
4954,0897-22,section_30,2022,Ordinance No. 000897-22.pdf,Thesis_Obsidian\Ordinances\2022\Ordinance No. 0897-22.md,35,False
4955,0897-22,section_31,2022,Ordinance No. 000897-22.pdf,Thesis_Obsidian\Ordinances\2022\Ordinance No. 0897-22.md,14,False
4956,0897-22,section_32,2022,Ordinance No. 000897-22.pdf,Thesis_Obsidian\Ordinances\2022\Ordinance No. 0897-22.md,35,False
4957,0897-22,section_33,2022,Ordinance No. 000897-22.pdf,Thesis_Obsidian\Ordinances\2022\Ordinance No. 0897-22.md,30,False
4958,0897-22,section_34,2022,Ordinance No. 000897-22.pdf,Thesis_Obsidian\Ordinances\2022\Ordinance No. 0897-22.md,35,False
4959,0897-22,section_35,2022,Ordinance No. 000897-22.pdf,Thesis_Obsidian\Ordinances\2022\Ordinance No. 0897-22.md,209,False
4960,0897-22,section_36,2022,Ordinance No. 000897-22.pdf,Thesis_Obsidian\Ordinances\2022\Ordinance No. 0897-22.md,134,False
4961,0897-22,section_37,2022,Ordinance No. 000897-22.pdf,Thesis_Obsidian\Ordinances\2022\Ordinance No. 0897-22.md,54,False
4962,090-22,section_1,2022,Ordinance No. 090-22.pdf,Thesis_Obsidian\Ordinances\2022\Ordinance No. 090-22.md,43,False
4963,090-22,section_2,2022,Ordinance No. 090-22.pdf,Thesis_Obsidian\Ordinances\2022\Ordinance No. 090-22.md,79,False
4964,090-22,section_3,2022,Ordinance No. 090-22.pdf,Thesis_Obsidian\Ordinances\2022\Ordinance No. 090-22.md,4,False
4965,090-22,section_4,2022,Ordinance No. 090-22.pdf,Thesis_Obsidian\Ordinances\2022\Ordinance No. 090-22.md,128,False
4966,090-22,section_5,2022,Ordinance No. 090-22.pdf,Thesis_Obsidian\Ordinances\2022\Ordinance No. 090-22.md,153,False
4967,0906-22,section_1,2022,Ordinance No. 0906-22.pdf,Thesis_Obsidian\Ordinances\2022\Ordinance No. 0906-22.md,20,False
4968,0906-22,section_2,2022,Ordinance No. 0906-22.pdf,Thesis_Obsidian\Ordinances\2022\Ordinance No. 0906-22.md,89,False
4969,0906-22,section_16,2022,Ordinance No. 0906-22.pdf,Thesis_Obsidian\Ordinances\2022\Ordinance No. 0906-22.md,176,False
4970,0906-22,section_3,2022,Ordinance No. 0906-22.pdf,Thesis_Obsidian\Ordinances\2022\Ordinance No. 0906-22.md,4,False
4971,0906-22,section_4,2022,Ordinance No. 0906-22.pdf,Thesis_Obsidian\Ordinances\2022\Ordinance No. 0906-22.md,38,False
4972,0906-22,section_5,2022,Ordinance No. 0906-22.pdf,Thesis_Obsidian\Ordinances\2022\Ordinance No. 0906-22.md,187,False
4973,091-22,section_1,2022,Ordinance No. 091-22.pdf,Thesis_Obsidian\Ordinances\2022\Ordinance No. 091-22.md,80,False
4974,091-22,section_2,2022,Ordinance No. 091-22.pdf,Thesis_Obsidian\Ordinances\2022\Ordinance No. 091-22.md,13,False
4975,091-22,section_3,2022,Ordinance No. 091-22.pdf,Thesis_Obsidian\Ordinances\2022\Ordinance No. 091-22.md,55,False
4976,091-22,section_4,2022,Ordinance No. 091-22.pdf,Thesis_Obsidian\Ordinances\2022\Ordinance No. 091-22.md,86,False
4977,091-22,section_5,2022,Ordinance No. 091-22.pdf,Thesis_Obsidian\Ordinances\2022\Ordinance No. 091-22.md,82,False
4978,0911-22,section_1,2022,Ordinance No. 0911-22.pdf,Thesis_Obsidian\Ordinances\2022\Ordinance No. 0911-22.md,36,False
4979,0911-22,section_2,2022,Ordinance No. 0911-22.pdf,Thesis_Obsidian\Ordinances\2022\Ordinance No. 0911-22.md,36,False
4980,0911-22,section_3,2022,Ordinance No. 0911-22.pdf,Thesis_Obsidian\Ordinances\2022\Ordinance No. 0911-22.md,233,False
4981,0911-22,section_4,2022,Ordinance No. 0911-22.pdf,Thesis_Obsidian\Ordinances\2022\Ordinance No. 0911-22.md,56,False
4982,0915-22,section_1,2022,Ordinance No. 0915-22.pdf,Thesis_Obsidian\Ordinances\2022\Ordinance No. 0915-22.md,184,False
4983,0915-22,section_3,2022,Ordinance No. 0915-22.pdf,Thesis_Obsidian\Ordinances\2022\Ordinance No. 0915-22.md,123,False
4984,0915-22,section_4,2022,Ordinance No. 0915-22.pdf,Thesis_Obsidian\Ordinances\2022\Ordinance No. 0915-22.md,211,False
4985,0915-22,section_5,2022,Ordinance No. 0915-22.pdf,Thesis_Obsidian\Ordinances\2022\Ordinance No. 0915-22.md,0,False
4986,0923-22,section_1,2022,Ordinance No. 000923-22.pdf,Thesis_Obsidian\Ordinances\2022\Ordinance No. 0923-22.md,46,False
4987,0923-22,section_2,2022,Ordinance No. 000923-22.pdf,Thesis_Obsidian\Ordinances\2022\Ordinance No. 0923-22.md,33,False
4988,0923-22,section_3,2022,Ordinance No. 000923-22.pdf,Thesis_Obsidian\Ordinances\2022\Ordinance No. 0923-22.md,63,False
4989,0923-22,section_4,2022,Ordinance No. 000923-22.pdf,Thesis_Obsidian\Ordinances\2022\Ordinance No. 0923-22.md,16,False
4990,0923-22,section_5,2022,Ordinance No. 000923-22.pdf,Thesis_Obsidian\Ordinances\2022\Ordinance No. 0923-22.md,98,False
4991,0925-22,section_1,2022,Ordinance No. 000925-22.pdf,Thesis_Obsidian\Ordinances\2022\Ordinance No. 0925-22.md,184,False
4992,0925-22,section_2,2022,Ordinance No. 000925-22.pdf,Thesis_Obsidian\Ordinances\2022\Ordinance No. 0925-22.md,200,False
4993,0925-22,section_455,2022,Ordinance No. 000925-22.pdf,Thesis_Obsidian\Ordinances\2022\Ordinance No. 0925-22.md,85,False
4994,0925-22,section_3,2022,Ordinance No. 000925-22.pdf,Thesis_Obsidian\Ordinances\2022\Ordinance No. 0925-22.md,123,False
4995,0925-22,section_4,2022,Ordinance No. 000925-22.pdf,Thesis_Obsidian\Ordinances\2022\Ordinance No. 0925-22.md,74,False
4996,0925-22,section_5,2022,Ordinance No. 000925-22.pdf,Thesis_Obsidian\Ordinances\2022\Ordinance No. 0925-22.md,-1,True
4997,0926-22,section_1,2022,Ordinance No. 000926-22.pdf,Thesis_Obsidian\Ordinances\2022\Ordinance No. 0926-22.md,184,False
4998,0926-22,section_2,2022,Ordinance No. 000926-22.pdf,Thesis_Obsidian\Ordinances\2022\Ordinance No. 0926-22.md,175,False
4999,0926-22,section_22,2022,Ordinance No. 000926-22.pdf,Thesis_Obsidian\Ordinances\2022\Ordinance No. 0926-22.md,249,False
5000,0926-22,section_455,2022,Ordinance No. 000926-22.pdf,Thesis_Obsidian\Ordinances\2022\Ordinance No. 0926-22.md,143,False
5001,0926-22,section_3,2022,Ordinance No. 000926-22.pdf,Thesis_Obsidian\Ordinances\2022\Ordinance No. 0926-22.md,-1,True
5002,0928-22,section_1,2022,Ordinance No. 0928-22.pdf,Thesis_Obsidian\Ordinances\2022\Ordinance No. 0928-22.md,46,False
5003,0928-22,section_2,2022,Ordinance No. 0928-22.pdf,Thesis_Obsidian\Ordinances\2022\Ordinance No. 0928-22.md,243,False
5004,0928-22,section_455,2022,Ordinance No. 0928-22.pdf,Thesis_Obsidian\Ordinances\2022\Ordinance No. 0928-22.md,33,False
5005,0928-22,section_3,2022,Ordinance No. 0928-22.pdf,Thesis_Obsidian\Ordinances\2022\Ordinance No. 0928-22.md,63,False
5006,0928-22,section_4,2022,Ordinance No. 0928-22.pdf,Thesis_Obsidian\Ordinances\2022\Ordinance No. 0928-22.md,95,False
5007,0928-22,section_5,2022,Ordinance No. 0928-22.pdf,Thesis_Obsidian\Ordinances\2022\Ordinance No. 0928-22.md,98,False
5008,0929-22,section_1,2022,Ordinance No. 000929-22.pdf,Thesis_Obsidian\Ordinances\2022\Ordinance No. 0929-22.md,140,False
5009,0929-22,section_2,2022,Ordinance No. 000929-22.pdf,Thesis_Obsidian\Ordinances\2022\Ordinance No. 0929-22.md,89,False
5010,0929-22,section_16,2022,Ordinance No. 000929-22.pdf,Thesis_Obsidian\Ordinances\2022\Ordinance No. 0929-22.md,69,False
5011,0929-22,section_3,2022,Ordinance No. 000929-22.pdf,Thesis_Obsidian\Ordinances\2022\Ordinance No. 0929-22.md,193,False
5012,0929-22,section_4,2022,Ordinance No. 000929-22.pdf,Thesis_Obsidian\Ordinances\2022\Ordinance No. 0929-22.md,38,False
5013,0929-22,section_5,2022,Ordinance No. 000929-22.pdf,Thesis_Obsidian\Ordinances\2022\Ordinance No. 0929-22.md,-1,True
5014,093-22,section_1,2022,Ordinance No. 093-22.pdf,Thesis_Obsidian\Ordinances\2022\Ordinance No. 093-22.md,163,False
5015,093-22,section_2,2022,Ordinance No. 093-22.pdf,Thesis_Obsidian\Ordinances\2022\Ordinance No. 093-22.md,33,False
5016,093-22,section_3,2022,Ordinance No. 093-22.pdf,Thesis_Obsidian\Ordinances\2022\Ordinance No. 093-22.md,163,False
5017,0939-22,section_1,2022,Ordinance No. 000939-22.pdf,Thesis_Obsidian\Ordinances\2022\Ordinance No. 0939-22.md,43,False
5018,0939-22,section_2,2022,Ordinance No. 000939-22.pdf,Thesis_Obsidian\Ordinances\2022\Ordinance No. 0939-22.md,-1,True
5019,0939-22,section_3,2022,Ordinance No. 000939-22.pdf,Thesis_Obsidian\Ordinances\2022\Ordinance No. 0939-22.md,7,False
5020,094-22,section_1,2022,Ordinance No. 094-22.pdf,Thesis_Obsidian\Ordinances\2022\Ordinance No. 094-22.md,43,False
5021,094-22,section_2,2022,Ordinance No. 094-22.pdf,Thesis_Obsidian\Ordinances\2022\Ordinance No. 094-22.md,33,False
5022,094-22,section_3,2022,Ordinance No. 094-22.pdf,Thesis_Obsidian\Ordinances\2022\Ordinance No. 094-22.md,7,False
5023,094-22,section_4,2022,Ordinance No. 094-22.pdf,Thesis_Obsidian\Ordinances\2022\Ordinance No. 094-22.md,27,False
5024,094-22,section_5,2022,Ordinance No. 094-22.pdf,Thesis_Obsidian\Ordinances\2022\Ordinance No. 094-22.md,153,False
5025,0940-22,section_2,2022,Ordinance No. 0940-22.pdf,Thesis_Obsidian\Ordinances\2022\Ordinance No. 0940-22.md,200,False
5026,0940-22,section_455,2022,Ordinance No. 0940-22.pdf,Thesis_Obsidian\Ordinances\2022\Ordinance No. 0940-22.md,-1,True
5027,0940-22,section_5,2022,Ordinance No. 0940-22.pdf,Thesis_Obsidian\Ordinances\2022\Ordinance No. 0940-22.md,98,False
5028,0943-22,section_1,2022,Ordinance No. 0943-22.pdf,Thesis_Obsidian\Ordinances\2022\Ordinance No. 0943-22.md,61,False
5029,0943-22,section_455,2022,Ordinance No. 0943-22.pdf,Thesis_Obsidian\Ordinances\2022\Ordinance No. 0943-22.md,34,False
5030,0944-22,section_1,2022,Ordinance No. 0944-22.pdf,Thesis_Obsidian\Ordinances\2022\Ordinance No. 0944-22.md,-1,True
5031,0944-22,section_2,2022,Ordinance No. 0944-22.pdf,Thesis_Obsidian\Ordinances\2022\Ordinance No. 0944-22.md,200,False
5032,0944-22,section_455,2022,Ordinance No. 0944-22.pdf,Thesis_Obsidian\Ordinances\2022\Ordinance No. 0944-22.md,85,False
5033,0944-22,section_3,2022,Ordinance No. 0944-22.pdf,Thesis_Obsidian\Ordinances\2022\Ordinance No. 0944-22.md,-1,True
5034,0944-22,section_4,2022,Ordinance No. 0944-22.pdf,Thesis_Obsidian\Ordinances\2022\Ordinance No. 0944-22.md,86,False
5035,0944-22,section_5,2022,Ordinance No. 0944-22.pdf,Thesis_Obsidian\Ordinances\2022\Ordinance No. 0944-22.md,-1,True
5036,0947-22,section_1,2022,Ordinance No. 000947-22.pdf,Thesis_Obsidian\Ordinances\2022\Ordinance No. 0947-22.md,15,False
5037,0947-22,section_2,2022,Ordinance No. 000947-22.pdf,Thesis_Obsidian\Ordinances\2022\Ordinance No. 0947-22.md,13,False
5038,0947-22,section_3,2022,Ordinance No. 000947-22.pdf,Thesis_Obsidian\Ordinances\2022\Ordinance No. 0947-22.md,171,False
5039,0947-22,section_4,2022,Ordinance No. 000947-22.pdf,Thesis_Obsidian\Ordinances\2022\Ordinance No. 0947-22.md,38,False
5040,0947-22,section_5,2022,Ordinance No. 000947-22.pdf,Thesis_Obsidian\Ordinances\2022\Ordinance No. 0947-22.md,8,False
5041,0948-22,section_2,2022,Ordinance No. 0948-22.pdf,Thesis_Obsidian\Ordinances\2022\Ordinance No. 0948-22.md,32,False
5042,0948-22,section_4,2022,Ordinance No. 0948-22.pdf,Thesis_Obsidian\Ordinances\2022\Ordinance No. 0948-22.md,151,False
5043,0948-22,section_5,2022,Ordinance No. 0948-22.pdf,Thesis_Obsidian\Ordinances\2022\Ordinance No. 0948-22.md,49,False
5044,095-22,section_1,2022,Ordinance No. 095-22.pdf,Thesis_Obsidian\Ordinances\2022\Ordinance No. 095-22.md,150,False
5045,095-22,section_2,2022,Ordinance No. 095-22.pdf,Thesis_Obsidian\Ordinances\2022\Ordinance No. 095-22.md,165,False
5046,095-22,section_3,2022,Ordinance No. 095-22.pdf,Thesis_Obsidian\Ordinances\2022\Ordinance No. 095-22.md,150,False
5047,095-22,section_4,2022,Ordinance No. 095-22.pdf,Thesis_Obsidian\Ordinances\2022\Ordinance No. 095-22.md,190,False
5048,095-22,section_5,2022,Ordinance No. 095-22.pdf,Thesis_Obsidian\Ordinances\2022\Ordinance No. 095-22.md,204,False
5049,095-22,section_6,2022,Ordinance No. 095-22.pdf,Thesis_Obsidian\Ordinances\2022\Ordinance No. 095-22.md,1,False
5050,0951-22,section_1,2022,Ordinance No. 000951-22.pdf,Thesis_Obsidian\Ordinances\2022\Ordinance No. 0951-22.md,185,False
5051,0951-22,section_2,2022,Ordinance No. 000951-22.pdf,Thesis_Obsidian\Ordinances\2022\Ordinance No. 0951-22.md,37,False
5052,0951-22,section_3,2022,Ordinance No. 000951-22.pdf,Thesis_Obsidian\Ordinances\2022\Ordinance No. 0951-22.md,55,False
5053,0951-22,section_4,2022,Ordinance No. 000951-22.pdf,Thesis_Obsidian\Ordinances\2022\Ordinance No. 0951-22.md,39,False
5054,0951-22,section_5,2022,Ordinance No. 000951-22.pdf,Thesis_Obsidian\Ordinances\2022\Ordinance No. 0951-22.md,8,False
5055,0952-22,section_1,2022,Ordinance No. 0952-22.pdf,Thesis_Obsidian\Ordinances\2022\Ordinance No. 0952-22.md,43,False
5056,0952-22,section_2,2022,Ordinance No. 0952-22.pdf,Thesis_Obsidian\Ordinances\2022\Ordinance No. 0952-22.md,33,False
5057,0952-22,section_3,2022,Ordinance No. 0952-22.pdf,Thesis_Obsidian\Ordinances\2022\Ordinance No. 0952-22.md,7,False
5058,0952-22,section_4,2022,Ordinance No. 0952-22.pdf,Thesis_Obsidian\Ordinances\2022\Ordinance No. 0952-22.md,169,False
5059,0952-22,section_5,2022,Ordinance No. 0952-22.pdf,Thesis_Obsidian\Ordinances\2022\Ordinance No. 0952-22.md,49,False
5060,0955-22,section_1,2022,Ordinance No. 0955-22.pdf,Thesis_Obsidian\Ordinances\2022\Ordinance No. 0955-22.md,241,False
5061,0955-22,section_2,2022,Ordinance No. 0955-22.pdf,Thesis_Obsidian\Ordinances\2022\Ordinance No. 0955-22.md,200,False
5062,0955-22,section_455,2022,Ordinance No. 0955-22.pdf,Thesis_Obsidian\Ordinances\2022\Ordinance No. 0955-22.md,-1,True
5063,0955-22,section_4,2022,Ordinance No. 0955-22.pdf,Thesis_Obsidian\Ordinances\2022\Ordinance No. 0955-22.md,156,False
5064,0955-22,section_5,2022,Ordinance No. 0955-22.pdf,Thesis_Obsidian\Ordinances\2022\Ordinance No. 0955-22.md,49,False
5065,0956-22,section_2,2022,Ordinance No. 0956-22.pdf,Thesis_Obsidian\Ordinances\2022\Ordinance No. 0956-22.md,200,False
5066,0956-22,section_455,2022,Ordinance No. 0956-22.pdf,Thesis_Obsidian\Ordinances\2022\Ordinance No. 0956-22.md,85,False
5067,0956-22,section_3,2022,Ordinance No. 0956-22.pdf,Thesis_Obsidian\Ordinances\2022\Ordinance No. 0956-22.md,140,False
5068,0956-22,section_4,2022,Ordinance No. 0956-22.pdf,Thesis_Obsidian\Ordinances\2022\Ordinance No. 0956-22.md,38,False
5069,0956-22,section_5,2022,Ordinance No. 0956-22.pdf,Thesis_Obsidian\Ordinances\2022\Ordinance No. 0956-22.md,-1,True
5070,0957-22,section_2,2022,Ordinance No. 0957-22.pdf,Thesis_Obsidian\Ordinances\2022\Ordinance No. 0957-22.md,34,False
5071,0957-22,section_4,2022,Ordinance No. 0957-22.pdf,Thesis_Obsidian\Ordinances\2022\Ordinance No. 0957-22.md,74,False
5072,0957-22,section_5,2022,Ordinance No. 0957-22.pdf,Thesis_Obsidian\Ordinances\2022\Ordinance No. 0957-22.md,49,False
5073,0958-22,section_1,2022,Ordinance No. 0958-22.pdf,Thesis_Obsidian\Ordinances\2022\Ordinance No. 0958-22.md,200,False
5074,0958-22,section_455,2022,Ordinance No. 0958-22.pdf,Thesis_Obsidian\Ordinances\2022\Ordinance No. 0958-22.md,85,False
5075,0958-22,section_5,2022,Ordinance No. 0958-22.pdf,Thesis_Obsidian\Ordinances\2022\Ordinance No. 0958-22.md,111,False
5076,0959-22,section_1,2022,Ordinance No. 0959-22.pdf,Thesis_Obsidian\Ordinances\2022\Ordinance No. 0959-22.md,112,False
5077,0959-22,section_455,2022,Ordinance No. 0959-22.pdf,Thesis_Obsidian\Ordinances\2022\Ordinance No. 0959-22.md,85,False
5078,0959-22,section_4,2022,Ordinance No. 0959-22.pdf,Thesis_Obsidian\Ordinances\2022\Ordinance No. 0959-22.md,27,False
5079,0959-22,section_5,2022,Ordinance No. 0959-22.pdf,Thesis_Obsidian\Ordinances\2022\Ordinance No. 0959-22.md,111,False
5080,096-22,section_1,2022,Ordinance No. 096-22 Multi-Stakeholder Agreement SHFC.pdf,Thesis_Obsidian\Ordinances\2022\Ordinance No. 096-22.md,-1,True
5081,096-22,section_2,2022,Ordinance No. 096-22 Multi-Stakeholder Agreement SHFC.pdf,Thesis_Obsidian\Ordinances\2022\Ordinance No. 096-22.md,32,False
5082,096-22,section_455,2022,Ordinance No. 096-22 Multi-Stakeholder Agreement SHFC.pdf,Thesis_Obsidian\Ordinances\2022\Ordinance No. 096-22.md,100,False
5083,096-22,section_3,2022,Ordinance No. 096-22 Multi-Stakeholder Agreement SHFC.pdf,Thesis_Obsidian\Ordinances\2022\Ordinance No. 096-22.md,31,False
5084,096-22,section_5,2022,Ordinance No. 096-22 Multi-Stakeholder Agreement SHFC.pdf,Thesis_Obsidian\Ordinances\2022\Ordinance No. 096-22.md,19,False
5085,097-22,section_1,2022,Ordinance No. 097-22.pdf,Thesis_Obsidian\Ordinances\2022\Ordinance No. 097-22.md,11,False
5086,097-22,section_2,2022,Ordinance No. 097-22.pdf,Thesis_Obsidian\Ordinances\2022\Ordinance No. 097-22.md,208,False
5087,097-22,section_3,2022,Ordinance No. 097-22.pdf,Thesis_Obsidian\Ordinances\2022\Ordinance No. 097-22.md,91,False
5088,097-22,section_4,2022,Ordinance No. 097-22.pdf,Thesis_Obsidian\Ordinances\2022\Ordinance No. 097-22.md,156,False
5089,097-22,section_5,2022,Ordinance No. 097-22.pdf,Thesis_Obsidian\Ordinances\2022\Ordinance No. 097-22.md,166,False
5090,0975-22,section_1,2022,Ordinance No. 0975-22.pdf,Thesis_Obsidian\Ordinances\2022\Ordinance No. 0975-22.md,46,False
5091,0975-22,section_2,2022,Ordinance No. 0975-22.pdf,Thesis_Obsidian\Ordinances\2022\Ordinance No. 0975-22.md,34,False
5092,0975-22,section_3,2022,Ordinance No. 0975-22.pdf,Thesis_Obsidian\Ordinances\2022\Ordinance No. 0975-22.md,41,False
5093,0975-22,section_5,2022,Ordinance No. 0975-22.pdf,Thesis_Obsidian\Ordinances\2022\Ordinance No. 0975-22.md,98,False
5094,0976-22,section_1,2022,Ordinance No. 0976-22.pdf,Thesis_Obsidian\Ordinances\2022\Ordinance No. 0976-22.md,46,False
5095,0976-22,section_2,2022,Ordinance No. 0976-22.pdf,Thesis_Obsidian\Ordinances\2022\Ordinance No. 0976-22.md,34,False
5096,0976-22,section_3,2022,Ordinance No. 0976-22.pdf,Thesis_Obsidian\Ordinances\2022\Ordinance No. 0976-22.md,63,False
5097,0976-22,section_4,2022,Ordinance No. 0976-22.pdf,Thesis_Obsidian\Ordinances\2022\Ordinance No. 0976-22.md,74,False
5098,0976-22,section_5,2022,Ordinance No. 0976-22.pdf,Thesis_Obsidian\Ordinances\2022\Ordinance No. 0976-22.md,98,False
5099,0978-22,section_1,2022,Ordinance No. 0978-22.pdf,Thesis_Obsidian\Ordinances\2022\Ordinance No. 0978-22.md,172,False
5100,0978-22,section_2,2022,Ordinance No. 0978-22.pdf,Thesis_Obsidian\Ordinances\2022\Ordinance No. 0978-22.md,-1,True
5101,0978-22,section_3,2022,Ordinance No. 0978-22.pdf,Thesis_Obsidian\Ordinances\2022\Ordinance No. 0978-22.md,41,False
5102,0978-22,section_5,2022,Ordinance No. 0978-22.pdf,Thesis_Obsidian\Ordinances\2022\Ordinance No. 0978-22.md,49,False
5103,0979-22,section_2,2022,Ordinance No. 0979-22.pdf,Thesis_Obsidian\Ordinances\2022\Ordinance No. 0979-22.md,-1,True
5104,0979-22,section_4,2022,Ordinance No. 0979-22.pdf,Thesis_Obsidian\Ordinances\2022\Ordinance No. 0979-22.md,70,False
5105,0979-22,section_1,2022,Ordinance No. 0979-22.pdf,Thesis_Obsidian\Ordinances\2022\Ordinance No. 0979-22.md,70,False
5106,0979-22,section_6,2022,Ordinance No. 0979-22.pdf,Thesis_Obsidian\Ordinances\2022\Ordinance No. 0979-22.md,40,False
5107,0979-22,section_7,2022,Ordinance No. 0979-22.pdf,Thesis_Obsidian\Ordinances\2022\Ordinance No. 0979-22.md,-1,True
5108,0979-22,section_8,2022,Ordinance No. 0979-22.pdf,Thesis_Obsidian\Ordinances\2022\Ordinance No. 0979-22.md,-1,True
5109,0979-22,section_9,2022,Ordinance No. 0979-22.pdf,Thesis_Obsidian\Ordinances\2022\Ordinance No. 0979-22.md,204,False
5110,0979-22,section_11,2022,Ordinance No. 0979-22.pdf,Thesis_Obsidian\Ordinances\2022\Ordinance No. 0979-22.md,54,False
5111,098-22,section_2,2022,Ordinance No. 098-22.pdf,Thesis_Obsidian\Ordinances\2022\Ordinance No. 098-22.md,101,False
5112,098-22,section_3,2022,Ordinance No. 098-22.pdf,Thesis_Obsidian\Ordinances\2022\Ordinance No. 098-22.md,41,False
5113,098-22,section_5,2022,Ordinance No. 098-22.pdf,Thesis_Obsidian\Ordinances\2022\Ordinance No. 098-22.md,-1,True
5114,0981-22,section_1,2022,Ordinance No. 0981-22.pdf,Thesis_Obsidian\Ordinances\2022\Ordinance No. 0981-22.md,77,False
5115,0981-22,section_2,2022,Ordinance No. 0981-22.pdf,Thesis_Obsidian\Ordinances\2022\Ordinance No. 0981-22.md,119,False
5116,0981-22,section_4,2022,Ordinance No. 0981-22.pdf,Thesis_Obsidian\Ordinances\2022\Ordinance No. 0981-22.md,107,False
5117,0981-22,section_5,2022,Ordinance No. 0981-22.pdf,Thesis_Obsidian\Ordinances\2022\Ordinance No. 0981-22.md,65,False
5118,0981-22,section_6,2022,Ordinance No. 0981-22.pdf,Thesis_Obsidian\Ordinances\2022\Ordinance No. 0981-22.md,1,False
5119,0984-22,section_455,2022,Ordinance No. 0984-22.pdf,Thesis_Obsidian\Ordinances\2022\Ordinance No. 0984-22.md,-1,True
5120,0984-22,section_3,2022,Ordinance No. 0984-22.pdf,Thesis_Obsidian\Ordinances\2022\Ordinance No. 0984-22.md,60,False
5121,0984-22,section_4,2022,Ordinance No. 0984-22.pdf,Thesis_Obsidian\Ordinances\2022\Ordinance No. 0984-22.md,154,False
5122,0984-22,section_5,2022,Ordinance No. 0984-22.pdf,Thesis_Obsidian\Ordinances\2022\Ordinance No. 0984-22.md,111,False
5123,0988-22,section_1,2022,Ordinance No. 000988-22.pdf,Thesis_Obsidian\Ordinances\2022\Ordinance No. 0988-22.md,57,False
5124,0988-22,section_2,2022,Ordinance No. 000988-22.pdf,Thesis_Obsidian\Ordinances\2022\Ordinance No. 0988-22.md,44,False
5125,0988-22,section_3,2022,Ordinance No. 000988-22.pdf,Thesis_Obsidian\Ordinances\2022\Ordinance No. 0988-22.md,44,False
5126,0988-22,section_5,2022,Ordinance No. 000988-22.pdf,Thesis_Obsidian\Ordinances\2022\Ordinance No. 0988-22.md,93,False
5127,0988-22,section_6,2022,Ordinance No. 000988-22.pdf,Thesis_Obsidian\Ordinances\2022\Ordinance No. 0988-22.md,44,False
5128,0988-22,section_7,2022,Ordinance No. 000988-22.pdf,Thesis_Obsidian\Ordinances\2022\Ordinance No. 0988-22.md,44,False
5129,0988-22,section_8,2022,Ordinance No. 000988-22.pdf,Thesis_Obsidian\Ordinances\2022\Ordinance No. 0988-22.md,-1,True
5130,0988-22,section_11,2022,Ordinance No. 000988-22.pdf,Thesis_Obsidian\Ordinances\2022\Ordinance No. 0988-22.md,14,False
5131,0988-22,section_13,2022,Ordinance No. 000988-22.pdf,Thesis_Obsidian\Ordinances\2022\Ordinance No. 0988-22.md,30,False
5132,0988-22,section_14,2022,Ordinance No. 000988-22.pdf,Thesis_Obsidian\Ordinances\2022\Ordinance No. 0988-22.md,30,False
5133,0988-22,section_15,2022,Ordinance No. 000988-22.pdf,Thesis_Obsidian\Ordinances\2022\Ordinance No. 0988-22.md,88,False
5134,0988-22,section_16,2022,Ordinance No. 000988-22.pdf,Thesis_Obsidian\Ordinances\2022\Ordinance No. 0988-22.md,114,False
5135,0988-22,section_17,2022,Ordinance No. 000988-22.pdf,Thesis_Obsidian\Ordinances\2022\Ordinance No. 0988-22.md,54,False
5136,0989-22,section_1,2022,Ordinance No. 0989-22.pdf,Thesis_Obsidian\Ordinances\2022\Ordinance No. 0989-22.md,102,False
5137,0989-22,section_2,2022,Ordinance No. 0989-22.pdf,Thesis_Obsidian\Ordinances\2022\Ordinance No. 0989-22.md,58,False
5138,0989-22,section_5,2022,Ordinance No. 0989-22.pdf,Thesis_Obsidian\Ordinances\2022\Ordinance No. 0989-22.md,157,False
5139,0989-22,section_6,2022,Ordinance No. 0989-22.pdf,Thesis_Obsidian\Ordinances\2022\Ordinance No. 0989-22.md,223,False
5140,099-22,section_1,2022,Ordinance No. 099-22.pdf,Thesis_Obsidian\Ordinances\2022\Ordinance No. 099-22.md,43,False
5141,099-22,section_2,2022,Ordinance No. 099-22.pdf,Thesis_Obsidian\Ordinances\2022\Ordinance No. 099-22.md,33,False
5142,099-22,section_3,2022,Ordinance No. 099-22.pdf,Thesis_Obsidian\Ordinances\2022\Ordinance No. 099-22.md,7,False
5143,099-22,section_4,2022,Ordinance No. 099-22.pdf,Thesis_Obsidian\Ordinances\2022\Ordinance No. 099-22.md,39,False
5144,099-22,section_5,2022,Ordinance No. 099-22.pdf,Thesis_Obsidian\Ordinances\2022\Ordinance No. 099-22.md,19,False
5145,0990-22,section_2,2022,Ordinance No. 0990-22.pdf,Thesis_Obsidian\Ordinances\2022\Ordinance No. 0990-22.md,13,False
5146,0990-22,section_3,2022,Ordinance No. 0990-22.pdf,Thesis_Obsidian\Ordinances\2022\Ordinance No. 0990-22.md,216,False
5147,0990-22,section_4,2022,Ordinance No. 0990-22.pdf,Thesis_Obsidian\Ordinances\2022\Ordinance No. 0990-22.md,38,False
5148,0990-22,section_5,2022,Ordinance No. 0990-22.pdf,Thesis_Obsidian\Ordinances\2022\Ordinance No. 0990-22.md,8,False
5149,0991-22,section_1,2022,Ordinance No. 0991-22.pdf,Thesis_Obsidian\Ordinances\2022\Ordinance No. 0991-22.md,105,False
5150,0991-22,section_2,2022,Ordinance No. 0991-22.pdf,Thesis_Obsidian\Ordinances\2022\Ordinance No. 0991-22.md,13,False
5151,0991-22,section_3,2022,Ordinance No. 0991-22.pdf,Thesis_Obsidian\Ordinances\2022\Ordinance No. 0991-22.md,105,False
5152,0991-22,section_4,2022,Ordinance No. 0991-22.pdf,Thesis_Obsidian\Ordinances\2022\Ordinance No. 0991-22.md,74,False
5153,0991-22,section_5,2022,Ordinance No. 0991-22.pdf,Thesis_Obsidian\Ordinances\2022\Ordinance No. 0991-22.md,105,False
5154,0993-22,section_1,2022,Ordinance No. 0993-22.pdf,Thesis_Obsidian\Ordinances\2022\Ordinance No. 0993-22.md,-1,True
5155,0993-22,section_2,2022,Ordinance No. 0993-22.pdf,Thesis_Obsidian\Ordinances\2022\Ordinance No. 0993-22.md,112,False
5156,0993-22,section_455,2022,Ordinance No. 0993-22.pdf,Thesis_Obsidian\Ordinances\2022\Ordinance No. 0993-22.md,110,False
5157,0993-22,section_3,2022,Ordinance No. 0993-22.pdf,Thesis_Obsidian\Ordinances\2022\Ordinance No. 0993-22.md,60,False
5158,0993-22,section_4,2022,Ordinance No. 0993-22.pdf,Thesis_Obsidian\Ordinances\2022\Ordinance No. 0993-22.md,154,False
5159,0993-22,section_5,2022,Ordinance No. 0993-22.pdf,Thesis_Obsidian\Ordinances\2022\Ordinance No. 0993-22.md,111,False
5160,0994-22,section_1,2022,Ordinance No. 0994-22.pdf,Thesis_Obsidian\Ordinances\2022\Ordinance No. 0994-22.md,46,False
5161,0994-22,section_2,2022,Ordinance No. 0994-22.pdf,Thesis_Obsidian\Ordinances\2022\Ordinance No. 0994-22.md,175,False
5162,0994-22,section_22,2022,Ordinance No. 0994-22.pdf,Thesis_Obsidian\Ordinances\2022\Ordinance No. 0994-22.md,249,False
5163,0994-22,section_455,2022,Ordinance No. 0994-22.pdf,Thesis_Obsidian\Ordinances\2022\Ordinance No. 0994-22.md,85,False
5164,0994-22,section_3,2022,Ordinance No. 0994-22.pdf,Thesis_Obsidian\Ordinances\2022\Ordinance No. 0994-22.md,63,False
5165,0994-22,section_4,2022,Ordinance No. 0994-22.pdf,Thesis_Obsidian\Ordinances\2022\Ordinance No. 0994-22.md,10,False
5166,0994-22,section_5,2022,Ordinance No. 0994-22.pdf,Thesis_Obsidian\Ordinances\2022\Ordinance No. 0994-22.md,98,False
5167,0996-22,section_1,2022,Ordinance No. 0996-22.pdf,Thesis_Obsidian\Ordinances\2022\Ordinance No. 0996-22.md,31,False
5168,0996-22,section_2,2022,Ordinance No. 0996-22.pdf,Thesis_Obsidian\Ordinances\2022\Ordinance No. 0996-22.md,31,False
5169,0996-22,section_3,2022,Ordinance No. 0996-22.pdf,Thesis_Obsidian\Ordinances\2022\Ordinance No. 0996-22.md,174,False
5170,0997-22,section_1,2022,Ordinance No. 0997-22.pdf,Thesis_Obsidian\Ordinances\2022\Ordinance No. 0997-22.md,31,False
5171,0997-22,section_2,2022,Ordinance No. 0997-22.pdf,Thesis_Obsidian\Ordinances\2022\Ordinance No. 0997-22.md,31,False
5172,0997-22,section_4,2022,Ordinance No. 0997-22.pdf,Thesis_Obsidian\Ordinances\2022\Ordinance No. 0997-22.md,49,False
5173,0998-22,section_1,2022,Ordinance No. 0998-22.pdf,Thesis_Obsidian\Ordinances\2022\Ordinance No. 0998-22.md,87,False
5174,0998-22,section_2,2022,Ordinance No. 0998-22.pdf,Thesis_Obsidian\Ordinances\2022\Ordinance No. 0998-22.md,87,False
5175,0998-22,section_3,2022,Ordinance No. 0998-22.pdf,Thesis_Obsidian\Ordinances\2022\Ordinance No. 0998-22.md,87,False
5176,0998-22,section_5,2022,Ordinance No. 0998-22.pdf,Thesis_Obsidian\Ordinances\2022\Ordinance No. 0998-22.md,87,False
5177,0998-22,section_7,2022,Ordinance No. 0998-22.pdf,Thesis_Obsidian\Ordinances\2022\Ordinance No. 0998-22.md,87,False
5178,0998-22,section_8,2022,Ordinance No. 0998-22.pdf,Thesis_Obsidian\Ordinances\2022\Ordinance No. 0998-22.md,87,False
5179,0998-22,section_9,2022,Ordinance No. 0998-22.pdf,Thesis_Obsidian\Ordinances\2022\Ordinance No. 0998-22.md,-1,True
5180,0998-22,section_10,2022,Ordinance No. 0998-22.pdf,Thesis_Obsidian\Ordinances\2022\Ordinance No. 0998-22.md,87,False
5181,0998-22,section_11,2022,Ordinance No. 0998-22.pdf,Thesis_Obsidian\Ordinances\2022\Ordinance No. 0998-22.md,87,False
5182,0998-22,section_12,2022,Ordinance No. 0998-22.pdf,Thesis_Obsidian\Ordinances\2022\Ordinance No. 0998-22.md,87,False
5183,0998-22,section_13,2022,Ordinance No. 0998-22.pdf,Thesis_Obsidian\Ordinances\2022\Ordinance No. 0998-22.md,87,False
5184,0998-22,section_14,2022,Ordinance No. 0998-22.pdf,Thesis_Obsidian\Ordinances\2022\Ordinance No. 0998-22.md,87,False
5185,0998-22,section_15,2022,Ordinance No. 0998-22.pdf,Thesis_Obsidian\Ordinances\2022\Ordinance No. 0998-22.md,87,False
5186,0998-22,section_16,2022,Ordinance No. 0998-22.pdf,Thesis_Obsidian\Ordinances\2022\Ordinance No. 0998-22.md,87,False
5187,0998-22,section_19,2022,Ordinance No. 0998-22.pdf,Thesis_Obsidian\Ordinances\2022\Ordinance No. 0998-22.md,87,False
5188,0998-22,section_20,2022,Ordinance No. 0998-22.pdf,Thesis_Obsidian\Ordinances\2022\Ordinance No. 0998-22.md,87,False
5189,0998-22,section_21,2022,Ordinance No. 0998-22.pdf,Thesis_Obsidian\Ordinances\2022\Ordinance No. 0998-22.md,87,False
5190,0998-22,section_22,2022,Ordinance No. 0998-22.pdf,Thesis_Obsidian\Ordinances\2022\Ordinance No. 0998-22.md,87,False
5191,0998-22,section_23,2022,Ordinance No. 0998-22.pdf,Thesis_Obsidian\Ordinances\2022\Ordinance No. 0998-22.md,87,False
5192,0998-22,section_24,2022,Ordinance No. 0998-22.pdf,Thesis_Obsidian\Ordinances\2022\Ordinance No. 0998-22.md,87,False
5193,0998-22,section_25,2022,Ordinance No. 0998-22.pdf,Thesis_Obsidian\Ordinances\2022\Ordinance No. 0998-22.md,87,False
5194,0998-22,section_26,2022,Ordinance No. 0998-22.pdf,Thesis_Obsidian\Ordinances\2022\Ordinance No. 0998-22.md,87,False
5195,0998-22,section_27,2022,Ordinance No. 0998-22.pdf,Thesis_Obsidian\Ordinances\2022\Ordinance No. 0998-22.md,59,False
5196,0998-22,section_28,2022,Ordinance No. 0998-22.pdf,Thesis_Obsidian\Ordinances\2022\Ordinance No. 0998-22.md,87,False
5197,0998-22,section_29,2022,Ordinance No. 0998-22.pdf,Thesis_Obsidian\Ordinances\2022\Ordinance No. 0998-22.md,87,False
5198,0998-22,section_30,2022,Ordinance No. 0998-22.pdf,Thesis_Obsidian\Ordinances\2022\Ordinance No. 0998-22.md,87,False
5199,0998-22,section_31,2022,Ordinance No. 0998-22.pdf,Thesis_Obsidian\Ordinances\2022\Ordinance No. 0998-22.md,87,False
5200,0998-22,section_32,2022,Ordinance No. 0998-22.pdf,Thesis_Obsidian\Ordinances\2022\Ordinance No. 0998-22.md,87,False
5201,0998-22,section_33,2022,Ordinance No. 0998-22.pdf,Thesis_Obsidian\Ordinances\2022\Ordinance No. 0998-22.md,87,False
5202,0998-22,section_34,2022,Ordinance No. 0998-22.pdf,Thesis_Obsidian\Ordinances\2022\Ordinance No. 0998-22.md,157,False
5203,0998-22,section_35,2022,Ordinance No. 0998-22.pdf,Thesis_Obsidian\Ordinances\2022\Ordinance No. 0998-22.md,134,False
5204,0998-22,section_36,2022,Ordinance No. 0998-22.pdf,Thesis_Obsidian\Ordinances\2022\Ordinance No. 0998-22.md,0,False
5205,Ordinance No. 000141-23 (2),section_1,2023,Ordinance No. 000141-23 (2).pdf,Thesis_Obsidian\Ordinances\2023\Ordinance No. 000141-23 (2).md,17,False
5206,Ordinance No. 000141-23 (2),section_2,2023,Ordinance No. 000141-23 (2).pdf,Thesis_Obsidian\Ordinances\2023\Ordinance No. 000141-23 (2).md,62,False
5207,Ordinance No. 000141-23 (2),section_4,2023,Ordinance No. 000141-23 (2).pdf,Thesis_Obsidian\Ordinances\2023\Ordinance No. 000141-23 (2).md,138,False
5208,Ordinance No. 000141-23 (2),section_2L,2023,Ordinance No. 000141-23 (2).pdf,Thesis_Obsidian\Ordinances\2023\Ordinance No. 000141-23 (2).md,104,False
5209,Ordinance No. 000141-23 (2),section_5,2023,Ordinance No. 000141-23 (2).pdf,Thesis_Obsidian\Ordinances\2023\Ordinance No. 000141-23 (2).md,146,False
5210,Ordinance No. 000141-23 (2),section_6,2023,Ordinance No. 000141-23 (2).pdf,Thesis_Obsidian\Ordinances\2023\Ordinance No. 000141-23 (2).md,1,False
5211,Ordinance No. 000147-23 (2),section_1,2023,Ordinance No. 000147-23 (2).pdf,Thesis_Obsidian\Ordinances\2023\Ordinance No. 000147-23 (2).md,173,False
5212,Ordinance No. 000147-23 (2),section_4,2023,Ordinance No. 000147-23 (2).pdf,Thesis_Obsidian\Ordinances\2023\Ordinance No. 000147-23 (2).md,99,False
5213,Ordinance No. 000147-23 (2),section_2t,2023,Ordinance No. 000147-23 (2).pdf,Thesis_Obsidian\Ordinances\2023\Ordinance No. 000147-23 (2).md,145,False
5214,Ordinance No. 000147-23 (2),section_6,2023,Ordinance No. 000147-23 (2).pdf,Thesis_Obsidian\Ordinances\2023\Ordinance No. 000147-23 (2).md,1,False
5215,Ordinance No. 000152-23 (2),section_2,2023,Ordinance No. 000152-23 (2).pdf,Thesis_Obsidian\Ordinances\2023\Ordinance No. 000152-23 (2).md,62,False
5216,Ordinance No. 000152-23 (2),section_4,2023,Ordinance No. 000152-23 (2).pdf,Thesis_Obsidian\Ordinances\2023\Ordinance No. 000152-23 (2).md,138,False
5217,Ordinance No. 000152-23 (2),section_2L,2023,Ordinance No. 000152-23 (2).pdf,Thesis_Obsidian\Ordinances\2023\Ordinance No. 000152-23 (2).md,104,False
5218,Ordinance No. 000152-23 (2),section_5,2023,Ordinance No. 000152-23 (2).pdf,Thesis_Obsidian\Ordinances\2023\Ordinance No. 000152-23 (2).md,83,False
5219,Ordinance No. 000152-23 (2),section_6,2023,Ordinance No. 000152-23 (2).pdf,Thesis_Obsidian\Ordinances\2023\Ordinance No. 000152-23 (2).md,1,False
5220,Ordinance No. 000166-23 (2),section_1,2023,Ordinance No. 000166-23 (2).pdf,Thesis_Obsidian\Ordinances\2023\Ordinance No. 000166-23 (2).md,15,False
5221,Ordinance No. 000166-23 (2),section_2,2023,Ordinance No. 000166-23 (2).pdf,Thesis_Obsidian\Ordinances\2023\Ordinance No. 000166-23 (2).md,37,False
5222,Ordinance No. 000166-23 (2),section_3,2023,Ordinance No. 000166-23 (2).pdf,Thesis_Obsidian\Ordinances\2023\Ordinance No. 000166-23 (2).md,216,False
5223,Ordinance No. 000166-23 (2),section_4,2023,Ordinance No. 000166-23 (2).pdf,Thesis_Obsidian\Ordinances\2023\Ordinance No. 000166-23 (2).md,237,False
5224,0136-23,section_2,2023,"Ordinance No. 0136-23 -Sister City Agreement, Mati City (2).pdf",Thesis_Obsidian\Ordinances\2023\Ordinance No. 0136-23.md,-1,True
5225,0136-23,section_455,2023,"Ordinance No. 0136-23 -Sister City Agreement, Mati City (2).pdf",Thesis_Obsidian\Ordinances\2023\Ordinance No. 0136-23.md,143,False
5226,0136-23,section_3,2023,"Ordinance No. 0136-23 -Sister City Agreement, Mati City (2).pdf",Thesis_Obsidian\Ordinances\2023\Ordinance No. 0136-23.md,4,False
5227,0136-23,section_4,2023,"Ordinance No. 0136-23 -Sister City Agreement, Mati City (2).pdf",Thesis_Obsidian\Ordinances\2023\Ordinance No. 0136-23.md,263,False
5228,0136-23,section_5,2023,"Ordinance No. 0136-23 -Sister City Agreement, Mati City (2).pdf",Thesis_Obsidian\Ordinances\2023\Ordinance No. 0136-23.md,19,False
5229,0137-23,section_2,2023,"Ordinance No. 0137-23 -Sister City Agreement Sennan City, Japan (2).pdf",Thesis_Obsidian\Ordinances\2023\Ordinance No. 0137-23.md,136,False
5230,0137-23,section_455,2023,"Ordinance No. 0137-23 -Sister City Agreement Sennan City, Japan (2).pdf",Thesis_Obsidian\Ordinances\2023\Ordinance No. 0137-23.md,196,False
5231,0137-23,section_16,2023,"Ordinance No. 0137-23 -Sister City Agreement Sennan City, Japan (2).pdf",Thesis_Obsidian\Ordinances\2023\Ordinance No. 0137-23.md,45,False
5232,0137-23,section_4,2023,"Ordinance No. 0137-23 -Sister City Agreement Sennan City, Japan (2).pdf",Thesis_Obsidian\Ordinances\2023\Ordinance No. 0137-23.md,233,False
5233,0137-23,section_5,2023,"Ordinance No. 0137-23 -Sister City Agreement Sennan City, Japan (2).pdf",Thesis_Obsidian\Ordinances\2023\Ordinance No. 0137-23.md,97,False
5234,0140-23,section_2,2023,"Ordinance No. 0140-23 -MOA, AMC (2).pdf",Thesis_Obsidian\Ordinances\2023\Ordinance No. 0140-23.md,7,False
5235,0140-23,section_3,2023,"Ordinance No. 0140-23 -MOA, AMC (2).pdf",Thesis_Obsidian\Ordinances\2023\Ordinance No. 0140-23.md,187,False
5236,0141-23,section_1,2023,Ordinance No. 0141-23 -QRF Misamis Occidental (2).pdf,Thesis_Obsidian\Ordinances\2023\Ordinance No. 0141-23.md,17,False
5237,0141-23,section_2,2023,Ordinance No. 0141-23 -QRF Misamis Occidental (2).pdf,Thesis_Obsidian\Ordinances\2023\Ordinance No. 0141-23.md,201,False
5238,0141-23,section_3,2023,Ordinance No. 0141-23 -QRF Misamis Occidental (2).pdf,Thesis_Obsidian\Ordinances\2023\Ordinance No. 0141-23.md,170,False
5239,0141-23,section_4,2023,Ordinance No. 0141-23 -QRF Misamis Occidental (2).pdf,Thesis_Obsidian\Ordinances\2023\Ordinance No. 0141-23.md,168,False
5240,0141-23,section_2L,2023,Ordinance No. 0141-23 -QRF Misamis Occidental (2).pdf,Thesis_Obsidian\Ordinances\2023\Ordinance No. 0141-23.md,104,False
5241,0141-23,section_5,2023,Ordinance No. 0141-23 -QRF Misamis Occidental (2).pdf,Thesis_Obsidian\Ordinances\2023\Ordinance No. 0141-23.md,225,False
5242,0141-23,section_6,2023,Ordinance No. 0141-23 -QRF Misamis Occidental (2).pdf,Thesis_Obsidian\Ordinances\2023\Ordinance No. 0141-23.md,1,False
5243,0142-23,section_1,2023,Ordinance No. 0142-23 -QRF Ozamiz (2).pdf,Thesis_Obsidian\Ordinances\2023\Ordinance No. 0142-23.md,96,False
5244,0142-23,section_2,2023,Ordinance No. 0142-23 -QRF Ozamiz (2).pdf,Thesis_Obsidian\Ordinances\2023\Ordinance No. 0142-23.md,62,False
5245,0142-23,section_4,2023,Ordinance No. 0142-23 -QRF Ozamiz (2).pdf,Thesis_Obsidian\Ordinances\2023\Ordinance No. 0142-23.md,138,False
5246,0142-23,section_2t,2023,Ordinance No. 0142-23 -QRF Ozamiz (2).pdf,Thesis_Obsidian\Ordinances\2023\Ordinance No. 0142-23.md,104,False
5247,0142-23,section_5,2023,Ordinance No. 0142-23 -QRF Ozamiz (2).pdf,Thesis_Obsidian\Ordinances\2023\Ordinance No. 0142-23.md,146,False
5248,0142-23,section_6,2023,Ordinance No. 0142-23 -QRF Ozamiz (2).pdf,Thesis_Obsidian\Ordinances\2023\Ordinance No. 0142-23.md,1,False
5249,0143-23,section_1,2023,Ordinance No. 0143-23 -QRF Gingoog (2).pdf,Thesis_Obsidian\Ordinances\2023\Ordinance No. 0143-23.md,17,False
5250,0143-23,section_2,2023,Ordinance No. 0143-23 -QRF Gingoog (2).pdf,Thesis_Obsidian\Ordinances\2023\Ordinance No. 0143-23.md,62,False
5251,0143-23,section_4,2023,Ordinance No. 0143-23 -QRF Gingoog (2).pdf,Thesis_Obsidian\Ordinances\2023\Ordinance No. 0143-23.md,168,False
5252,0143-23,section_2L,2023,Ordinance No. 0143-23 -QRF Gingoog (2).pdf,Thesis_Obsidian\Ordinances\2023\Ordinance No. 0143-23.md,145,False
5253,0143-23,section_6,2023,Ordinance No. 0143-23 -QRF Gingoog (2).pdf,Thesis_Obsidian\Ordinances\2023\Ordinance No. 0143-23.md,1,False
5254,0144-23,section_1,2023,Ordinance No. 0144-23 -QRF Dapitan (2).pdf,Thesis_Obsidian\Ordinances\2023\Ordinance No. 0144-23.md,17,False
5255,0144-23,section_2,2023,Ordinance No. 0144-23 -QRF Dapitan (2).pdf,Thesis_Obsidian\Ordinances\2023\Ordinance No. 0144-23.md,62,False
5256,0144-23,section_4,2023,Ordinance No. 0144-23 -QRF Dapitan (2).pdf,Thesis_Obsidian\Ordinances\2023\Ordinance No. 0144-23.md,270,False
5257,0144-23,section_2L,2023,Ordinance No. 0144-23 -QRF Dapitan (2).pdf,Thesis_Obsidian\Ordinances\2023\Ordinance No. 0144-23.md,145,False
5258,0144-23,section_6,2023,Ordinance No. 0144-23 -QRF Dapitan (2).pdf,Thesis_Obsidian\Ordinances\2023\Ordinance No. 0144-23.md,1,False
5259,0145-23,section_1,2023,Ordinance No. 0145-23 -QRF Talisayan (2).pdf,Thesis_Obsidian\Ordinances\2023\Ordinance No. 0145-23.md,17,False
5260,0145-23,section_2,2023,Ordinance No. 0145-23 -QRF Talisayan (2).pdf,Thesis_Obsidian\Ordinances\2023\Ordinance No. 0145-23.md,62,False
5261,0145-23,section_4,2023,Ordinance No. 0145-23 -QRF Talisayan (2).pdf,Thesis_Obsidian\Ordinances\2023\Ordinance No. 0145-23.md,168,False
5262,0145-23,section_2l,2023,Ordinance No. 0145-23 -QRF Talisayan (2).pdf,Thesis_Obsidian\Ordinances\2023\Ordinance No. 0145-23.md,145,False
5263,0145-23,section_6,2023,Ordinance No. 0145-23 -QRF Talisayan (2).pdf,Thesis_Obsidian\Ordinances\2023\Ordinance No. 0145-23.md,1,False
5264,0146-23,section_1,2023,Ordinance No. 0146-23 -QRF Claver (2).pdf,Thesis_Obsidian\Ordinances\2023\Ordinance No. 0146-23.md,17,False
5265,0146-23,section_2,2023,Ordinance No. 0146-23 -QRF Claver (2).pdf,Thesis_Obsidian\Ordinances\2023\Ordinance No. 0146-23.md,62,False
5266,0146-23,section_4,2023,Ordinance No. 0146-23 -QRF Claver (2).pdf,Thesis_Obsidian\Ordinances\2023\Ordinance No. 0146-23.md,229,False
5267,0146-23,section_2L,2023,Ordinance No. 0146-23 -QRF Claver (2).pdf,Thesis_Obsidian\Ordinances\2023\Ordinance No. 0146-23.md,104,False
5268,0146-23,section_5,2023,Ordinance No. 0146-23 -QRF Claver (2).pdf,Thesis_Obsidian\Ordinances\2023\Ordinance No. 0146-23.md,146,False
5269,0146-23,section_6,2023,Ordinance No. 0146-23 -QRF Claver (2).pdf,Thesis_Obsidian\Ordinances\2023\Ordinance No. 0146-23.md,1,False
5270,0147-23,section_1,2023,Ordinance No. 0147-23 -QRF San Miguel (2).pdf,Thesis_Obsidian\Ordinances\2023\Ordinance No. 0147-23.md,96,False
5271,0147-23,section_2,2023,Ordinance No. 0147-23 -QRF San Miguel (2).pdf,Thesis_Obsidian\Ordinances\2023\Ordinance No. 0147-23.md,62,False
5272,0147-23,section_4,2023,Ordinance No. 0147-23 -QRF San Miguel (2).pdf,Thesis_Obsidian\Ordinances\2023\Ordinance No. 0147-23.md,138,False
5273,0147-23,section_2l,2023,Ordinance No. 0147-23 -QRF San Miguel (2).pdf,Thesis_Obsidian\Ordinances\2023\Ordinance No. 0147-23.md,145,False
5274,0147-23,section_6,2023,Ordinance No. 0147-23 -QRF San Miguel (2).pdf,Thesis_Obsidian\Ordinances\2023\Ordinance No. 0147-23.md,1,False
5275,0148-23,section_1,2023,Ordinance No. 0148-23 -QRF Brooke_s Point (2).pdf,Thesis_Obsidian\Ordinances\2023\Ordinance No. 0148-23.md,96,False
5276,0148-23,section_2,2023,Ordinance No. 0148-23 -QRF Brooke_s Point (2).pdf,Thesis_Obsidian\Ordinances\2023\Ordinance No. 0148-23.md,62,False
5277,0148-23,section_4,2023,Ordinance No. 0148-23 -QRF Brooke_s Point (2).pdf,Thesis_Obsidian\Ordinances\2023\Ordinance No. 0148-23.md,270,False
5278,0148-23,section_5,2023,Ordinance No. 0148-23 -QRF Brooke_s Point (2).pdf,Thesis_Obsidian\Ordinances\2023\Ordinance No. 0148-23.md,197,False
5279,0148-23,section_6,2023,Ordinance No. 0148-23 -QRF Brooke_s Point (2).pdf,Thesis_Obsidian\Ordinances\2023\Ordinance No. 0148-23.md,1,False
5280,0149-23,section_1,2023,Ordinance No. 0149-23 -QRF Polanco (2).pdf,Thesis_Obsidian\Ordinances\2023\Ordinance No. 0149-23.md,17,False
5281,0149-23,section_2,2023,Ordinance No. 0149-23 -QRF Polanco (2).pdf,Thesis_Obsidian\Ordinances\2023\Ordinance No. 0149-23.md,109,False
5282,0149-23,section_3,2023,Ordinance No. 0149-23 -QRF Polanco (2).pdf,Thesis_Obsidian\Ordinances\2023\Ordinance No. 0149-23.md,42,False
5283,0149-23,section_4,2023,Ordinance No. 0149-23 -QRF Polanco (2).pdf,Thesis_Obsidian\Ordinances\2023\Ordinance No. 0149-23.md,138,False
5284,0149-23,section_2L,2023,Ordinance No. 0149-23 -QRF Polanco (2).pdf,Thesis_Obsidian\Ordinances\2023\Ordinance No. 0149-23.md,145,False
5285,0149-23,section_6,2023,Ordinance No. 0149-23 -QRF Polanco (2).pdf,Thesis_Obsidian\Ordinances\2023\Ordinance No. 0149-23.md,1,False
5286,0150-23,section_1,2023,Ordinance No. 0150-23 -QRF Gigaquit (2).pdf,Thesis_Obsidian\Ordinances\2023\Ordinance No. 0150-23.md,17,False
5287,0150-23,section_2,2023,Ordinance No. 0150-23 -QRF Gigaquit (2).pdf,Thesis_Obsidian\Ordinances\2023\Ordinance No. 0150-23.md,62,False
5288,0150-23,section_4,2023,Ordinance No. 0150-23 -QRF Gigaquit (2).pdf,Thesis_Obsidian\Ordinances\2023\Ordinance No. 0150-23.md,138,False
5289,0150-23,section_2l,2023,Ordinance No. 0150-23 -QRF Gigaquit (2).pdf,Thesis_Obsidian\Ordinances\2023\Ordinance No. 0150-23.md,145,False
5290,0150-23,section_6,2023,Ordinance No. 0150-23 -QRF Gigaquit (2).pdf,Thesis_Obsidian\Ordinances\2023\Ordinance No. 0150-23.md,1,False
5291,0151-23,section_1,2023,Ordinance No. 0151-23 -QRF Basey (2).pdf,Thesis_Obsidian\Ordinances\2023\Ordinance No. 0151-23.md,258,False
5292,0151-23,section_2L,2023,Ordinance No. 0151-23 -QRF Basey (2).pdf,Thesis_Obsidian\Ordinances\2023\Ordinance No. 0151-23.md,145,False
5293,0151-23,section_6,2023,Ordinance No. 0151-23 -QRF Basey (2).pdf,Thesis_Obsidian\Ordinances\2023\Ordinance No. 0151-23.md,1,False
5294,0152-23,section_2,2023,Ordinance No. 0152-23 -QRF Gandara (2).pdf,Thesis_Obsidian\Ordinances\2023\Ordinance No. 0152-23.md,109,False
5295,0152-23,section_3,2023,Ordinance No. 0152-23 -QRF Gandara (2).pdf,Thesis_Obsidian\Ordinances\2023\Ordinance No. 0152-23.md,42,False
5296,0152-23,section_4,2023,Ordinance No. 0152-23 -QRF Gandara (2).pdf,Thesis_Obsidian\Ordinances\2023\Ordinance No. 0152-23.md,138,False
5297,0152-23,section_2l,2023,Ordinance No. 0152-23 -QRF Gandara (2).pdf,Thesis_Obsidian\Ordinances\2023\Ordinance No. 0152-23.md,145,False
5298,0152-23,section_6,2023,Ordinance No. 0152-23 -QRF Gandara (2).pdf,Thesis_Obsidian\Ordinances\2023\Ordinance No. 0152-23.md,1,False
5299,0153-23,section_1,2023,Ordinance No. 0153-23 -ToP DOH-CHD (2).pdf,Thesis_Obsidian\Ordinances\2023\Ordinance No. 0153-23.md,-1,True
5300,0153-23,section_2,2023,Ordinance No. 0153-23 -ToP DOH-CHD (2).pdf,Thesis_Obsidian\Ordinances\2023\Ordinance No. 0153-23.md,89,False
5301,0153-23,section_16,2023,Ordinance No. 0153-23 -ToP DOH-CHD (2).pdf,Thesis_Obsidian\Ordinances\2023\Ordinance No. 0153-23.md,45,False
5302,0153-23,section_34,2023,Ordinance No. 0153-23 -ToP DOH-CHD (2).pdf,Thesis_Obsidian\Ordinances\2023\Ordinance No. 0153-23.md,113,False
5303,0153-23,section_35,2023,Ordinance No. 0153-23 -ToP DOH-CHD (2).pdf,Thesis_Obsidian\Ordinances\2023\Ordinance No. 0153-23.md,113,False
5304,0153-23,section_3,2023,Ordinance No. 0153-23 -ToP DOH-CHD (2).pdf,Thesis_Obsidian\Ordinances\2023\Ordinance No. 0153-23.md,-1,True
5305,0153-23,section_5,2023,Ordinance No. 0153-23 -ToP DOH-CHD (2).pdf,Thesis_Obsidian\Ordinances\2023\Ordinance No. 0153-23.md,-1,True
5306,0154-23,section_1,2023,Ordinance No. 0154-23 -MOA Balay Pasilungan (2).pdf,Thesis_Obsidian\Ordinances\2023\Ordinance No. 0154-23.md,64,False
5307,0154-23,section_22,2023,Ordinance No. 0154-23 -MOA Balay Pasilungan (2).pdf,Thesis_Obsidian\Ordinances\2023\Ordinance No. 0154-23.md,92,False
5308,0154-23,section_455,2023,Ordinance No. 0154-23 -MOA Balay Pasilungan (2).pdf,Thesis_Obsidian\Ordinances\2023\Ordinance No. 0154-23.md,85,False
5309,0154-23,section_3,2023,Ordinance No. 0154-23 -MOA Balay Pasilungan (2).pdf,Thesis_Obsidian\Ordinances\2023\Ordinance No. 0154-23.md,41,False
5310,0154-23,section_5,2023,Ordinance No. 0154-23 -MOA Balay Pasilungan (2).pdf,Thesis_Obsidian\Ordinances\2023\Ordinance No. 0154-23.md,19,False
5311,0155-23,section_1,2023,Ordinance No. 0155-23 -PWD ID (2).pdf,Thesis_Obsidian\Ordinances\2023\Ordinance No. 0155-23.md,26,False
5312,0155-23,section_2,2023,Ordinance No. 0155-23 -PWD ID (2).pdf,Thesis_Obsidian\Ordinances\2023\Ordinance No. 0155-23.md,-1,True
5313,0155-23,section_4,2023,Ordinance No. 0155-23 -PWD ID (2).pdf,Thesis_Obsidian\Ordinances\2023\Ordinance No. 0155-23.md,14,False
5314,0155-23,section_6,2023,Ordinance No. 0155-23 -PWD ID (2).pdf,Thesis_Obsidian\Ordinances\2023\Ordinance No. 0155-23.md,155,False
5315,0155-23,section_7,2023,Ordinance No. 0155-23 -PWD ID (2).pdf,Thesis_Obsidian\Ordinances\2023\Ordinance No. 0155-23.md,155,False
5316,0155-23,section_8,2023,Ordinance No. 0155-23 -PWD ID (2).pdf,Thesis_Obsidian\Ordinances\2023\Ordinance No. 0155-23.md,30,False
5317,0155-23,section_9,2023,Ordinance No. 0155-23 -PWD ID (2).pdf,Thesis_Obsidian\Ordinances\2023\Ordinance No. 0155-23.md,103,False
5318,0155-23,section_10,2023,Ordinance No. 0155-23 -PWD ID (2).pdf,Thesis_Obsidian\Ordinances\2023\Ordinance No. 0155-23.md,114,False
5319,0155-23,section_11,2023,Ordinance No. 0155-23 -PWD ID (2).pdf,Thesis_Obsidian\Ordinances\2023\Ordinance No. 0155-23.md,-1,True
5320,0156-23,section_1,2023,Ordinance No. 0156-23 -Healthy and Productive Aging of Senior (2).pdf,Thesis_Obsidian\Ordinances\2023\Ordinance No. 0156-23.md,26,False
5321,0156-23,section_2,2023,Ordinance No. 0156-23 -Healthy and Productive Aging of Senior (2).pdf,Thesis_Obsidian\Ordinances\2023\Ordinance No. 0156-23.md,28,False
5322,0156-23,section_3,2023,Ordinance No. 0156-23 -Healthy and Productive Aging of Senior (2).pdf,Thesis_Obsidian\Ordinances\2023\Ordinance No. 0156-23.md,28,False
5323,0156-23,section_4,2023,Ordinance No. 0156-23 -Healthy and Productive Aging of Senior (2).pdf,Thesis_Obsidian\Ordinances\2023\Ordinance No. 0156-23.md,-1,True
5324,0156-23,section_6,2023,Ordinance No. 0156-23 -Healthy and Productive Aging of Senior (2).pdf,Thesis_Obsidian\Ordinances\2023\Ordinance No. 0156-23.md,28,False
5325,0156-23,section_7,2023,Ordinance No. 0156-23 -Healthy and Productive Aging of Senior (2).pdf,Thesis_Obsidian\Ordinances\2023\Ordinance No. 0156-23.md,28,False
5326,0156-23,section_9,2023,Ordinance No. 0156-23 -Healthy and Productive Aging of Senior (2).pdf,Thesis_Obsidian\Ordinances\2023\Ordinance No. 0156-23.md,28,False
5327,0156-23,section_10,2023,Ordinance No. 0156-23 -Healthy and Productive Aging of Senior (2).pdf,Thesis_Obsidian\Ordinances\2023\Ordinance No. 0156-23.md,28,False
5328,0156-23,section_12,2023,Ordinance No. 0156-23 -Healthy and Productive Aging of Senior (2).pdf,Thesis_Obsidian\Ordinances\2023\Ordinance No. 0156-23.md,204,False
5329,0157-23,section_2,2023,"Ordinance No. 0157-23 -Usufruct, Sto.Niño Nat_l High School Mintal (2).pdf",Thesis_Obsidian\Ordinances\2023\Ordinance No. 0157-23.md,89,False
5330,0157-23,section_16,2023,"Ordinance No. 0157-23 -Usufruct, Sto.Niño Nat_l High School Mintal (2).pdf",Thesis_Obsidian\Ordinances\2023\Ordinance No. 0157-23.md,45,False
5331,0157-23,section_4,2023,"Ordinance No. 0157-23 -Usufruct, Sto.Niño Nat_l High School Mintal (2).pdf",Thesis_Obsidian\Ordinances\2023\Ordinance No. 0157-23.md,128,False
5332,0157-23,section_5,2023,"Ordinance No. 0157-23 -Usufruct, Sto.Niño Nat_l High School Mintal (2).pdf",Thesis_Obsidian\Ordinances\2023\Ordinance No. 0157-23.md,-1,True
5333,0158-23,section_1,2023,"Ordinance No. 0158-23 -Renewal Lease, OMARCO (2).pdf",Thesis_Obsidian\Ordinances\2023\Ordinance No. 0158-23.md,199,False
5334,0158-23,section_2,2023,"Ordinance No. 0158-23 -Renewal Lease, OMARCO (2).pdf",Thesis_Obsidian\Ordinances\2023\Ordinance No. 0158-23.md,33,False
5335,0158-23,section_3,2023,"Ordinance No. 0158-23 -Renewal Lease, OMARCO (2).pdf",Thesis_Obsidian\Ordinances\2023\Ordinance No. 0158-23.md,41,False
5336,0158-23,section_5,2023,"Ordinance No. 0158-23 -Renewal Lease, OMARCO (2).pdf",Thesis_Obsidian\Ordinances\2023\Ordinance No. 0158-23.md,-1,True
5337,0161-23,section_2,2023,"Ordinance No. 0161-23 -MOA, DAP-ALS (2).pdf",Thesis_Obsidian\Ordinances\2023\Ordinance No. 0161-23.md,112,False
5338,0161-23,section_455,2023,"Ordinance No. 0161-23 -MOA, DAP-ALS (2).pdf",Thesis_Obsidian\Ordinances\2023\Ordinance No. 0161-23.md,85,False
5339,0161-23,section_3,2023,"Ordinance No. 0161-23 -MOA, DAP-ALS (2).pdf",Thesis_Obsidian\Ordinances\2023\Ordinance No. 0161-23.md,4,False
5340,0161-23,section_4,2023,"Ordinance No. 0161-23 -MOA, DAP-ALS (2).pdf",Thesis_Obsidian\Ordinances\2023\Ordinance No. 0161-23.md,53,False
5341,0162-23,section_1,2023,"Ordinance No. 0162-23 -MOA, RMHC Bahay Bulilit (2).pdf",Thesis_Obsidian\Ordinances\2023\Ordinance No. 0162-23.md,34,False
5342,0162-23,section_3,2023,"Ordinance No. 0162-23 -MOA, RMHC Bahay Bulilit (2).pdf",Thesis_Obsidian\Ordinances\2023\Ordinance No. 0162-23.md,-1,True
5343,0162-23,section_4,2023,"Ordinance No. 0162-23 -MOA, RMHC Bahay Bulilit (2).pdf",Thesis_Obsidian\Ordinances\2023\Ordinance No. 0162-23.md,74,False
5344,0162-23,section_5,2023,"Ordinance No. 0162-23 -MOA, RMHC Bahay Bulilit (2).pdf",Thesis_Obsidian\Ordinances\2023\Ordinance No. 0162-23.md,19,False
5345,0163-23,section_1,2023,"Ordinance No. 0163-23 -MOA, DOH 5M Sub-Allotment (2).pdf",Thesis_Obsidian\Ordinances\2023\Ordinance No. 0163-23.md,172,False
5346,0163-23,section_2,2023,"Ordinance No. 0163-23 -MOA, DOH 5M Sub-Allotment (2).pdf",Thesis_Obsidian\Ordinances\2023\Ordinance No. 0163-23.md,89,False
5347,0163-23,section_16,2023,"Ordinance No. 0163-23 -MOA, DOH 5M Sub-Allotment (2).pdf",Thesis_Obsidian\Ordinances\2023\Ordinance No. 0163-23.md,113,False
5348,0163-23,section_4,2023,"Ordinance No. 0163-23 -MOA, DOH 5M Sub-Allotment (2).pdf",Thesis_Obsidian\Ordinances\2023\Ordinance No. 0163-23.md,95,False
5349,0163-23,section_5,2023,"Ordinance No. 0163-23 -MOA, DOH 5M Sub-Allotment (2).pdf",Thesis_Obsidian\Ordinances\2023\Ordinance No. 0163-23.md,19,False
5350,0164-23,section_2,2023,"Ordinance No. 0164-23 -MOA, DRRM Enhancement (2).pdf",Thesis_Obsidian\Ordinances\2023\Ordinance No. 0164-23.md,67,False
5351,0164-23,section_3,2023,"Ordinance No. 0164-23 -MOA, DRRM Enhancement (2).pdf",Thesis_Obsidian\Ordinances\2023\Ordinance No. 0164-23.md,7,False
5352,0164-23,section_4,2023,"Ordinance No. 0164-23 -MOA, DRRM Enhancement (2).pdf",Thesis_Obsidian\Ordinances\2023\Ordinance No. 0164-23.md,268,False
5353,0164-23,section_5,2023,"Ordinance No. 0164-23 -MOA, DRRM Enhancement (2).pdf",Thesis_Obsidian\Ordinances\2023\Ordinance No. 0164-23.md,19,False
5354,0165-23,section_1,2023,"Ordinance No. 0165-23 -Letter of Agreement, PRRI (2).pdf",Thesis_Obsidian\Ordinances\2023\Ordinance No. 0165-23.md,241,False
5355,0165-23,section_2,2023,"Ordinance No. 0165-23 -Letter of Agreement, PRRI (2).pdf",Thesis_Obsidian\Ordinances\2023\Ordinance No. 0165-23.md,136,False
5356,0165-23,section_22,2023,"Ordinance No. 0165-23 -Letter of Agreement, PRRI (2).pdf",Thesis_Obsidian\Ordinances\2023\Ordinance No. 0165-23.md,92,False
5357,0165-23,section_455,2023,"Ordinance No. 0165-23 -Letter of Agreement, PRRI (2).pdf",Thesis_Obsidian\Ordinances\2023\Ordinance No. 0165-23.md,143,False
5358,0165-23,section_3,2023,"Ordinance No. 0165-23 -Letter of Agreement, PRRI (2).pdf",Thesis_Obsidian\Ordinances\2023\Ordinance No. 0165-23.md,-1,True
5359,0165-23,section_4,2023,"Ordinance No. 0165-23 -Letter of Agreement, PRRI (2).pdf",Thesis_Obsidian\Ordinances\2023\Ordinance No. 0165-23.md,39,False
5360,0165-23,section_5,2023,"Ordinance No. 0165-23 -Letter of Agreement, PRRI (2).pdf",Thesis_Obsidian\Ordinances\2023\Ordinance No. 0165-23.md,19,False
5361,0166-23,section_1,2023,Ordinance No. 0166-23 (2).pdf,Thesis_Obsidian\Ordinances\2023\Ordinance No. 0166-23.md,15,False
5362,0166-23,section_2,2023,Ordinance No. 0166-23 (2).pdf,Thesis_Obsidian\Ordinances\2023\Ordinance No. 0166-23.md,37,False
5363,0166-23,section_3,2023,Ordinance No. 0166-23 (2).pdf,Thesis_Obsidian\Ordinances\2023\Ordinance No. 0166-23.md,216,False
5364,0166-23,section_4,2023,Ordinance No. 0166-23 (2).pdf,Thesis_Obsidian\Ordinances\2023\Ordinance No. 0166-23.md,237,False
5365,0168-23,section_455,2023,"Ordinance No. 0168-23 -Deed of Sale, SIR Amancio, Adolfo (2).pdf",Thesis_Obsidian\Ordinances\2023\Ordinance No. 0168-23.md,100,False
5366,0168-23,section_16,2023,"Ordinance No. 0168-23 -Deed of Sale, SIR Amancio, Adolfo (2).pdf",Thesis_Obsidian\Ordinances\2023\Ordinance No. 0168-23.md,31,False
5367,0168-23,section_4,2023,"Ordinance No. 0168-23 -Deed of Sale, SIR Amancio, Adolfo (2).pdf",Thesis_Obsidian\Ordinances\2023\Ordinance No. 0168-23.md,39,False
5368,0168-23,section_5,2023,"Ordinance No. 0168-23 -Deed of Sale, SIR Amancio, Adolfo (2).pdf",Thesis_Obsidian\Ordinances\2023\Ordinance No. 0168-23.md,174,False
5369,0169-23,section_1,2023,Ordinance No. 0169-23 (2).pdf,Thesis_Obsidian\Ordinances\2023\Ordinance No. 0169-23.md,117,False
5370,0169-23,section_2,2023,Ordinance No. 0169-23 (2).pdf,Thesis_Obsidian\Ordinances\2023\Ordinance No. 0169-23.md,12,False
5371,0169-23,section_3,2023,Ordinance No. 0169-23 (2).pdf,Thesis_Obsidian\Ordinances\2023\Ordinance No. 0169-23.md,198,False
5372,0169-23,section_5,2023,Ordinance No. 0169-23 (2).pdf,Thesis_Obsidian\Ordinances\2023\Ordinance No. 0169-23.md,8,False
5373,0171-23,section_1,2023,Ordinance No. 0171-23 (2).pdf,Thesis_Obsidian\Ordinances\2023\Ordinance No. 0171-23.md,15,False
5374,0171-23,section_2,2023,Ordinance No. 0171-23 (2).pdf,Thesis_Obsidian\Ordinances\2023\Ordinance No. 0171-23.md,37,False
5375,0171-23,section_3,2023,Ordinance No. 0171-23 (2).pdf,Thesis_Obsidian\Ordinances\2023\Ordinance No. 0171-23.md,216,False
5376,0171-23,section_4,2023,Ordinance No. 0171-23 (2).pdf,Thesis_Obsidian\Ordinances\2023\Ordinance No. 0171-23.md,151,False
5377,0171-23,section_5,2023,Ordinance No. 0171-23 (2).pdf,Thesis_Obsidian\Ordinances\2023\Ordinance No. 0171-23.md,8,False
5378,0173-23,section_1,2023,Ordinance No. 0173-23 -Suspension of Section39 of Incentive Code (2).pdf,Thesis_Obsidian\Ordinances\2023\Ordinance No. 0173-23.md,102,False
5379,0173-23,section_3,2023,Ordinance No. 0173-23 -Suspension of Section39 of Incentive Code (2).pdf,Thesis_Obsidian\Ordinances\2023\Ordinance No. 0173-23.md,58,False
5380,0173-23,section_4,2023,Ordinance No. 0173-23 -Suspension of Section39 of Incentive Code (2).pdf,Thesis_Obsidian\Ordinances\2023\Ordinance No. 0173-23.md,48,False
5381,0173-23,section_5,2023,Ordinance No. 0173-23 -Suspension of Section39 of Incentive Code (2).pdf,Thesis_Obsidian\Ordinances\2023\Ordinance No. 0173-23.md,157,False
5382,0173-23,section_6,2023,Ordinance No. 0173-23 -Suspension of Section39 of Incentive Code (2).pdf,Thesis_Obsidian\Ordinances\2023\Ordinance No. 0173-23.md,82,False
5383,0174-23,section_455,2023,"Ordinance No. 0174-23 -MOA, AFP Agila Division (2).pdf",Thesis_Obsidian\Ordinances\2023\Ordinance No. 0174-23.md,34,False
5384,0175-23,section_1,2023,"Ordinance No. 0175-23 -MOU, MEDA Org.  RIISA project (2).pdf",Thesis_Obsidian\Ordinances\2023\Ordinance No. 0175-23.md,184,False
5385,0175-23,section_2,2023,"Ordinance No. 0175-23 -MOU, MEDA Org.  RIISA project (2).pdf",Thesis_Obsidian\Ordinances\2023\Ordinance No. 0175-23.md,136,False
5386,0175-23,section_22,2023,"Ordinance No. 0175-23 -MOU, MEDA Org.  RIISA project (2).pdf",Thesis_Obsidian\Ordinances\2023\Ordinance No. 0175-23.md,249,False
5387,0175-23,section_455,2023,"Ordinance No. 0175-23 -MOU, MEDA Org.  RIISA project (2).pdf",Thesis_Obsidian\Ordinances\2023\Ordinance No. 0175-23.md,196,False
5388,0175-23,section_16,2023,"Ordinance No. 0175-23 -MOU, MEDA Org.  RIISA project (2).pdf",Thesis_Obsidian\Ordinances\2023\Ordinance No. 0175-23.md,45,False
5389,0175-23,section_3,2023,"Ordinance No. 0175-23 -MOU, MEDA Org.  RIISA project (2).pdf",Thesis_Obsidian\Ordinances\2023\Ordinance No. 0175-23.md,123,False
5390,0175-23,section_4,2023,"Ordinance No. 0175-23 -MOU, MEDA Org.  RIISA project (2).pdf",Thesis_Obsidian\Ordinances\2023\Ordinance No. 0175-23.md,53,False
5391,0176-23,section_2,2023,"Ordinance No. 0176-23 -MOA, DOH-CHD HEA HCW (2).pdf",Thesis_Obsidian\Ordinances\2023\Ordinance No. 0176-23.md,136,False
5392,0176-23,section_455,2023,"Ordinance No. 0176-23 -MOA, DOH-CHD HEA HCW (2).pdf",Thesis_Obsidian\Ordinances\2023\Ordinance No. 0176-23.md,113,False
5393,0176-23,section_3,2023,"Ordinance No. 0176-23 -MOA, DOH-CHD HEA HCW (2).pdf",Thesis_Obsidian\Ordinances\2023\Ordinance No. 0176-23.md,140,False
5394,0176-23,section_4,2023,"Ordinance No. 0176-23 -MOA, DOH-CHD HEA HCW (2).pdf",Thesis_Obsidian\Ordinances\2023\Ordinance No. 0176-23.md,39,False
5395,0176-23,section_5,2023,"Ordinance No. 0176-23 -MOA, DOH-CHD HEA HCW (2).pdf",Thesis_Obsidian\Ordinances\2023\Ordinance No. 0176-23.md,-1,True
5396,0177-23,section_3,2023,Ordinance No. 0177-23 (2).pdf,Thesis_Obsidian\Ordinances\2023\Ordinance No. 0177-23.md,53,False
5397,0178-23,section_1,2023,Ordinance No. 0178-23 (2).pdf,Thesis_Obsidian\Ordinances\2023\Ordinance No. 0178-23.md,-1,True
5398,0178-23,section_2,2023,Ordinance No. 0178-23 (2).pdf,Thesis_Obsidian\Ordinances\2023\Ordinance No. 0178-23.md,165,False
5399,0178-23,section_3,2023,Ordinance No. 0178-23 (2).pdf,Thesis_Obsidian\Ordinances\2023\Ordinance No. 0178-23.md,170,False
5400,0178-23,section_4,2023,Ordinance No. 0178-23 (2).pdf,Thesis_Obsidian\Ordinances\2023\Ordinance No. 0178-23.md,230,False
5401,0178-23,section_5,2023,Ordinance No. 0178-23 (2).pdf,Thesis_Obsidian\Ordinances\2023\Ordinance No. 0178-23.md,65,False
5402,0178-23,section_6,2023,Ordinance No. 0178-23 (2).pdf,Thesis_Obsidian\Ordinances\2023\Ordinance No. 0178-23.md,1,False
5403,0179-23,section_1,2023,Ordinance No. 0179-23 (2).pdf,Thesis_Obsidian\Ordinances\2023\Ordinance No. 0179-23.md,-1,True
5404,0179-23,section_2,2023,Ordinance No. 0179-23 (2).pdf,Thesis_Obsidian\Ordinances\2023\Ordinance No. 0179-23.md,109,False
5405,0179-23,section_3,2023,Ordinance No. 0179-23 (2).pdf,Thesis_Obsidian\Ordinances\2023\Ordinance No. 0179-23.md,42,False
5406,0179-23,section_4,2023,Ordinance No. 0179-23 (2).pdf,Thesis_Obsidian\Ordinances\2023\Ordinance No. 0179-23.md,230,False
5407,0179-23,section_6,2023,Ordinance No. 0179-23 (2).pdf,Thesis_Obsidian\Ordinances\2023\Ordinance No. 0179-23.md,1,False
5408,0180-23,section_2,2023,Ordinance No. 0180-23 (2).pdf,Thesis_Obsidian\Ordinances\2023\Ordinance No. 0180-23.md,227,False
5409,0180-23,section_3,2023,Ordinance No. 0180-23 (2).pdf,Thesis_Obsidian\Ordinances\2023\Ordinance No. 0180-23.md,42,False
5410,0180-23,section_4,2023,Ordinance No. 0180-23 (2).pdf,Thesis_Obsidian\Ordinances\2023\Ordinance No. 0180-23.md,230,False
5411,0180-23,section_5,2023,Ordinance No. 0180-23 (2).pdf,Thesis_Obsidian\Ordinances\2023\Ordinance No. 0180-23.md,266,False
5412,0181-23,section_1,2023,Ordinance No. 0181-23 (2).pdf,Thesis_Obsidian\Ordinances\2023\Ordinance No. 0181-23.md,34,False
5413,0181-23,section_3,2023,Ordinance No. 0181-23 (2).pdf,Thesis_Obsidian\Ordinances\2023\Ordinance No. 0181-23.md,7,False
5414,0181-23,section_4,2023,Ordinance No. 0181-23 (2).pdf,Thesis_Obsidian\Ordinances\2023\Ordinance No. 0181-23.md,114,False
5415,0181-23,section_5,2023,Ordinance No. 0181-23 (2).pdf,Thesis_Obsidian\Ordinances\2023\Ordinance No. 0181-23.md,19,False
5416,0182-23,section_1,2023,Ordinance No. 0182-23 (2).pdf,Thesis_Obsidian\Ordinances\2023\Ordinance No. 0182-23.md,34,False
5417,0182-23,section_3,2023,Ordinance No. 0182-23 (2).pdf,Thesis_Obsidian\Ordinances\2023\Ordinance No. 0182-23.md,7,False
5418,0182-23,section_4,2023,Ordinance No. 0182-23 (2).pdf,Thesis_Obsidian\Ordinances\2023\Ordinance No. 0182-23.md,-1,True
5419,0183-23,section_1,2023,Ordinance No. 0183-23 (2).pdf,Thesis_Obsidian\Ordinances\2023\Ordinance No. 0183-23.md,113,False
5420,0183-23,section_3,2023,Ordinance No. 0183-23 (2).pdf,Thesis_Obsidian\Ordinances\2023\Ordinance No. 0183-23.md,7,False
5421,0183-23,section_4,2023,Ordinance No. 0183-23 (2).pdf,Thesis_Obsidian\Ordinances\2023\Ordinance No. 0183-23.md,-1,True
5422,0184-23,section_1,2023,Ordinance No. 0184-23 Traffic Code (2).pdf,Thesis_Obsidian\Ordinances\2023\Ordinance No. 0184-23.md,57,False
5423,0184-23,section_2,2023,Ordinance No. 0184-23 Traffic Code (2).pdf,Thesis_Obsidian\Ordinances\2023\Ordinance No. 0184-23.md,-1,True
5424,0184-23,section_3,2023,Ordinance No. 0184-23 Traffic Code (2).pdf,Thesis_Obsidian\Ordinances\2023\Ordinance No. 0184-23.md,-1,True
5425,0184-23,section_5,2023,Ordinance No. 0184-23 Traffic Code (2).pdf,Thesis_Obsidian\Ordinances\2023\Ordinance No. 0184-23.md,54,False
5426,0186-23,section_2,2023,Ordinance No. 0186-23 (2).pdf,Thesis_Obsidian\Ordinances\2023\Ordinance No. 0186-23.md,13,False
5427,0186-23,section_3,2023,Ordinance No. 0186-23 (2).pdf,Thesis_Obsidian\Ordinances\2023\Ordinance No. 0186-23.md,-1,True
5428,0186-23,section_4,2023,Ordinance No. 0186-23 (2).pdf,Thesis_Obsidian\Ordinances\2023\Ordinance No. 0186-23.md,38,False
5429,0186-23,section_5,2023,Ordinance No. 0186-23 (2).pdf,Thesis_Obsidian\Ordinances\2023\Ordinance No. 0186-23.md,149,False
5430,0188-23,section_2,2023,Ordinance No. 0188-23 (2).pdf,Thesis_Obsidian\Ordinances\2023\Ordinance No. 0188-23.md,112,False
5431,0188-23,section_455,2023,Ordinance No. 0188-23 (2).pdf,Thesis_Obsidian\Ordinances\2023\Ordinance No. 0188-23.md,85,False
5432,0188-23,section_3,2023,Ordinance No. 0188-23 (2).pdf,Thesis_Obsidian\Ordinances\2023\Ordinance No. 0188-23.md,60,False
5433,0188-23,section_4,2023,Ordinance No. 0188-23 (2).pdf,Thesis_Obsidian\Ordinances\2023\Ordinance No. 0188-23.md,154,False
5434,0188-23,section_5,2023,Ordinance No. 0188-23 (2).pdf,Thesis_Obsidian\Ordinances\2023\Ordinance No. 0188-23.md,207,False
5435,0189-23,section_1,2023,Ordinance No. 0189-23 (2).pdf,Thesis_Obsidian\Ordinances\2023\Ordinance No. 0189-23.md,43,False
5436,0189-23,section_2,2023,Ordinance No. 0189-23 (2).pdf,Thesis_Obsidian\Ordinances\2023\Ordinance No. 0189-23.md,112,False
5437,0189-23,section_455,2023,Ordinance No. 0189-23 (2).pdf,Thesis_Obsidian\Ordinances\2023\Ordinance No. 0189-23.md,85,False
5438,0189-23,section_3,2023,Ordinance No. 0189-23 (2).pdf,Thesis_Obsidian\Ordinances\2023\Ordinance No. 0189-23.md,7,False
5439,0189-23,section_4,2023,Ordinance No. 0189-23 (2).pdf,Thesis_Obsidian\Ordinances\2023\Ordinance No. 0189-23.md,154,False
5440,0189-23,section_5,2023,Ordinance No. 0189-23 (2).pdf,Thesis_Obsidian\Ordinances\2023\Ordinance No. 0189-23.md,19,False
5441,0190-23,section_2,2023,Ordinance No. 0190-23 (2).pdf,Thesis_Obsidian\Ordinances\2023\Ordinance No. 0190-23.md,21,False
5442,0190-23,section_3,2023,Ordinance No. 0190-23 (2).pdf,Thesis_Obsidian\Ordinances\2023\Ordinance No. 0190-23.md,52,False
5443,0190-23,section_4,2023,Ordinance No. 0190-23 (2).pdf,Thesis_Obsidian\Ordinances\2023\Ordinance No. 0190-23.md,169,False
5444,0190-23,section_5,2023,Ordinance No. 0190-23 (2).pdf,Thesis_Obsidian\Ordinances\2023\Ordinance No. 0190-23.md,97,False
5445,0191-23,section_1,2023,Ordinance No. 0191-23 (2).pdf,Thesis_Obsidian\Ordinances\2023\Ordinance No. 0191-23.md,102,False
5446,0191-23,section_2,2023,Ordinance No. 0191-23 (2).pdf,Thesis_Obsidian\Ordinances\2023\Ordinance No. 0191-23.md,109,False
5447,0191-23,section_3,2023,Ordinance No. 0191-23 (2).pdf,Thesis_Obsidian\Ordinances\2023\Ordinance No. 0191-23.md,204,False
5448,0191-23,section_6,2023,Ordinance No. 0191-23 (2).pdf,Thesis_Obsidian\Ordinances\2023\Ordinance No. 0191-23.md,-1,True
5449,0192-23,section_1,2023,Ordinance No. 0192-23 Anti-Bullying (2).pdf,Thesis_Obsidian\Ordinances\2023\Ordinance No. 0192-23.md,57,False
5450,0192-23,section_2,2023,Ordinance No. 0192-23 Anti-Bullying (2).pdf,Thesis_Obsidian\Ordinances\2023\Ordinance No. 0192-23.md,142,False
5451,0192-23,section_3,2023,Ordinance No. 0192-23 Anti-Bullying (2).pdf,Thesis_Obsidian\Ordinances\2023\Ordinance No. 0192-23.md,142,False
5452,0192-23,section_4,2023,Ordinance No. 0192-23 Anti-Bullying (2).pdf,Thesis_Obsidian\Ordinances\2023\Ordinance No. 0192-23.md,142,False
5453,0192-23,section_5,2023,Ordinance No. 0192-23 Anti-Bullying (2).pdf,Thesis_Obsidian\Ordinances\2023\Ordinance No. 0192-23.md,142,False
5454,0192-23,section_6,2023,Ordinance No. 0192-23 Anti-Bullying (2).pdf,Thesis_Obsidian\Ordinances\2023\Ordinance No. 0192-23.md,6,False
5455,0192-23,section_7,2023,Ordinance No. 0192-23 Anti-Bullying (2).pdf,Thesis_Obsidian\Ordinances\2023\Ordinance No. 0192-23.md,142,False
5456,0192-23,section_8,2023,Ordinance No. 0192-23 Anti-Bullying (2).pdf,Thesis_Obsidian\Ordinances\2023\Ordinance No. 0192-23.md,142,False
5457,0192-23,section_9,2023,Ordinance No. 0192-23 Anti-Bullying (2).pdf,Thesis_Obsidian\Ordinances\2023\Ordinance No. 0192-23.md,142,False
5458,0192-23,section_10,2023,Ordinance No. 0192-23 Anti-Bullying (2).pdf,Thesis_Obsidian\Ordinances\2023\Ordinance No. 0192-23.md,142,False
5459,0192-23,section_11,2023,Ordinance No. 0192-23 Anti-Bullying (2).pdf,Thesis_Obsidian\Ordinances\2023\Ordinance No. 0192-23.md,142,False
5460,0192-23,section_12,2023,Ordinance No. 0192-23 Anti-Bullying (2).pdf,Thesis_Obsidian\Ordinances\2023\Ordinance No. 0192-23.md,40,False
5461,0192-23,section_13,2023,Ordinance No. 0192-23 Anti-Bullying (2).pdf,Thesis_Obsidian\Ordinances\2023\Ordinance No. 0192-23.md,-1,True
5462,0192-23,section_14,2023,Ordinance No. 0192-23 Anti-Bullying (2).pdf,Thesis_Obsidian\Ordinances\2023\Ordinance No. 0192-23.md,142,False
5463,0192-23,section_15,2023,Ordinance No. 0192-23 Anti-Bullying (2).pdf,Thesis_Obsidian\Ordinances\2023\Ordinance No. 0192-23.md,28,False
5464,0192-23,section_16,2023,Ordinance No. 0192-23 Anti-Bullying (2).pdf,Thesis_Obsidian\Ordinances\2023\Ordinance No. 0192-23.md,14,False
5465,0192-23,section_18,2023,Ordinance No. 0192-23 Anti-Bullying (2).pdf,Thesis_Obsidian\Ordinances\2023\Ordinance No. 0192-23.md,14,False
5466,0192-23,section_19,2023,Ordinance No. 0192-23 Anti-Bullying (2).pdf,Thesis_Obsidian\Ordinances\2023\Ordinance No. 0192-23.md,142,False
5467,0192-23,section_20,2023,Ordinance No. 0192-23 Anti-Bullying (2).pdf,Thesis_Obsidian\Ordinances\2023\Ordinance No. 0192-23.md,30,False
5468,0192-23,section_21,2023,Ordinance No. 0192-23 Anti-Bullying (2).pdf,Thesis_Obsidian\Ordinances\2023\Ordinance No. 0192-23.md,142,False
5469,0192-23,section_22,2023,Ordinance No. 0192-23 Anti-Bullying (2).pdf,Thesis_Obsidian\Ordinances\2023\Ordinance No. 0192-23.md,5,False
5470,0192-23,section_23,2023,Ordinance No. 0192-23 Anti-Bullying (2).pdf,Thesis_Obsidian\Ordinances\2023\Ordinance No. 0192-23.md,-1,True
5471,0192-23,section_24,2023,Ordinance No. 0192-23 Anti-Bullying (2).pdf,Thesis_Obsidian\Ordinances\2023\Ordinance No. 0192-23.md,-1,True
5472,0192-23,section_25,2023,Ordinance No. 0192-23 Anti-Bullying (2).pdf,Thesis_Obsidian\Ordinances\2023\Ordinance No. 0192-23.md,-1,True
5473,0193-23,section_1,2023,Ordinance No. 0193-23 Amendment Peace 911 (2).pdf,Thesis_Obsidian\Ordinances\2023\Ordinance No. 0193-23.md,159,False
5474,0193-23,section_2,2023,Ordinance No. 0193-23 Amendment Peace 911 (2).pdf,Thesis_Obsidian\Ordinances\2023\Ordinance No. 0193-23.md,159,False
5475,0193-23,section_3,2023,Ordinance No. 0193-23 Amendment Peace 911 (2).pdf,Thesis_Obsidian\Ordinances\2023\Ordinance No. 0193-23.md,25,False
5476,0193-23,section_4,2023,Ordinance No. 0193-23 Amendment Peace 911 (2).pdf,Thesis_Obsidian\Ordinances\2023\Ordinance No. 0193-23.md,159,False
5477,0193-23,section_5,2023,Ordinance No. 0193-23 Amendment Peace 911 (2).pdf,Thesis_Obsidian\Ordinances\2023\Ordinance No. 0193-23.md,114,False
5478,0193-23,section_6,2023,Ordinance No. 0193-23 Amendment Peace 911 (2).pdf,Thesis_Obsidian\Ordinances\2023\Ordinance No. 0193-23.md,97,False
5479,0197-23,section_1,2023,Ordinance No. 0197-23 (2).pdf,Thesis_Obsidian\Ordinances\2023\Ordinance No. 0197-23.md,80,False
5480,0197-23,section_2,2023,Ordinance No. 0197-23 (2).pdf,Thesis_Obsidian\Ordinances\2023\Ordinance No. 0197-23.md,12,False
5481,0197-23,section_3,2023,Ordinance No. 0197-23 (2).pdf,Thesis_Obsidian\Ordinances\2023\Ordinance No. 0197-23.md,205,False
5482,0197-23,section_5,2023,Ordinance No. 0197-23 (2).pdf,Thesis_Obsidian\Ordinances\2023\Ordinance No. 0197-23.md,8,False
5483,0198-23,section_1,2023,Ordinance No. 0198-23 (2).pdf,Thesis_Obsidian\Ordinances\2023\Ordinance No. 0198-23.md,-1,True
5484,0198-23,section_2,2023,Ordinance No. 0198-23 (2).pdf,Thesis_Obsidian\Ordinances\2023\Ordinance No. 0198-23.md,84,False
5485,0198-23,section_3,2023,Ordinance No. 0198-23 (2).pdf,Thesis_Obsidian\Ordinances\2023\Ordinance No. 0198-23.md,53,False
5486,0199-23,section_5,2023,Ordinance No. 0199-23 (2).pdf,Thesis_Obsidian\Ordinances\2023\Ordinance No. 0199-23.md,223,False
5487,0200-23,section_1,2023,Ordinance No. 0200-23 (2).pdf,Thesis_Obsidian\Ordinances\2023\Ordinance No. 0200-23.md,11,False
5488,0200-23,section_2,2023,Ordinance No. 0200-23 (2).pdf,Thesis_Obsidian\Ordinances\2023\Ordinance No. 0200-23.md,122,False
5489,0200-23,section_3,2023,Ordinance No. 0200-23 (2).pdf,Thesis_Obsidian\Ordinances\2023\Ordinance No. 0200-23.md,137,False
5490,0202-23,section_1,2023,Ordinance No. 0202-23 DCDRRMFIP (2).pdf,Thesis_Obsidian\Ordinances\2023\Ordinance No. 0202-23.md,150,False
5491,0202-23,section_2,2023,Ordinance No. 0202-23 DCDRRMFIP (2).pdf,Thesis_Obsidian\Ordinances\2023\Ordinance No. 0202-23.md,173,False
5492,0202-23,section_4,2023,Ordinance No. 0202-23 DCDRRMFIP (2).pdf,Thesis_Obsidian\Ordinances\2023\Ordinance No. 0202-23.md,230,False
5493,0202-23,section_6,2023,Ordinance No. 0202-23 DCDRRMFIP (2).pdf,Thesis_Obsidian\Ordinances\2023\Ordinance No. 0202-23.md,65,False
5494,0202-23,section_7,2023,Ordinance No. 0202-23 DCDRRMFIP (2).pdf,Thesis_Obsidian\Ordinances\2023\Ordinance No. 0202-23.md,1,False
5495,0203-23,section_455,2023,Ordinance No. 0203-23 (2).pdf,Thesis_Obsidian\Ordinances\2023\Ordinance No. 0203-23.md,33,False
5496,0203-23,section_3,2023,Ordinance No. 0203-23 (2).pdf,Thesis_Obsidian\Ordinances\2023\Ordinance No. 0203-23.md,41,False
5497,0203-23,section_5,2023,Ordinance No. 0203-23 (2).pdf,Thesis_Obsidian\Ordinances\2023\Ordinance No. 0203-23.md,-1,True
5498,0204-23,section_1,2023,Ordinance No. 0204-23 (2).pdf,Thesis_Obsidian\Ordinances\2023\Ordinance No. 0204-23.md,80,False
5499,0204-23,section_2,2023,Ordinance No. 0204-23 (2).pdf,Thesis_Obsidian\Ordinances\2023\Ordinance No. 0204-23.md,37,False
5500,0204-23,section_3,2023,Ordinance No. 0204-23 (2).pdf,Thesis_Obsidian\Ordinances\2023\Ordinance No. 0204-23.md,171,False
5501,0204-23,section_4,2023,Ordinance No. 0204-23 (2).pdf,Thesis_Obsidian\Ordinances\2023\Ordinance No. 0204-23.md,-1,True
5502,0204-23,section_5,2023,Ordinance No. 0204-23 (2).pdf,Thesis_Obsidian\Ordinances\2023\Ordinance No. 0204-23.md,8,False
5503,0205-23,section_1,2023,Ordinance No. 0205-23 (2).pdf,Thesis_Obsidian\Ordinances\2023\Ordinance No. 0205-23.md,184,False
5504,0205-23,section_2,2023,Ordinance No. 0205-23 (2).pdf,Thesis_Obsidian\Ordinances\2023\Ordinance No. 0205-23.md,64,False
5505,0205-23,section_455,2023,Ordinance No. 0205-23 (2).pdf,Thesis_Obsidian\Ordinances\2023\Ordinance No. 0205-23.md,206,False
5506,0205-23,section_16,2023,Ordinance No. 0205-23 (2).pdf,Thesis_Obsidian\Ordinances\2023\Ordinance No. 0205-23.md,45,False
5507,0205-23,section_4,2023,Ordinance No. 0205-23 (2).pdf,Thesis_Obsidian\Ordinances\2023\Ordinance No. 0205-23.md,128,False
5508,0205-23,section_5,2023,Ordinance No. 0205-23 (2).pdf,Thesis_Obsidian\Ordinances\2023\Ordinance No. 0205-23.md,-1,True
5509,0206-23,section_1,2023,Ordinance No. 0206-23 MOU creation PIAC (2).pdf,Thesis_Obsidian\Ordinances\2023\Ordinance No. 0206-23.md,184,False
5510,0206-23,section_2,2023,Ordinance No. 0206-23 MOU creation PIAC (2).pdf,Thesis_Obsidian\Ordinances\2023\Ordinance No. 0206-23.md,101,False
5511,0206-23,section_3,2023,Ordinance No. 0206-23 MOU creation PIAC (2).pdf,Thesis_Obsidian\Ordinances\2023\Ordinance No. 0206-23.md,41,False
5512,0206-23,section_5,2023,Ordinance No. 0206-23 MOU creation PIAC (2).pdf,Thesis_Obsidian\Ordinances\2023\Ordinance No. 0206-23.md,19,False
5513,0207-23,section_2,2023,Ordinance No. 0207-23 (2).pdf,Thesis_Obsidian\Ordinances\2023\Ordinance No. 0207-23.md,136,False
5514,0207-23,section_22,2023,Ordinance No. 0207-23 (2).pdf,Thesis_Obsidian\Ordinances\2023\Ordinance No. 0207-23.md,249,False
5515,0207-23,section_455,2023,Ordinance No. 0207-23 (2).pdf,Thesis_Obsidian\Ordinances\2023\Ordinance No. 0207-23.md,-1,True
5516,0207-23,section_5,2023,Ordinance No. 0207-23 (2).pdf,Thesis_Obsidian\Ordinances\2023\Ordinance No. 0207-23.md,98,False
5517,0209-23,section_1,2023,Ordinance No. 0209-23 (2).pdf,Thesis_Obsidian\Ordinances\2023\Ordinance No. 0209-23.md,31,False
5518,0209-23,section_2,2023,Ordinance No. 0209-23 (2).pdf,Thesis_Obsidian\Ordinances\2023\Ordinance No. 0209-23.md,32,False
5519,0209-23,section_455,2023,Ordinance No. 0209-23 (2).pdf,Thesis_Obsidian\Ordinances\2023\Ordinance No. 0209-23.md,100,False
5520,0209-23,section_3,2023,Ordinance No. 0209-23 (2).pdf,Thesis_Obsidian\Ordinances\2023\Ordinance No. 0209-23.md,31,False
5521,0209-23,section_4,2023,Ordinance No. 0209-23 (2).pdf,Thesis_Obsidian\Ordinances\2023\Ordinance No. 0209-23.md,16,False
5522,0209-23,section_5,2023,Ordinance No. 0209-23 (2).pdf,Thesis_Obsidian\Ordinances\2023\Ordinance No. 0209-23.md,174,False
5523,0211-23,section_1,2023,Ordinance No. 0211-23 (2).pdf,Thesis_Obsidian\Ordinances\2023\Ordinance No. 0211-23.md,31,False
5524,0211-23,section_2,2023,Ordinance No. 0211-23 (2).pdf,Thesis_Obsidian\Ordinances\2023\Ordinance No. 0211-23.md,90,False
5525,0211-23,section_16,2023,Ordinance No. 0211-23 (2).pdf,Thesis_Obsidian\Ordinances\2023\Ordinance No. 0211-23.md,79,False
5526,0211-23,section_3,2023,Ordinance No. 0211-23 (2).pdf,Thesis_Obsidian\Ordinances\2023\Ordinance No. 0211-23.md,31,False
5527,0211-23,section_4,2023,Ordinance No. 0211-23 (2).pdf,Thesis_Obsidian\Ordinances\2023\Ordinance No. 0211-23.md,39,False
5528,0211-23,section_5,2023,Ordinance No. 0211-23 (2).pdf,Thesis_Obsidian\Ordinances\2023\Ordinance No. 0211-23.md,174,False
5529,0213-23,section_1,2023,Ordinance No. 0213-23 (2).pdf,Thesis_Obsidian\Ordinances\2023\Ordinance No. 0213-23.md,31,False
5530,0213-23,section_2,2023,Ordinance No. 0213-23 (2).pdf,Thesis_Obsidian\Ordinances\2023\Ordinance No. 0213-23.md,79,False
5531,0213-23,section_5,2023,Ordinance No. 0213-23 (2).pdf,Thesis_Obsidian\Ordinances\2023\Ordinance No. 0213-23.md,174,False
5532,0214-23,section_1,2023,Ordinance No. 0214-23 (2).pdf,Thesis_Obsidian\Ordinances\2023\Ordinance No. 0214-23.md,26,False
5533,0214-23,section_2,2023,Ordinance No. 0214-23 (2).pdf,Thesis_Obsidian\Ordinances\2023\Ordinance No. 0214-23.md,70,False
5534,0214-23,section_3,2023,Ordinance No. 0214-23 (2).pdf,Thesis_Obsidian\Ordinances\2023\Ordinance No. 0214-23.md,40,False
5535,0214-23,section_5,2023,Ordinance No. 0214-23 (2).pdf,Thesis_Obsidian\Ordinances\2023\Ordinance No. 0214-23.md,103,False
5536,0214-23,section_6,2023,Ordinance No. 0214-23 (2).pdf,Thesis_Obsidian\Ordinances\2023\Ordinance No. 0214-23.md,157,False
5537,0214-23,section_7,2023,Ordinance No. 0214-23 (2).pdf,Thesis_Obsidian\Ordinances\2023\Ordinance No. 0214-23.md,97,False
5538,0215-23,section_4,2023,Ordinance No. 0215-23 (2).pdf,Thesis_Obsidian\Ordinances\2023\Ordinance No. 0215-23.md,75,False
5539,0215-23,section_5,2023,Ordinance No. 0215-23 (2).pdf,Thesis_Obsidian\Ordinances\2023\Ordinance No. 0215-23.md,-1,True
5540,0216-23,section_1,2023,Ordinance No. 0216-23 BFP Purchase Motor Vehicle (2).pdf,Thesis_Obsidian\Ordinances\2023\Ordinance No. 0216-23.md,193,False
5541,0216-23,section_2,2023,Ordinance No. 0216-23 BFP Purchase Motor Vehicle (2).pdf,Thesis_Obsidian\Ordinances\2023\Ordinance No. 0216-23.md,121,False
5542,0216-23,section_4,2023,Ordinance No. 0216-23 BFP Purchase Motor Vehicle (2).pdf,Thesis_Obsidian\Ordinances\2023\Ordinance No. 0216-23.md,70,False
5543,0216-23,section_5,2023,Ordinance No. 0216-23 BFP Purchase Motor Vehicle (2).pdf,Thesis_Obsidian\Ordinances\2023\Ordinance No. 0216-23.md,53,False
5544,0217-23,section_1,2023,Ordinance No. 0217-23 (2).pdf,Thesis_Obsidian\Ordinances\2023\Ordinance No. 0217-23.md,46,False
5545,0217-23,section_2,2023,Ordinance No. 0217-23 (2).pdf,Thesis_Obsidian\Ordinances\2023\Ordinance No. 0217-23.md,33,False
5546,0217-23,section_3,2023,Ordinance No. 0217-23 (2).pdf,Thesis_Obsidian\Ordinances\2023\Ordinance No. 0217-23.md,41,False
5547,0217-23,section_5,2023,Ordinance No. 0217-23 (2).pdf,Thesis_Obsidian\Ordinances\2023\Ordinance No. 0217-23.md,98,False
5548,0218-23,section_1,2023,Ordinance No. 0218-23 (2).pdf,Thesis_Obsidian\Ordinances\2023\Ordinance No. 0218-23.md,46,False
5549,0218-23,section_2,2023,Ordinance No. 0218-23 (2).pdf,Thesis_Obsidian\Ordinances\2023\Ordinance No. 0218-23.md,33,False
5550,0218-23,section_3,2023,Ordinance No. 0218-23 (2).pdf,Thesis_Obsidian\Ordinances\2023\Ordinance No. 0218-23.md,63,False
5551,0218-23,section_4,2023,Ordinance No. 0218-23 (2).pdf,Thesis_Obsidian\Ordinances\2023\Ordinance No. 0218-23.md,10,False
5552,0218-23,section_5,2023,Ordinance No. 0218-23 (2).pdf,Thesis_Obsidian\Ordinances\2023\Ordinance No. 0218-23.md,98,False
5553,0219-23,section_1,2023,Ordinance No. 0219-23 (2).pdf,Thesis_Obsidian\Ordinances\2023\Ordinance No. 0219-23.md,59,False
5554,0219-23,section_455,2023,Ordinance No. 0219-23 (2).pdf,Thesis_Obsidian\Ordinances\2023\Ordinance No. 0219-23.md,-1,True
5555,0219-23,section_22,2023,Ordinance No. 0219-23 (2).pdf,Thesis_Obsidian\Ordinances\2023\Ordinance No. 0219-23.md,-1,True
5556,0219-23,section_4,2023,Ordinance No. 0219-23 (2).pdf,Thesis_Obsidian\Ordinances\2023\Ordinance No. 0219-23.md,39,False
5557,0219-23,section_5,2023,Ordinance No. 0219-23 (2).pdf,Thesis_Obsidian\Ordinances\2023\Ordinance No. 0219-23.md,19,False
5558,0220-23,section_1,2023,Ordinance No. 0220-23 (2).pdf,Thesis_Obsidian\Ordinances\2023\Ordinance No. 0220-23.md,11,False
5559,0220-23,section_2,2023,Ordinance No. 0220-23 (2).pdf,Thesis_Obsidian\Ordinances\2023\Ordinance No. 0220-23.md,122,False
5560,0220-23,section_3,2023,Ordinance No. 0220-23 (2).pdf,Thesis_Obsidian\Ordinances\2023\Ordinance No. 0220-23.md,137,False
5561,0220-23,section_4,2023,Ordinance No. 0220-23 (2).pdf,Thesis_Obsidian\Ordinances\2023\Ordinance No. 0220-23.md,234,False
5562,0220-23,section_5,2023,Ordinance No. 0220-23 (2).pdf,Thesis_Obsidian\Ordinances\2023\Ordinance No. 0220-23.md,75,False
5563,0220-23,section_6,2023,Ordinance No. 0220-23 (2).pdf,Thesis_Obsidian\Ordinances\2023\Ordinance No. 0220-23.md,166,False
5564,0221-23,section_2,2023,Ordinance No. 0221-23 MOU DSWD-RSCC (2).pdf,Thesis_Obsidian\Ordinances\2023\Ordinance No. 0221-23.md,101,False
5565,0221-23,section_4,2023,Ordinance No. 0221-23 MOU DSWD-RSCC (2).pdf,Thesis_Obsidian\Ordinances\2023\Ordinance No. 0221-23.md,156,False
5566,0221-23,section_5,2023,Ordinance No. 0221-23 MOU DSWD-RSCC (2).pdf,Thesis_Obsidian\Ordinances\2023\Ordinance No. 0221-23.md,19,False
5567,0223-23,section_1,2023,Ordinance No. 0223-23 MOA Phil. Mental Health (2).pdf,Thesis_Obsidian\Ordinances\2023\Ordinance No. 0223-23.md,-1,True
5568,0223-23,section_2,2023,Ordinance No. 0223-23 MOA Phil. Mental Health (2).pdf,Thesis_Obsidian\Ordinances\2023\Ordinance No. 0223-23.md,136,False
5569,0223-23,section_455,2023,Ordinance No. 0223-23 MOA Phil. Mental Health (2).pdf,Thesis_Obsidian\Ordinances\2023\Ordinance No. 0223-23.md,113,False
5570,0223-23,section_3,2023,Ordinance No. 0223-23 MOA Phil. Mental Health (2).pdf,Thesis_Obsidian\Ordinances\2023\Ordinance No. 0223-23.md,41,False
5571,0223-23,section_5,2023,Ordinance No. 0223-23 MOA Phil. Mental Health (2).pdf,Thesis_Obsidian\Ordinances\2023\Ordinance No. 0223-23.md,19,False
5572,0225-23,section_1,2023,Ordinance No. 0225-23 (2).pdf,Thesis_Obsidian\Ordinances\2023\Ordinance No. 0225-23.md,80,False
5573,0225-23,section_2,2023,Ordinance No. 0225-23 (2).pdf,Thesis_Obsidian\Ordinances\2023\Ordinance No. 0225-23.md,59,False
5574,0225-23,section_3,2023,Ordinance No. 0225-23 (2).pdf,Thesis_Obsidian\Ordinances\2023\Ordinance No. 0225-23.md,205,False
5575,0225-23,section_5,2023,Ordinance No. 0225-23 (2).pdf,Thesis_Obsidian\Ordinances\2023\Ordinance No. 0225-23.md,82,False
5576,0226-23,section_2,2023,Ordinance No. 0226-23 (2).pdf,Thesis_Obsidian\Ordinances\2023\Ordinance No. 0226-23.md,13,False
5577,0226-23,section_4,2023,Ordinance No. 0226-23 (2).pdf,Thesis_Obsidian\Ordinances\2023\Ordinance No. 0226-23.md,151,False
5578,0226-23,section_5,2023,Ordinance No. 0226-23 (2).pdf,Thesis_Obsidian\Ordinances\2023\Ordinance No. 0226-23.md,105,False
5579,0227-23,section_1,2023,Ordinance No. 0227-23 (2).pdf,Thesis_Obsidian\Ordinances\2023\Ordinance No. 0227-23.md,105,False
5580,0227-23,section_2,2023,Ordinance No. 0227-23 (2).pdf,Thesis_Obsidian\Ordinances\2023\Ordinance No. 0227-23.md,13,False
5581,0227-23,section_5,2023,Ordinance No. 0227-23 (2).pdf,Thesis_Obsidian\Ordinances\2023\Ordinance No. 0227-23.md,105,False
5582,0228-23,section_2,2023,Ordinance No. 0228-23 (2).pdf,Thesis_Obsidian\Ordinances\2023\Ordinance No. 0228-23.md,-1,True
5583,0228-23,section_4,2023,Ordinance No. 0228-23 (2).pdf,Thesis_Obsidian\Ordinances\2023\Ordinance No. 0228-23.md,154,False
5584,0228-23,section_5,2023,Ordinance No. 0228-23 (2).pdf,Thesis_Obsidian\Ordinances\2023\Ordinance No. 0228-23.md,82,False
5585,0229-23,section_1,2023,Ordinance No. 0229-23 (2).pdf,Thesis_Obsidian\Ordinances\2023\Ordinance No. 0229-23.md,31,False
5586,0229-23,section_2,2023,Ordinance No. 0229-23 (2).pdf,Thesis_Obsidian\Ordinances\2023\Ordinance No. 0229-23.md,90,False
5587,0229-23,section_16,2023,Ordinance No. 0229-23 (2).pdf,Thesis_Obsidian\Ordinances\2023\Ordinance No. 0229-23.md,32,False
5588,0229-23,section_455,2023,Ordinance No. 0229-23 (2).pdf,Thesis_Obsidian\Ordinances\2023\Ordinance No. 0229-23.md,100,False
5589,0229-23,section_3,2023,Ordinance No. 0229-23 (2).pdf,Thesis_Obsidian\Ordinances\2023\Ordinance No. 0229-23.md,31,False
5590,0229-23,section_6,2023,Ordinance No. 0229-23 (2).pdf,Thesis_Obsidian\Ordinances\2023\Ordinance No. 0229-23.md,263,False
5591,0229-23,section_7,2023,Ordinance No. 0229-23 (2).pdf,Thesis_Obsidian\Ordinances\2023\Ordinance No. 0229-23.md,174,False
5592,0230-23,section_1,2023,Ordinance No. 0230-23 (2).pdf,Thesis_Obsidian\Ordinances\2023\Ordinance No. 0230-23.md,84,False
5593,0230-23,section_2,2023,Ordinance No. 0230-23 (2).pdf,Thesis_Obsidian\Ordinances\2023\Ordinance No. 0230-23.md,32,False
5594,0230-23,section_455,2023,Ordinance No. 0230-23 (2).pdf,Thesis_Obsidian\Ordinances\2023\Ordinance No. 0230-23.md,100,False
5595,0230-23,section_4,2023,Ordinance No. 0230-23 (2).pdf,Thesis_Obsidian\Ordinances\2023\Ordinance No. 0230-23.md,154,False
5596,0230-23,section_5,2023,Ordinance No. 0230-23 (2).pdf,Thesis_Obsidian\Ordinances\2023\Ordinance No. 0230-23.md,97,False
5597,0231-23,section_2,2023,Ordinance No. 0231-23 (2).pdf,Thesis_Obsidian\Ordinances\2023\Ordinance No. 0231-23.md,32,False
5598,0231-23,section_455,2023,Ordinance No. 0231-23 (2).pdf,Thesis_Obsidian\Ordinances\2023\Ordinance No. 0231-23.md,100,False
5599,0231-23,section_4,2023,Ordinance No. 0231-23 (2).pdf,Thesis_Obsidian\Ordinances\2023\Ordinance No. 0231-23.md,174,False
5600,0232-23,section_1,2023,Ordinance No. 0232-23 (2).pdf,Thesis_Obsidian\Ordinances\2023\Ordinance No. 0232-23.md,241,False
5601,0232-23,section_2,2023,Ordinance No. 0232-23 (2).pdf,Thesis_Obsidian\Ordinances\2023\Ordinance No. 0232-23.md,113,False
5602,0232-23,section_4,2023,Ordinance No. 0232-23 (2).pdf,Thesis_Obsidian\Ordinances\2023\Ordinance No. 0232-23.md,74,False
5603,0232-23,section_5,2023,Ordinance No. 0232-23 (2).pdf,Thesis_Obsidian\Ordinances\2023\Ordinance No. 0232-23.md,19,False
5604,0233-23,section_3,2023,Ordinance No. 0233-23 Renewal MOA Assumption College (2).pdf,Thesis_Obsidian\Ordinances\2023\Ordinance No. 0233-23.md,-1,True
5605,0235-23,section_3,2023,Ordinance No. 0235-23 (2).pdf,Thesis_Obsidian\Ordinances\2023\Ordinance No. 0235-23.md,257,False
5606,0235-23,section_6,2023,Ordinance No. 0235-23 (2).pdf,Thesis_Obsidian\Ordinances\2023\Ordinance No. 0235-23.md,152,False
5607,0235-23,section_7,2023,Ordinance No. 0235-23 (2).pdf,Thesis_Obsidian\Ordinances\2023\Ordinance No. 0235-23.md,-1,True
5608,0237-23,section_1,2023,Ordinance No. 0237-23 (2).pdf,Thesis_Obsidian\Ordinances\2023\Ordinance No. 0237-23.md,43,False
5609,0237-23,section_2,2023,Ordinance No. 0237-23 (2).pdf,Thesis_Obsidian\Ordinances\2023\Ordinance No. 0237-23.md,33,False
5610,0237-23,section_3,2023,Ordinance No. 0237-23 (2).pdf,Thesis_Obsidian\Ordinances\2023\Ordinance No. 0237-23.md,7,False
5611,0237-23,section_4,2023,Ordinance No. 0237-23 (2).pdf,Thesis_Obsidian\Ordinances\2023\Ordinance No. 0237-23.md,3,False
5612,0237-23,section_5,2023,Ordinance No. 0237-23 (2).pdf,Thesis_Obsidian\Ordinances\2023\Ordinance No. 0237-23.md,19,False
5613,0238-23,section_1,2023,Ordinance No. 0238-23 (2).pdf,Thesis_Obsidian\Ordinances\2023\Ordinance No. 0238-23.md,172,False
5614,0238-23,section_2,2023,Ordinance No. 0238-23 (2).pdf,Thesis_Obsidian\Ordinances\2023\Ordinance No. 0238-23.md,59,False
5615,0238-23,section_455,2023,Ordinance No. 0238-23 (2).pdf,Thesis_Obsidian\Ordinances\2023\Ordinance No. 0238-23.md,-1,True
5616,0238-23,section_22,2023,Ordinance No. 0238-23 (2).pdf,Thesis_Obsidian\Ordinances\2023\Ordinance No. 0238-23.md,-1,True
5617,0238-23,section_4,2023,Ordinance No. 0238-23 (2).pdf,Thesis_Obsidian\Ordinances\2023\Ordinance No. 0238-23.md,263,False
5618,0238-23,section_5,2023,Ordinance No. 0238-23 (2).pdf,Thesis_Obsidian\Ordinances\2023\Ordinance No. 0238-23.md,19,False
5619,0241-23,section_2,2023,Ordinance No. 0241-23 (2).pdf,Thesis_Obsidian\Ordinances\2023\Ordinance No. 0241-23.md,37,False
5620,0241-23,section_5,2023,Ordinance No. 0241-23 (2).pdf,Thesis_Obsidian\Ordinances\2023\Ordinance No. 0241-23.md,8,False
5621,0243-23,section_1,2023,Ordinance No. 0243-23 (2).pdf,Thesis_Obsidian\Ordinances\2023\Ordinance No. 0243-23.md,241,False
5622,0243-23,section_2,2023,Ordinance No. 0243-23 (2).pdf,Thesis_Obsidian\Ordinances\2023\Ordinance No. 0243-23.md,112,False
5623,0243-23,section_455,2023,Ordinance No. 0243-23 (2).pdf,Thesis_Obsidian\Ordinances\2023\Ordinance No. 0243-23.md,196,False
5624,0243-23,section_16,2023,Ordinance No. 0243-23 (2).pdf,Thesis_Obsidian\Ordinances\2023\Ordinance No. 0243-23.md,176,False
5625,0243-23,section_3,2023,Ordinance No. 0243-23 (2).pdf,Thesis_Obsidian\Ordinances\2023\Ordinance No. 0243-23.md,-1,True
5626,0246-23,section_1,2023,Ordinance No. 0246-23 Preemptive and Emergency Evacuation (2).pdf,Thesis_Obsidian\Ordinances\2023\Ordinance No. 0246-23.md,26,False
5627,0246-23,section_2,2023,Ordinance No. 0246-23 Preemptive and Emergency Evacuation (2).pdf,Thesis_Obsidian\Ordinances\2023\Ordinance No. 0246-23.md,247,False
5628,0246-23,section_3,2023,Ordinance No. 0246-23 Preemptive and Emergency Evacuation (2).pdf,Thesis_Obsidian\Ordinances\2023\Ordinance No. 0246-23.md,-1,True
5629,0246-23,section_4,2023,Ordinance No. 0246-23 Preemptive and Emergency Evacuation (2).pdf,Thesis_Obsidian\Ordinances\2023\Ordinance No. 0246-23.md,247,False
5630,0246-23,section_5,2023,Ordinance No. 0246-23 Preemptive and Emergency Evacuation (2).pdf,Thesis_Obsidian\Ordinances\2023\Ordinance No. 0246-23.md,-1,True
5631,0246-23,section_7,2023,Ordinance No. 0246-23 Preemptive and Emergency Evacuation (2).pdf,Thesis_Obsidian\Ordinances\2023\Ordinance No. 0246-23.md,-1,True
5632,0246-23,section_8,2023,Ordinance No. 0246-23 Preemptive and Emergency Evacuation (2).pdf,Thesis_Obsidian\Ordinances\2023\Ordinance No. 0246-23.md,-1,True
5633,0246-23,section_9,2023,Ordinance No. 0246-23 Preemptive and Emergency Evacuation (2).pdf,Thesis_Obsidian\Ordinances\2023\Ordinance No. 0246-23.md,142,False
5634,0246-23,section_10,2023,Ordinance No. 0246-23 Preemptive and Emergency Evacuation (2).pdf,Thesis_Obsidian\Ordinances\2023\Ordinance No. 0246-23.md,221,False
5635,0246-23,section_11,2023,Ordinance No. 0246-23 Preemptive and Emergency Evacuation (2).pdf,Thesis_Obsidian\Ordinances\2023\Ordinance No. 0246-23.md,6,False
5636,0246-23,section_12,2023,Ordinance No. 0246-23 Preemptive and Emergency Evacuation (2).pdf,Thesis_Obsidian\Ordinances\2023\Ordinance No. 0246-23.md,-1,True
5637,0246-23,section_13,2023,Ordinance No. 0246-23 Preemptive and Emergency Evacuation (2).pdf,Thesis_Obsidian\Ordinances\2023\Ordinance No. 0246-23.md,14,False
5638,0246-23,section_14,2023,Ordinance No. 0246-23 Preemptive and Emergency Evacuation (2).pdf,Thesis_Obsidian\Ordinances\2023\Ordinance No. 0246-23.md,155,False
5639,0246-23,section_15,2023,Ordinance No. 0246-23 Preemptive and Emergency Evacuation (2).pdf,Thesis_Obsidian\Ordinances\2023\Ordinance No. 0246-23.md,247,False
5640,0246-23,section_16,2023,Ordinance No. 0246-23 Preemptive and Emergency Evacuation (2).pdf,Thesis_Obsidian\Ordinances\2023\Ordinance No. 0246-23.md,-1,True
5641,0246-23,section_17,2023,Ordinance No. 0246-23 Preemptive and Emergency Evacuation (2).pdf,Thesis_Obsidian\Ordinances\2023\Ordinance No. 0246-23.md,-1,True
5642,0246-23,section_18,2023,Ordinance No. 0246-23 Preemptive and Emergency Evacuation (2).pdf,Thesis_Obsidian\Ordinances\2023\Ordinance No. 0246-23.md,103,False
5643,0246-23,section_19,2023,Ordinance No. 0246-23 Preemptive and Emergency Evacuation (2).pdf,Thesis_Obsidian\Ordinances\2023\Ordinance No. 0246-23.md,263,False
5644,0246-23,section_20,2023,Ordinance No. 0246-23 Preemptive and Emergency Evacuation (2).pdf,Thesis_Obsidian\Ordinances\2023\Ordinance No. 0246-23.md,54,False
5645,0247-23,section_1,2023,Ordinance No. 0247-23 (2).pdf,Thesis_Obsidian\Ordinances\2023\Ordinance No. 0247-23.md,184,False
5646,0247-23,section_2,2023,Ordinance No. 0247-23 (2).pdf,Thesis_Obsidian\Ordinances\2023\Ordinance No. 0247-23.md,113,False
5647,0247-23,section_3,2023,Ordinance No. 0247-23 (2).pdf,Thesis_Obsidian\Ordinances\2023\Ordinance No. 0247-23.md,123,False
5648,0247-23,section_4,2023,Ordinance No. 0247-23 (2).pdf,Thesis_Obsidian\Ordinances\2023\Ordinance No. 0247-23.md,3,False
5649,0247-23,section_5,2023,Ordinance No. 0247-23 (2).pdf,Thesis_Obsidian\Ordinances\2023\Ordinance No. 0247-23.md,19,False
5650,0248-23,section_1,2023,Ordinance No. 0248-23 (2).pdf,Thesis_Obsidian\Ordinances\2023\Ordinance No. 0248-23.md,140,False
5651,0248-23,section_2,2023,Ordinance No. 0248-23 (2).pdf,Thesis_Obsidian\Ordinances\2023\Ordinance No. 0248-23.md,89,False
5652,0248-23,section_16,2023,Ordinance No. 0248-23 (2).pdf,Thesis_Obsidian\Ordinances\2023\Ordinance No. 0248-23.md,45,False
5653,0248-23,section_3,2023,Ordinance No. 0248-23 (2).pdf,Thesis_Obsidian\Ordinances\2023\Ordinance No. 0248-23.md,140,False
5654,0248-23,section_4,2023,Ordinance No. 0248-23 (2).pdf,Thesis_Obsidian\Ordinances\2023\Ordinance No. 0248-23.md,-1,True
5655,0249-23,section_1,2023,Ordinance No. 0249-23 DOU DCWD CEO Bldg. (2).pdf,Thesis_Obsidian\Ordinances\2023\Ordinance No. 0249-23.md,46,False
5656,0249-23,section_2,2023,Ordinance No. 0249-23 DOU DCWD CEO Bldg. (2).pdf,Thesis_Obsidian\Ordinances\2023\Ordinance No. 0249-23.md,129,False
5657,0249-23,section_16,2023,Ordinance No. 0249-23 DOU DCWD CEO Bldg. (2).pdf,Thesis_Obsidian\Ordinances\2023\Ordinance No. 0249-23.md,45,False
5658,0249-23,section_4,2023,Ordinance No. 0249-23 DOU DCWD CEO Bldg. (2).pdf,Thesis_Obsidian\Ordinances\2023\Ordinance No. 0249-23.md,152,False
5659,0249-23,section_5,2023,Ordinance No. 0249-23 DOU DCWD CEO Bldg. (2).pdf,Thesis_Obsidian\Ordinances\2023\Ordinance No. 0249-23.md,-1,True
5660,0251-23,section_1,2023,Ordinance No. 0251-23 (2).pdf,Thesis_Obsidian\Ordinances\2023\Ordinance No. 0251-23.md,84,False
5661,0251-23,section_2,2023,Ordinance No. 0251-23 (2).pdf,Thesis_Obsidian\Ordinances\2023\Ordinance No. 0251-23.md,79,False
5662,0251-23,section_3,2023,Ordinance No. 0251-23 (2).pdf,Thesis_Obsidian\Ordinances\2023\Ordinance No. 0251-23.md,84,False
5663,0251-23,section_4,2023,Ordinance No. 0251-23 (2).pdf,Thesis_Obsidian\Ordinances\2023\Ordinance No. 0251-23.md,154,False
5664,0251-23,section_5,2023,Ordinance No. 0251-23 (2).pdf,Thesis_Obsidian\Ordinances\2023\Ordinance No. 0251-23.md,82,False
5665,0252-23,section_1,2023,Ordinance No. 0252-23 (2).pdf,Thesis_Obsidian\Ordinances\2023\Ordinance No. 0252-23.md,31,False
5666,0252-23,section_2,2023,Ordinance No. 0252-23 (2).pdf,Thesis_Obsidian\Ordinances\2023\Ordinance No. 0252-23.md,79,False
5667,0252-23,section_3,2023,Ordinance No. 0252-23 (2).pdf,Thesis_Obsidian\Ordinances\2023\Ordinance No. 0252-23.md,31,False
5668,0252-23,section_5,2023,Ordinance No. 0252-23 (2).pdf,Thesis_Obsidian\Ordinances\2023\Ordinance No. 0252-23.md,174,False
5669,0253-23,section_3,2023,Ordinance No. 0253-23 (2).pdf,Thesis_Obsidian\Ordinances\2023\Ordinance No. 0253-23.md,31,False
5670,0253-23,section_5,2023,Ordinance No. 0253-23 (2).pdf,Thesis_Obsidian\Ordinances\2023\Ordinance No. 0253-23.md,174,False
5671,0254-23,section_2,2023,Ordinance No. 0254-23 (2).pdf,Thesis_Obsidian\Ordinances\2023\Ordinance No. 0254-23.md,79,False
5672,0254-23,section_3,2023,Ordinance No. 0254-23 (2).pdf,Thesis_Obsidian\Ordinances\2023\Ordinance No. 0254-23.md,31,False
5673,0254-23,section_5,2023,Ordinance No. 0254-23 (2).pdf,Thesis_Obsidian\Ordinances\2023\Ordinance No. 0254-23.md,174,False
5674,0255-23,section_1,2023,"Ordinance No. 0255-23 Deed of Sale, B. Pesidas (2).pdf",Thesis_Obsidian\Ordinances\2023\Ordinance No. 0255-23.md,31,False
5675,0255-23,section_2,2023,"Ordinance No. 0255-23 Deed of Sale, B. Pesidas (2).pdf",Thesis_Obsidian\Ordinances\2023\Ordinance No. 0255-23.md,79,False
5676,0255-23,section_3,2023,"Ordinance No. 0255-23 Deed of Sale, B. Pesidas (2).pdf",Thesis_Obsidian\Ordinances\2023\Ordinance No. 0255-23.md,31,False
5677,0255-23,section_4,2023,"Ordinance No. 0255-23 Deed of Sale, B. Pesidas (2).pdf",Thesis_Obsidian\Ordinances\2023\Ordinance No. 0255-23.md,174,False
5678,0256-23,section_1,2023,Ordinance No. 0256-23 Renewal of Contract of Lease MDDC (2).pdf,Thesis_Obsidian\Ordinances\2023\Ordinance No. 0256-23.md,199,False
5679,0256-23,section_22,2023,Ordinance No. 0256-23 Renewal of Contract of Lease MDDC (2).pdf,Thesis_Obsidian\Ordinances\2023\Ordinance No. 0256-23.md,-1,True
5680,0256-23,section_455,2023,Ordinance No. 0256-23 Renewal of Contract of Lease MDDC (2).pdf,Thesis_Obsidian\Ordinances\2023\Ordinance No. 0256-23.md,85,False
5681,0256-23,section_4,2023,Ordinance No. 0256-23 Renewal of Contract of Lease MDDC (2).pdf,Thesis_Obsidian\Ordinances\2023\Ordinance No. 0256-23.md,39,False
5682,0256-23,section_5,2023,Ordinance No. 0256-23 Renewal of Contract of Lease MDDC (2).pdf,Thesis_Obsidian\Ordinances\2023\Ordinance No. 0256-23.md,-1,True
5683,0257-23,section_2,2023,Ordinance No. 0257-23 Renewal Contract of Lease Davao Development Corp. (2).pdf,Thesis_Obsidian\Ordinances\2023\Ordinance No. 0257-23.md,64,False
5684,0257-23,section_22,2023,Ordinance No. 0257-23 Renewal Contract of Lease Davao Development Corp. (2).pdf,Thesis_Obsidian\Ordinances\2023\Ordinance No. 0257-23.md,92,False
5685,0257-23,section_455,2023,Ordinance No. 0257-23 Renewal Contract of Lease Davao Development Corp. (2).pdf,Thesis_Obsidian\Ordinances\2023\Ordinance No. 0257-23.md,85,False
5686,0257-23,section_3,2023,Ordinance No. 0257-23 Renewal Contract of Lease Davao Development Corp. (2).pdf,Thesis_Obsidian\Ordinances\2023\Ordinance No. 0257-23.md,199,False
5687,0257-23,section_4,2023,Ordinance No. 0257-23 Renewal Contract of Lease Davao Development Corp. (2).pdf,Thesis_Obsidian\Ordinances\2023\Ordinance No. 0257-23.md,154,False
5688,0257-23,section_5,2023,Ordinance No. 0257-23 Renewal Contract of Lease Davao Development Corp. (2).pdf,Thesis_Obsidian\Ordinances\2023\Ordinance No. 0257-23.md,-1,True
5689,0258-23,section_1,2023,Ordinance No. 0258-23 Data Privacy Ordinance (2).pdf,Thesis_Obsidian\Ordinances\2023\Ordinance No. 0258-23.md,30,False
5690,0258-23,section_4,2023,Ordinance No. 0258-23 Data Privacy Ordinance (2).pdf,Thesis_Obsidian\Ordinances\2023\Ordinance No. 0258-23.md,182,False
5691,0258-23,section_6,2023,Ordinance No. 0258-23 Data Privacy Ordinance (2).pdf,Thesis_Obsidian\Ordinances\2023\Ordinance No. 0258-23.md,-1,True
5692,0258-23,section_7,2023,Ordinance No. 0258-23 Data Privacy Ordinance (2).pdf,Thesis_Obsidian\Ordinances\2023\Ordinance No. 0258-23.md,30,False
5693,0258-23,section_8,2023,Ordinance No. 0258-23 Data Privacy Ordinance (2).pdf,Thesis_Obsidian\Ordinances\2023\Ordinance No. 0258-23.md,-1,True
5694,0258-23,section_9,2023,Ordinance No. 0258-23 Data Privacy Ordinance (2).pdf,Thesis_Obsidian\Ordinances\2023\Ordinance No. 0258-23.md,-1,True
5695,0259-23,section_1,2023,Ordinance No. 0259-23 (2).pdf,Thesis_Obsidian\Ordinances\2023\Ordinance No. 0259-23.md,144,False
5696,0259-23,section_3,2023,Ordinance No. 0259-23 (2).pdf,Thesis_Obsidian\Ordinances\2023\Ordinance No. 0259-23.md,269,False
5697,0260-23,section_1,2023,Ordinance No. 0260-23 (2).pdf,Thesis_Obsidian\Ordinances\2023\Ordinance No. 0260-23.md,269,False
5698,0261-23,section_1,2023,Ordinance No. 0261-23 (2).pdf,Thesis_Obsidian\Ordinances\2023\Ordinance No. 0261-23.md,241,False
5699,0261-23,section_2,2023,Ordinance No. 0261-23 (2).pdf,Thesis_Obsidian\Ordinances\2023\Ordinance No. 0261-23.md,238,False
5700,0261-23,section_3,2023,Ordinance No. 0261-23 (2).pdf,Thesis_Obsidian\Ordinances\2023\Ordinance No. 0261-23.md,269,False
5701,0262-23,section_1,2023,Ordinance No. 0262-23 (2).pdf,Thesis_Obsidian\Ordinances\2023\Ordinance No. 0262-23.md,26,False
5702,0262-23,section_2,2023,Ordinance No. 0262-23 (2).pdf,Thesis_Obsidian\Ordinances\2023\Ordinance No. 0262-23.md,34,False
5703,0262-23,section_5,2023,Ordinance No. 0262-23 (2).pdf,Thesis_Obsidian\Ordinances\2023\Ordinance No. 0262-23.md,269,False
5704,0263-23,section_1,2023,Ordinance No. 0263-23 (2).pdf,Thesis_Obsidian\Ordinances\2023\Ordinance No. 0263-23.md,79,False
5705,0263-23,section_3,2023,Ordinance No. 0263-23 (2).pdf,Thesis_Obsidian\Ordinances\2023\Ordinance No. 0263-23.md,153,False
5706,0264-23,section_3,2023,Ordinance No. 0264-23 (2).pdf,Thesis_Obsidian\Ordinances\2023\Ordinance No. 0264-23.md,31,False
5707,0264-23,section_4,2023,Ordinance No. 0264-23 (2).pdf,Thesis_Obsidian\Ordinances\2023\Ordinance No. 0264-23.md,211,False
5708,0264-23,section_5,2023,Ordinance No. 0264-23 (2).pdf,Thesis_Obsidian\Ordinances\2023\Ordinance No. 0264-23.md,174,False
5709,0265-23,section_2,2023,Ordinance No. 0265-23 (2).pdf,Thesis_Obsidian\Ordinances\2023\Ordinance No. 0265-23.md,175,False
5710,0265-23,section_455,2023,Ordinance No. 0265-23 (2).pdf,Thesis_Obsidian\Ordinances\2023\Ordinance No. 0265-23.md,143,False
5711,0265-23,section_3,2023,Ordinance No. 0265-23 (2).pdf,Thesis_Obsidian\Ordinances\2023\Ordinance No. 0265-23.md,-1,True
5712,0266-23,section_1,2023,Ordinance No. 0266-23 (2).pdf,Thesis_Obsidian\Ordinances\2023\Ordinance No. 0266-23.md,172,False
5713,0266-23,section_2,2023,Ordinance No. 0266-23 (2).pdf,Thesis_Obsidian\Ordinances\2023\Ordinance No. 0266-23.md,130,False
5714,0266-23,section_3,2023,Ordinance No. 0266-23 (2).pdf,Thesis_Obsidian\Ordinances\2023\Ordinance No. 0266-23.md,-1,True
5715,0266-23,section_4,2023,Ordinance No. 0266-23 (2).pdf,Thesis_Obsidian\Ordinances\2023\Ordinance No. 0266-23.md,-1,True
5716,0267-23,section_2,2023,Ordinance No. 0267-23 (2).pdf,Thesis_Obsidian\Ordinances\2023\Ordinance No. 0267-23.md,67,False
5717,0267-23,section_3,2023,Ordinance No. 0267-23 (2).pdf,Thesis_Obsidian\Ordinances\2023\Ordinance No. 0267-23.md,60,False
5718,0267-23,section_5,2023,Ordinance No. 0267-23 (2).pdf,Thesis_Obsidian\Ordinances\2023\Ordinance No. 0267-23.md,207,False
5719,0268-23,section_1,2023,Ordinance No. 0268-23 (2).pdf,Thesis_Obsidian\Ordinances\2023\Ordinance No. 0268-23.md,15,False
5720,0268-23,section_2,2023,Ordinance No. 0268-23 (2).pdf,Thesis_Obsidian\Ordinances\2023\Ordinance No. 0268-23.md,37,False
5721,0268-23,section_3,2023,Ordinance No. 0268-23 (2).pdf,Thesis_Obsidian\Ordinances\2023\Ordinance No. 0268-23.md,-1,True
5722,0268-23,section_4,2023,Ordinance No. 0268-23 (2).pdf,Thesis_Obsidian\Ordinances\2023\Ordinance No. 0268-23.md,151,False
5723,0268-23,section_5,2023,Ordinance No. 0268-23 (2).pdf,Thesis_Obsidian\Ordinances\2023\Ordinance No. 0268-23.md,8,False
5724,0269-23,section_1,2023,Ordinance No. 0269-23 (2).pdf,Thesis_Obsidian\Ordinances\2023\Ordinance No. 0269-23.md,-1,True
5725,0269-23,section_2,2023,Ordinance No. 0269-23 (2).pdf,Thesis_Obsidian\Ordinances\2023\Ordinance No. 0269-23.md,129,False
5726,0269-23,section_16,2023,Ordinance No. 0269-23 (2).pdf,Thesis_Obsidian\Ordinances\2023\Ordinance No. 0269-23.md,45,False
5727,0269-23,section_3,2023,Ordinance No. 0269-23 (2).pdf,Thesis_Obsidian\Ordinances\2023\Ordinance No. 0269-23.md,123,False
5728,0269-23,section_4,2023,Ordinance No. 0269-23 (2).pdf,Thesis_Obsidian\Ordinances\2023\Ordinance No. 0269-23.md,231,False
5729,0269-23,section_5,2023,Ordinance No. 0269-23 (2).pdf,Thesis_Obsidian\Ordinances\2023\Ordinance No. 0269-23.md,19,False
5730,0271-23,section_1,2023,Ordinance No. 0271-23 (2).pdf,Thesis_Obsidian\Ordinances\2023\Ordinance No. 0271-23.md,-1,True
5731,0271-23,section_2,2023,Ordinance No. 0271-23 (2).pdf,Thesis_Obsidian\Ordinances\2023\Ordinance No. 0271-23.md,51,False
5732,0271-23,section_3,2023,Ordinance No. 0271-23 (2).pdf,Thesis_Obsidian\Ordinances\2023\Ordinance No. 0271-23.md,187,False
5733,0272-23,section_1,2023,Ordinance No. 0272-23 (2).pdf,Thesis_Obsidian\Ordinances\2023\Ordinance No. 0272-23.md,51,False
5734,0272-23,section_2,2023,Ordinance No. 0272-23 (2).pdf,Thesis_Obsidian\Ordinances\2023\Ordinance No. 0272-23.md,51,False
5735,0272-23,section_3,2023,Ordinance No. 0272-23 (2).pdf,Thesis_Obsidian\Ordinances\2023\Ordinance No. 0272-23.md,187,False
5736,0273-23,section_1,2023,Ordinance No. 0273-23 (2).pdf,Thesis_Obsidian\Ordinances\2023\Ordinance No. 0273-23.md,-1,True
5737,0273-23,section_2,2023,Ordinance No. 0273-23 (2).pdf,Thesis_Obsidian\Ordinances\2023\Ordinance No. 0273-23.md,113,False
5738,0273-23,section_3,2023,Ordinance No. 0273-23 (2).pdf,Thesis_Obsidian\Ordinances\2023\Ordinance No. 0273-23.md,4,False
5739,0273-23,section_4,2023,Ordinance No. 0273-23 (2).pdf,Thesis_Obsidian\Ordinances\2023\Ordinance No. 0273-23.md,169,False
5740,0273-23,section_5,2023,Ordinance No. 0273-23 (2).pdf,Thesis_Obsidian\Ordinances\2023\Ordinance No. 0273-23.md,19,False
5741,0275-23,section_1,2023,Ordinance No. 0275-23 (2).pdf,Thesis_Obsidian\Ordinances\2023\Ordinance No. 0275-23.md,117,False
5742,0275-23,section_21,2023,Ordinance No. 0275-23 (2).pdf,Thesis_Obsidian\Ordinances\2023\Ordinance No. 0275-23.md,37,False
5743,0275-23,section_3,2023,Ordinance No. 0275-23 (2).pdf,Thesis_Obsidian\Ordinances\2023\Ordinance No. 0275-23.md,171,False
5744,0275-23,section_4,2023,Ordinance No. 0275-23 (2).pdf,Thesis_Obsidian\Ordinances\2023\Ordinance No. 0275-23.md,152,False
5745,0275-23,section_5,2023,Ordinance No. 0275-23 (2).pdf,Thesis_Obsidian\Ordinances\2023\Ordinance No. 0275-23.md,198,False
5746,0276-23,section_1,2023,Ordinance No. 0276-23 (2).pdf,Thesis_Obsidian\Ordinances\2023\Ordinance No. 0276-23.md,61,False
5747,0276-23,section_2,2023,Ordinance No. 0276-23 (2).pdf,Thesis_Obsidian\Ordinances\2023\Ordinance No. 0276-23.md,89,False
5748,0276-23,section_16,2023,Ordinance No. 0276-23 (2).pdf,Thesis_Obsidian\Ordinances\2023\Ordinance No. 0276-23.md,176,False
5749,0276-23,section_5,2023,Ordinance No. 0276-23 (2).pdf,Thesis_Obsidian\Ordinances\2023\Ordinance No. 0276-23.md,207,False
5750,0277-23,section_1,2023,Ordinance No. 0277-23 (2).pdf,Thesis_Obsidian\Ordinances\2023\Ordinance No. 0277-23.md,-1,True
5751,0277-23,section_2,2023,Ordinance No. 0277-23 (2).pdf,Thesis_Obsidian\Ordinances\2023\Ordinance No. 0277-23.md,64,False
5752,0277-23,section_22,2023,Ordinance No. 0277-23 (2).pdf,Thesis_Obsidian\Ordinances\2023\Ordinance No. 0277-23.md,92,False
5753,0277-23,section_455,2023,Ordinance No. 0277-23 (2).pdf,Thesis_Obsidian\Ordinances\2023\Ordinance No. 0277-23.md,196,False
5754,0277-23,section_16,2023,Ordinance No. 0277-23 (2).pdf,Thesis_Obsidian\Ordinances\2023\Ordinance No. 0277-23.md,176,False
5755,0277-23,section_3,2023,Ordinance No. 0277-23 (2).pdf,Thesis_Obsidian\Ordinances\2023\Ordinance No. 0277-23.md,60,False
5756,0277-23,section_4,2023,Ordinance No. 0277-23 (2).pdf,Thesis_Obsidian\Ordinances\2023\Ordinance No. 0277-23.md,-1,True
5757,0278-23,section_2,2023,Ordinance No. 0278-23 (2).pdf,Thesis_Obsidian\Ordinances\2023\Ordinance No. 0278-23.md,218,False
5758,0278-23,section_3,2023,Ordinance No. 0278-23 (2).pdf,Thesis_Obsidian\Ordinances\2023\Ordinance No. 0278-23.md,23,False
5759,0278-23,section_5,2023,Ordinance No. 0278-23 (2).pdf,Thesis_Obsidian\Ordinances\2023\Ordinance No. 0278-23.md,23,False
5760,0279-23,section_1,2023,Ordinance No. 0279-23 (2).pdf,Thesis_Obsidian\Ordinances\2023\Ordinance No. 0279-23.md,-1,True
5761,0279-23,section_2,2023,Ordinance No. 0279-23 (2).pdf,Thesis_Obsidian\Ordinances\2023\Ordinance No. 0279-23.md,267,False
5762,0279-23,section_4,2023,Ordinance No. 0279-23 (2).pdf,Thesis_Obsidian\Ordinances\2023\Ordinance No. 0279-23.md,39,False
5763,0279-23,section_5,2023,Ordinance No. 0279-23 (2).pdf,Thesis_Obsidian\Ordinances\2023\Ordinance No. 0279-23.md,97,False
5764,0280-23,section_1,2023,Ordinance No. 0280-23 Malagos Slaughterhouse (2).pdf,Thesis_Obsidian\Ordinances\2023\Ordinance No. 0280-23.md,179,False
5765,0280-23,section_2,2023,Ordinance No. 0280-23 Malagos Slaughterhouse (2).pdf,Thesis_Obsidian\Ordinances\2023\Ordinance No. 0280-23.md,264,False
5766,0280-23,section_3,2023,Ordinance No. 0280-23 Malagos Slaughterhouse (2).pdf,Thesis_Obsidian\Ordinances\2023\Ordinance No. 0280-23.md,86,False
5767,0280-23,section_5,2023,Ordinance No. 0280-23 Malagos Slaughterhouse (2).pdf,Thesis_Obsidian\Ordinances\2023\Ordinance No. 0280-23.md,97,False
5768,0282-23,section_2,2023,Ordinance No. 0282-23 (2).pdf,Thesis_Obsidian\Ordinances\2023\Ordinance No. 0282-23.md,136,False
5769,0282-23,section_22,2023,Ordinance No. 0282-23 (2).pdf,Thesis_Obsidian\Ordinances\2023\Ordinance No. 0282-23.md,-1,True
5770,0282-23,section_455,2023,Ordinance No. 0282-23 (2).pdf,Thesis_Obsidian\Ordinances\2023\Ordinance No. 0282-23.md,-1,True
5771,0283-23,section_1,2023,Ordinance No. 0283-23 (2).pdf,Thesis_Obsidian\Ordinances\2023\Ordinance No. 0283-23.md,-1,True
5772,0283-23,section_2,2023,Ordinance No. 0283-23 (2).pdf,Thesis_Obsidian\Ordinances\2023\Ordinance No. 0283-23.md,101,False
5773,0283-23,section_3,2023,Ordinance No. 0283-23 (2).pdf,Thesis_Obsidian\Ordinances\2023\Ordinance No. 0283-23.md,-1,True
5774,0283-23,section_4,2023,Ordinance No. 0283-23 (2).pdf,Thesis_Obsidian\Ordinances\2023\Ordinance No. 0283-23.md,252,False
5775,0283-23,section_5,2023,Ordinance No. 0283-23 (2).pdf,Thesis_Obsidian\Ordinances\2023\Ordinance No. 0283-23.md,19,False
5776,0284-23,section_1,2023,Ordinance No. 0284-23 (2).pdf,Thesis_Obsidian\Ordinances\2023\Ordinance No. 0284-23.md,77,False
5777,0284-23,section_2,2023,Ordinance No. 0284-23 (2).pdf,Thesis_Obsidian\Ordinances\2023\Ordinance No. 0284-23.md,165,False
5778,0284-23,section_3,2023,Ordinance No. 0284-23 (2).pdf,Thesis_Obsidian\Ordinances\2023\Ordinance No. 0284-23.md,260,False
5779,0284-23,section_4,2023,Ordinance No. 0284-23 (2).pdf,Thesis_Obsidian\Ordinances\2023\Ordinance No. 0284-23.md,230,False
5780,0284-23,section_5,2023,Ordinance No. 0284-23 (2).pdf,Thesis_Obsidian\Ordinances\2023\Ordinance No. 0284-23.md,65,False
5781,0284-23,section_6,2023,Ordinance No. 0284-23 (2).pdf,Thesis_Obsidian\Ordinances\2023\Ordinance No. 0284-23.md,1,False
5782,0285-23,section_1,2023,Ordinance No. 000285-23 (2).pdf,Thesis_Obsidian\Ordinances\2023\Ordinance No. 0285-23.md,254,False
5783,0285-23,section_2,2023,Ordinance No. 000285-23 (2).pdf,Thesis_Obsidian\Ordinances\2023\Ordinance No. 0285-23.md,119,False
5784,0285-23,section_3,2023,Ordinance No. 000285-23 (2).pdf,Thesis_Obsidian\Ordinances\2023\Ordinance No. 0285-23.md,248,False
5785,0285-23,section_4,2023,Ordinance No. 000285-23 (2).pdf,Thesis_Obsidian\Ordinances\2023\Ordinance No. 0285-23.md,121,False
5786,0287-23,section_1,2023,Ordinance No. 0287-23 (2).pdf,Thesis_Obsidian\Ordinances\2023\Ordinance No. 0287-23.md,46,False
5787,0287-23,section_2,2023,Ordinance No. 0287-23 (2).pdf,Thesis_Obsidian\Ordinances\2023\Ordinance No. 0287-23.md,101,False
5788,0287-23,section_3,2023,Ordinance No. 0287-23 (2).pdf,Thesis_Obsidian\Ordinances\2023\Ordinance No. 0287-23.md,63,False
5789,0287-23,section_4,2023,Ordinance No. 0287-23 (2).pdf,Thesis_Obsidian\Ordinances\2023\Ordinance No. 0287-23.md,53,False
5790,0289-23,section_1,2023,Ordinance No. 0289-23 Granting Request of P. Bacaltos (2).pdf,Thesis_Obsidian\Ordinances\2023\Ordinance No. 0289-23.md,84,False
5791,0289-23,section_2,2023,Ordinance No. 0289-23 Granting Request of P. Bacaltos (2).pdf,Thesis_Obsidian\Ordinances\2023\Ordinance No. 0289-23.md,79,False
5792,0289-23,section_3,2023,Ordinance No. 0289-23 Granting Request of P. Bacaltos (2).pdf,Thesis_Obsidian\Ordinances\2023\Ordinance No. 0289-23.md,84,False
5793,0289-23,section_4,2023,Ordinance No. 0289-23 Granting Request of P. Bacaltos (2).pdf,Thesis_Obsidian\Ordinances\2023\Ordinance No. 0289-23.md,148,False
5794,0289-23,section_5,2023,Ordinance No. 0289-23 Granting Request of P. Bacaltos (2).pdf,Thesis_Obsidian\Ordinances\2023\Ordinance No. 0289-23.md,82,False
5795,0291-23,section_1,2023,Ordinance No. 0291-23 (2).pdf,Thesis_Obsidian\Ordinances\2023\Ordinance No. 0291-23.md,179,False
5796,0291-23,section_2,2023,Ordinance No. 0291-23 (2).pdf,Thesis_Obsidian\Ordinances\2023\Ordinance No. 0291-23.md,21,False
5797,0291-23,section_3,2023,Ordinance No. 0291-23 (2).pdf,Thesis_Obsidian\Ordinances\2023\Ordinance No. 0291-23.md,-1,True
5798,0292-23,section_2,2023,Ordinance No. 0292-23 MOA KALMAWASA Inc. (2).pdf,Thesis_Obsidian\Ordinances\2023\Ordinance No. 0292-23.md,34,False
5799,0292-23,section_4,2023,Ordinance No. 0292-23 MOA KALMAWASA Inc. (2).pdf,Thesis_Obsidian\Ordinances\2023\Ordinance No. 0292-23.md,39,False
5800,0292-23,section_5,2023,Ordinance No. 0292-23 MOA KALMAWASA Inc. (2).pdf,Thesis_Obsidian\Ordinances\2023\Ordinance No. 0292-23.md,153,False
5801,0293-23,section_1,2023,Ordinance No. 0293-23 (2).pdf,Thesis_Obsidian\Ordinances\2023\Ordinance No. 0293-23.md,137,False
5802,0293-23,section_4,2023,Ordinance No. 0293-23 (2).pdf,Thesis_Obsidian\Ordinances\2023\Ordinance No. 0293-23.md,234,False
5803,0293-23,section_6,2023,Ordinance No. 0293-23 (2).pdf,Thesis_Obsidian\Ordinances\2023\Ordinance No. 0293-23.md,82,False
5804,0295-23,section_1,2023,Ordinance No. 0295-23 (2).pdf,Thesis_Obsidian\Ordinances\2023\Ordinance No. 0295-23.md,61,False
5805,0295-23,section_2,2023,Ordinance No. 0295-23 (2).pdf,Thesis_Obsidian\Ordinances\2023\Ordinance No. 0295-23.md,67,False
5806,0295-23,section_3,2023,Ordinance No. 0295-23 (2).pdf,Thesis_Obsidian\Ordinances\2023\Ordinance No. 0295-23.md,60,False
5807,0295-23,section_4,2023,Ordinance No. 0295-23 (2).pdf,Thesis_Obsidian\Ordinances\2023\Ordinance No. 0295-23.md,16,False
5808,0295-23,section_5,2023,Ordinance No. 0295-23 (2).pdf,Thesis_Obsidian\Ordinances\2023\Ordinance No. 0295-23.md,207,False
5809,0296-23,section_4,2023,Ordinance No. 0296-23 (2).pdf,Thesis_Obsidian\Ordinances\2023\Ordinance No. 0296-23.md,128,False
5810,0296-23,section_5,2023,Ordinance No. 0296-23 (2).pdf,Thesis_Obsidian\Ordinances\2023\Ordinance No. 0296-23.md,0,False
5811,0296-23,section_2,2023,Ordinance No. 0296-23 (2).pdf,Thesis_Obsidian\Ordinances\2023\Ordinance No. 0296-23.md,37,False
5812,0296-23,section_3,2023,Ordinance No. 0296-23 (2).pdf,Thesis_Obsidian\Ordinances\2023\Ordinance No. 0296-23.md,80,False
5813,0297-23,section_1,2023,Ordinance No. 0297-23 (2).pdf,Thesis_Obsidian\Ordinances\2023\Ordinance No. 0297-23.md,77,False
5814,0297-23,section_2,2023,Ordinance No. 0297-23 (2).pdf,Thesis_Obsidian\Ordinances\2023\Ordinance No. 0297-23.md,165,False
5815,0297-23,section_3,2023,Ordinance No. 0297-23 (2).pdf,Thesis_Obsidian\Ordinances\2023\Ordinance No. 0297-23.md,260,False
5816,0297-23,section_4,2023,Ordinance No. 0297-23 (2).pdf,Thesis_Obsidian\Ordinances\2023\Ordinance No. 0297-23.md,230,False
5817,0297-23,section_5,2023,Ordinance No. 0297-23 (2).pdf,Thesis_Obsidian\Ordinances\2023\Ordinance No. 0297-23.md,65,False
5818,0297-23,section_6,2023,Ordinance No. 0297-23 (2).pdf,Thesis_Obsidian\Ordinances\2023\Ordinance No. 0297-23.md,1,False
5819,0298-23,section_1,2023,Ordinance No. 0298-23 (CLUP 2019-2028) (2).pdf,Thesis_Obsidian\Ordinances\2023\Ordinance No. 0298-23.md,23,False
5820,0298-23,section_2,2023,Ordinance No. 0298-23 (CLUP 2019-2028) (2).pdf,Thesis_Obsidian\Ordinances\2023\Ordinance No. 0298-23.md,221,False
5821,0298-23,section_3,2023,Ordinance No. 0298-23 (CLUP 2019-2028) (2).pdf,Thesis_Obsidian\Ordinances\2023\Ordinance No. 0298-23.md,221,False
5822,0298-23,section_4,2023,Ordinance No. 0298-23 (CLUP 2019-2028) (2).pdf,Thesis_Obsidian\Ordinances\2023\Ordinance No. 0298-23.md,-1,True
5823,0299-23,section_1,2023,Ordinance No. 0299-23 (2).pdf,Thesis_Obsidian\Ordinances\2023\Ordinance No. 0299-23.md,51,False
5824,0299-23,section_2,2023,Ordinance No. 0299-23 (2).pdf,Thesis_Obsidian\Ordinances\2023\Ordinance No. 0299-23.md,144,False
5825,0299-23,section_3,2023,Ordinance No. 0299-23 (2).pdf,Thesis_Obsidian\Ordinances\2023\Ordinance No. 0299-23.md,269,False
5826,0300-23,section_2,2023,Ordinance No. 0300-23 (2).pdf,Thesis_Obsidian\Ordinances\2023\Ordinance No. 0300-23.md,269,False
5827,0301-23,section_1,2023,Ordinance No. 0301-23 (2).pdf,Thesis_Obsidian\Ordinances\2023\Ordinance No. 0301-23.md,-1,True
5828,0301-23,section_2,2023,Ordinance No. 0301-23 (2).pdf,Thesis_Obsidian\Ordinances\2023\Ordinance No. 0301-23.md,51,False
5829,0301-23,section_3,2023,Ordinance No. 0301-23 (2).pdf,Thesis_Obsidian\Ordinances\2023\Ordinance No. 0301-23.md,269,False
5830,0302-23,section_2,2023,Ordinance No. 0302-23 (2).pdf,Thesis_Obsidian\Ordinances\2023\Ordinance No. 0302-23.md,267,False
5831,0302-23,section_3,2023,Ordinance No. 0302-23 (2).pdf,Thesis_Obsidian\Ordinances\2023\Ordinance No. 0302-23.md,58,False
5832,0302-23,section_4,2023,Ordinance No. 0302-23 (2).pdf,Thesis_Obsidian\Ordinances\2023\Ordinance No. 0302-23.md,154,False
5833,0302-23,section_5,2023,Ordinance No. 0302-23 (2).pdf,Thesis_Obsidian\Ordinances\2023\Ordinance No. 0302-23.md,82,False
5834,0303-23,section_1,2023,Ordinance No. 0303-23 Less Paper Session (2).pdf,Thesis_Obsidian\Ordinances\2023\Ordinance No. 0303-23.md,26,False
5835,0303-23,section_2,2023,Ordinance No. 0303-23 Less Paper Session (2).pdf,Thesis_Obsidian\Ordinances\2023\Ordinance No. 0303-23.md,208,False
5836,0303-23,section_3,2023,Ordinance No. 0303-23 Less Paper Session (2).pdf,Thesis_Obsidian\Ordinances\2023\Ordinance No. 0303-23.md,30,False
5837,0303-23,section_4,2023,Ordinance No. 0303-23 Less Paper Session (2).pdf,Thesis_Obsidian\Ordinances\2023\Ordinance No. 0303-23.md,30,False
5838,0303-23,section_5,2023,Ordinance No. 0303-23 Less Paper Session (2).pdf,Thesis_Obsidian\Ordinances\2023\Ordinance No. 0303-23.md,30,False
5839,0303-23,section_6,2023,Ordinance No. 0303-23 Less Paper Session (2).pdf,Thesis_Obsidian\Ordinances\2023\Ordinance No. 0303-23.md,30,False
5840,0303-23,section_7,2023,Ordinance No. 0303-23 Less Paper Session (2).pdf,Thesis_Obsidian\Ordinances\2023\Ordinance No. 0303-23.md,134,False
5841,0303-23,section_8,2023,Ordinance No. 0303-23 Less Paper Session (2).pdf,Thesis_Obsidian\Ordinances\2023\Ordinance No. 0303-23.md,16,False
5842,0303-23,section_9,2023,Ordinance No. 0303-23 Less Paper Session (2).pdf,Thesis_Obsidian\Ordinances\2023\Ordinance No. 0303-23.md,82,False
5843,0306-23,section_2,2023,Ordinance No. 0306-23 (2).pdf,Thesis_Obsidian\Ordinances\2023\Ordinance No. 0306-23.md,89,False
5844,0306-23,section_16,2023,Ordinance No. 0306-23 (2).pdf,Thesis_Obsidian\Ordinances\2023\Ordinance No. 0306-23.md,-1,True
5845,0307-23,section_1,2023,Ordinance No. 0307-23 DCYDC creation (2).pdf,Thesis_Obsidian\Ordinances\2023\Ordinance No. 0307-23.md,57,False
5846,0307-23,section_2,2023,Ordinance No. 0307-23 DCYDC creation (2).pdf,Thesis_Obsidian\Ordinances\2023\Ordinance No. 0307-23.md,194,False
5847,0307-23,section_3,2023,Ordinance No. 0307-23 DCYDC creation (2).pdf,Thesis_Obsidian\Ordinances\2023\Ordinance No. 0307-23.md,194,False
5848,0307-23,section_4,2023,Ordinance No. 0307-23 DCYDC creation (2).pdf,Thesis_Obsidian\Ordinances\2023\Ordinance No. 0307-23.md,194,False
5849,0307-23,section_5,2023,Ordinance No. 0307-23 DCYDC creation (2).pdf,Thesis_Obsidian\Ordinances\2023\Ordinance No. 0307-23.md,194,False
5850,0307-23,section_6,2023,Ordinance No. 0307-23 DCYDC creation (2).pdf,Thesis_Obsidian\Ordinances\2023\Ordinance No. 0307-23.md,194,False
5851,0307-23,section_7,2023,Ordinance No. 0307-23 DCYDC creation (2).pdf,Thesis_Obsidian\Ordinances\2023\Ordinance No. 0307-23.md,194,False
5852,0307-23,section_8,2023,Ordinance No. 0307-23 DCYDC creation (2).pdf,Thesis_Obsidian\Ordinances\2023\Ordinance No. 0307-23.md,194,False
5853,0307-23,section_9,2023,Ordinance No. 0307-23 DCYDC creation (2).pdf,Thesis_Obsidian\Ordinances\2023\Ordinance No. 0307-23.md,194,False
5854,0307-23,section_10,2023,Ordinance No. 0307-23 DCYDC creation (2).pdf,Thesis_Obsidian\Ordinances\2023\Ordinance No. 0307-23.md,194,False
5855,0307-23,section_11,2023,Ordinance No. 0307-23 DCYDC creation (2).pdf,Thesis_Obsidian\Ordinances\2023\Ordinance No. 0307-23.md,194,False
5856,0307-23,section_12,2023,Ordinance No. 0307-23 DCYDC creation (2).pdf,Thesis_Obsidian\Ordinances\2023\Ordinance No. 0307-23.md,194,False
5857,0307-23,section_13,2023,Ordinance No. 0307-23 DCYDC creation (2).pdf,Thesis_Obsidian\Ordinances\2023\Ordinance No. 0307-23.md,213,False
5858,0307-23,section_14,2023,Ordinance No. 0307-23 DCYDC creation (2).pdf,Thesis_Obsidian\Ordinances\2023\Ordinance No. 0307-23.md,-1,True
5859,0307-23,section_15,2023,Ordinance No. 0307-23 DCYDC creation (2).pdf,Thesis_Obsidian\Ordinances\2023\Ordinance No. 0307-23.md,30,False
5860,0307-23,section_16,2023,Ordinance No. 0307-23 DCYDC creation (2).pdf,Thesis_Obsidian\Ordinances\2023\Ordinance No. 0307-23.md,39,False
5861,0307-23,section_17,2023,Ordinance No. 0307-23 DCYDC creation (2).pdf,Thesis_Obsidian\Ordinances\2023\Ordinance No. 0307-23.md,103,False
5862,0307-23,section_18,2023,Ordinance No. 0307-23 DCYDC creation (2).pdf,Thesis_Obsidian\Ordinances\2023\Ordinance No. 0307-23.md,-1,True
5863,0308-23,section_4,2023,Ordinance No. 0308-23 DCYDD-LYDO (2).pdf,Thesis_Obsidian\Ordinances\2023\Ordinance No. 0308-23.md,194,False
5864,0308-23,section_26,2023,Ordinance No. 0308-23 DCYDD-LYDO (2).pdf,Thesis_Obsidian\Ordinances\2023\Ordinance No. 0308-23.md,30,False
5865,0308-23,section_5,2023,Ordinance No. 0308-23 DCYDD-LYDO (2).pdf,Thesis_Obsidian\Ordinances\2023\Ordinance No. 0308-23.md,194,False
5866,0308-23,section_7,2023,Ordinance No. 0308-23 DCYDD-LYDO (2).pdf,Thesis_Obsidian\Ordinances\2023\Ordinance No. 0308-23.md,25,False
5867,0308-23,section_10,2023,Ordinance No. 0308-23 DCYDD-LYDO (2).pdf,Thesis_Obsidian\Ordinances\2023\Ordinance No. 0308-23.md,194,False
5868,0308-23,section_11,2023,Ordinance No. 0308-23 DCYDD-LYDO (2).pdf,Thesis_Obsidian\Ordinances\2023\Ordinance No. 0308-23.md,-1,True
5869,0309-23,section_1,2023,Ordinance No. 0309-23 (2).pdf,Thesis_Obsidian\Ordinances\2023\Ordinance No. 0309-23.md,-1,True
5870,0309-23,section_2,2023,Ordinance No. 0309-23 (2).pdf,Thesis_Obsidian\Ordinances\2023\Ordinance No. 0309-23.md,32,False
5871,0309-23,section_455,2023,Ordinance No. 0309-23 (2).pdf,Thesis_Obsidian\Ordinances\2023\Ordinance No. 0309-23.md,100,False
5872,0309-23,section_16,2023,Ordinance No. 0309-23 (2).pdf,Thesis_Obsidian\Ordinances\2023\Ordinance No. 0309-23.md,69,False
5873,0309-23,section_3,2023,Ordinance No. 0309-23 (2).pdf,Thesis_Obsidian\Ordinances\2023\Ordinance No. 0309-23.md,40,False
5874,0309-23,section_4,2023,Ordinance No. 0309-23 (2).pdf,Thesis_Obsidian\Ordinances\2023\Ordinance No. 0309-23.md,59,False
5875,0309-23,section_5,2023,Ordinance No. 0309-23 (2).pdf,Thesis_Obsidian\Ordinances\2023\Ordinance No. 0309-23.md,121,False
5876,0309-23,section_6,2023,Ordinance No. 0309-23 (2).pdf,Thesis_Obsidian\Ordinances\2023\Ordinance No. 0309-23.md,93,False
5877,0309-23,section_7,2023,Ordinance No. 0309-23 (2).pdf,Thesis_Obsidian\Ordinances\2023\Ordinance No. 0309-23.md,115,False
5878,0309-23,section_8,2023,Ordinance No. 0309-23 (2).pdf,Thesis_Obsidian\Ordinances\2023\Ordinance No. 0309-23.md,82,False
5879,0310-23,section_2,2023,Ordinance No. 0310-23 (2).pdf,Thesis_Obsidian\Ordinances\2023\Ordinance No. 0310-23.md,32,False
5880,0310-23,section_455,2023,Ordinance No. 0310-23 (2).pdf,Thesis_Obsidian\Ordinances\2023\Ordinance No. 0310-23.md,100,False
5881,0310-23,section_16,2023,Ordinance No. 0310-23 (2).pdf,Thesis_Obsidian\Ordinances\2023\Ordinance No. 0310-23.md,69,False
5882,0310-23,section_3,2023,Ordinance No. 0310-23 (2).pdf,Thesis_Obsidian\Ordinances\2023\Ordinance No. 0310-23.md,31,False
5883,0310-23,section_1,2023,Ordinance No. 0310-23 (2).pdf,Thesis_Obsidian\Ordinances\2023\Ordinance No. 0310-23.md,31,False
5884,0310-23,section_4,2023,Ordinance No. 0310-23 (2).pdf,Thesis_Obsidian\Ordinances\2023\Ordinance No. 0310-23.md,115,False
5885,0310-23,section_5,2023,Ordinance No. 0310-23 (2).pdf,Thesis_Obsidian\Ordinances\2023\Ordinance No. 0310-23.md,174,False
5886,0312-23,section_1,2023,Ordinance No. 0312-23 (2).pdf,Thesis_Obsidian\Ordinances\2023\Ordinance No. 0312-23.md,188,False
5887,0312-23,section_2,2023,Ordinance No. 0312-23 (2).pdf,Thesis_Obsidian\Ordinances\2023\Ordinance No. 0312-23.md,37,False
5888,0312-23,section_3,2023,Ordinance No. 0312-23 (2).pdf,Thesis_Obsidian\Ordinances\2023\Ordinance No. 0312-23.md,188,False
5889,0312-23,section_4,2023,Ordinance No. 0312-23 (2).pdf,Thesis_Obsidian\Ordinances\2023\Ordinance No. 0312-23.md,10,False
5890,0312-23,section_5,2023,Ordinance No. 0312-23 (2).pdf,Thesis_Obsidian\Ordinances\2023\Ordinance No. 0312-23.md,8,False
5891,0313-23,section_1,2023,Ordinance No. 0313-23 (2).pdf,Thesis_Obsidian\Ordinances\2023\Ordinance No. 0313-23.md,36,False
5892,0313-23,section_2,2023,Ordinance No. 0313-23 (2).pdf,Thesis_Obsidian\Ordinances\2023\Ordinance No. 0313-23.md,79,False
5893,0313-23,section_16,2023,Ordinance No. 0313-23 (2).pdf,Thesis_Obsidian\Ordinances\2023\Ordinance No. 0313-23.md,69,False
5894,0313-23,section_3,2023,Ordinance No. 0313-23 (2).pdf,Thesis_Obsidian\Ordinances\2023\Ordinance No. 0313-23.md,-1,True
5895,0313-23,section_4,2023,Ordinance No. 0313-23 (2).pdf,Thesis_Obsidian\Ordinances\2023\Ordinance No. 0313-23.md,75,False
5896,0313-23,section_5,2023,Ordinance No. 0313-23 (2).pdf,Thesis_Obsidian\Ordinances\2023\Ordinance No. 0313-23.md,56,False
5897,0314-23,section_1,2023,Ordinance No. 0314-23 (2).pdf,Thesis_Obsidian\Ordinances\2023\Ordinance No. 0314-23.md,43,False
5898,0314-23,section_2,2023,Ordinance No. 0314-23 (2).pdf,Thesis_Obsidian\Ordinances\2023\Ordinance No. 0314-23.md,33,False
5899,0314-23,section_3,2023,Ordinance No. 0314-23 (2).pdf,Thesis_Obsidian\Ordinances\2023\Ordinance No. 0314-23.md,7,False
5900,0314-23,section_4,2023,Ordinance No. 0314-23 (2).pdf,Thesis_Obsidian\Ordinances\2023\Ordinance No. 0314-23.md,3,False
5901,0314-23,section_5,2023,Ordinance No. 0314-23 (2).pdf,Thesis_Obsidian\Ordinances\2023\Ordinance No. 0314-23.md,153,False
5902,0315-23,section_2,2023,Ordinance No. 0315-23 (2).pdf,Thesis_Obsidian\Ordinances\2023\Ordinance No. 0315-23.md,201,False
5903,0315-23,section_3,2023,Ordinance No. 0315-23 (2).pdf,Thesis_Obsidian\Ordinances\2023\Ordinance No. 0315-23.md,150,False
5904,0315-23,section_4,2023,Ordinance No. 0315-23 (2).pdf,Thesis_Obsidian\Ordinances\2023\Ordinance No. 0315-23.md,190,False
5905,0315-23,section_5,2023,Ordinance No. 0315-23 (2).pdf,Thesis_Obsidian\Ordinances\2023\Ordinance No. 0315-23.md,204,False
5906,0315-23,section_6,2023,Ordinance No. 0315-23 (2).pdf,Thesis_Obsidian\Ordinances\2023\Ordinance No. 0315-23.md,1,False
5907,0316-23,section_1,2023,Ordinance No. 0316-23 Lifting Wear Face Mask (2).pdf,Thesis_Obsidian\Ordinances\2023\Ordinance No. 0316-23.md,-1,True
5908,0316-23,section_2,2023,Ordinance No. 0316-23 Lifting Wear Face Mask (2).pdf,Thesis_Obsidian\Ordinances\2023\Ordinance No. 0316-23.md,245,False
5909,0316-23,section_25,2023,Ordinance No. 0316-23 Lifting Wear Face Mask (2).pdf,Thesis_Obsidian\Ordinances\2023\Ordinance No. 0316-23.md,59,False
5910,0316-23,section_3,2023,Ordinance No. 0316-23 Lifting Wear Face Mask (2).pdf,Thesis_Obsidian\Ordinances\2023\Ordinance No. 0316-23.md,6,False
5911,0316-23,section_4,2023,Ordinance No. 0316-23 Lifting Wear Face Mask (2).pdf,Thesis_Obsidian\Ordinances\2023\Ordinance No. 0316-23.md,58,False
5912,0316-23,section_5,2023,Ordinance No. 0316-23 Lifting Wear Face Mask (2).pdf,Thesis_Obsidian\Ordinances\2023\Ordinance No. 0316-23.md,38,False
5913,0316-23,section_6,2023,Ordinance No. 0316-23 Lifting Wear Face Mask (2).pdf,Thesis_Obsidian\Ordinances\2023\Ordinance No. 0316-23.md,97,False
5914,0317-23,section_2,2023,Ordinance No. 0317-23 (2).pdf,Thesis_Obsidian\Ordinances\2023\Ordinance No. 0317-23.md,100,False
5915,0317-23,section_3,2023,Ordinance No. 0317-23 (2).pdf,Thesis_Obsidian\Ordinances\2023\Ordinance No. 0317-23.md,6,False
5916,0317-23,section_4,2023,Ordinance No. 0317-23 (2).pdf,Thesis_Obsidian\Ordinances\2023\Ordinance No. 0317-23.md,63,False
5917,0317-23,section_5,2023,Ordinance No. 0317-23 (2).pdf,Thesis_Obsidian\Ordinances\2023\Ordinance No. 0317-23.md,169,False
5918,0317-23,section_6,2023,Ordinance No. 0317-23 (2).pdf,Thesis_Obsidian\Ordinances\2023\Ordinance No. 0317-23.md,98,False
5919,0318-23,section_1,2023,Ordinance No. 0318-23 (2).pdf,Thesis_Obsidian\Ordinances\2023\Ordinance No. 0318-23.md,11,False
5920,0318-23,section_2,2023,Ordinance No. 0318-23 (2).pdf,Thesis_Obsidian\Ordinances\2023\Ordinance No. 0318-23.md,122,False
5921,0318-23,section_3,2023,Ordinance No. 0318-23 (2).pdf,Thesis_Obsidian\Ordinances\2023\Ordinance No. 0318-23.md,137,False
5922,0318-23,section_4,2023,Ordinance No. 0318-23 (2).pdf,Thesis_Obsidian\Ordinances\2023\Ordinance No. 0318-23.md,234,False
5923,0318-23,section_6,2023,Ordinance No. 0318-23 (2).pdf,Thesis_Obsidian\Ordinances\2023\Ordinance No. 0318-23.md,82,False
5924,0319-23,section_1,2023,Ordinance No. 0319-23 (2).pdf,Thesis_Obsidian\Ordinances\2023\Ordinance No. 0319-23.md,-1,True
5925,0319-23,section_2,2023,Ordinance No. 0319-23 (2).pdf,Thesis_Obsidian\Ordinances\2023\Ordinance No. 0319-23.md,79,False
5926,0319-23,section_3,2023,Ordinance No. 0319-23 (2).pdf,Thesis_Obsidian\Ordinances\2023\Ordinance No. 0319-23.md,265,False
5927,0319-23,section_4,2023,Ordinance No. 0319-23 (2).pdf,Thesis_Obsidian\Ordinances\2023\Ordinance No. 0319-23.md,86,False
5928,0319-23,section_5,2023,Ordinance No. 0319-23 (2).pdf,Thesis_Obsidian\Ordinances\2023\Ordinance No. 0319-23.md,97,False
5929,0321-23,section_1,2023,Ordinance No. 0321-23 (2).pdf,Thesis_Obsidian\Ordinances\2023\Ordinance No. 0321-23.md,11,False
5930,0321-23,section_2,2023,Ordinance No. 0321-23 (2).pdf,Thesis_Obsidian\Ordinances\2023\Ordinance No. 0321-23.md,122,False
5931,0321-23,section_3,2023,Ordinance No. 0321-23 (2).pdf,Thesis_Obsidian\Ordinances\2023\Ordinance No. 0321-23.md,137,False
5932,0321-23,section_4,2023,Ordinance No. 0321-23 (2).pdf,Thesis_Obsidian\Ordinances\2023\Ordinance No. 0321-23.md,234,False
5933,0321-23,section_5,2023,Ordinance No. 0321-23 (2).pdf,Thesis_Obsidian\Ordinances\2023\Ordinance No. 0321-23.md,3,False
5934,0321-23,section_6,2023,Ordinance No. 0321-23 (2).pdf,Thesis_Obsidian\Ordinances\2023\Ordinance No. 0321-23.md,82,False
5935,0322-23,section_1,2023,Ordinance No. 0322-23 (2).pdf,Thesis_Obsidian\Ordinances\2023\Ordinance No. 0322-23.md,11,False
5936,0322-23,section_2,2023,Ordinance No. 0322-23 (2).pdf,Thesis_Obsidian\Ordinances\2023\Ordinance No. 0322-23.md,122,False
5937,0322-23,section_3,2023,Ordinance No. 0322-23 (2).pdf,Thesis_Obsidian\Ordinances\2023\Ordinance No. 0322-23.md,137,False
5938,0322-23,section_4,2023,Ordinance No. 0322-23 (2).pdf,Thesis_Obsidian\Ordinances\2023\Ordinance No. 0322-23.md,234,False
5939,0322-23,section_5,2023,Ordinance No. 0322-23 (2).pdf,Thesis_Obsidian\Ordinances\2023\Ordinance No. 0322-23.md,3,False
5940,0322-23,section_6,2023,Ordinance No. 0322-23 (2).pdf,Thesis_Obsidian\Ordinances\2023\Ordinance No. 0322-23.md,82,False
5941,0323-23,section_1,2023,Ordinance No. 0323-23 (2).pdf,Thesis_Obsidian\Ordinances\2023\Ordinance No. 0323-23.md,11,False
5942,0323-23,section_2,2023,Ordinance No. 0323-23 (2).pdf,Thesis_Obsidian\Ordinances\2023\Ordinance No. 0323-23.md,122,False
5943,0323-23,section_3,2023,Ordinance No. 0323-23 (2).pdf,Thesis_Obsidian\Ordinances\2023\Ordinance No. 0323-23.md,137,False
5944,0323-23,section_4,2023,Ordinance No. 0323-23 (2).pdf,Thesis_Obsidian\Ordinances\2023\Ordinance No. 0323-23.md,234,False
5945,0323-23,section_5,2023,Ordinance No. 0323-23 (2).pdf,Thesis_Obsidian\Ordinances\2023\Ordinance No. 0323-23.md,211,False
5946,0323-23,section_6,2023,Ordinance No. 0323-23 (2).pdf,Thesis_Obsidian\Ordinances\2023\Ordinance No. 0323-23.md,82,False
5947,0324-23,section_1,2023,Ordinance No. 0324-23 (2).pdf,Thesis_Obsidian\Ordinances\2023\Ordinance No. 0324-23.md,80,False
5948,0324-23,section_2,2023,Ordinance No. 0324-23 (2).pdf,Thesis_Obsidian\Ordinances\2023\Ordinance No. 0324-23.md,13,False
5949,0324-23,section_4,2023,Ordinance No. 0324-23 (2).pdf,Thesis_Obsidian\Ordinances\2023\Ordinance No. 0324-23.md,18,False
5950,0324-23,section_5,2023,Ordinance No. 0324-23 (2).pdf,Thesis_Obsidian\Ordinances\2023\Ordinance No. 0324-23.md,82,False
5951,0325-23,section_1,2023,Ordinance No. 0325-23 (2).pdf,Thesis_Obsidian\Ordinances\2023\Ordinance No. 0325-23.md,80,False
5952,0325-23,section_2,2023,Ordinance No. 0325-23 (2).pdf,Thesis_Obsidian\Ordinances\2023\Ordinance No. 0325-23.md,13,False
5953,0325-23,section_3,2023,Ordinance No. 0325-23 (2).pdf,Thesis_Obsidian\Ordinances\2023\Ordinance No. 0325-23.md,22,False
5954,0325-23,section_4,2023,Ordinance No. 0325-23 (2).pdf,Thesis_Obsidian\Ordinances\2023\Ordinance No. 0325-23.md,211,False
5955,0325-23,section_5,2023,Ordinance No. 0325-23 (2).pdf,Thesis_Obsidian\Ordinances\2023\Ordinance No. 0325-23.md,82,False
5956,0326-23,section_1,2023,Ordinance No. 0326-23 (2).pdf,Thesis_Obsidian\Ordinances\2023\Ordinance No. 0326-23.md,184,False
5957,0326-23,section_2,2023,Ordinance No. 0326-23 (2).pdf,Thesis_Obsidian\Ordinances\2023\Ordinance No. 0326-23.md,113,False
5958,0326-23,section_3,2023,Ordinance No. 0326-23 (2).pdf,Thesis_Obsidian\Ordinances\2023\Ordinance No. 0326-23.md,123,False
5959,0326-23,section_4,2023,Ordinance No. 0326-23 (2).pdf,Thesis_Obsidian\Ordinances\2023\Ordinance No. 0326-23.md,3,False
5960,0326-23,section_5,2023,Ordinance No. 0326-23 (2).pdf,Thesis_Obsidian\Ordinances\2023\Ordinance No. 0326-23.md,153,False
5961,0327-23,section_1,2023,Ordinance No. 0327-23 (2).pdf,Thesis_Obsidian\Ordinances\2023\Ordinance No. 0327-23.md,57,False
5962,0327-23,section_2,2023,Ordinance No. 0327-23 (2).pdf,Thesis_Obsidian\Ordinances\2023\Ordinance No. 0327-23.md,122,False
5963,0327-23,section_3,2023,Ordinance No. 0327-23 (2).pdf,Thesis_Obsidian\Ordinances\2023\Ordinance No. 0327-23.md,122,False
5964,0327-23,section_4,2023,Ordinance No. 0327-23 (2).pdf,Thesis_Obsidian\Ordinances\2023\Ordinance No. 0327-23.md,10,False
5965,0327-23,section_5,2023,Ordinance No. 0327-23 (2).pdf,Thesis_Obsidian\Ordinances\2023\Ordinance No. 0327-23.md,97,False
5966,0328-23,section_1,2023,Ordinance No. 0328-23 (2).pdf,Thesis_Obsidian\Ordinances\2023\Ordinance No. 0328-23.md,80,False
5967,0328-23,section_2,2023,Ordinance No. 0328-23 (2).pdf,Thesis_Obsidian\Ordinances\2023\Ordinance No. 0328-23.md,226,False
5968,0328-23,section_3,2023,Ordinance No. 0328-23 (2).pdf,Thesis_Obsidian\Ordinances\2023\Ordinance No. 0328-23.md,205,False
5969,0328-23,section_5,2023,Ordinance No. 0328-23 (2).pdf,Thesis_Obsidian\Ordinances\2023\Ordinance No. 0328-23.md,8,False
5970,0329-23,section_1,2023,Ordinance No. 0329-23 (2).pdf,Thesis_Obsidian\Ordinances\2023\Ordinance No. 0329-23.md,105,False
5971,0329-23,section_2,2023,Ordinance No. 0329-23 (2).pdf,Thesis_Obsidian\Ordinances\2023\Ordinance No. 0329-23.md,12,False
5972,0329-23,section_3,2023,Ordinance No. 0329-23 (2).pdf,Thesis_Obsidian\Ordinances\2023\Ordinance No. 0329-23.md,105,False
5973,0329-23,section_5,2023,Ordinance No. 0329-23 (2).pdf,Thesis_Obsidian\Ordinances\2023\Ordinance No. 0329-23.md,105,False
5974,0332-23,section_1,2023,Ordinance No. 0332-23 DC Office for Culture and the Arts (2).pdf,Thesis_Obsidian\Ordinances\2023\Ordinance No. 0332-23.md,25,False
5975,0332-23,section_5,2023,Ordinance No. 0332-23 DC Office for Culture and the Arts (2).pdf,Thesis_Obsidian\Ordinances\2023\Ordinance No. 0332-23.md,70,False
5976,0332-23,section_6,2023,Ordinance No. 0332-23 DC Office for Culture and the Arts (2).pdf,Thesis_Obsidian\Ordinances\2023\Ordinance No. 0332-23.md,213,False
5977,0332-23,section_7,2023,Ordinance No. 0332-23 DC Office for Culture and the Arts (2).pdf,Thesis_Obsidian\Ordinances\2023\Ordinance No. 0332-23.md,25,False
5978,0332-23,section_9,2023,Ordinance No. 0332-23 DC Office for Culture and the Arts (2).pdf,Thesis_Obsidian\Ordinances\2023\Ordinance No. 0332-23.md,-1,True
5979,0332-23,section_13,2023,Ordinance No. 0332-23 DC Office for Culture and the Arts (2).pdf,Thesis_Obsidian\Ordinances\2023\Ordinance No. 0332-23.md,-1,True
5980,0332-23,section_14,2023,Ordinance No. 0332-23 DC Office for Culture and the Arts (2).pdf,Thesis_Obsidian\Ordinances\2023\Ordinance No. 0332-23.md,-1,True
5981,0332-23,section_16,2023,Ordinance No. 0332-23 DC Office for Culture and the Arts (2).pdf,Thesis_Obsidian\Ordinances\2023\Ordinance No. 0332-23.md,103,False
5982,0332-23,section_18,2023,Ordinance No. 0332-23 DC Office for Culture and the Arts (2).pdf,Thesis_Obsidian\Ordinances\2023\Ordinance No. 0332-23.md,97,False
5983,0333-23,section_1,2023,Ordinance No. 0333-23 (2).pdf,Thesis_Obsidian\Ordinances\2023\Ordinance No. 0333-23.md,84,False
5984,0333-23,section_2,2023,Ordinance No. 0333-23 (2).pdf,Thesis_Obsidian\Ordinances\2023\Ordinance No. 0333-23.md,79,False
5985,0333-23,section_3,2023,Ordinance No. 0333-23 (2).pdf,Thesis_Obsidian\Ordinances\2023\Ordinance No. 0333-23.md,84,False
5986,0333-23,section_4,2023,Ordinance No. 0333-23 (2).pdf,Thesis_Obsidian\Ordinances\2023\Ordinance No. 0333-23.md,231,False
5987,0333-23,section_5,2023,Ordinance No. 0333-23 (2).pdf,Thesis_Obsidian\Ordinances\2023\Ordinance No. 0333-23.md,97,False
5988,0334-23,section_1,2023,Ordinance No. 0334-23 (2).pdf,Thesis_Obsidian\Ordinances\2023\Ordinance No. 0334-23.md,117,False
5989,0334-23,section_2,2023,Ordinance No. 0334-23 (2).pdf,Thesis_Obsidian\Ordinances\2023\Ordinance No. 0334-23.md,13,False
5990,0334-23,section_4,2023,Ordinance No. 0334-23 (2).pdf,Thesis_Obsidian\Ordinances\2023\Ordinance No. 0334-23.md,95,False
5991,0334-23,section_5,2023,Ordinance No. 0334-23 (2).pdf,Thesis_Obsidian\Ordinances\2023\Ordinance No. 0334-23.md,8,False
5992,0335-23,section_1,2023,Ordinance No. 0335-23 Renewal MOA Love the Children (2).pdf,Thesis_Obsidian\Ordinances\2023\Ordinance No. 0335-23.md,-1,True
5993,0335-23,section_2,2023,Ordinance No. 0335-23 Renewal MOA Love the Children (2).pdf,Thesis_Obsidian\Ordinances\2023\Ordinance No. 0335-23.md,101,False
5994,0335-23,section_3,2023,Ordinance No. 0335-23 Renewal MOA Love the Children (2).pdf,Thesis_Obsidian\Ordinances\2023\Ordinance No. 0335-23.md,7,False
5995,0335-23,section_4,2023,Ordinance No. 0335-23 Renewal MOA Love the Children (2).pdf,Thesis_Obsidian\Ordinances\2023\Ordinance No. 0335-23.md,18,False
5996,0335-23,section_5,2023,Ordinance No. 0335-23 Renewal MOA Love the Children (2).pdf,Thesis_Obsidian\Ordinances\2023\Ordinance No. 0335-23.md,19,False
5997,0336-23,section_2,2023,Ordinance No. 0336-23 (2).pdf,Thesis_Obsidian\Ordinances\2023\Ordinance No. 0336-23.md,101,False
5998,0336-23,section_16,2023,Ordinance No. 0336-23 (2).pdf,Thesis_Obsidian\Ordinances\2023\Ordinance No. 0336-23.md,176,False
5999,0336-23,section_3,2023,Ordinance No. 0336-23 (2).pdf,Thesis_Obsidian\Ordinances\2023\Ordinance No. 0336-23.md,-1,True
6000,0336-23,section_4,2023,Ordinance No. 0336-23 (2).pdf,Thesis_Obsidian\Ordinances\2023\Ordinance No. 0336-23.md,39,False
6001,0336-23,section_5,2023,Ordinance No. 0336-23 (2).pdf,Thesis_Obsidian\Ordinances\2023\Ordinance No. 0336-23.md,259,False
6002,0338-23,section_1,2023,Ordinance No. 0338-23 (2).pdf,Thesis_Obsidian\Ordinances\2023\Ordinance No. 0338-23.md,112,False
6003,0338-23,section_455,2023,Ordinance No. 0338-23 (2).pdf,Thesis_Obsidian\Ordinances\2023\Ordinance No. 0338-23.md,110,False
6004,0338-23,section_3,2023,Ordinance No. 0338-23 (2).pdf,Thesis_Obsidian\Ordinances\2023\Ordinance No. 0338-23.md,4,False
6005,0338-23,section_4,2023,Ordinance No. 0338-23 (2).pdf,Thesis_Obsidian\Ordinances\2023\Ordinance No. 0338-23.md,86,False
6006,0338-23,section_5,2023,Ordinance No. 0338-23 (2).pdf,Thesis_Obsidian\Ordinances\2023\Ordinance No. 0338-23.md,97,False
6007,0339-23,section_1,2023,Ordinance No. 0339-23 (2).pdf,Thesis_Obsidian\Ordinances\2023\Ordinance No. 0339-23.md,46,False
6008,0339-23,section_2,2023,Ordinance No. 0339-23 (2).pdf,Thesis_Obsidian\Ordinances\2023\Ordinance No. 0339-23.md,112,False
6009,0339-23,section_455,2023,Ordinance No. 0339-23 (2).pdf,Thesis_Obsidian\Ordinances\2023\Ordinance No. 0339-23.md,251,False
6010,0339-23,section_3,2023,Ordinance No. 0339-23 (2).pdf,Thesis_Obsidian\Ordinances\2023\Ordinance No. 0339-23.md,63,False
6011,0339-23,section_4,2023,Ordinance No. 0339-23 (2).pdf,Thesis_Obsidian\Ordinances\2023\Ordinance No. 0339-23.md,86,False
6012,0339-23,section_5,2023,Ordinance No. 0339-23 (2).pdf,Thesis_Obsidian\Ordinances\2023\Ordinance No. 0339-23.md,98,False
6013,0341-23,section_1,2023,Ordinance No. 0341-23 Deed of Usufruct PNP Maa (2).pdf,Thesis_Obsidian\Ordinances\2023\Ordinance No. 0341-23.md,46,False
6014,0341-23,section_2,2023,Ordinance No. 0341-23 Deed of Usufruct PNP Maa (2).pdf,Thesis_Obsidian\Ordinances\2023\Ordinance No. 0341-23.md,33,False
6015,0341-23,section_3,2023,Ordinance No. 0341-23 Deed of Usufruct PNP Maa (2).pdf,Thesis_Obsidian\Ordinances\2023\Ordinance No. 0341-23.md,41,False
6016,0341-23,section_5,2023,Ordinance No. 0341-23 Deed of Usufruct PNP Maa (2).pdf,Thesis_Obsidian\Ordinances\2023\Ordinance No. 0341-23.md,98,False
6017,0343-23,section_1,2023,Ordinance No. 0343-23 (2).pdf,Thesis_Obsidian\Ordinances\2023\Ordinance No. 0343-23.md,255,False
6018,0343-23,section_2,2023,Ordinance No. 0343-23 (2).pdf,Thesis_Obsidian\Ordinances\2023\Ordinance No. 0343-23.md,67,False
6019,0343-23,section_3,2023,Ordinance No. 0343-23 (2).pdf,Thesis_Obsidian\Ordinances\2023\Ordinance No. 0343-23.md,7,False
6020,0343-23,section_4,2023,Ordinance No. 0343-23 (2).pdf,Thesis_Obsidian\Ordinances\2023\Ordinance No. 0343-23.md,3,False
6021,0343-23,section_5,2023,Ordinance No. 0343-23 (2).pdf,Thesis_Obsidian\Ordinances\2023\Ordinance No. 0343-23.md,19,False
6022,0344-23,section_1,2023,Ordinance No. 0344-23 (2).pdf,Thesis_Obsidian\Ordinances\2023\Ordinance No. 0344-23.md,172,False
6023,0344-23,section_2,2023,Ordinance No. 0344-23 (2).pdf,Thesis_Obsidian\Ordinances\2023\Ordinance No. 0344-23.md,64,False
6024,0344-23,section_455,2023,Ordinance No. 0344-23 (2).pdf,Thesis_Obsidian\Ordinances\2023\Ordinance No. 0344-23.md,110,False
6025,0344-23,section_3,2023,Ordinance No. 0344-23 (2).pdf,Thesis_Obsidian\Ordinances\2023\Ordinance No. 0344-23.md,257,False
6026,0344-23,section_4,2023,Ordinance No. 0344-23 (2).pdf,Thesis_Obsidian\Ordinances\2023\Ordinance No. 0344-23.md,-1,True
6027,0345-23,section_2,2023,Ordinance No. 0345-23 (2).pdf,Thesis_Obsidian\Ordinances\2023\Ordinance No. 0345-23.md,175,False
6028,0345-23,section_22,2023,Ordinance No. 0345-23 (2).pdf,Thesis_Obsidian\Ordinances\2023\Ordinance No. 0345-23.md,129,False
6029,0345-23,section_455,2023,Ordinance No. 0345-23 (2).pdf,Thesis_Obsidian\Ordinances\2023\Ordinance No. 0345-23.md,251,False
6030,0345-23,section_3,2023,Ordinance No. 0345-23 (2).pdf,Thesis_Obsidian\Ordinances\2023\Ordinance No. 0345-23.md,41,False
6031,0345-23,section_5,2023,Ordinance No. 0345-23 (2).pdf,Thesis_Obsidian\Ordinances\2023\Ordinance No. 0345-23.md,-1,True
6032,0346-23,section_1,2023,Ordinance No. 0346-23 (2).pdf,Thesis_Obsidian\Ordinances\2023\Ordinance No. 0346-23.md,185,False
6033,0346-23,section_2,2023,Ordinance No. 0346-23 (2).pdf,Thesis_Obsidian\Ordinances\2023\Ordinance No. 0346-23.md,13,False
6034,0346-23,section_3,2023,Ordinance No. 0346-23 (2).pdf,Thesis_Obsidian\Ordinances\2023\Ordinance No. 0346-23.md,205,False
6035,0346-23,section_5,2023,Ordinance No. 0346-23 (2).pdf,Thesis_Obsidian\Ordinances\2023\Ordinance No. 0346-23.md,8,False
6036,0347-23,section_1,2023,Ordinance No. 0347-23 (2).pdf,Thesis_Obsidian\Ordinances\2023\Ordinance No. 0347-23.md,80,False
6037,0347-23,section_2,2023,Ordinance No. 0347-23 (2).pdf,Thesis_Obsidian\Ordinances\2023\Ordinance No. 0347-23.md,183,False
6038,0347-23,section_3,2023,Ordinance No. 0347-23 (2).pdf,Thesis_Obsidian\Ordinances\2023\Ordinance No. 0347-23.md,171,False
6039,0347-23,section_4,2023,Ordinance No. 0347-23 (2).pdf,Thesis_Obsidian\Ordinances\2023\Ordinance No. 0347-23.md,3,False
6040,0347-23,section_5,2023,Ordinance No. 0347-23 (2).pdf,Thesis_Obsidian\Ordinances\2023\Ordinance No. 0347-23.md,8,False
6041,0348-23,section_1,2023,Ordinance No. 0348-23 (2).pdf,Thesis_Obsidian\Ordinances\2023\Ordinance No. 0348-23.md,55,False
6042,0348-23,section_4,2023,Ordinance No. 0348-23 (2).pdf,Thesis_Obsidian\Ordinances\2023\Ordinance No. 0348-23.md,148,False
6043,0348-23,section_5,2023,Ordinance No. 0348-23 (2).pdf,Thesis_Obsidian\Ordinances\2023\Ordinance No. 0348-23.md,55,False
6044,0350-23,section_1,2023,"Ordinance No. 0350-23 DOU, DepEd Brgy. Sirib (2).pdf",Thesis_Obsidian\Ordinances\2023\Ordinance No. 0350-23.md,46,False
6045,0350-23,section_2,2023,"Ordinance No. 0350-23 DOU, DepEd Brgy. Sirib (2).pdf",Thesis_Obsidian\Ordinances\2023\Ordinance No. 0350-23.md,100,False
6046,0350-23,section_16,2023,"Ordinance No. 0350-23 DOU, DepEd Brgy. Sirib (2).pdf",Thesis_Obsidian\Ordinances\2023\Ordinance No. 0350-23.md,45,False
6047,0350-23,section_3,2023,"Ordinance No. 0350-23 DOU, DepEd Brgy. Sirib (2).pdf",Thesis_Obsidian\Ordinances\2023\Ordinance No. 0350-23.md,63,False
6048,0350-23,section_5,2023,"Ordinance No. 0350-23 DOU, DepEd Brgy. Sirib (2).pdf",Thesis_Obsidian\Ordinances\2023\Ordinance No. 0350-23.md,-1,True
6049,0350-23,section_6,2023,"Ordinance No. 0350-23 DOU, DepEd Brgy. Sirib (2).pdf",Thesis_Obsidian\Ordinances\2023\Ordinance No. 0350-23.md,98,False
6050,0351-23,section_9,2023,Ordinance No. 0351-23 (2024 Annual Budget) (2).pdf,Thesis_Obsidian\Ordinances\2023\Ordinance No. 0351-23.md,204,False
6051,0351-23,section_10,2023,Ordinance No. 0351-23 (2024 Annual Budget) (2).pdf,Thesis_Obsidian\Ordinances\2023\Ordinance No. 0351-23.md,-1,True
6052,0352-23,section_1,2023,Ordinance No. 0352-23 (2).pdf,Thesis_Obsidian\Ordinances\2023\Ordinance No. 0352-23.md,11,False
6053,0352-23,section_2,2023,Ordinance No. 0352-23 (2).pdf,Thesis_Obsidian\Ordinances\2023\Ordinance No. 0352-23.md,122,False
6054,0352-23,section_3,2023,Ordinance No. 0352-23 (2).pdf,Thesis_Obsidian\Ordinances\2023\Ordinance No. 0352-23.md,137,False
6055,0352-23,section_4,2023,Ordinance No. 0352-23 (2).pdf,Thesis_Obsidian\Ordinances\2023\Ordinance No. 0352-23.md,234,False
6056,0352-23,section_5,2023,Ordinance No. 0352-23 (2).pdf,Thesis_Obsidian\Ordinances\2023\Ordinance No. 0352-23.md,86,False
6057,0352-23,section_6,2023,Ordinance No. 0352-23 (2).pdf,Thesis_Obsidian\Ordinances\2023\Ordinance No. 0352-23.md,166,False
6058,0353-23,section_1,2023,Ordinance No. 0353-23 (2).pdf,Thesis_Obsidian\Ordinances\2023\Ordinance No. 0353-23.md,11,False
6059,0353-23,section_2,2023,Ordinance No. 0353-23 (2).pdf,Thesis_Obsidian\Ordinances\2023\Ordinance No. 0353-23.md,122,False
6060,0353-23,section_3,2023,Ordinance No. 0353-23 (2).pdf,Thesis_Obsidian\Ordinances\2023\Ordinance No. 0353-23.md,137,False
6061,0353-23,section_4,2023,Ordinance No. 0353-23 (2).pdf,Thesis_Obsidian\Ordinances\2023\Ordinance No. 0353-23.md,234,False
6062,0353-23,section_5,2023,Ordinance No. 0353-23 (2).pdf,Thesis_Obsidian\Ordinances\2023\Ordinance No. 0353-23.md,74,False
6063,0353-23,section_6,2023,Ordinance No. 0353-23 (2).pdf,Thesis_Obsidian\Ordinances\2023\Ordinance No. 0353-23.md,166,False
6064,0354-23,section_1,2023,Ordinance No. 0354-23 -Anti-Spaghetti (2).pdf,Thesis_Obsidian\Ordinances\2023\Ordinance No. 0354-23.md,125,False
6065,0354-23,section_3,2023,Ordinance No. 0354-23 -Anti-Spaghetti (2).pdf,Thesis_Obsidian\Ordinances\2023\Ordinance No. 0354-23.md,58,False
6066,0354-23,section_4,2023,Ordinance No. 0354-23 -Anti-Spaghetti (2).pdf,Thesis_Obsidian\Ordinances\2023\Ordinance No. 0354-23.md,-1,True
6067,0354-23,section_5,2023,Ordinance No. 0354-23 -Anti-Spaghetti (2).pdf,Thesis_Obsidian\Ordinances\2023\Ordinance No. 0354-23.md,6,False
6068,0354-23,section_6,2023,Ordinance No. 0354-23 -Anti-Spaghetti (2).pdf,Thesis_Obsidian\Ordinances\2023\Ordinance No. 0354-23.md,125,False
6069,0354-23,section_7,2023,Ordinance No. 0354-23 -Anti-Spaghetti (2).pdf,Thesis_Obsidian\Ordinances\2023\Ordinance No. 0354-23.md,125,False
6070,0354-23,section_8,2023,Ordinance No. 0354-23 -Anti-Spaghetti (2).pdf,Thesis_Obsidian\Ordinances\2023\Ordinance No. 0354-23.md,125,False
6071,0354-23,section_9,2023,Ordinance No. 0354-23 -Anti-Spaghetti (2).pdf,Thesis_Obsidian\Ordinances\2023\Ordinance No. 0354-23.md,125,False
6072,0354-23,section_10,2023,Ordinance No. 0354-23 -Anti-Spaghetti (2).pdf,Thesis_Obsidian\Ordinances\2023\Ordinance No. 0354-23.md,125,False
6073,0354-23,section_11,2023,Ordinance No. 0354-23 -Anti-Spaghetti (2).pdf,Thesis_Obsidian\Ordinances\2023\Ordinance No. 0354-23.md,125,False
6074,0354-23,section_12,2023,Ordinance No. 0354-23 -Anti-Spaghetti (2).pdf,Thesis_Obsidian\Ordinances\2023\Ordinance No. 0354-23.md,125,False
6075,0354-23,section_13,2023,Ordinance No. 0354-23 -Anti-Spaghetti (2).pdf,Thesis_Obsidian\Ordinances\2023\Ordinance No. 0354-23.md,125,False
6076,0354-23,section_14,2023,Ordinance No. 0354-23 -Anti-Spaghetti (2).pdf,Thesis_Obsidian\Ordinances\2023\Ordinance No. 0354-23.md,125,False
6077,0354-23,section_15,2023,Ordinance No. 0354-23 -Anti-Spaghetti (2).pdf,Thesis_Obsidian\Ordinances\2023\Ordinance No. 0354-23.md,125,False
6078,0354-23,section_16,2023,Ordinance No. 0354-23 -Anti-Spaghetti (2).pdf,Thesis_Obsidian\Ordinances\2023\Ordinance No. 0354-23.md,125,False
6079,0354-23,section_17,2023,Ordinance No. 0354-23 -Anti-Spaghetti (2).pdf,Thesis_Obsidian\Ordinances\2023\Ordinance No. 0354-23.md,125,False
6080,0354-23,section_18,2023,Ordinance No. 0354-23 -Anti-Spaghetti (2).pdf,Thesis_Obsidian\Ordinances\2023\Ordinance No. 0354-23.md,125,False
6081,0354-23,section_19,2023,Ordinance No. 0354-23 -Anti-Spaghetti (2).pdf,Thesis_Obsidian\Ordinances\2023\Ordinance No. 0354-23.md,-1,True
6082,0354-23,section_20,2023,Ordinance No. 0354-23 -Anti-Spaghetti (2).pdf,Thesis_Obsidian\Ordinances\2023\Ordinance No. 0354-23.md,-1,True
6083,0354-23,section_21,2023,Ordinance No. 0354-23 -Anti-Spaghetti (2).pdf,Thesis_Obsidian\Ordinances\2023\Ordinance No. 0354-23.md,125,False
6084,0354-23,section_22,2023,Ordinance No. 0354-23 -Anti-Spaghetti (2).pdf,Thesis_Obsidian\Ordinances\2023\Ordinance No. 0354-23.md,80,False
6085,0354-23,section_23,2023,Ordinance No. 0354-23 -Anti-Spaghetti (2).pdf,Thesis_Obsidian\Ordinances\2023\Ordinance No. 0354-23.md,125,False
6086,0354-23,section_24,2023,Ordinance No. 0354-23 -Anti-Spaghetti (2).pdf,Thesis_Obsidian\Ordinances\2023\Ordinance No. 0354-23.md,125,False
6087,0354-23,section_25,2023,Ordinance No. 0354-23 -Anti-Spaghetti (2).pdf,Thesis_Obsidian\Ordinances\2023\Ordinance No. 0354-23.md,125,False
6088,0354-23,section_26,2023,Ordinance No. 0354-23 -Anti-Spaghetti (2).pdf,Thesis_Obsidian\Ordinances\2023\Ordinance No. 0354-23.md,-1,True
6089,0354-23,section_27,2023,Ordinance No. 0354-23 -Anti-Spaghetti (2).pdf,Thesis_Obsidian\Ordinances\2023\Ordinance No. 0354-23.md,-1,True
6090,0354-23,section_28,2023,Ordinance No. 0354-23 -Anti-Spaghetti (2).pdf,Thesis_Obsidian\Ordinances\2023\Ordinance No. 0354-23.md,30,False
6091,0354-23,section_29,2023,Ordinance No. 0354-23 -Anti-Spaghetti (2).pdf,Thesis_Obsidian\Ordinances\2023\Ordinance No. 0354-23.md,88,False
6092,0354-23,section_30,2023,Ordinance No. 0354-23 -Anti-Spaghetti (2).pdf,Thesis_Obsidian\Ordinances\2023\Ordinance No. 0354-23.md,103,False
6093,0354-23,section_31,2023,Ordinance No. 0354-23 -Anti-Spaghetti (2).pdf,Thesis_Obsidian\Ordinances\2023\Ordinance No. 0354-23.md,18,False
6094,0354-23,section_32,2023,Ordinance No. 0354-23 -Anti-Spaghetti (2).pdf,Thesis_Obsidian\Ordinances\2023\Ordinance No. 0354-23.md,0,False
6095,0356-23,section_1,2023,Ordinance No. 0356-23 -CDP 2023-2028 (2).pdf,Thesis_Obsidian\Ordinances\2023\Ordinance No. 0356-23.md,59,False
6096,0356-23,section_3,2023,Ordinance No. 0356-23 -CDP 2023-2028 (2).pdf,Thesis_Obsidian\Ordinances\2023\Ordinance No. 0356-23.md,-1,True
6097,0356-23,section_4,2023,Ordinance No. 0356-23 -CDP 2023-2028 (2).pdf,Thesis_Obsidian\Ordinances\2023\Ordinance No. 0356-23.md,72,False
6098,0356-23,section_5,2023,Ordinance No. 0356-23 -CDP 2023-2028 (2).pdf,Thesis_Obsidian\Ordinances\2023\Ordinance No. 0356-23.md,0,False
6099,0357-23,section_1,2023,Ordinance No. 0357-23 (2).pdf,Thesis_Obsidian\Ordinances\2023\Ordinance No. 0357-23.md,179,False
6100,0357-23,section_2,2023,Ordinance No. 0357-23 (2).pdf,Thesis_Obsidian\Ordinances\2023\Ordinance No. 0357-23.md,21,False
6101,0357-23,section_3,2023,Ordinance No. 0357-23 (2).pdf,Thesis_Obsidian\Ordinances\2023\Ordinance No. 0357-23.md,-1,True
6102,0357-23,section_4,2023,Ordinance No. 0357-23 (2).pdf,Thesis_Obsidian\Ordinances\2023\Ordinance No. 0357-23.md,95,False
6103,0357-23,section_5,2023,Ordinance No. 0357-23 (2).pdf,Thesis_Obsidian\Ordinances\2023\Ordinance No. 0357-23.md,-1,True
6104,0358-23,section_1,2023,Ordinance No. 0358-23 (2).pdf,Thesis_Obsidian\Ordinances\2023\Ordinance No. 0358-23.md,51,False
6105,0358-23,section_2,2023,Ordinance No. 0358-23 (2).pdf,Thesis_Obsidian\Ordinances\2023\Ordinance No. 0358-23.md,51,False
6106,0358-23,section_3,2023,Ordinance No. 0358-23 (2).pdf,Thesis_Obsidian\Ordinances\2023\Ordinance No. 0358-23.md,187,False
6107,0360-23,section_1,2023,Ordinance No. 0360-23 (2).pdf,Thesis_Obsidian\Ordinances\2023\Ordinance No. 0360-23.md,80,False
6108,0360-23,section_2,2023,Ordinance No. 0360-23 (2).pdf,Thesis_Obsidian\Ordinances\2023\Ordinance No. 0360-23.md,12,False
6109,0360-23,section_3,2023,Ordinance No. 0360-23 (2).pdf,Thesis_Obsidian\Ordinances\2023\Ordinance No. 0360-23.md,-1,True
6110,0360-23,section_4,2023,Ordinance No. 0360-23 (2).pdf,Thesis_Obsidian\Ordinances\2023\Ordinance No. 0360-23.md,18,False
6111,0360-23,section_5,2023,Ordinance No. 0360-23 (2).pdf,Thesis_Obsidian\Ordinances\2023\Ordinance No. 0360-23.md,8,False
6112,0361-23,section_1,2023,Ordinance No. 0361-23 (2).pdf,Thesis_Obsidian\Ordinances\2023\Ordinance No. 0361-23.md,241,False
6113,0361-23,section_2,2023,Ordinance No. 0361-23 (2).pdf,Thesis_Obsidian\Ordinances\2023\Ordinance No. 0361-23.md,101,False
6114,0361-23,section_3,2023,Ordinance No. 0361-23 (2).pdf,Thesis_Obsidian\Ordinances\2023\Ordinance No. 0361-23.md,7,False
6115,0361-23,section_4,2023,Ordinance No. 0361-23 (2).pdf,Thesis_Obsidian\Ordinances\2023\Ordinance No. 0361-23.md,38,False
6116,0361-23,section_5,2023,Ordinance No. 0361-23 (2).pdf,Thesis_Obsidian\Ordinances\2023\Ordinance No. 0361-23.md,19,False
6117,0363-23,section_1,2023,Ordinance No. 0363-23 (2).pdf,Thesis_Obsidian\Ordinances\2023\Ordinance No. 0363-23.md,-1,True
6118,0363-23,section_2,2023,Ordinance No. 0363-23 (2).pdf,Thesis_Obsidian\Ordinances\2023\Ordinance No. 0363-23.md,112,False
6119,0363-23,section_455,2023,Ordinance No. 0363-23 (2).pdf,Thesis_Obsidian\Ordinances\2023\Ordinance No. 0363-23.md,-1,True
6120,0363-23,section_4,2023,Ordinance No. 0363-23 (2).pdf,Thesis_Obsidian\Ordinances\2023\Ordinance No. 0363-23.md,38,False
6121,0363-23,section_5,2023,Ordinance No. 0363-23 (2).pdf,Thesis_Obsidian\Ordinances\2023\Ordinance No. 0363-23.md,19,False
6122,0364-23,section_1,2023,Ordinance No. 0364-23 (2).pdf,Thesis_Obsidian\Ordinances\2023\Ordinance No. 0364-23.md,43,False
6123,0364-23,section_2,2023,Ordinance No. 0364-23 (2).pdf,Thesis_Obsidian\Ordinances\2023\Ordinance No. 0364-23.md,175,False
6124,0364-23,section_22,2023,Ordinance No. 0364-23 (2).pdf,Thesis_Obsidian\Ordinances\2023\Ordinance No. 0364-23.md,92,False
6125,0364-23,section_455,2023,Ordinance No. 0364-23 (2).pdf,Thesis_Obsidian\Ordinances\2023\Ordinance No. 0364-23.md,251,False
6126,0364-23,section_3,2023,Ordinance No. 0364-23 (2).pdf,Thesis_Obsidian\Ordinances\2023\Ordinance No. 0364-23.md,7,False
6127,0364-23,section_4,2023,Ordinance No. 0364-23 (2).pdf,Thesis_Obsidian\Ordinances\2023\Ordinance No. 0364-23.md,9,False
6128,0364-23,section_5,2023,Ordinance No. 0364-23 (2).pdf,Thesis_Obsidian\Ordinances\2023\Ordinance No. 0364-23.md,19,False
6129,0366-23,section_1,2023,Ordinance No. 0366-23 (2).pdf,Thesis_Obsidian\Ordinances\2023\Ordinance No. 0366-23.md,-1,True
6130,0366-23,section_2,2023,Ordinance No. 0366-23 (2).pdf,Thesis_Obsidian\Ordinances\2023\Ordinance No. 0366-23.md,136,False
6131,0366-23,section_455,2023,Ordinance No. 0366-23 (2).pdf,Thesis_Obsidian\Ordinances\2023\Ordinance No. 0366-23.md,143,False
6132,0366-23,section_3,2023,Ordinance No. 0366-23 (2).pdf,Thesis_Obsidian\Ordinances\2023\Ordinance No. 0366-23.md,7,False
6133,0366-23,section_4,2023,Ordinance No. 0366-23 (2).pdf,Thesis_Obsidian\Ordinances\2023\Ordinance No. 0366-23.md,204,False
6134,0366-23,section_5,2023,Ordinance No. 0366-23 (2).pdf,Thesis_Obsidian\Ordinances\2023\Ordinance No. 0366-23.md,19,False
6135,0367-23,section_3,2023,Ordinance No. 0367-23 MOA Philippine Eagle Conservation  (2).pdf,Thesis_Obsidian\Ordinances\2023\Ordinance No. 0367-23.md,259,False
6136,0371-23,section_1,2023,Ordinance No. 0371-23 (2).pdf,Thesis_Obsidian\Ordinances\2023\Ordinance No. 0371-23.md,43,False
6137,0371-23,section_22,2023,Ordinance No. 0371-23 (2).pdf,Thesis_Obsidian\Ordinances\2023\Ordinance No. 0371-23.md,92,False
6138,0371-23,section_455,2023,Ordinance No. 0371-23 (2).pdf,Thesis_Obsidian\Ordinances\2023\Ordinance No. 0371-23.md,110,False
6139,0371-23,section_3,2023,Ordinance No. 0371-23 (2).pdf,Thesis_Obsidian\Ordinances\2023\Ordinance No. 0371-23.md,7,False
6140,0371-23,section_4,2023,Ordinance No. 0371-23 (2).pdf,Thesis_Obsidian\Ordinances\2023\Ordinance No. 0371-23.md,256,False
6141,0371-23,section_5,2023,Ordinance No. 0371-23 (2).pdf,Thesis_Obsidian\Ordinances\2023\Ordinance No. 0371-23.md,19,False
6142,0373-23,section_1,2023,Ordinance No. 0373-23 (2).pdf,Thesis_Obsidian\Ordinances\2023\Ordinance No. 0373-23.md,172,False
6143,0373-23,section_455,2023,Ordinance No. 0373-23 (2).pdf,Thesis_Obsidian\Ordinances\2023\Ordinance No. 0373-23.md,33,False
6144,0373-23,section_3,2023,Ordinance No. 0373-23 (2).pdf,Thesis_Obsidian\Ordinances\2023\Ordinance No. 0373-23.md,7,False
6145,0373-23,section_4,2023,Ordinance No. 0373-23 (2).pdf,Thesis_Obsidian\Ordinances\2023\Ordinance No. 0373-23.md,268,False
6146,0373-23,section_5,2023,Ordinance No. 0373-23 (2).pdf,Thesis_Obsidian\Ordinances\2023\Ordinance No. 0373-23.md,259,False
6147,0374-23,section_1,2023,Ordinance No. 0374-23 (2).pdf,Thesis_Obsidian\Ordinances\2023\Ordinance No. 0374-23.md,172,False
6148,0374-23,section_455,2023,Ordinance No. 0374-23 (2).pdf,Thesis_Obsidian\Ordinances\2023\Ordinance No. 0374-23.md,129,False
6149,0374-23,section_16,2023,Ordinance No. 0374-23 (2).pdf,Thesis_Obsidian\Ordinances\2023\Ordinance No. 0374-23.md,45,False
6150,0374-23,section_5,2023,Ordinance No. 0374-23 (2).pdf,Thesis_Obsidian\Ordinances\2023\Ordinance No. 0374-23.md,259,False
6151,0377-23,section_1,2023,Ordinance No. 0377-23 (2).pdf,Thesis_Obsidian\Ordinances\2023\Ordinance No. 0377-23.md,11,False
6152,0377-23,section_2,2023,Ordinance No. 0377-23 (2).pdf,Thesis_Obsidian\Ordinances\2023\Ordinance No. 0377-23.md,122,False
6153,0377-23,section_3,2023,Ordinance No. 0377-23 (2).pdf,Thesis_Obsidian\Ordinances\2023\Ordinance No. 0377-23.md,137,False
6154,0377-23,section_4,2023,Ordinance No. 0377-23 (2).pdf,Thesis_Obsidian\Ordinances\2023\Ordinance No. 0377-23.md,234,False
6155,0377-23,section_5,2023,Ordinance No. 0377-23 (2).pdf,Thesis_Obsidian\Ordinances\2023\Ordinance No. 0377-23.md,3,False
6156,0377-23,section_6,2023,Ordinance No. 0377-23 (2).pdf,Thesis_Obsidian\Ordinances\2023\Ordinance No. 0377-23.md,166,False
6157,0378-23,section_1,2023,"Ordinance No. 0378-23 MOA, DOH (2).pdf",Thesis_Obsidian\Ordinances\2023\Ordinance No. 0378-23.md,67,False
6158,0378-23,section_3,2023,"Ordinance No. 0378-23 MOA, DOH (2).pdf",Thesis_Obsidian\Ordinances\2023\Ordinance No. 0378-23.md,-1,True
6159,0378-23,section_4,2023,"Ordinance No. 0378-23 MOA, DOH (2).pdf",Thesis_Obsidian\Ordinances\2023\Ordinance No. 0378-23.md,16,False
6160,0378-23,section_5,2023,"Ordinance No. 0378-23 MOA, DOH (2).pdf",Thesis_Obsidian\Ordinances\2023\Ordinance No. 0378-23.md,19,False
6161,0379-23,section_1,2023,Ordinance No. 0379-23 (2).pdf,Thesis_Obsidian\Ordinances\2023\Ordinance No. 0379-23.md,-1,True
6162,0379-23,section_2,2023,Ordinance No. 0379-23 (2).pdf,Thesis_Obsidian\Ordinances\2023\Ordinance No. 0379-23.md,201,False
6163,0379-23,section_3,2023,Ordinance No. 0379-23 (2).pdf,Thesis_Obsidian\Ordinances\2023\Ordinance No. 0379-23.md,170,False
6164,0379-23,section_4,2023,Ordinance No. 0379-23 (2).pdf,Thesis_Obsidian\Ordinances\2023\Ordinance No. 0379-23.md,230,False
6165,0379-23,section_5,2023,Ordinance No. 0379-23 (2).pdf,Thesis_Obsidian\Ordinances\2023\Ordinance No. 0379-23.md,146,False
6166,0379-23,section_6,2023,Ordinance No. 0379-23 (2).pdf,Thesis_Obsidian\Ordinances\2023\Ordinance No. 0379-23.md,1,False
6167,0380-23,section_2,2023,Ordinance No. 0380-23 (2).pdf,Thesis_Obsidian\Ordinances\2023\Ordinance No. 0380-23.md,201,False
6168,0380-23,section_3,2023,Ordinance No. 0380-23 (2).pdf,Thesis_Obsidian\Ordinances\2023\Ordinance No. 0380-23.md,42,False
6169,0380-23,section_4,2023,Ordinance No. 0380-23 (2).pdf,Thesis_Obsidian\Ordinances\2023\Ordinance No. 0380-23.md,220,False
6170,0381-23,section_1,2023,Ordinance No. 0381-23 (2).pdf,Thesis_Obsidian\Ordinances\2023\Ordinance No. 0381-23.md,-1,True
6171,0381-23,section_2,2023,Ordinance No. 0381-23 (2).pdf,Thesis_Obsidian\Ordinances\2023\Ordinance No. 0381-23.md,165,False
6172,0381-23,section_3,2023,Ordinance No. 0381-23 (2).pdf,Thesis_Obsidian\Ordinances\2023\Ordinance No. 0381-23.md,42,False
6173,0381-23,section_4,2023,Ordinance No. 0381-23 (2).pdf,Thesis_Obsidian\Ordinances\2023\Ordinance No. 0381-23.md,230,False
6174,0381-23,section_5,2023,Ordinance No. 0381-23 (2).pdf,Thesis_Obsidian\Ordinances\2023\Ordinance No. 0381-23.md,83,False
6175,0381-23,section_6,2023,Ordinance No. 0381-23 (2).pdf,Thesis_Obsidian\Ordinances\2023\Ordinance No. 0381-23.md,1,False
6176,0383-23,section_1,2023,Ordinance No. 0383-23 (2).pdf,Thesis_Obsidian\Ordinances\2023\Ordinance No. 0383-23.md,173,False
6177,0383-23,section_3,2023,Ordinance No. 0383-23 (2).pdf,Thesis_Obsidian\Ordinances\2023\Ordinance No. 0383-23.md,120,False
6178,0383-23,section_5,2023,Ordinance No. 0383-23 (2).pdf,Thesis_Obsidian\Ordinances\2023\Ordinance No. 0383-23.md,146,False
6179,0383-23,section_6,2023,Ordinance No. 0383-23 (2).pdf,Thesis_Obsidian\Ordinances\2023\Ordinance No. 0383-23.md,1,False
6180,0384-23,section_1,2023,Ordinance No. 0384-23 (2).pdf,Thesis_Obsidian\Ordinances\2023\Ordinance No. 0384-23.md,-1,True
6181,0384-23,section_2,2023,Ordinance No. 0384-23 (2).pdf,Thesis_Obsidian\Ordinances\2023\Ordinance No. 0384-23.md,165,False
6182,0384-23,section_3,2023,Ordinance No. 0384-23 (2).pdf,Thesis_Obsidian\Ordinances\2023\Ordinance No. 0384-23.md,42,False
6183,0384-23,section_4,2023,Ordinance No. 0384-23 (2).pdf,Thesis_Obsidian\Ordinances\2023\Ordinance No. 0384-23.md,230,False
6184,0384-23,section_5,2023,Ordinance No. 0384-23 (2).pdf,Thesis_Obsidian\Ordinances\2023\Ordinance No. 0384-23.md,83,False
6185,0384-23,section_6,2023,Ordinance No. 0384-23 (2).pdf,Thesis_Obsidian\Ordinances\2023\Ordinance No. 0384-23.md,1,False
6186,0385-23,section_1,2023,Ordinance No. 0385-23 (2).pdf,Thesis_Obsidian\Ordinances\2023\Ordinance No. 0385-23.md,241,False
6187,0385-23,section_2,2023,Ordinance No. 0385-23 (2).pdf,Thesis_Obsidian\Ordinances\2023\Ordinance No. 0385-23.md,34,False
6188,0385-23,section_4,2023,Ordinance No. 0385-23 (2).pdf,Thesis_Obsidian\Ordinances\2023\Ordinance No. 0385-23.md,231,False
6189,0385-23,section_5,2023,Ordinance No. 0385-23 (2).pdf,Thesis_Obsidian\Ordinances\2023\Ordinance No. 0385-23.md,19,False
6190,0475-21,section_1,2023,Ordinance No. 0475-21.pdf,Thesis_Obsidian\Ordinances\2023\Ordinance No. 0475-21.md,-1,True
6191,0475-21,section_2,2023,Ordinance No. 0475-21.pdf,Thesis_Obsidian\Ordinances\2023\Ordinance No. 0475-21.md,247,False
6192,0475-21,section_3,2023,Ordinance No. 0475-21.pdf,Thesis_Obsidian\Ordinances\2023\Ordinance No. 0475-21.md,-1,True
6193,0475-21,section_4,2023,Ordinance No. 0475-21.pdf,Thesis_Obsidian\Ordinances\2023\Ordinance No. 0475-21.md,-1,True
6194,0475-21,section_5,2023,Ordinance No. 0475-21.pdf,Thesis_Obsidian\Ordinances\2023\Ordinance No. 0475-21.md,93,False
6195,0475-21,section_6,2023,Ordinance No. 0475-21.pdf,Thesis_Obsidian\Ordinances\2023\Ordinance No. 0475-21.md,134,False
6196,0475-21,section_7,2023,Ordinance No. 0475-21.pdf,Thesis_Obsidian\Ordinances\2023\Ordinance No. 0475-21.md,114,False
6197,0475-21,section_8,2023,Ordinance No. 0475-21.pdf,Thesis_Obsidian\Ordinances\2023\Ordinance No. 0475-21.md,0,False
6198,0362-23,section_1,2024,Ordinance No. 0362-23 (2).pdf,Thesis_Obsidian\Ordinances\2024\Ordinance No. 0362-23.md,34,False
6199,0362-23,section_3,2024,Ordinance No. 0362-23 (2).pdf,Thesis_Obsidian\Ordinances\2024\Ordinance No. 0362-23.md,60,False
6200,0362-23,section_4,2024,Ordinance No. 0362-23 (2).pdf,Thesis_Obsidian\Ordinances\2024\Ordinance No. 0362-23.md,219,False
6201,0362-23,section_5,2024,Ordinance No. 0362-23 (2).pdf,Thesis_Obsidian\Ordinances\2024\Ordinance No. 0362-23.md,207,False
6202,0375-23,section_1,2024,Ordinance No. 0375-23 (2).pdf,Thesis_Obsidian\Ordinances\2024\Ordinance No. 0375-23.md,46,False
6203,0375-23,section_2,2024,Ordinance No. 0375-23 (2).pdf,Thesis_Obsidian\Ordinances\2024\Ordinance No. 0375-23.md,33,False
6204,0375-23,section_3,2024,Ordinance No. 0375-23 (2).pdf,Thesis_Obsidian\Ordinances\2024\Ordinance No. 0375-23.md,63,False
6205,0375-23,section_4,2024,Ordinance No. 0375-23 (2).pdf,Thesis_Obsidian\Ordinances\2024\Ordinance No. 0375-23.md,9,False
6206,0375-23,section_5,2024,Ordinance No. 0375-23 (2).pdf,Thesis_Obsidian\Ordinances\2024\Ordinance No. 0375-23.md,98,False
6207,0382-23,section_2,2024,Ordinance No. 0382-23 (2).pdf,Thesis_Obsidian\Ordinances\2024\Ordinance No. 0382-23.md,62,False
6208,0382-23,section_4,2024,Ordinance No. 0382-23 (2).pdf,Thesis_Obsidian\Ordinances\2024\Ordinance No. 0382-23.md,220,False
6209,0382-23,section_6,2024,Ordinance No. 0382-23 (2).pdf,Thesis_Obsidian\Ordinances\2024\Ordinance No. 0382-23.md,1,False
6210,0386-24,section_1,2024,Ordinance No. 0386-24 -MOU Feeding (1).pdf,Thesis_Obsidian\Ordinances\2024\Ordinance No. 0386-24.md,-1,True
6211,0386-24,section_2,2024,Ordinance No. 0386-24 -MOU Feeding (1).pdf,Thesis_Obsidian\Ordinances\2024\Ordinance No. 0386-24.md,67,False
6212,0386-24,section_3,2024,Ordinance No. 0386-24 -MOU Feeding (1).pdf,Thesis_Obsidian\Ordinances\2024\Ordinance No. 0386-24.md,123,False
6213,0386-24,section_4,2024,Ordinance No. 0386-24 -MOU Feeding (1).pdf,Thesis_Obsidian\Ordinances\2024\Ordinance No. 0386-24.md,252,False
6214,0386-24,section_5,2024,Ordinance No. 0386-24 -MOU Feeding (1).pdf,Thesis_Obsidian\Ordinances\2024\Ordinance No. 0386-24.md,-1,True
6215,0387-24,section_1,2024,Ordinance No. 0387-24 -Incentive Code (1).pdf,Thesis_Obsidian\Ordinances\2024\Ordinance No. 0387-24.md,102,False
6216,0387-24,section_2,2024,Ordinance No. 0387-24 -Incentive Code (1).pdf,Thesis_Obsidian\Ordinances\2024\Ordinance No. 0387-24.md,-1,True
6217,0387-24,section_3,2024,Ordinance No. 0387-24 -Incentive Code (1).pdf,Thesis_Obsidian\Ordinances\2024\Ordinance No. 0387-24.md,58,False
6218,0387-24,section_4,2024,Ordinance No. 0387-24 -Incentive Code (1).pdf,Thesis_Obsidian\Ordinances\2024\Ordinance No. 0387-24.md,53,False
6219,0388-24,section_1,2024,Ordinance No. 0388-24 -MOA Assumption Polytechnic (1).pdf,Thesis_Obsidian\Ordinances\2024\Ordinance No. 0388-24.md,172,False
6220,0388-24,section_2,2024,Ordinance No. 0388-24 -MOA Assumption Polytechnic (1).pdf,Thesis_Obsidian\Ordinances\2024\Ordinance No. 0388-24.md,101,False
6221,0388-24,section_3,2024,Ordinance No. 0388-24 -MOA Assumption Polytechnic (1).pdf,Thesis_Obsidian\Ordinances\2024\Ordinance No. 0388-24.md,7,False
6222,0388-24,section_4,2024,Ordinance No. 0388-24 -MOA Assumption Polytechnic (1).pdf,Thesis_Obsidian\Ordinances\2024\Ordinance No. 0388-24.md,9,False
6223,0388-24,section_5,2024,Ordinance No. 0388-24 -MOA Assumption Polytechnic (1).pdf,Thesis_Obsidian\Ordinances\2024\Ordinance No. 0388-24.md,259,False
6224,0389-24,section_1,2024,Ordinance No. 0389-24 -MOA Advanced Infinit (1).pdf,Thesis_Obsidian\Ordinances\2024\Ordinance No. 0389-24.md,172,False
6225,0389-24,section_2,2024,Ordinance No. 0389-24 -MOA Advanced Infinit (1).pdf,Thesis_Obsidian\Ordinances\2024\Ordinance No. 0389-24.md,-1,True
6226,0389-24,section_3,2024,Ordinance No. 0389-24 -MOA Advanced Infinit (1).pdf,Thesis_Obsidian\Ordinances\2024\Ordinance No. 0389-24.md,7,False
6227,0389-24,section_4,2024,Ordinance No. 0389-24 -MOA Advanced Infinit (1).pdf,Thesis_Obsidian\Ordinances\2024\Ordinance No. 0389-24.md,27,False
6228,0389-24,section_5,2024,Ordinance No. 0389-24 -MOA Advanced Infinit (1).pdf,Thesis_Obsidian\Ordinances\2024\Ordinance No. 0389-24.md,19,False
6229,0390-24,section_1,2024,Ordinance No. 0390-24 (1).pdf,Thesis_Obsidian\Ordinances\2024\Ordinance No. 0390-24.md,-1,True
6230,0390-24,section_2,2024,Ordinance No. 0390-24 (1).pdf,Thesis_Obsidian\Ordinances\2024\Ordinance No. 0390-24.md,-1,True
6231,0390-24,section_3,2024,Ordinance No. 0390-24 (1).pdf,Thesis_Obsidian\Ordinances\2024\Ordinance No. 0390-24.md,-1,True
6232,0390-24,section_4,2024,Ordinance No. 0390-24 (1).pdf,Thesis_Obsidian\Ordinances\2024\Ordinance No. 0390-24.md,10,False
6233,0390-24,section_5,2024,Ordinance No. 0390-24 (1).pdf,Thesis_Obsidian\Ordinances\2024\Ordinance No. 0390-24.md,8,False
6234,0391-24,section_1,2024,Ordinance No. 0391-24 Renewal of Contract of Lease Frontmovers Logistics Company (1).pdf,Thesis_Obsidian\Ordinances\2024\Ordinance No. 0391-24.md,199,False
6235,0391-24,section_2,2024,Ordinance No. 0391-24 Renewal of Contract of Lease Frontmovers Logistics Company (1).pdf,Thesis_Obsidian\Ordinances\2024\Ordinance No. 0391-24.md,33,False
6236,0391-24,section_3,2024,Ordinance No. 0391-24 Renewal of Contract of Lease Frontmovers Logistics Company (1).pdf,Thesis_Obsidian\Ordinances\2024\Ordinance No. 0391-24.md,199,False
6237,0391-24,section_4,2024,Ordinance No. 0391-24 Renewal of Contract of Lease Frontmovers Logistics Company (1).pdf,Thesis_Obsidian\Ordinances\2024\Ordinance No. 0391-24.md,86,False
6238,0391-24,section_5,2024,Ordinance No. 0391-24 Renewal of Contract of Lease Frontmovers Logistics Company (1).pdf,Thesis_Obsidian\Ordinances\2024\Ordinance No. 0391-24.md,-1,True
6239,0392-24,section_1,2024,Ordinance No. 0392-24 Renewal of Contract of Lease D. Porio  (1).pdf,Thesis_Obsidian\Ordinances\2024\Ordinance No. 0392-24.md,199,False
6240,0392-24,section_2,2024,Ordinance No. 0392-24 Renewal of Contract of Lease D. Porio  (1).pdf,Thesis_Obsidian\Ordinances\2024\Ordinance No. 0392-24.md,33,False
6241,0392-24,section_3,2024,Ordinance No. 0392-24 Renewal of Contract of Lease D. Porio  (1).pdf,Thesis_Obsidian\Ordinances\2024\Ordinance No. 0392-24.md,199,False
6242,0392-24,section_4,2024,Ordinance No. 0392-24 Renewal of Contract of Lease D. Porio  (1).pdf,Thesis_Obsidian\Ordinances\2024\Ordinance No. 0392-24.md,95,False
6243,0392-24,section_5,2024,Ordinance No. 0392-24 Renewal of Contract of Lease D. Porio  (1).pdf,Thesis_Obsidian\Ordinances\2024\Ordinance No. 0392-24.md,-1,True
6244,0394-24,section_1,2024,"Ordinance No. 0394-24 -MOA, P. Ali (1).pdf",Thesis_Obsidian\Ordinances\2024\Ordinance No. 0394-24.md,160,False
6245,0394-24,section_2,2024,"Ordinance No. 0394-24 -MOA, P. Ali (1).pdf",Thesis_Obsidian\Ordinances\2024\Ordinance No. 0394-24.md,267,False
6246,0394-24,section_3,2024,"Ordinance No. 0394-24 -MOA, P. Ali (1).pdf",Thesis_Obsidian\Ordinances\2024\Ordinance No. 0394-24.md,160,False
6247,0394-24,section_4,2024,"Ordinance No. 0394-24 -MOA, P. Ali (1).pdf",Thesis_Obsidian\Ordinances\2024\Ordinance No. 0394-24.md,74,False
6248,0394-24,section_5,2024,"Ordinance No. 0394-24 -MOA, P. Ali (1).pdf",Thesis_Obsidian\Ordinances\2024\Ordinance No. 0394-24.md,222,False
6249,0395-24,section_1,2024,"Ordinance No. 0395-24 -MOA, V. Ambasan (1).pdf",Thesis_Obsidian\Ordinances\2024\Ordinance No. 0395-24.md,160,False
6250,0395-24,section_2,2024,"Ordinance No. 0395-24 -MOA, V. Ambasan (1).pdf",Thesis_Obsidian\Ordinances\2024\Ordinance No. 0395-24.md,267,False
6251,0395-24,section_3,2024,"Ordinance No. 0395-24 -MOA, V. Ambasan (1).pdf",Thesis_Obsidian\Ordinances\2024\Ordinance No. 0395-24.md,160,False
6252,0395-24,section_4,2024,"Ordinance No. 0395-24 -MOA, V. Ambasan (1).pdf",Thesis_Obsidian\Ordinances\2024\Ordinance No. 0395-24.md,74,False
6253,0395-24,section_5,2024,"Ordinance No. 0395-24 -MOA, V. Ambasan (1).pdf",Thesis_Obsidian\Ordinances\2024\Ordinance No. 0395-24.md,222,False
6254,0396-24,section_1,2024,"Ordinance No. 0396-24 -MOA, S. Andaya (1).pdf",Thesis_Obsidian\Ordinances\2024\Ordinance No. 0396-24.md,160,False
6255,0396-24,section_2,2024,"Ordinance No. 0396-24 -MOA, S. Andaya (1).pdf",Thesis_Obsidian\Ordinances\2024\Ordinance No. 0396-24.md,267,False
6256,0396-24,section_3,2024,"Ordinance No. 0396-24 -MOA, S. Andaya (1).pdf",Thesis_Obsidian\Ordinances\2024\Ordinance No. 0396-24.md,160,False
6257,0396-24,section_5,2024,"Ordinance No. 0396-24 -MOA, S. Andaya (1).pdf",Thesis_Obsidian\Ordinances\2024\Ordinance No. 0396-24.md,222,False
6258,0397-24,section_1,2024,"Ordinance No. 0397-24 - MOA, F. Barrera (1).pdf",Thesis_Obsidian\Ordinances\2024\Ordinance No. 0397-24.md,222,False
6259,0398-24,section_2,2024,"Ordinance No. 0398-24 -MOA, R. Dagocdocan (1).pdf",Thesis_Obsidian\Ordinances\2024\Ordinance No. 0398-24.md,267,False
6260,0398-24,section_3,2024,"Ordinance No. 0398-24 -MOA, R. Dagocdocan (1).pdf",Thesis_Obsidian\Ordinances\2024\Ordinance No. 0398-24.md,160,False
6261,0398-24,section_5,2024,"Ordinance No. 0398-24 -MOA, R. Dagocdocan (1).pdf",Thesis_Obsidian\Ordinances\2024\Ordinance No. 0398-24.md,222,False
6262,0399-24,section_1,2024,"Ordinance No. 0399-24 -MOA, C. Iglesias (1).pdf",Thesis_Obsidian\Ordinances\2024\Ordinance No. 0399-24.md,160,False
6263,0399-24,section_2,2024,"Ordinance No. 0399-24 -MOA, C. Iglesias (1).pdf",Thesis_Obsidian\Ordinances\2024\Ordinance No. 0399-24.md,-1,True
6264,0399-24,section_455,2024,"Ordinance No. 0399-24 -MOA, C. Iglesias (1).pdf",Thesis_Obsidian\Ordinances\2024\Ordinance No. 0399-24.md,196,False
6265,0399-24,section_16,2024,"Ordinance No. 0399-24 -MOA, C. Iglesias (1).pdf",Thesis_Obsidian\Ordinances\2024\Ordinance No. 0399-24.md,176,False
6266,0399-24,section_3,2024,"Ordinance No. 0399-24 -MOA, C. Iglesias (1).pdf",Thesis_Obsidian\Ordinances\2024\Ordinance No. 0399-24.md,160,False
6267,0399-24,section_4,2024,"Ordinance No. 0399-24 -MOA, C. Iglesias (1).pdf",Thesis_Obsidian\Ordinances\2024\Ordinance No. 0399-24.md,18,False
6268,0399-24,section_5,2024,"Ordinance No. 0399-24 -MOA, C. Iglesias (1).pdf",Thesis_Obsidian\Ordinances\2024\Ordinance No. 0399-24.md,222,False
6269,0400-24,section_1,2024,"Ordinance No. 0400-24 -MOA, L. Maxino (1).pdf",Thesis_Obsidian\Ordinances\2024\Ordinance No. 0400-24.md,160,False
6270,0400-24,section_2,2024,"Ordinance No. 0400-24 -MOA, L. Maxino (1).pdf",Thesis_Obsidian\Ordinances\2024\Ordinance No. 0400-24.md,267,False
6271,0400-24,section_3,2024,"Ordinance No. 0400-24 -MOA, L. Maxino (1).pdf",Thesis_Obsidian\Ordinances\2024\Ordinance No. 0400-24.md,160,False
6272,0400-24,section_4,2024,"Ordinance No. 0400-24 -MOA, L. Maxino (1).pdf",Thesis_Obsidian\Ordinances\2024\Ordinance No. 0400-24.md,152,False
6273,0400-24,section_5,2024,"Ordinance No. 0400-24 -MOA, L. Maxino (1).pdf",Thesis_Obsidian\Ordinances\2024\Ordinance No. 0400-24.md,222,False
6274,0401-24,section_1,2024,"Ordinance No. 0401-24 -MOA, M. Robleda (1).pdf",Thesis_Obsidian\Ordinances\2024\Ordinance No. 0401-24.md,160,False
6275,0401-24,section_2,2024,"Ordinance No. 0401-24 -MOA, M. Robleda (1).pdf",Thesis_Obsidian\Ordinances\2024\Ordinance No. 0401-24.md,67,False
6276,0401-24,section_3,2024,"Ordinance No. 0401-24 -MOA, M. Robleda (1).pdf",Thesis_Obsidian\Ordinances\2024\Ordinance No. 0401-24.md,160,False
6277,0401-24,section_4,2024,"Ordinance No. 0401-24 -MOA, M. Robleda (1).pdf",Thesis_Obsidian\Ordinances\2024\Ordinance No. 0401-24.md,3,False
6278,0401-24,section_5,2024,"Ordinance No. 0401-24 -MOA, M. Robleda (1).pdf",Thesis_Obsidian\Ordinances\2024\Ordinance No. 0401-24.md,222,False
6279,0402-24,section_2,2024,"Ordinance No. 0402-24 -MOA, A. Sumobay (1).pdf",Thesis_Obsidian\Ordinances\2024\Ordinance No. 0402-24.md,89,False
6280,0402-24,section_16,2024,"Ordinance No. 0402-24 -MOA, A. Sumobay (1).pdf",Thesis_Obsidian\Ordinances\2024\Ordinance No. 0402-24.md,45,False
6281,0402-24,section_3,2024,"Ordinance No. 0402-24 -MOA, A. Sumobay (1).pdf",Thesis_Obsidian\Ordinances\2024\Ordinance No. 0402-24.md,160,False
6282,0402-24,section_4,2024,"Ordinance No. 0402-24 -MOA, A. Sumobay (1).pdf",Thesis_Obsidian\Ordinances\2024\Ordinance No. 0402-24.md,148,False
6283,0402-24,section_5,2024,"Ordinance No. 0402-24 -MOA, A. Sumobay (1).pdf",Thesis_Obsidian\Ordinances\2024\Ordinance No. 0402-24.md,222,False
6284,0403-24,section_1,2024,"Ordinance No. 0403-24 -DOU, PNP (1).pdf",Thesis_Obsidian\Ordinances\2024\Ordinance No. 0403-24.md,46,False
6285,0403-24,section_2,2024,"Ordinance No. 0403-24 -DOU, PNP (1).pdf",Thesis_Obsidian\Ordinances\2024\Ordinance No. 0403-24.md,129,False
6286,0403-24,section_16,2024,"Ordinance No. 0403-24 -DOU, PNP (1).pdf",Thesis_Obsidian\Ordinances\2024\Ordinance No. 0403-24.md,45,False
6287,0403-24,section_3,2024,"Ordinance No. 0403-24 -DOU, PNP (1).pdf",Thesis_Obsidian\Ordinances\2024\Ordinance No. 0403-24.md,63,False
6288,0403-24,section_4,2024,"Ordinance No. 0403-24 -DOU, PNP (1).pdf",Thesis_Obsidian\Ordinances\2024\Ordinance No. 0403-24.md,-1,True
6289,0403-24,section_5,2024,"Ordinance No. 0403-24 -DOU, PNP (1).pdf",Thesis_Obsidian\Ordinances\2024\Ordinance No. 0403-24.md,98,False
6290,0404-24,section_1,2024,Ordinance No. 0404-24 LOU CAAP-Davao Airport (1).pdf,Thesis_Obsidian\Ordinances\2024\Ordinance No. 0404-24.md,-1,True
6291,0404-24,section_2,2024,Ordinance No. 0404-24 LOU CAAP-Davao Airport (1).pdf,Thesis_Obsidian\Ordinances\2024\Ordinance No. 0404-24.md,112,False
6292,0404-24,section_455,2024,Ordinance No. 0404-24 LOU CAAP-Davao Airport (1).pdf,Thesis_Obsidian\Ordinances\2024\Ordinance No. 0404-24.md,85,False
6293,0404-24,section_4,2024,Ordinance No. 0404-24 LOU CAAP-Davao Airport (1).pdf,Thesis_Obsidian\Ordinances\2024\Ordinance No. 0404-24.md,53,False
6294,0405-24,section_1,2024,"Ordinance No. 0405-24 -MOA, Brokenshire (1).pdf",Thesis_Obsidian\Ordinances\2024\Ordinance No. 0405-24.md,-1,True
6295,0405-24,section_2,2024,"Ordinance No. 0405-24 -MOA, Brokenshire (1).pdf",Thesis_Obsidian\Ordinances\2024\Ordinance No. 0405-24.md,34,False
6296,0405-24,section_4,2024,"Ordinance No. 0405-24 -MOA, Brokenshire (1).pdf",Thesis_Obsidian\Ordinances\2024\Ordinance No. 0405-24.md,-1,True
6297,0407-24,section_1,2024,"Ordinance No. 0407-24 -QRF, Brgys. in Davao City (1).pdf",Thesis_Obsidian\Ordinances\2024\Ordinance No. 0407-24.md,77,False
6298,0407-24,section_2,2024,"Ordinance No. 0407-24 -QRF, Brgys. in Davao City (1).pdf",Thesis_Obsidian\Ordinances\2024\Ordinance No. 0407-24.md,227,False
6299,0407-24,section_3,2024,"Ordinance No. 0407-24 -QRF, Brgys. in Davao City (1).pdf",Thesis_Obsidian\Ordinances\2024\Ordinance No. 0407-24.md,77,False
6300,0407-24,section_4,2024,"Ordinance No. 0407-24 -QRF, Brgys. in Davao City (1).pdf",Thesis_Obsidian\Ordinances\2024\Ordinance No. 0407-24.md,162,False
6301,0407-24,section_5,2024,"Ordinance No. 0407-24 -QRF, Brgys. in Davao City (1).pdf",Thesis_Obsidian\Ordinances\2024\Ordinance No. 0407-24.md,225,False
6302,0407-24,section_6,2024,"Ordinance No. 0407-24 -QRF, Brgys. in Davao City (1).pdf",Thesis_Obsidian\Ordinances\2024\Ordinance No. 0407-24.md,1,False
6303,0408-24,section_1,2024,Ordinance No. 0408-24 -QRF Welfare Goods (1).pdf,Thesis_Obsidian\Ordinances\2024\Ordinance No. 0408-24.md,17,False
6304,0408-24,section_2,2024,Ordinance No. 0408-24 -QRF Welfare Goods (1).pdf,Thesis_Obsidian\Ordinances\2024\Ordinance No. 0408-24.md,109,False
6305,0408-24,section_4,2024,Ordinance No. 0408-24 -QRF Welfare Goods (1).pdf,Thesis_Obsidian\Ordinances\2024\Ordinance No. 0408-24.md,77,False
6306,0408-24,section_5,2024,Ordinance No. 0408-24 -QRF Welfare Goods (1).pdf,Thesis_Obsidian\Ordinances\2024\Ordinance No. 0408-24.md,230,False
6307,0408-24,section_6,2024,Ordinance No. 0408-24 -QRF Welfare Goods (1).pdf,Thesis_Obsidian\Ordinances\2024\Ordinance No. 0408-24.md,83,False
6308,0408-24,section_7,2024,Ordinance No. 0408-24 -QRF Welfare Goods (1).pdf,Thesis_Obsidian\Ordinances\2024\Ordinance No. 0408-24.md,1,False
6309,0409-24,section_1,2024,"Ordinance No. 0409-24 -QRF, Davao de Oro (1).pdf",Thesis_Obsidian\Ordinances\2024\Ordinance No. 0409-24.md,96,False
6310,0409-24,section_2,2024,"Ordinance No. 0409-24 -QRF, Davao de Oro (1).pdf",Thesis_Obsidian\Ordinances\2024\Ordinance No. 0409-24.md,109,False
6311,0409-24,section_3,2024,"Ordinance No. 0409-24 -QRF, Davao de Oro (1).pdf",Thesis_Obsidian\Ordinances\2024\Ordinance No. 0409-24.md,170,False
6312,0409-24,section_4,2024,"Ordinance No. 0409-24 -QRF, Davao de Oro (1).pdf",Thesis_Obsidian\Ordinances\2024\Ordinance No. 0409-24.md,229,False
6313,0409-24,section_2l,2024,"Ordinance No. 0409-24 -QRF, Davao de Oro (1).pdf",Thesis_Obsidian\Ordinances\2024\Ordinance No. 0409-24.md,145,False
6314,0409-24,section_5,2024,"Ordinance No. 0409-24 -QRF, Davao de Oro (1).pdf",Thesis_Obsidian\Ordinances\2024\Ordinance No. 0409-24.md,1,False
6315,0410-24,section_1,2024,"Ordinance No. 0410-24 -QRF, Davao del Norte (1).pdf",Thesis_Obsidian\Ordinances\2024\Ordinance No. 0410-24.md,96,False
6316,0410-24,section_2,2024,"Ordinance No. 0410-24 -QRF, Davao del Norte (1).pdf",Thesis_Obsidian\Ordinances\2024\Ordinance No. 0410-24.md,109,False
6317,0410-24,section_3,2024,"Ordinance No. 0410-24 -QRF, Davao del Norte (1).pdf",Thesis_Obsidian\Ordinances\2024\Ordinance No. 0410-24.md,170,False
6318,0410-24,section_4,2024,"Ordinance No. 0410-24 -QRF, Davao del Norte (1).pdf",Thesis_Obsidian\Ordinances\2024\Ordinance No. 0410-24.md,99,False
6319,0410-24,section_2l,2024,"Ordinance No. 0410-24 -QRF, Davao del Norte (1).pdf",Thesis_Obsidian\Ordinances\2024\Ordinance No. 0410-24.md,104,False
6320,0410-24,section_5,2024,"Ordinance No. 0410-24 -QRF, Davao del Norte (1).pdf",Thesis_Obsidian\Ordinances\2024\Ordinance No. 0410-24.md,83,False
6321,0410-24,section_6,2024,"Ordinance No. 0410-24 -QRF, Davao del Norte (1).pdf",Thesis_Obsidian\Ordinances\2024\Ordinance No. 0410-24.md,1,False
6322,0411-24,section_1,2024,"Ordinance No. 0411-24 -QRF, Tagum (1).pdf",Thesis_Obsidian\Ordinances\2024\Ordinance No. 0411-24.md,96,False
6323,0411-24,section_2,2024,"Ordinance No. 0411-24 -QRF, Tagum (1).pdf",Thesis_Obsidian\Ordinances\2024\Ordinance No. 0411-24.md,109,False
6324,0411-24,section_3,2024,"Ordinance No. 0411-24 -QRF, Tagum (1).pdf",Thesis_Obsidian\Ordinances\2024\Ordinance No. 0411-24.md,258,False
6325,0411-24,section_2l,2024,"Ordinance No. 0411-24 -QRF, Tagum (1).pdf",Thesis_Obsidian\Ordinances\2024\Ordinance No. 0411-24.md,145,False
6326,0411-24,section_6,2024,"Ordinance No. 0411-24 -QRF, Tagum (1).pdf",Thesis_Obsidian\Ordinances\2024\Ordinance No. 0411-24.md,1,False
6327,0412-24,section_1,2024,"Ordinance No. 0412-24 -QRF, Kapalong (1).pdf",Thesis_Obsidian\Ordinances\2024\Ordinance No. 0412-24.md,17,False
6328,0412-24,section_2,2024,"Ordinance No. 0412-24 -QRF, Kapalong (1).pdf",Thesis_Obsidian\Ordinances\2024\Ordinance No. 0412-24.md,201,False
6329,0412-24,section_3,2024,"Ordinance No. 0412-24 -QRF, Kapalong (1).pdf",Thesis_Obsidian\Ordinances\2024\Ordinance No. 0412-24.md,42,False
6330,0412-24,section_4,2024,"Ordinance No. 0412-24 -QRF, Kapalong (1).pdf",Thesis_Obsidian\Ordinances\2024\Ordinance No. 0412-24.md,99,False
6331,0412-24,section_2L,2024,"Ordinance No. 0412-24 -QRF, Kapalong (1).pdf",Thesis_Obsidian\Ordinances\2024\Ordinance No. 0412-24.md,145,False
6332,0412-24,section_6,2024,"Ordinance No. 0412-24 -QRF, Kapalong (1).pdf",Thesis_Obsidian\Ordinances\2024\Ordinance No. 0412-24.md,1,False
6333,0413-24,section_1,2024,"Ordinance No. 0413-24 -QRF, New Corella (1).pdf",Thesis_Obsidian\Ordinances\2024\Ordinance No. 0413-24.md,96,False
6334,0413-24,section_2,2024,"Ordinance No. 0413-24 -QRF, New Corella (1).pdf",Thesis_Obsidian\Ordinances\2024\Ordinance No. 0413-24.md,201,False
6335,0413-24,section_3,2024,"Ordinance No. 0413-24 -QRF, New Corella (1).pdf",Thesis_Obsidian\Ordinances\2024\Ordinance No. 0413-24.md,42,False
6336,0413-24,section_4,2024,"Ordinance No. 0413-24 -QRF, New Corella (1).pdf",Thesis_Obsidian\Ordinances\2024\Ordinance No. 0413-24.md,168,False
6337,0413-24,section_2L,2024,"Ordinance No. 0413-24 -QRF, New Corella (1).pdf",Thesis_Obsidian\Ordinances\2024\Ordinance No. 0413-24.md,220,False
6338,0414-24,section_1,2024,"Ordinance No. 0414-24 -QRF, Sto. Tomas (1).pdf",Thesis_Obsidian\Ordinances\2024\Ordinance No. 0414-24.md,17,False
6339,0414-24,section_2,2024,"Ordinance No. 0414-24 -QRF, Sto. Tomas (1).pdf",Thesis_Obsidian\Ordinances\2024\Ordinance No. 0414-24.md,62,False
6340,0414-24,section_4,2024,"Ordinance No. 0414-24 -QRF, Sto. Tomas (1).pdf",Thesis_Obsidian\Ordinances\2024\Ordinance No. 0414-24.md,138,False
6341,0414-24,section_2l,2024,"Ordinance No. 0414-24 -QRF, Sto. Tomas (1).pdf",Thesis_Obsidian\Ordinances\2024\Ordinance No. 0414-24.md,104,False
6342,0414-24,section_5,2024,"Ordinance No. 0414-24 -QRF, Sto. Tomas (1).pdf",Thesis_Obsidian\Ordinances\2024\Ordinance No. 0414-24.md,225,False
6343,0414-24,section_6,2024,"Ordinance No. 0414-24 -QRF, Sto. Tomas (1).pdf",Thesis_Obsidian\Ordinances\2024\Ordinance No. 0414-24.md,1,False
6344,0415-24,section_1,2024,"Ordinance No. 0415-24 -QRF, Carmen (1).pdf",Thesis_Obsidian\Ordinances\2024\Ordinance No. 0415-24.md,173,False
6345,0415-24,section_4,2024,"Ordinance No. 0415-24 -QRF, Carmen (1).pdf",Thesis_Obsidian\Ordinances\2024\Ordinance No. 0415-24.md,99,False
6346,0415-24,section_2L,2024,"Ordinance No. 0415-24 -QRF, Carmen (1).pdf",Thesis_Obsidian\Ordinances\2024\Ordinance No. 0415-24.md,145,False
6347,0415-24,section_6,2024,"Ordinance No. 0415-24 -QRF, Carmen (1).pdf",Thesis_Obsidian\Ordinances\2024\Ordinance No. 0415-24.md,1,False
6348,0416-24,section_1,2024,"Ordinance No. 0416-24 -QRF, Dujali (1).pdf",Thesis_Obsidian\Ordinances\2024\Ordinance No. 0416-24.md,173,False
6349,0416-24,section_3,2024,"Ordinance No. 0416-24 -QRF, Dujali (1).pdf",Thesis_Obsidian\Ordinances\2024\Ordinance No. 0416-24.md,258,False
6350,0416-24,section_2l,2024,"Ordinance No. 0416-24 -QRF, Dujali (1).pdf",Thesis_Obsidian\Ordinances\2024\Ordinance No. 0416-24.md,104,False
6351,0416-24,section_5,2024,"Ordinance No. 0416-24 -QRF, Dujali (1).pdf",Thesis_Obsidian\Ordinances\2024\Ordinance No. 0416-24.md,146,False
6352,0416-24,section_6,2024,"Ordinance No. 0416-24 -QRF, Dujali (1).pdf",Thesis_Obsidian\Ordinances\2024\Ordinance No. 0416-24.md,1,False
6353,0417-24,section_1,2024,"Ordinance No. 0417-24 -QRF, Lupon (1).pdf",Thesis_Obsidian\Ordinances\2024\Ordinance No. 0417-24.md,17,False
6354,0417-24,section_2,2024,"Ordinance No. 0417-24 -QRF, Lupon (1).pdf",Thesis_Obsidian\Ordinances\2024\Ordinance No. 0417-24.md,258,False
6355,0417-24,section_2L,2024,"Ordinance No. 0417-24 -QRF, Lupon (1).pdf",Thesis_Obsidian\Ordinances\2024\Ordinance No. 0417-24.md,220,False
6356,0418-24,section_2,2024,"Ordinance No. 0418-24 -QRF, Cateel (1).pdf",Thesis_Obsidian\Ordinances\2024\Ordinance No. 0418-24.md,109,False
6357,0418-24,section_3,2024,"Ordinance No. 0418-24 -QRF, Cateel (1).pdf",Thesis_Obsidian\Ordinances\2024\Ordinance No. 0418-24.md,42,False
6358,0418-24,section_4,2024,"Ordinance No. 0418-24 -QRF, Cateel (1).pdf",Thesis_Obsidian\Ordinances\2024\Ordinance No. 0418-24.md,99,False
6359,0418-24,section_2L,2024,"Ordinance No. 0418-24 -QRF, Cateel (1).pdf",Thesis_Obsidian\Ordinances\2024\Ordinance No. 0418-24.md,104,False
6360,0418-24,section_5,2024,"Ordinance No. 0418-24 -QRF, Cateel (1).pdf",Thesis_Obsidian\Ordinances\2024\Ordinance No. 0418-24.md,146,False
6361,0418-24,section_6,2024,"Ordinance No. 0418-24 -QRF, Cateel (1).pdf",Thesis_Obsidian\Ordinances\2024\Ordinance No. 0418-24.md,1,False
6362,0419-24,section_1,2024,"Ordinance No. 0419-24 -QRF, Tarragona (1).pdf",Thesis_Obsidian\Ordinances\2024\Ordinance No. 0419-24.md,17,False
6363,0419-24,section_2,2024,"Ordinance No. 0419-24 -QRF, Tarragona (1).pdf",Thesis_Obsidian\Ordinances\2024\Ordinance No. 0419-24.md,109,False
6364,0419-24,section_3,2024,"Ordinance No. 0419-24 -QRF, Tarragona (1).pdf",Thesis_Obsidian\Ordinances\2024\Ordinance No. 0419-24.md,42,False
6365,0419-24,section_4,2024,"Ordinance No. 0419-24 -QRF, Tarragona (1).pdf",Thesis_Obsidian\Ordinances\2024\Ordinance No. 0419-24.md,229,False
6366,0419-24,section_2L,2024,"Ordinance No. 0419-24 -QRF, Tarragona (1).pdf",Thesis_Obsidian\Ordinances\2024\Ordinance No. 0419-24.md,145,False
6367,0419-24,section_6,2024,"Ordinance No. 0419-24 -QRF, Tarragona (1).pdf",Thesis_Obsidian\Ordinances\2024\Ordinance No. 0419-24.md,1,False
6368,0420-24,section_1,2024,"Ordinance No. 0420-24 -QRF, Sta. Josefa (1).pdf",Thesis_Obsidian\Ordinances\2024\Ordinance No. 0420-24.md,17,False
6369,0420-24,section_2,2024,"Ordinance No. 0420-24 -QRF, Sta. Josefa (1).pdf",Thesis_Obsidian\Ordinances\2024\Ordinance No. 0420-24.md,165,False
6370,0420-24,section_3,2024,"Ordinance No. 0420-24 -QRF, Sta. Josefa (1).pdf",Thesis_Obsidian\Ordinances\2024\Ordinance No. 0420-24.md,42,False
6371,0420-24,section_4,2024,"Ordinance No. 0420-24 -QRF, Sta. Josefa (1).pdf",Thesis_Obsidian\Ordinances\2024\Ordinance No. 0420-24.md,99,False
6372,0420-24,section_2L,2024,"Ordinance No. 0420-24 -QRF, Sta. Josefa (1).pdf",Thesis_Obsidian\Ordinances\2024\Ordinance No. 0420-24.md,104,False
6373,0420-24,section_5,2024,"Ordinance No. 0420-24 -QRF, Sta. Josefa (1).pdf",Thesis_Obsidian\Ordinances\2024\Ordinance No. 0420-24.md,83,False
6374,0420-24,section_6,2024,"Ordinance No. 0420-24 -QRF, Sta. Josefa (1).pdf",Thesis_Obsidian\Ordinances\2024\Ordinance No. 0420-24.md,1,False
6375,0421-24,section_4,2024,"Ordinance No. 0421-24 -QRF, Veruela (1).pdf",Thesis_Obsidian\Ordinances\2024\Ordinance No. 0421-24.md,-1,True
6376,0421-24,section_2l,2024,"Ordinance No. 0421-24 -QRF, Veruela (1).pdf",Thesis_Obsidian\Ordinances\2024\Ordinance No. 0421-24.md,220,False
6377,0421-24,section_6,2024,"Ordinance No. 0421-24 -QRF, Veruela (1).pdf",Thesis_Obsidian\Ordinances\2024\Ordinance No. 0421-24.md,1,False
6378,0422-24,section_4,2024,"Ordinance No. 0422-24 -QRF, Loreto (1).pdf",Thesis_Obsidian\Ordinances\2024\Ordinance No. 0422-24.md,168,False
6379,0422-24,section_2L,2024,"Ordinance No. 0422-24 -QRF, Loreto (1).pdf",Thesis_Obsidian\Ordinances\2024\Ordinance No. 0422-24.md,120,False
6380,0422-24,section_5,2024,"Ordinance No. 0422-24 -QRF, Loreto (1).pdf",Thesis_Obsidian\Ordinances\2024\Ordinance No. 0422-24.md,266,False
6381,0423-24,section_2,2024,"Ordinance No. 0423-24, QRF Bunawan, Agusan (1).pdf",Thesis_Obsidian\Ordinances\2024\Ordinance No. 0423-24.md,62,False
6382,0423-24,section_4,2024,"Ordinance No. 0423-24, QRF Bunawan, Agusan (1).pdf",Thesis_Obsidian\Ordinances\2024\Ordinance No. 0423-24.md,229,False
6383,0423-24,section_2l,2024,"Ordinance No. 0423-24, QRF Bunawan, Agusan (1).pdf",Thesis_Obsidian\Ordinances\2024\Ordinance No. 0423-24.md,120,False
6384,0423-24,section_5,2024,"Ordinance No. 0423-24, QRF Bunawan, Agusan (1).pdf",Thesis_Obsidian\Ordinances\2024\Ordinance No. 0423-24.md,266,False
6385,0424-24,section_1,2024,Ordinance No. 0424-24 -CEE Annual Budget (1).pdf,Thesis_Obsidian\Ordinances\2024\Ordinance No. 0424-24.md,150,False
6386,0424-24,section_2,2024,Ordinance No. 0424-24 -CEE Annual Budget (1).pdf,Thesis_Obsidian\Ordinances\2024\Ordinance No. 0424-24.md,109,False
6387,0424-24,section_3,2024,Ordinance No. 0424-24 -CEE Annual Budget (1).pdf,Thesis_Obsidian\Ordinances\2024\Ordinance No. 0424-24.md,247,False
6388,0424-24,section_4,2024,Ordinance No. 0424-24 -CEE Annual Budget (1).pdf,Thesis_Obsidian\Ordinances\2024\Ordinance No. 0424-24.md,190,False
6389,0425-24,section_1,2024,"Ordinance No. 0425-24 -Deed of Donation, RIC-IP Women (1).pdf",Thesis_Obsidian\Ordinances\2024\Ordinance No. 0425-24.md,34,False
6390,0425-24,section_3,2024,"Ordinance No. 0425-24 -Deed of Donation, RIC-IP Women (1).pdf",Thesis_Obsidian\Ordinances\2024\Ordinance No. 0425-24.md,60,False
6391,0425-24,section_4,2024,"Ordinance No. 0425-24 -Deed of Donation, RIC-IP Women (1).pdf",Thesis_Obsidian\Ordinances\2024\Ordinance No. 0425-24.md,3,False
6392,0425-24,section_5,2024,"Ordinance No. 0425-24 -Deed of Donation, RIC-IP Women (1).pdf",Thesis_Obsidian\Ordinances\2024\Ordinance No. 0425-24.md,207,False
6393,0426-24,section_1,2024,"Ordinance No. 0426-24 -MOA, St. John Paul II College (1).pdf",Thesis_Obsidian\Ordinances\2024\Ordinance No. 0426-24.md,-1,True
6394,0426-24,section_2,2024,"Ordinance No. 0426-24 -MOA, St. John Paul II College (1).pdf",Thesis_Obsidian\Ordinances\2024\Ordinance No. 0426-24.md,217,False
6395,0426-24,section_455,2024,"Ordinance No. 0426-24 -MOA, St. John Paul II College (1).pdf",Thesis_Obsidian\Ordinances\2024\Ordinance No. 0426-24.md,33,False
6396,0426-24,section_3,2024,"Ordinance No. 0426-24 -MOA, St. John Paul II College (1).pdf",Thesis_Obsidian\Ordinances\2024\Ordinance No. 0426-24.md,-1,True
6397,0426-24,section_4,2024,"Ordinance No. 0426-24 -MOA, St. John Paul II College (1).pdf",Thesis_Obsidian\Ordinances\2024\Ordinance No. 0426-24.md,27,False
6398,0426-24,section_5,2024,"Ordinance No. 0426-24 -MOA, St. John Paul II College (1).pdf",Thesis_Obsidian\Ordinances\2024\Ordinance No. 0426-24.md,19,False
6399,0427-24,section_1,2024,Ordinance No. 0427-24 (1).pdf,Thesis_Obsidian\Ordinances\2024\Ordinance No. 0427-24.md,80,False
6400,0427-24,section_2,2024,Ordinance No. 0427-24 (1).pdf,Thesis_Obsidian\Ordinances\2024\Ordinance No. 0427-24.md,180,False
6401,0427-24,section_3,2024,Ordinance No. 0427-24 (1).pdf,Thesis_Obsidian\Ordinances\2024\Ordinance No. 0427-24.md,171,False
6402,0427-24,section_4,2024,Ordinance No. 0427-24 (1).pdf,Thesis_Obsidian\Ordinances\2024\Ordinance No. 0427-24.md,18,False
6403,0427-24,section_5,2024,Ordinance No. 0427-24 (1).pdf,Thesis_Obsidian\Ordinances\2024\Ordinance No. 0427-24.md,8,False
6404,0429-24,section_1,2024,Ordinance No. 0429-24 Shelter for IP Watchers and Runners (1).pdf,Thesis_Obsidian\Ordinances\2024\Ordinance No. 0429-24.md,57,False
6405,0429-24,section_2,2024,Ordinance No. 0429-24 Shelter for IP Watchers and Runners (1).pdf,Thesis_Obsidian\Ordinances\2024\Ordinance No. 0429-24.md,-1,True
6406,0429-24,section_3,2024,Ordinance No. 0429-24 Shelter for IP Watchers and Runners (1).pdf,Thesis_Obsidian\Ordinances\2024\Ordinance No. 0429-24.md,-1,True
6407,0429-24,section_4,2024,Ordinance No. 0429-24 Shelter for IP Watchers and Runners (1).pdf,Thesis_Obsidian\Ordinances\2024\Ordinance No. 0429-24.md,-1,True
6408,0429-24,section_5,2024,Ordinance No. 0429-24 Shelter for IP Watchers and Runners (1).pdf,Thesis_Obsidian\Ordinances\2024\Ordinance No. 0429-24.md,157,False
6409,0429-24,section_8,2024,Ordinance No. 0429-24 Shelter for IP Watchers and Runners (1).pdf,Thesis_Obsidian\Ordinances\2024\Ordinance No. 0429-24.md,54,False
6410,0430-24,section_1,2024,Ordinance No. 0430-24 Loan Agreement Phil. Diesel Calibration Coop (1).pdf,Thesis_Obsidian\Ordinances\2024\Ordinance No. 0430-24.md,51,False
6411,0430-24,section_2,2024,Ordinance No. 0430-24 Loan Agreement Phil. Diesel Calibration Coop (1).pdf,Thesis_Obsidian\Ordinances\2024\Ordinance No. 0430-24.md,51,False
6412,0430-24,section_3,2024,Ordinance No. 0430-24 Loan Agreement Phil. Diesel Calibration Coop (1).pdf,Thesis_Obsidian\Ordinances\2024\Ordinance No. 0430-24.md,187,False
6413,0431-24,section_1,2024,"Ordinance No. 0431-24 -Loan Agreement, Tugbok Progressive Coop (1).pdf",Thesis_Obsidian\Ordinances\2024\Ordinance No. 0431-24.md,51,False
6414,0431-24,section_2,2024,"Ordinance No. 0431-24 -Loan Agreement, Tugbok Progressive Coop (1).pdf",Thesis_Obsidian\Ordinances\2024\Ordinance No. 0431-24.md,144,False
6415,0431-24,section_3,2024,"Ordinance No. 0431-24 -Loan Agreement, Tugbok Progressive Coop (1).pdf",Thesis_Obsidian\Ordinances\2024\Ordinance No. 0431-24.md,187,False
6416,0432-24,section_1,2024,"Ordinance No. 0432-24 -Loan Agreement, King Coop (1).pdf",Thesis_Obsidian\Ordinances\2024\Ordinance No. 0432-24.md,51,False
6417,0432-24,section_3,2024,"Ordinance No. 0432-24 -Loan Agreement, King Coop (1).pdf",Thesis_Obsidian\Ordinances\2024\Ordinance No. 0432-24.md,187,False
6418,0433-24,section_1,2024,Ordinance No. 0433-24 (1).pdf,Thesis_Obsidian\Ordinances\2024\Ordinance No. 0433-24.md,117,False
6419,0433-24,section_2,2024,Ordinance No. 0433-24 (1).pdf,Thesis_Obsidian\Ordinances\2024\Ordinance No. 0433-24.md,12,False
6420,0433-24,section_3,2024,Ordinance No. 0433-24 (1).pdf,Thesis_Obsidian\Ordinances\2024\Ordinance No. 0433-24.md,198,False
6421,0433-24,section_4,2024,Ordinance No. 0433-24 (1).pdf,Thesis_Obsidian\Ordinances\2024\Ordinance No. 0433-24.md,3,False
6422,0433-24,section_5,2024,Ordinance No. 0433-24 (1).pdf,Thesis_Obsidian\Ordinances\2024\Ordinance No. 0433-24.md,8,False
6423,0434-24,section_1,2024,"Ordinance No. 0434-24, Deed of Donation, Bagobo Klata (1).pdf",Thesis_Obsidian\Ordinances\2024\Ordinance No. 0434-24.md,61,False
6424,0434-24,section_2,2024,"Ordinance No. 0434-24, Deed of Donation, Bagobo Klata (1).pdf",Thesis_Obsidian\Ordinances\2024\Ordinance No. 0434-24.md,-1,True
6425,0434-24,section_3,2024,"Ordinance No. 0434-24, Deed of Donation, Bagobo Klata (1).pdf",Thesis_Obsidian\Ordinances\2024\Ordinance No. 0434-24.md,60,False
6426,0434-24,section_4,2024,"Ordinance No. 0434-24, Deed of Donation, Bagobo Klata (1).pdf",Thesis_Obsidian\Ordinances\2024\Ordinance No. 0434-24.md,-1,True
6427,0435-24,section_1,2024,Ordinance No. 0435-24 MOA Phil.Mental Health Association (1).pdf,Thesis_Obsidian\Ordinances\2024\Ordinance No. 0435-24.md,113,False
6428,0435-24,section_3,2024,Ordinance No. 0435-24 MOA Phil.Mental Health Association (1).pdf,Thesis_Obsidian\Ordinances\2024\Ordinance No. 0435-24.md,-1,True
6429,0435-24,section_4,2024,Ordinance No. 0435-24 MOA Phil.Mental Health Association (1).pdf,Thesis_Obsidian\Ordinances\2024\Ordinance No. 0435-24.md,3,False
6430,0435-24,section_5,2024,Ordinance No. 0435-24 MOA Phil.Mental Health Association (1).pdf,Thesis_Obsidian\Ordinances\2024\Ordinance No. 0435-24.md,153,False
6431,0436-24,section_1,2024,Ordinance No. 0436-24 -Amendment Mental Health (1).pdf,Thesis_Obsidian\Ordinances\2024\Ordinance No. 0436-24.md,-1,True
6432,0436-24,section_2,2024,Ordinance No. 0436-24 -Amendment Mental Health (1).pdf,Thesis_Obsidian\Ordinances\2024\Ordinance No. 0436-24.md,25,False
6433,0436-24,section_3,2024,Ordinance No. 0436-24 -Amendment Mental Health (1).pdf,Thesis_Obsidian\Ordinances\2024\Ordinance No. 0436-24.md,28,False
6434,0436-24,section_7,2024,Ordinance No. 0436-24 -Amendment Mental Health (1).pdf,Thesis_Obsidian\Ordinances\2024\Ordinance No. 0436-24.md,28,False
6435,0436-24,section_8,2024,Ordinance No. 0436-24 -Amendment Mental Health (1).pdf,Thesis_Obsidian\Ordinances\2024\Ordinance No. 0436-24.md,28,False
6436,0436-24,section_6,2024,Ordinance No. 0436-24 -Amendment Mental Health (1).pdf,Thesis_Obsidian\Ordinances\2024\Ordinance No. 0436-24.md,82,False
6437,0437-24,section_1,2024,"Ordinance No. 0437-24 -MOA, San Pedro College (1).pdf",Thesis_Obsidian\Ordinances\2024\Ordinance No. 0437-24.md,43,False
6438,0437-24,section_2,2024,"Ordinance No. 0437-24 -MOA, San Pedro College (1).pdf",Thesis_Obsidian\Ordinances\2024\Ordinance No. 0437-24.md,33,False
6439,0437-24,section_3,2024,"Ordinance No. 0437-24 -MOA, San Pedro College (1).pdf",Thesis_Obsidian\Ordinances\2024\Ordinance No. 0437-24.md,7,False
6440,0437-24,section_4,2024,"Ordinance No. 0437-24 -MOA, San Pedro College (1).pdf",Thesis_Obsidian\Ordinances\2024\Ordinance No. 0437-24.md,3,False
6441,0437-24,section_5,2024,"Ordinance No. 0437-24 -MOA, San Pedro College (1).pdf",Thesis_Obsidian\Ordinances\2024\Ordinance No. 0437-24.md,153,False
6442,0438-24,section_1,2024,"Ordinance No. 0438-24 -MOA, PWC (1).pdf",Thesis_Obsidian\Ordinances\2024\Ordinance No. 0438-24.md,43,False
6443,0438-24,section_2,2024,"Ordinance No. 0438-24 -MOA, PWC (1).pdf",Thesis_Obsidian\Ordinances\2024\Ordinance No. 0438-24.md,33,False
6444,0438-24,section_3,2024,"Ordinance No. 0438-24 -MOA, PWC (1).pdf",Thesis_Obsidian\Ordinances\2024\Ordinance No. 0438-24.md,7,False
6445,0438-24,section_4,2024,"Ordinance No. 0438-24 -MOA, PWC (1).pdf",Thesis_Obsidian\Ordinances\2024\Ordinance No. 0438-24.md,268,False
6446,0438-24,section_5,2024,"Ordinance No. 0438-24 -MOA, PWC (1).pdf",Thesis_Obsidian\Ordinances\2024\Ordinance No. 0438-24.md,153,False
6447,0439-24,section_1,2024,Ordinance No. 0439-24 -QRF 15 LGUs (1).pdf,Thesis_Obsidian\Ordinances\2024\Ordinance No. 0439-24.md,-1,True
6448,0439-24,section_2,2024,Ordinance No. 0439-24 -QRF 15 LGUs (1).pdf,Thesis_Obsidian\Ordinances\2024\Ordinance No. 0439-24.md,62,False
6449,0439-24,section_4,2024,Ordinance No. 0439-24 -QRF 15 LGUs (1).pdf,Thesis_Obsidian\Ordinances\2024\Ordinance No. 0439-24.md,120,False
6450,0439-24,section_5,2024,Ordinance No. 0439-24 -QRF 15 LGUs (1).pdf,Thesis_Obsidian\Ordinances\2024\Ordinance No. 0439-24.md,65,False
6451,0439-24,section_6,2024,Ordinance No. 0439-24 -QRF 15 LGUs (1).pdf,Thesis_Obsidian\Ordinances\2024\Ordinance No. 0439-24.md,1,False
6452,0441-24,section_1,2024,"Ordinance No. 0441-24 -MOA, CFO Balinkbayan (1).pdf",Thesis_Obsidian\Ordinances\2024\Ordinance No. 0441-24.md,43,False
6453,0441-24,section_2,2024,"Ordinance No. 0441-24 -MOA, CFO Balinkbayan (1).pdf",Thesis_Obsidian\Ordinances\2024\Ordinance No. 0441-24.md,243,False
6454,0441-24,section_455,2024,"Ordinance No. 0441-24 -MOA, CFO Balinkbayan (1).pdf",Thesis_Obsidian\Ordinances\2024\Ordinance No. 0441-24.md,33,False
6455,0441-24,section_3,2024,"Ordinance No. 0441-24 -MOA, CFO Balinkbayan (1).pdf",Thesis_Obsidian\Ordinances\2024\Ordinance No. 0441-24.md,7,False
6456,0441-24,section_4,2024,"Ordinance No. 0441-24 -MOA, CFO Balinkbayan (1).pdf",Thesis_Obsidian\Ordinances\2024\Ordinance No. 0441-24.md,10,False
6457,0441-24,section_5,2024,"Ordinance No. 0441-24 -MOA, CFO Balinkbayan (1).pdf",Thesis_Obsidian\Ordinances\2024\Ordinance No. 0441-24.md,19,False
6458,0442-24,section_1,2024,Ordinance No. 0442-24 (1).pdf,Thesis_Obsidian\Ordinances\2024\Ordinance No. 0442-24.md,-1,True
6459,0442-24,section_2,2024,Ordinance No. 0442-24 (1).pdf,Thesis_Obsidian\Ordinances\2024\Ordinance No. 0442-24.md,-1,True
6460,0442-24,section_3,2024,Ordinance No. 0442-24 (1).pdf,Thesis_Obsidian\Ordinances\2024\Ordinance No. 0442-24.md,-1,True
6461,0442-24,section_4,2024,Ordinance No. 0442-24 (1).pdf,Thesis_Obsidian\Ordinances\2024\Ordinance No. 0442-24.md,9,False
6462,0442-24,section_5,2024,Ordinance No. 0442-24 (1).pdf,Thesis_Obsidian\Ordinances\2024\Ordinance No. 0442-24.md,24,False
6463,0443-24,section_1,2024,"Ordinance No. 0443-24 -MOU, Kabang Kalikasan ng Pilipinas Foundation (1).pdf",Thesis_Obsidian\Ordinances\2024\Ordinance No. 0443-24.md,184,False
6464,0443-24,section_2,2024,"Ordinance No. 0443-24 -MOU, Kabang Kalikasan ng Pilipinas Foundation (1).pdf",Thesis_Obsidian\Ordinances\2024\Ordinance No. 0443-24.md,33,False
6465,0443-24,section_3,2024,"Ordinance No. 0443-24 -MOU, Kabang Kalikasan ng Pilipinas Foundation (1).pdf",Thesis_Obsidian\Ordinances\2024\Ordinance No. 0443-24.md,123,False
6466,0443-24,section_4,2024,"Ordinance No. 0443-24 -MOU, Kabang Kalikasan ng Pilipinas Foundation (1).pdf",Thesis_Obsidian\Ordinances\2024\Ordinance No. 0443-24.md,252,False
6467,0443-24,section_5,2024,"Ordinance No. 0443-24 -MOU, Kabang Kalikasan ng Pilipinas Foundation (1).pdf",Thesis_Obsidian\Ordinances\2024\Ordinance No. 0443-24.md,19,False
6468,0446-24,section_1,2024,Ordinance No. 0446-24 (1).pdf,Thesis_Obsidian\Ordinances\2024\Ordinance No. 0446-24.md,117,False
6469,0446-24,section_2,2024,Ordinance No. 0446-24 (1).pdf,Thesis_Obsidian\Ordinances\2024\Ordinance No. 0446-24.md,12,False
6470,0446-24,section_3,2024,Ordinance No. 0446-24 (1).pdf,Thesis_Obsidian\Ordinances\2024\Ordinance No. 0446-24.md,149,False
6471,0446-24,section_4,2024,Ordinance No. 0446-24 (1).pdf,Thesis_Obsidian\Ordinances\2024\Ordinance No. 0446-24.md,148,False
6472,0446-24,section_5,2024,Ordinance No. 0446-24 (1).pdf,Thesis_Obsidian\Ordinances\2024\Ordinance No. 0446-24.md,8,False
6473,0447-24,section_3,2024,"Ordinance No. 0447-24 -MOA, AdDU (1).pdf",Thesis_Obsidian\Ordinances\2024\Ordinance No. 0447-24.md,-1,True
6474,0448-24,section_1,2024,Ordinance No. 0448-24 (1).pdf,Thesis_Obsidian\Ordinances\2024\Ordinance No. 0448-24.md,61,False
6475,0448-24,section_2,2024,Ordinance No. 0448-24 (1).pdf,Thesis_Obsidian\Ordinances\2024\Ordinance No. 0448-24.md,112,False
6476,0448-24,section_455,2024,Ordinance No. 0448-24 (1).pdf,Thesis_Obsidian\Ordinances\2024\Ordinance No. 0448-24.md,110,False
6477,0448-24,section_3,2024,Ordinance No. 0448-24 (1).pdf,Thesis_Obsidian\Ordinances\2024\Ordinance No. 0448-24.md,60,False
6478,0448-24,section_4,2024,Ordinance No. 0448-24 (1).pdf,Thesis_Obsidian\Ordinances\2024\Ordinance No. 0448-24.md,219,False
6479,0448-24,section_5,2024,Ordinance No. 0448-24 (1).pdf,Thesis_Obsidian\Ordinances\2024\Ordinance No. 0448-24.md,76,False
6480,0449-24,section_1,2024,"Ordinance No. 0449-24 -Deed of Donation, Fil-Chinese, DIAA (1).pdf",Thesis_Obsidian\Ordinances\2024\Ordinance No. 0449-24.md,61,False
6481,0449-24,section_2,2024,"Ordinance No. 0449-24 -Deed of Donation, Fil-Chinese, DIAA (1).pdf",Thesis_Obsidian\Ordinances\2024\Ordinance No. 0449-24.md,33,False
6482,0449-24,section_3,2024,"Ordinance No. 0449-24 -Deed of Donation, Fil-Chinese, DIAA (1).pdf",Thesis_Obsidian\Ordinances\2024\Ordinance No. 0449-24.md,133,False
6483,0449-24,section_4,2024,"Ordinance No. 0449-24 -Deed of Donation, Fil-Chinese, DIAA (1).pdf",Thesis_Obsidian\Ordinances\2024\Ordinance No. 0449-24.md,39,False
6484,0449-24,section_5,2024,"Ordinance No. 0449-24 -Deed of Donation, Fil-Chinese, DIAA (1).pdf",Thesis_Obsidian\Ordinances\2024\Ordinance No. 0449-24.md,207,False
6485,0450-24,section_1,2024,"Ordinance No. 0450-24 -Deed of Donation, WASP (1).pdf",Thesis_Obsidian\Ordinances\2024\Ordinance No. 0450-24.md,129,False
6486,0450-24,section_16,2024,"Ordinance No. 0450-24 -Deed of Donation, WASP (1).pdf",Thesis_Obsidian\Ordinances\2024\Ordinance No. 0450-24.md,45,False
6487,0450-24,section_3,2024,"Ordinance No. 0450-24 -Deed of Donation, WASP (1).pdf",Thesis_Obsidian\Ordinances\2024\Ordinance No. 0450-24.md,60,False
6488,0450-24,section_4,2024,"Ordinance No. 0450-24 -Deed of Donation, WASP (1).pdf",Thesis_Obsidian\Ordinances\2024\Ordinance No. 0450-24.md,-1,True
6489,0450-24,section_5,2024,"Ordinance No. 0450-24 -Deed of Donation, WASP (1).pdf",Thesis_Obsidian\Ordinances\2024\Ordinance No. 0450-24.md,207,False
6490,0458-24,section_1,2024,Ordinance No. 0458-24 -Granting Request of Z. Estimada (1).pdf,Thesis_Obsidian\Ordinances\2024\Ordinance No. 0458-24.md,84,False
6491,0458-24,section_2,2024,Ordinance No. 0458-24 -Granting Request of Z. Estimada (1).pdf,Thesis_Obsidian\Ordinances\2024\Ordinance No. 0458-24.md,79,False
6492,0458-24,section_3,2024,Ordinance No. 0458-24 -Granting Request of Z. Estimada (1).pdf,Thesis_Obsidian\Ordinances\2024\Ordinance No. 0458-24.md,84,False
6493,0458-24,section_4,2024,Ordinance No. 0458-24 -Granting Request of Z. Estimada (1).pdf,Thesis_Obsidian\Ordinances\2024\Ordinance No. 0458-24.md,53,False
6494,0459-24,section_1,2024,Ordinance No. 0459-24 -Deed of Donation Heirs of Imam Sahidan Camamara Sudagar (1).pdf,Thesis_Obsidian\Ordinances\2024\Ordinance No. 0459-24.md,118,False
6495,0459-24,section_2,2024,Ordinance No. 0459-24 -Deed of Donation Heirs of Imam Sahidan Camamara Sudagar (1).pdf,Thesis_Obsidian\Ordinances\2024\Ordinance No. 0459-24.md,79,False
6496,0459-24,section_3,2024,Ordinance No. 0459-24 -Deed of Donation Heirs of Imam Sahidan Camamara Sudagar (1).pdf,Thesis_Obsidian\Ordinances\2024\Ordinance No. 0459-24.md,31,False
6497,0459-24,section_4,2024,Ordinance No. 0459-24 -Deed of Donation Heirs of Imam Sahidan Camamara Sudagar (1).pdf,Thesis_Obsidian\Ordinances\2024\Ordinance No. 0459-24.md,115,False
6498,0459-24,section_5,2024,Ordinance No. 0459-24 -Deed of Donation Heirs of Imam Sahidan Camamara Sudagar (1).pdf,Thesis_Obsidian\Ordinances\2024\Ordinance No. 0459-24.md,207,False
6499,0460-24,section_3,2024,Ordinance No. 0460-24 -Request of Heirs of Rosario Calzada (1).pdf,Thesis_Obsidian\Ordinances\2024\Ordinance No. 0460-24.md,263,False
6500,0460-24,section_5,2024,Ordinance No. 0460-24 -Request of Heirs of Rosario Calzada (1).pdf,Thesis_Obsidian\Ordinances\2024\Ordinance No. 0460-24.md,166,False
6501,0461-24,section_5,2024,Ordinance No. 0461-24 (1).pdf,Thesis_Obsidian\Ordinances\2024\Ordinance No. 0461-24.md,8,False
6502,0462-24,section_1,2024,"Ordinance No. 0462-24 -Deed of Conveyance, C. Musa (1).pdf",Thesis_Obsidian\Ordinances\2024\Ordinance No. 0462-24.md,61,False
6503,0462-24,section_2,2024,"Ordinance No. 0462-24 -Deed of Conveyance, C. Musa (1).pdf",Thesis_Obsidian\Ordinances\2024\Ordinance No. 0462-24.md,33,False
6504,0462-24,section_3,2024,"Ordinance No. 0462-24 -Deed of Conveyance, C. Musa (1).pdf",Thesis_Obsidian\Ordinances\2024\Ordinance No. 0462-24.md,133,False
6505,0462-24,section_4,2024,"Ordinance No. 0462-24 -Deed of Conveyance, C. Musa (1).pdf",Thesis_Obsidian\Ordinances\2024\Ordinance No. 0462-24.md,53,False
6506,0463-24,section_1,2024,Ordinance No. 0463-24 -DOD Luciana Dela Calzada (1).pdf,Thesis_Obsidian\Ordinances\2024\Ordinance No. 0463-24.md,-1,True
6507,0463-24,section_2,2024,Ordinance No. 0463-24 -DOD Luciana Dela Calzada (1).pdf,Thesis_Obsidian\Ordinances\2024\Ordinance No. 0463-24.md,79,False
6508,0463-24,section_3,2024,Ordinance No. 0463-24 -DOD Luciana Dela Calzada (1).pdf,Thesis_Obsidian\Ordinances\2024\Ordinance No. 0463-24.md,31,False
6509,0463-24,section_4,2024,Ordinance No. 0463-24 -DOD Luciana Dela Calzada (1).pdf,Thesis_Obsidian\Ordinances\2024\Ordinance No. 0463-24.md,39,False
6510,0463-24,section_5,2024,Ordinance No. 0463-24 -DOD Luciana Dela Calzada (1).pdf,Thesis_Obsidian\Ordinances\2024\Ordinance No. 0463-24.md,-1,True
6511,0464-24,section_1,2024,Ordinance No. 0464-24 Mt. Apo as Geopark (1).pdf,Thesis_Obsidian\Ordinances\2024\Ordinance No. 0464-24.md,26,False
6512,0464-24,section_2,2024,Ordinance No. 0464-24 Mt. Apo as Geopark (1).pdf,Thesis_Obsidian\Ordinances\2024\Ordinance No. 0464-24.md,-1,True
6513,0464-24,section_3,2024,Ordinance No. 0464-24 Mt. Apo as Geopark (1).pdf,Thesis_Obsidian\Ordinances\2024\Ordinance No. 0464-24.md,-1,True
6514,0464-24,section_4,2024,Ordinance No. 0464-24 Mt. Apo as Geopark (1).pdf,Thesis_Obsidian\Ordinances\2024\Ordinance No. 0464-24.md,44,False
6515,0464-24,section_6,2024,Ordinance No. 0464-24 Mt. Apo as Geopark (1).pdf,Thesis_Obsidian\Ordinances\2024\Ordinance No. 0464-24.md,-1,True
6516,0464-24,section_7,2024,Ordinance No. 0464-24 Mt. Apo as Geopark (1).pdf,Thesis_Obsidian\Ordinances\2024\Ordinance No. 0464-24.md,30,False
6517,0464-24,section_8,2024,Ordinance No. 0464-24 Mt. Apo as Geopark (1).pdf,Thesis_Obsidian\Ordinances\2024\Ordinance No. 0464-24.md,127,False
6518,0464-24,section_9,2024,Ordinance No. 0464-24 Mt. Apo as Geopark (1).pdf,Thesis_Obsidian\Ordinances\2024\Ordinance No. 0464-24.md,88,False
6519,0464-24,section_10,2024,Ordinance No. 0464-24 Mt. Apo as Geopark (1).pdf,Thesis_Obsidian\Ordinances\2024\Ordinance No. 0464-24.md,134,False
6520,0464-24,section_11,2024,Ordinance No. 0464-24 Mt. Apo as Geopark (1).pdf,Thesis_Obsidian\Ordinances\2024\Ordinance No. 0464-24.md,115,False
6521,0464-24,section_12,2024,Ordinance No. 0464-24 Mt. Apo as Geopark (1).pdf,Thesis_Obsidian\Ordinances\2024\Ordinance No. 0464-24.md,82,False
6522,0466-24,section_1,2024,Ordinance No. 0466-24 (1).pdf,Thesis_Obsidian\Ordinances\2024\Ordinance No. 0466-24.md,80,False
6523,0466-24,section_2,2024,Ordinance No. 0466-24 (1).pdf,Thesis_Obsidian\Ordinances\2024\Ordinance No. 0466-24.md,226,False
6524,0466-24,section_3,2024,Ordinance No. 0466-24 (1).pdf,Thesis_Obsidian\Ordinances\2024\Ordinance No. 0466-24.md,171,False
6525,0466-24,section_4,2024,Ordinance No. 0466-24 (1).pdf,Thesis_Obsidian\Ordinances\2024\Ordinance No. 0466-24.md,237,False
6526,0467-24,section_2,2024,Ordinance No. 0467-24 (1).pdf,Thesis_Obsidian\Ordinances\2024\Ordinance No. 0467-24.md,12,False
6527,0467-24,section_3,2024,Ordinance No. 0467-24 (1).pdf,Thesis_Obsidian\Ordinances\2024\Ordinance No. 0467-24.md,171,False
6528,0467-24,section_4,2024,Ordinance No. 0467-24 (1).pdf,Thesis_Obsidian\Ordinances\2024\Ordinance No. 0467-24.md,237,False
6529,0468-24,section_1,2024,Ordinance No. 0468-24 DCHO (1).pdf,Thesis_Obsidian\Ordinances\2024\Ordinance No. 0468-24.md,-1,True
6530,0468-24,section_2,2024,Ordinance No. 0468-24 DCHO (1).pdf,Thesis_Obsidian\Ordinances\2024\Ordinance No. 0468-24.md,32,False
6531,0468-24,section_455,2024,Ordinance No. 0468-24 DCHO (1).pdf,Thesis_Obsidian\Ordinances\2024\Ordinance No. 0468-24.md,100,False
6532,0468-24,section_3,2024,Ordinance No. 0468-24 DCHO (1).pdf,Thesis_Obsidian\Ordinances\2024\Ordinance No. 0468-24.md,84,False
6533,0468-24,section_4,2024,Ordinance No. 0468-24 DCHO (1).pdf,Thesis_Obsidian\Ordinances\2024\Ordinance No. 0468-24.md,-1,True
6534,0468-24,section_5,2024,Ordinance No. 0468-24 DCHO (1).pdf,Thesis_Obsidian\Ordinances\2024\Ordinance No. 0468-24.md,84,False
6535,0468-24,section_6,2024,Ordinance No. 0468-24 DCHO (1).pdf,Thesis_Obsidian\Ordinances\2024\Ordinance No. 0468-24.md,148,False
6536,0468-24,section_7,2024,Ordinance No. 0468-24 DCHO (1).pdf,Thesis_Obsidian\Ordinances\2024\Ordinance No. 0468-24.md,97,False
6537,0469-24,section_1,2024,Ordinance No. 0469-24 Deed of Sale Maria Lani Adaptar-Roque (1).pdf,Thesis_Obsidian\Ordinances\2024\Ordinance No. 0469-24.md,31,False
6538,0469-24,section_2,2024,Ordinance No. 0469-24 Deed of Sale Maria Lani Adaptar-Roque (1).pdf,Thesis_Obsidian\Ordinances\2024\Ordinance No. 0469-24.md,79,False
6539,0469-24,section_16,2024,Ordinance No. 0469-24 Deed of Sale Maria Lani Adaptar-Roque (1).pdf,Thesis_Obsidian\Ordinances\2024\Ordinance No. 0469-24.md,69,False
6540,0469-24,section_3,2024,Ordinance No. 0469-24 Deed of Sale Maria Lani Adaptar-Roque (1).pdf,Thesis_Obsidian\Ordinances\2024\Ordinance No. 0469-24.md,31,False
6541,0469-24,section_4,2024,Ordinance No. 0469-24 Deed of Sale Maria Lani Adaptar-Roque (1).pdf,Thesis_Obsidian\Ordinances\2024\Ordinance No. 0469-24.md,72,False
6542,0469-24,section_5,2024,Ordinance No. 0469-24 Deed of Sale Maria Lani Adaptar-Roque (1).pdf,Thesis_Obsidian\Ordinances\2024\Ordinance No. 0469-24.md,174,False
6543,0470-24,section_1,2024,"Ordinance No. 0470-24, Deed of Sale, M.Cortez (1).pdf",Thesis_Obsidian\Ordinances\2024\Ordinance No. 0470-24.md,31,False
6544,0470-24,section_2,2024,"Ordinance No. 0470-24, Deed of Sale, M.Cortez (1).pdf",Thesis_Obsidian\Ordinances\2024\Ordinance No. 0470-24.md,90,False
6545,0470-24,section_16,2024,"Ordinance No. 0470-24, Deed of Sale, M.Cortez (1).pdf",Thesis_Obsidian\Ordinances\2024\Ordinance No. 0470-24.md,32,False
6546,0470-24,section_455,2024,"Ordinance No. 0470-24, Deed of Sale, M.Cortez (1).pdf",Thesis_Obsidian\Ordinances\2024\Ordinance No. 0470-24.md,100,False
6547,0470-24,section_3,2024,"Ordinance No. 0470-24, Deed of Sale, M.Cortez (1).pdf",Thesis_Obsidian\Ordinances\2024\Ordinance No. 0470-24.md,31,False
6548,0470-24,section_4,2024,"Ordinance No. 0470-24, Deed of Sale, M.Cortez (1).pdf",Thesis_Obsidian\Ordinances\2024\Ordinance No. 0470-24.md,115,False
6549,0470-24,section_5,2024,"Ordinance No. 0470-24, Deed of Sale, M.Cortez (1).pdf",Thesis_Obsidian\Ordinances\2024\Ordinance No. 0470-24.md,174,False
6550,0471-24,section_2,2024,"Ordinance No. 0471-24 Deed of Sale, A. Ibañez, I. Estrada (1).pdf",Thesis_Obsidian\Ordinances\2024\Ordinance No. 0471-24.md,79,False
6551,0471-24,section_16,2024,"Ordinance No. 0471-24 Deed of Sale, A. Ibañez, I. Estrada (1).pdf",Thesis_Obsidian\Ordinances\2024\Ordinance No. 0471-24.md,69,False
6552,0471-24,section_3,2024,"Ordinance No. 0471-24 Deed of Sale, A. Ibañez, I. Estrada (1).pdf",Thesis_Obsidian\Ordinances\2024\Ordinance No. 0471-24.md,31,False
6553,0471-24,section_4,2024,"Ordinance No. 0471-24 Deed of Sale, A. Ibañez, I. Estrada (1).pdf",Thesis_Obsidian\Ordinances\2024\Ordinance No. 0471-24.md,86,False
6554,0471-24,section_5,2024,"Ordinance No. 0471-24 Deed of Sale, A. Ibañez, I. Estrada (1).pdf",Thesis_Obsidian\Ordinances\2024\Ordinance No. 0471-24.md,174,False
6555,0472-24,section_1,2024,Ordinance No. 0472-24 Revised Anti-Smoking Ordinance (1).pdf,Thesis_Obsidian\Ordinances\2024\Ordinance No. 0472-24.md,57,False
6556,0472-24,section_2,2024,Ordinance No. 0472-24 Revised Anti-Smoking Ordinance (1).pdf,Thesis_Obsidian\Ordinances\2024\Ordinance No. 0472-24.md,208,False
6557,0472-24,section_3,2024,Ordinance No. 0472-24 Revised Anti-Smoking Ordinance (1).pdf,Thesis_Obsidian\Ordinances\2024\Ordinance No. 0472-24.md,6,False
6558,0472-24,section_4,2024,Ordinance No. 0472-24 Revised Anti-Smoking Ordinance (1).pdf,Thesis_Obsidian\Ordinances\2024\Ordinance No. 0472-24.md,6,False
6559,0472-24,section_5,2024,Ordinance No. 0472-24 Revised Anti-Smoking Ordinance (1).pdf,Thesis_Obsidian\Ordinances\2024\Ordinance No. 0472-24.md,221,False
6560,0472-24,section_6,2024,Ordinance No. 0472-24 Revised Anti-Smoking Ordinance (1).pdf,Thesis_Obsidian\Ordinances\2024\Ordinance No. 0472-24.md,6,False
6561,0472-24,section_7,2024,Ordinance No. 0472-24 Revised Anti-Smoking Ordinance (1).pdf,Thesis_Obsidian\Ordinances\2024\Ordinance No. 0472-24.md,6,False
6562,0472-24,section_8,2024,Ordinance No. 0472-24 Revised Anti-Smoking Ordinance (1).pdf,Thesis_Obsidian\Ordinances\2024\Ordinance No. 0472-24.md,40,False
6563,0472-24,section_9,2024,Ordinance No. 0472-24 Revised Anti-Smoking Ordinance (1).pdf,Thesis_Obsidian\Ordinances\2024\Ordinance No. 0472-24.md,14,False
6564,0472-24,section_10,2024,Ordinance No. 0472-24 Revised Anti-Smoking Ordinance (1).pdf,Thesis_Obsidian\Ordinances\2024\Ordinance No. 0472-24.md,14,False
6565,0472-24,section_11,2024,Ordinance No. 0472-24 Revised Anti-Smoking Ordinance (1).pdf,Thesis_Obsidian\Ordinances\2024\Ordinance No. 0472-24.md,14,False
6566,0472-24,section_12,2024,Ordinance No. 0472-24 Revised Anti-Smoking Ordinance (1).pdf,Thesis_Obsidian\Ordinances\2024\Ordinance No. 0472-24.md,-1,True
6567,0472-24,section_13,2024,Ordinance No. 0472-24 Revised Anti-Smoking Ordinance (1).pdf,Thesis_Obsidian\Ordinances\2024\Ordinance No. 0472-24.md,6,False
6568,0472-24,section_14,2024,Ordinance No. 0472-24 Revised Anti-Smoking Ordinance (1).pdf,Thesis_Obsidian\Ordinances\2024\Ordinance No. 0472-24.md,40,False
6569,0472-24,section_15,2024,Ordinance No. 0472-24 Revised Anti-Smoking Ordinance (1).pdf,Thesis_Obsidian\Ordinances\2024\Ordinance No. 0472-24.md,30,False
6570,0472-24,section_16,2024,Ordinance No. 0472-24 Revised Anti-Smoking Ordinance (1).pdf,Thesis_Obsidian\Ordinances\2024\Ordinance No. 0472-24.md,40,False
6571,0472-24,section_17,2024,Ordinance No. 0472-24 Revised Anti-Smoking Ordinance (1).pdf,Thesis_Obsidian\Ordinances\2024\Ordinance No. 0472-24.md,30,False
6572,0472-24,section_18,2024,Ordinance No. 0472-24 Revised Anti-Smoking Ordinance (1).pdf,Thesis_Obsidian\Ordinances\2024\Ordinance No. 0472-24.md,88,False
6573,0472-24,section_19,2024,Ordinance No. 0472-24 Revised Anti-Smoking Ordinance (1).pdf,Thesis_Obsidian\Ordinances\2024\Ordinance No. 0472-24.md,126,False
6574,0472-24,section_20,2024,Ordinance No. 0472-24 Revised Anti-Smoking Ordinance (1).pdf,Thesis_Obsidian\Ordinances\2024\Ordinance No. 0472-24.md,39,False
6575,0472-24,section_21,2024,Ordinance No. 0472-24 Revised Anti-Smoking Ordinance (1).pdf,Thesis_Obsidian\Ordinances\2024\Ordinance No. 0472-24.md,-1,True
6576,0473-24,section_1,2024,"Ordinance No. 0473-24 MOA, Davao Doctors College, Inc. (1).pdf",Thesis_Obsidian\Ordinances\2024\Ordinance No. 0473-24.md,-1,True
6577,0473-24,section_2,2024,"Ordinance No. 0473-24 MOA, Davao Doctors College, Inc. (1).pdf",Thesis_Obsidian\Ordinances\2024\Ordinance No. 0473-24.md,64,False
6578,0473-24,section_22,2024,"Ordinance No. 0473-24 MOA, Davao Doctors College, Inc. (1).pdf",Thesis_Obsidian\Ordinances\2024\Ordinance No. 0473-24.md,249,False
6579,0473-24,section_455,2024,"Ordinance No. 0473-24 MOA, Davao Doctors College, Inc. (1).pdf",Thesis_Obsidian\Ordinances\2024\Ordinance No. 0473-24.md,143,False
6580,0473-24,section_3,2024,"Ordinance No. 0473-24 MOA, Davao Doctors College, Inc. (1).pdf",Thesis_Obsidian\Ordinances\2024\Ordinance No. 0473-24.md,7,False
6581,0473-24,section_4,2024,"Ordinance No. 0473-24 MOA, Davao Doctors College, Inc. (1).pdf",Thesis_Obsidian\Ordinances\2024\Ordinance No. 0473-24.md,219,False
6582,0473-24,section_5,2024,"Ordinance No. 0473-24 MOA, Davao Doctors College, Inc. (1).pdf",Thesis_Obsidian\Ordinances\2024\Ordinance No. 0473-24.md,19,False
6583,0474-24,section_1,2024,"Ordinance No. 0474-24 MOA, DSWD-SLP (1).pdf",Thesis_Obsidian\Ordinances\2024\Ordinance No. 0474-24.md,43,False
6584,0474-24,section_2,2024,"Ordinance No. 0474-24 MOA, DSWD-SLP (1).pdf",Thesis_Obsidian\Ordinances\2024\Ordinance No. 0474-24.md,129,False
6585,0474-24,section_16,2024,"Ordinance No. 0474-24 MOA, DSWD-SLP (1).pdf",Thesis_Obsidian\Ordinances\2024\Ordinance No. 0474-24.md,45,False
6586,0474-24,section_3,2024,"Ordinance No. 0474-24 MOA, DSWD-SLP (1).pdf",Thesis_Obsidian\Ordinances\2024\Ordinance No. 0474-24.md,-1,True
6587,0474-24,section_4,2024,"Ordinance No. 0474-24 MOA, DSWD-SLP (1).pdf",Thesis_Obsidian\Ordinances\2024\Ordinance No. 0474-24.md,72,False
6588,0474-24,section_5,2024,"Ordinance No. 0474-24 MOA, DSWD-SLP (1).pdf",Thesis_Obsidian\Ordinances\2024\Ordinance No. 0474-24.md,19,False
6589,0475-24,section_1,2024,"Ordinance No. 0475-24 MOA, Xavier University (1).pdf",Thesis_Obsidian\Ordinances\2024\Ordinance No. 0475-24.md,43,False
6590,0475-24,section_2,2024,"Ordinance No. 0475-24 MOA, Xavier University (1).pdf",Thesis_Obsidian\Ordinances\2024\Ordinance No. 0475-24.md,-1,True
6591,0475-24,section_455,2024,"Ordinance No. 0475-24 MOA, Xavier University (1).pdf",Thesis_Obsidian\Ordinances\2024\Ordinance No. 0475-24.md,-1,True
6592,0475-24,section_4,2024,"Ordinance No. 0475-24 MOA, Xavier University (1).pdf",Thesis_Obsidian\Ordinances\2024\Ordinance No. 0475-24.md,-1,True
6593,0475-24,section_5,2024,"Ordinance No. 0475-24 MOA, Xavier University (1).pdf",Thesis_Obsidian\Ordinances\2024\Ordinance No. 0475-24.md,19,False
6594,0478-24,section_1,2024,"Ordinance No. 0478-24 MOA, DOH-CHD E. Morta (1).pdf",Thesis_Obsidian\Ordinances\2024\Ordinance No. 0478-24.md,160,False
6595,0478-24,section_2,2024,"Ordinance No. 0478-24 MOA, DOH-CHD E. Morta (1).pdf",Thesis_Obsidian\Ordinances\2024\Ordinance No. 0478-24.md,175,False
6596,0478-24,section_455,2024,"Ordinance No. 0478-24 MOA, DOH-CHD E. Morta (1).pdf",Thesis_Obsidian\Ordinances\2024\Ordinance No. 0478-24.md,110,False
6597,0478-24,section_3,2024,"Ordinance No. 0478-24 MOA, DOH-CHD E. Morta (1).pdf",Thesis_Obsidian\Ordinances\2024\Ordinance No. 0478-24.md,160,False
6598,0478-24,section_4,2024,"Ordinance No. 0478-24 MOA, DOH-CHD E. Morta (1).pdf",Thesis_Obsidian\Ordinances\2024\Ordinance No. 0478-24.md,86,False
6599,0478-24,section_5,2024,"Ordinance No. 0478-24 MOA, DOH-CHD E. Morta (1).pdf",Thesis_Obsidian\Ordinances\2024\Ordinance No. 0478-24.md,222,False
6600,0479-24,section_2,2024,"Ordinance No. 0479-24 MOA, DOH-CHD April Anne M. Ladera (1).pdf",Thesis_Obsidian\Ordinances\2024\Ordinance No. 0479-24.md,67,False
6601,0479-24,section_3,2024,"Ordinance No. 0479-24 MOA, DOH-CHD April Anne M. Ladera (1).pdf",Thesis_Obsidian\Ordinances\2024\Ordinance No. 0479-24.md,160,False
6602,0479-24,section_4,2024,"Ordinance No. 0479-24 MOA, DOH-CHD April Anne M. Ladera (1).pdf",Thesis_Obsidian\Ordinances\2024\Ordinance No. 0479-24.md,18,False
6603,0479-24,section_5,2024,"Ordinance No. 0479-24 MOA, DOH-CHD April Anne M. Ladera (1).pdf",Thesis_Obsidian\Ordinances\2024\Ordinance No. 0479-24.md,222,False
6604,0480-24,section_3,2024,"Ordinance No. 0480-24 MOA DOH-CHD, Hasnida G. Daromimbang (1).pdf",Thesis_Obsidian\Ordinances\2024\Ordinance No. 0480-24.md,160,False
6605,0480-24,section_5,2024,"Ordinance No. 0480-24 MOA DOH-CHD, Hasnida G. Daromimbang (1).pdf",Thesis_Obsidian\Ordinances\2024\Ordinance No. 0480-24.md,222,False
6606,0481-24,section_1,2024,Ordinance No. 0481-24 Service Contracting Agreement Metro Shuttle Corp. (1).pdf,Thesis_Obsidian\Ordinances\2024\Ordinance No. 0481-24.md,-1,True
6607,0481-24,section_455,2024,Ordinance No. 0481-24 Service Contracting Agreement Metro Shuttle Corp. (1).pdf,Thesis_Obsidian\Ordinances\2024\Ordinance No. 0481-24.md,110,False
6608,0481-24,section_3,2024,Ordinance No. 0481-24 Service Contracting Agreement Metro Shuttle Corp. (1).pdf,Thesis_Obsidian\Ordinances\2024\Ordinance No. 0481-24.md,7,False
6609,0481-24,section_4,2024,Ordinance No. 0481-24 Service Contracting Agreement Metro Shuttle Corp. (1).pdf,Thesis_Obsidian\Ordinances\2024\Ordinance No. 0481-24.md,16,False
6610,0481-24,section_5,2024,Ordinance No. 0481-24 Service Contracting Agreement Metro Shuttle Corp. (1).pdf,Thesis_Obsidian\Ordinances\2024\Ordinance No. 0481-24.md,19,False
6611,0482-24,section_1,2024,"Ordinance No. 0482-24 Service Contracting Agreement, Golden Valley Bus  (1).pdf",Thesis_Obsidian\Ordinances\2024\Ordinance No. 0482-24.md,112,False
6612,0482-24,section_455,2024,"Ordinance No. 0482-24 Service Contracting Agreement, Golden Valley Bus  (1).pdf",Thesis_Obsidian\Ordinances\2024\Ordinance No. 0482-24.md,143,False
6613,0482-24,section_3,2024,"Ordinance No. 0482-24 Service Contracting Agreement, Golden Valley Bus  (1).pdf",Thesis_Obsidian\Ordinances\2024\Ordinance No. 0482-24.md,7,False
6614,0482-24,section_4,2024,"Ordinance No. 0482-24 Service Contracting Agreement, Golden Valley Bus  (1).pdf",Thesis_Obsidian\Ordinances\2024\Ordinance No. 0482-24.md,27,False
6615,0482-24,section_5,2024,"Ordinance No. 0482-24 Service Contracting Agreement, Golden Valley Bus  (1).pdf",Thesis_Obsidian\Ordinances\2024\Ordinance No. 0482-24.md,19,False
6616,0483-24,section_1,2024,"Ordinance No. 0483-24 Service Contracting Agreement, Land car Inc. (1).pdf",Thesis_Obsidian\Ordinances\2024\Ordinance No. 0483-24.md,-1,True
6617,0483-24,section_4,2024,"Ordinance No. 0483-24 Service Contracting Agreement, Land car Inc. (1).pdf",Thesis_Obsidian\Ordinances\2024\Ordinance No. 0483-24.md,53,False
6618,0484-24,section_4,2024,Ordinance No. 0484-24 (1).pdf,Thesis_Obsidian\Ordinances\2024\Ordinance No. 0484-24.md,75,False
6619,0484-24,section_5,2024,Ordinance No. 0484-24 (1).pdf,Thesis_Obsidian\Ordinances\2024\Ordinance No. 0484-24.md,8,False
6620,0485-24,section_1,2024,Ordinance No. 0485-24 (1).pdf,Thesis_Obsidian\Ordinances\2024\Ordinance No. 0485-24.md,15,False
6621,0485-24,section_2,2024,Ordinance No. 0485-24 (1).pdf,Thesis_Obsidian\Ordinances\2024\Ordinance No. 0485-24.md,183,False
6622,0485-24,section_3,2024,Ordinance No. 0485-24 (1).pdf,Thesis_Obsidian\Ordinances\2024\Ordinance No. 0485-24.md,216,False
6623,0485-24,section_4,2024,Ordinance No. 0485-24 (1).pdf,Thesis_Obsidian\Ordinances\2024\Ordinance No. 0485-24.md,237,False
6624,0486-24,section_1,2024,Ordinance No. 0486-24 Terms of Partnership-DOH (1).pdf,Thesis_Obsidian\Ordinances\2024\Ordinance No. 0486-24.md,140,False
6625,0486-24,section_2,2024,Ordinance No. 0486-24 Terms of Partnership-DOH (1).pdf,Thesis_Obsidian\Ordinances\2024\Ordinance No. 0486-24.md,59,False
6626,0486-24,section_3,2024,Ordinance No. 0486-24 Terms of Partnership-DOH (1).pdf,Thesis_Obsidian\Ordinances\2024\Ordinance No. 0486-24.md,140,False
6627,0486-24,section_4,2024,Ordinance No. 0486-24 Terms of Partnership-DOH (1).pdf,Thesis_Obsidian\Ordinances\2024\Ordinance No. 0486-24.md,72,False
6628,0486-24,section_5,2024,Ordinance No. 0486-24 Terms of Partnership-DOH (1).pdf,Thesis_Obsidian\Ordinances\2024\Ordinance No. 0486-24.md,-1,True
6629,0492-24,section_1,2024,Ordinance No. 0492-24 Exemption of Special Permit Fees (1).pdf,Thesis_Obsidian\Ordinances\2024\Ordinance No. 0492-24.md,164,False
6630,0492-24,section_2,2024,Ordinance No. 0492-24 Exemption of Special Permit Fees (1).pdf,Thesis_Obsidian\Ordinances\2024\Ordinance No. 0492-24.md,122,False
6631,0492-24,section_3,2024,Ordinance No. 0492-24 Exemption of Special Permit Fees (1).pdf,Thesis_Obsidian\Ordinances\2024\Ordinance No. 0492-24.md,68,False
6632,0492-24,section_4,2024,Ordinance No. 0492-24 Exemption of Special Permit Fees (1).pdf,Thesis_Obsidian\Ordinances\2024\Ordinance No. 0492-24.md,-1,True
6633,0492-24,section_5,2024,Ordinance No. 0492-24 Exemption of Special Permit Fees (1).pdf,Thesis_Obsidian\Ordinances\2024\Ordinance No. 0492-24.md,0,False
6634,0493-24,section_1,2024,Ordinance No. 0493-24_MERGE WITH DOS (1).pdf,Thesis_Obsidian\Ordinances\2024\Ordinance No. 0493-24.md,-1,True
6635,0493-24,section_2,2024,Ordinance No. 0493-24_MERGE WITH DOS (1).pdf,Thesis_Obsidian\Ordinances\2024\Ordinance No. 0493-24.md,208,False
6636,0493-24,section_3,2024,Ordinance No. 0493-24_MERGE WITH DOS (1).pdf,Thesis_Obsidian\Ordinances\2024\Ordinance No. 0493-24.md,63,False
6637,0493-24,section_4,2024,Ordinance No. 0493-24_MERGE WITH DOS (1).pdf,Thesis_Obsidian\Ordinances\2024\Ordinance No. 0493-24.md,204,False
6638,0493-24,section_5,2024,Ordinance No. 0493-24_MERGE WITH DOS (1).pdf,Thesis_Obsidian\Ordinances\2024\Ordinance No. 0493-24.md,56,False
6639,0494-24,section_2,2024,Ordinance No. 0494-24 Deed of Absolute Sale E. Palayon (1).pdf,Thesis_Obsidian\Ordinances\2024\Ordinance No. 0494-24.md,208,False
6640,0494-24,section_3,2024,Ordinance No. 0494-24 Deed of Absolute Sale E. Palayon (1).pdf,Thesis_Obsidian\Ordinances\2024\Ordinance No. 0494-24.md,41,False
6641,0494-24,section_5,2024,Ordinance No. 0494-24 Deed of Absolute Sale E. Palayon (1).pdf,Thesis_Obsidian\Ordinances\2024\Ordinance No. 0494-24.md,82,False
6642,0496-24,section_1,2024,"Ordinance No. 0496-24 Service Contract Agreement,LTFRB Nfinite IT  (1).pdf",Thesis_Obsidian\Ordinances\2024\Ordinance No. 0496-24.md,241,False
6643,0496-24,section_2,2024,"Ordinance No. 0496-24 Service Contract Agreement,LTFRB Nfinite IT  (1).pdf",Thesis_Obsidian\Ordinances\2024\Ordinance No. 0496-24.md,112,False
6644,0496-24,section_455,2024,"Ordinance No. 0496-24 Service Contract Agreement,LTFRB Nfinite IT  (1).pdf",Thesis_Obsidian\Ordinances\2024\Ordinance No. 0496-24.md,143,False
6645,0496-24,section_3,2024,"Ordinance No. 0496-24 Service Contract Agreement,LTFRB Nfinite IT  (1).pdf",Thesis_Obsidian\Ordinances\2024\Ordinance No. 0496-24.md,7,False
6646,0496-24,section_4,2024,"Ordinance No. 0496-24 Service Contract Agreement,LTFRB Nfinite IT  (1).pdf",Thesis_Obsidian\Ordinances\2024\Ordinance No. 0496-24.md,-1,True
6647,0497-24,section_1,2024,"Ordinance No. 0497-24 MOU AdDU, Huaqiao University (1).pdf",Thesis_Obsidian\Ordinances\2024\Ordinance No. 0497-24.md,34,False
6648,0497-24,section_3,2024,"Ordinance No. 0497-24 MOU AdDU, Huaqiao University (1).pdf",Thesis_Obsidian\Ordinances\2024\Ordinance No. 0497-24.md,123,False
6649,0497-24,section_4,2024,"Ordinance No. 0497-24 MOU AdDU, Huaqiao University (1).pdf",Thesis_Obsidian\Ordinances\2024\Ordinance No. 0497-24.md,115,False
6650,0497-24,section_5,2024,"Ordinance No. 0497-24 MOU AdDU, Huaqiao University (1).pdf",Thesis_Obsidian\Ordinances\2024\Ordinance No. 0497-24.md,153,False
6651,0498-24,section_1,2024,Ordinance No. 0498-24 (1).pdf,Thesis_Obsidian\Ordinances\2024\Ordinance No. 0498-24.md,15,False
6652,0498-24,section_2,2024,Ordinance No. 0498-24 (1).pdf,Thesis_Obsidian\Ordinances\2024\Ordinance No. 0498-24.md,-1,True
6653,0498-24,section_3,2024,Ordinance No. 0498-24 (1).pdf,Thesis_Obsidian\Ordinances\2024\Ordinance No. 0498-24.md,205,False
6654,0498-24,section_5,2024,Ordinance No. 0498-24 (1).pdf,Thesis_Obsidian\Ordinances\2024\Ordinance No. 0498-24.md,82,False
6655,0499-24,section_1,2024,Ordinance No. 0499-24 (1).pdf,Thesis_Obsidian\Ordinances\2024\Ordinance No. 0499-24.md,15,False
6656,0499-24,section_2,2024,Ordinance No. 0499-24 (1).pdf,Thesis_Obsidian\Ordinances\2024\Ordinance No. 0499-24.md,37,False
6657,0499-24,section_3,2024,Ordinance No. 0499-24 (1).pdf,Thesis_Obsidian\Ordinances\2024\Ordinance No. 0499-24.md,22,False
6658,0499-24,section_4,2024,Ordinance No. 0499-24 (1).pdf,Thesis_Obsidian\Ordinances\2024\Ordinance No. 0499-24.md,72,False
6659,0499-24,section_5,2024,Ordinance No. 0499-24 (1).pdf,Thesis_Obsidian\Ordinances\2024\Ordinance No. 0499-24.md,82,False
6660,0500-24,section_1,2024,Ordinance No. 0500-24 Deed of Usufruct BFP Brgy. Cabantian (1).pdf,Thesis_Obsidian\Ordinances\2024\Ordinance No. 0500-24.md,46,False
6661,0500-24,section_2,2024,Ordinance No. 0500-24 Deed of Usufruct BFP Brgy. Cabantian (1).pdf,Thesis_Obsidian\Ordinances\2024\Ordinance No. 0500-24.md,112,False
6662,0500-24,section_455,2024,Ordinance No. 0500-24 Deed of Usufruct BFP Brgy. Cabantian (1).pdf,Thesis_Obsidian\Ordinances\2024\Ordinance No. 0500-24.md,110,False
6663,0500-24,section_3,2024,Ordinance No. 0500-24 Deed of Usufruct BFP Brgy. Cabantian (1).pdf,Thesis_Obsidian\Ordinances\2024\Ordinance No. 0500-24.md,41,False
6664,0500-24,section_5,2024,Ordinance No. 0500-24 Deed of Usufruct BFP Brgy. Cabantian (1).pdf,Thesis_Obsidian\Ordinances\2024\Ordinance No. 0500-24.md,98,False
6665,0501-24,section_1,2024,Ordinance No. 0501-24 DOU Brgy. Council of Brgy. 25-C (1).pdf,Thesis_Obsidian\Ordinances\2024\Ordinance No. 0501-24.md,112,False
6666,0501-24,section_455,2024,Ordinance No. 0501-24 DOU Brgy. Council of Brgy. 25-C (1).pdf,Thesis_Obsidian\Ordinances\2024\Ordinance No. 0501-24.md,-1,True
6667,0501-24,section_3,2024,Ordinance No. 0501-24 DOU Brgy. Council of Brgy. 25-C (1).pdf,Thesis_Obsidian\Ordinances\2024\Ordinance No. 0501-24.md,41,False
6668,0501-24,section_5,2024,Ordinance No. 0501-24 DOU Brgy. Council of Brgy. 25-C (1).pdf,Thesis_Obsidian\Ordinances\2024\Ordinance No. 0501-24.md,98,False
6669,0502-24,section_1,2024,Ordinance No. 0502-24 MOA PSA (1).pdf,Thesis_Obsidian\Ordinances\2024\Ordinance No. 0502-24.md,43,False
6670,0502-24,section_2,2024,Ordinance No. 0502-24 MOA PSA (1).pdf,Thesis_Obsidian\Ordinances\2024\Ordinance No. 0502-24.md,-1,True
6671,0502-24,section_3,2024,Ordinance No. 0502-24 MOA PSA (1).pdf,Thesis_Obsidian\Ordinances\2024\Ordinance No. 0502-24.md,7,False
6672,0502-24,section_4,2024,Ordinance No. 0502-24 MOA PSA (1).pdf,Thesis_Obsidian\Ordinances\2024\Ordinance No. 0502-24.md,3,False
6673,0502-24,section_5,2024,Ordinance No. 0502-24 MOA PSA (1).pdf,Thesis_Obsidian\Ordinances\2024\Ordinance No. 0502-24.md,153,False
6674,0503-24,section_1,2024,Ordinance No. 0503-24 Deed of Donation Fast Logistics Corp. (1).pdf,Thesis_Obsidian\Ordinances\2024\Ordinance No. 0503-24.md,61,False
6675,0503-24,section_2,2024,Ordinance No. 0503-24 Deed of Donation Fast Logistics Corp. (1).pdf,Thesis_Obsidian\Ordinances\2024\Ordinance No. 0503-24.md,34,False
6676,0503-24,section_3,2024,Ordinance No. 0503-24 Deed of Donation Fast Logistics Corp. (1).pdf,Thesis_Obsidian\Ordinances\2024\Ordinance No. 0503-24.md,60,False
6677,0503-24,section_4,2024,Ordinance No. 0503-24 Deed of Donation Fast Logistics Corp. (1).pdf,Thesis_Obsidian\Ordinances\2024\Ordinance No. 0503-24.md,269,False
6678,0504-24,section_1,2024,Ordinance No. 0504-24 Addendum DOAS with Extrajudicial Settlement Archdiocesan (1).pdf,Thesis_Obsidian\Ordinances\2024\Ordinance No. 0504-24.md,163,False
6679,0504-24,section_2,2024,Ordinance No. 0504-24 Addendum DOAS with Extrajudicial Settlement Archdiocesan (1).pdf,Thesis_Obsidian\Ordinances\2024\Ordinance No. 0504-24.md,112,False
6680,0504-24,section_455,2024,Ordinance No. 0504-24 Addendum DOAS with Extrajudicial Settlement Archdiocesan (1).pdf,Thesis_Obsidian\Ordinances\2024\Ordinance No. 0504-24.md,110,False
6681,0504-24,section_3,2024,Ordinance No. 0504-24 Addendum DOAS with Extrajudicial Settlement Archdiocesan (1).pdf,Thesis_Obsidian\Ordinances\2024\Ordinance No. 0504-24.md,-1,True
6682,0504-24,section_4,2024,Ordinance No. 0504-24 Addendum DOAS with Extrajudicial Settlement Archdiocesan (1).pdf,Thesis_Obsidian\Ordinances\2024\Ordinance No. 0504-24.md,10,False
6683,0504-24,section_5,2024,Ordinance No. 0504-24 Addendum DOAS with Extrajudicial Settlement Archdiocesan (1).pdf,Thesis_Obsidian\Ordinances\2024\Ordinance No. 0504-24.md,163,False
6684,0505-24,section_2,2024,Ordinance No. 0505-24 Addendum DOAS with Extrajudicial Settlement A. Tabar (1).pdf,Thesis_Obsidian\Ordinances\2024\Ordinance No. 0505-24.md,112,False
6685,0505-24,section_455,2024,Ordinance No. 0505-24 Addendum DOAS with Extrajudicial Settlement A. Tabar (1).pdf,Thesis_Obsidian\Ordinances\2024\Ordinance No. 0505-24.md,85,False
6686,0505-24,section_3,2024,Ordinance No. 0505-24 Addendum DOAS with Extrajudicial Settlement A. Tabar (1).pdf,Thesis_Obsidian\Ordinances\2024\Ordinance No. 0505-24.md,-1,True
6687,0505-24,section_4,2024,Ordinance No. 0505-24 Addendum DOAS with Extrajudicial Settlement A. Tabar (1).pdf,Thesis_Obsidian\Ordinances\2024\Ordinance No. 0505-24.md,154,False
6688,0505-24,section_5,2024,Ordinance No. 0505-24 Addendum DOAS with Extrajudicial Settlement A. Tabar (1).pdf,Thesis_Obsidian\Ordinances\2024\Ordinance No. 0505-24.md,163,False
6689,0506-24,section_1,2024,Ordinance No. 0506-24 Addendum DOAS with Extrajudicial Settlement M. Baradi (1).pdf,Thesis_Obsidian\Ordinances\2024\Ordinance No. 0506-24.md,163,False
6690,0506-24,section_2,2024,Ordinance No. 0506-24 Addendum DOAS with Extrajudicial Settlement M. Baradi (1).pdf,Thesis_Obsidian\Ordinances\2024\Ordinance No. 0506-24.md,33,False
6691,0506-24,section_3,2024,Ordinance No. 0506-24 Addendum DOAS with Extrajudicial Settlement M. Baradi (1).pdf,Thesis_Obsidian\Ordinances\2024\Ordinance No. 0506-24.md,-1,True
6692,0506-24,section_4,2024,Ordinance No. 0506-24 Addendum DOAS with Extrajudicial Settlement M. Baradi (1).pdf,Thesis_Obsidian\Ordinances\2024\Ordinance No. 0506-24.md,18,False
6693,0506-24,section_5,2024,Ordinance No. 0506-24 Addendum DOAS with Extrajudicial Settlement M. Baradi (1).pdf,Thesis_Obsidian\Ordinances\2024\Ordinance No. 0506-24.md,163,False
6694,0507-24,section_1,2024,Ordinance No. 0507-24 Addendum DOAS A. Tohoy (1).pdf,Thesis_Obsidian\Ordinances\2024\Ordinance No. 0507-24.md,163,False
6695,0507-24,section_2,2024,Ordinance No. 0507-24 Addendum DOAS A. Tohoy (1).pdf,Thesis_Obsidian\Ordinances\2024\Ordinance No. 0507-24.md,-1,True
6696,0507-24,section_3,2024,Ordinance No. 0507-24 Addendum DOAS A. Tohoy (1).pdf,Thesis_Obsidian\Ordinances\2024\Ordinance No. 0507-24.md,-1,True
6697,0507-24,section_4,2024,Ordinance No. 0507-24 Addendum DOAS A. Tohoy (1).pdf,Thesis_Obsidian\Ordinances\2024\Ordinance No. 0507-24.md,3,False
6698,0507-24,section_5,2024,Ordinance No. 0507-24 Addendum DOAS A. Tohoy (1).pdf,Thesis_Obsidian\Ordinances\2024\Ordinance No. 0507-24.md,163,False
6699,0508-24,section_1,2024,"Ordinance No. 0508-24 Addendum to DOAS D. Estores, Jr. (1).pdf",Thesis_Obsidian\Ordinances\2024\Ordinance No. 0508-24.md,163,False
6700,0508-24,section_2,2024,"Ordinance No. 0508-24 Addendum to DOAS D. Estores, Jr. (1).pdf",Thesis_Obsidian\Ordinances\2024\Ordinance No. 0508-24.md,101,False
6701,0508-24,section_3,2024,"Ordinance No. 0508-24 Addendum to DOAS D. Estores, Jr. (1).pdf",Thesis_Obsidian\Ordinances\2024\Ordinance No. 0508-24.md,-1,True
6702,0508-24,section_4,2024,"Ordinance No. 0508-24 Addendum to DOAS D. Estores, Jr. (1).pdf",Thesis_Obsidian\Ordinances\2024\Ordinance No. 0508-24.md,9,False
6703,0508-24,section_5,2024,"Ordinance No. 0508-24 Addendum to DOAS D. Estores, Jr. (1).pdf",Thesis_Obsidian\Ordinances\2024\Ordinance No. 0508-24.md,163,False
6704,0509-24,section_1,2024,Ordinance No. 0509-24 Addendum DOAS M. Cabido (1).pdf,Thesis_Obsidian\Ordinances\2024\Ordinance No. 0509-24.md,163,False
6705,0510-24,section_1,2024,Ordinance No. 0510-24 Addendum to the DOAS R. Capote (1).pdf,Thesis_Obsidian\Ordinances\2024\Ordinance No. 0510-24.md,163,False
6706,0510-24,section_2,2024,Ordinance No. 0510-24 Addendum to the DOAS R. Capote (1).pdf,Thesis_Obsidian\Ordinances\2024\Ordinance No. 0510-24.md,175,False
6707,0510-24,section_22,2024,Ordinance No. 0510-24 Addendum to the DOAS R. Capote (1).pdf,Thesis_Obsidian\Ordinances\2024\Ordinance No. 0510-24.md,92,False
6708,0510-24,section_455,2024,Ordinance No. 0510-24 Addendum to the DOAS R. Capote (1).pdf,Thesis_Obsidian\Ordinances\2024\Ordinance No. 0510-24.md,143,False
6709,0510-24,section_3,2024,Ordinance No. 0510-24 Addendum to the DOAS R. Capote (1).pdf,Thesis_Obsidian\Ordinances\2024\Ordinance No. 0510-24.md,-1,True
6710,0510-24,section_4,2024,Ordinance No. 0510-24 Addendum to the DOAS R. Capote (1).pdf,Thesis_Obsidian\Ordinances\2024\Ordinance No. 0510-24.md,154,False
6711,0510-24,section_5,2024,Ordinance No. 0510-24 Addendum to the DOAS R. Capote (1).pdf,Thesis_Obsidian\Ordinances\2024\Ordinance No. 0510-24.md,163,False
6712,0511-24,section_1,2024,Ordinance No. 0511-24 Addendum to DOAS N. Bangcal (1).pdf,Thesis_Obsidian\Ordinances\2024\Ordinance No. 0511-24.md,163,False
6713,0511-24,section_2,2024,Ordinance No. 0511-24 Addendum to DOAS N. Bangcal (1).pdf,Thesis_Obsidian\Ordinances\2024\Ordinance No. 0511-24.md,245,False
6714,0511-24,section_22,2024,Ordinance No. 0511-24 Addendum to DOAS N. Bangcal (1).pdf,Thesis_Obsidian\Ordinances\2024\Ordinance No. 0511-24.md,92,False
6715,0511-24,section_455,2024,Ordinance No. 0511-24 Addendum to DOAS N. Bangcal (1).pdf,Thesis_Obsidian\Ordinances\2024\Ordinance No. 0511-24.md,143,False
6716,0511-24,section_3,2024,Ordinance No. 0511-24 Addendum to DOAS N. Bangcal (1).pdf,Thesis_Obsidian\Ordinances\2024\Ordinance No. 0511-24.md,-1,True
6717,0511-24,section_4,2024,Ordinance No. 0511-24 Addendum to DOAS N. Bangcal (1).pdf,Thesis_Obsidian\Ordinances\2024\Ordinance No. 0511-24.md,3,False
6718,0511-24,section_5,2024,Ordinance No. 0511-24 Addendum to DOAS N. Bangcal (1).pdf,Thesis_Obsidian\Ordinances\2024\Ordinance No. 0511-24.md,163,False
6719,0513-24,section_1,2024,Ordinance No. 0513-24 Addendum DOAS M. Bangcal (1).pdf,Thesis_Obsidian\Ordinances\2024\Ordinance No. 0513-24.md,163,False
6720,0513-24,section_2,2024,Ordinance No. 0513-24 Addendum DOAS M. Bangcal (1).pdf,Thesis_Obsidian\Ordinances\2024\Ordinance No. 0513-24.md,136,False
6721,0513-24,section_22,2024,Ordinance No. 0513-24 Addendum DOAS M. Bangcal (1).pdf,Thesis_Obsidian\Ordinances\2024\Ordinance No. 0513-24.md,101,False
6722,0513-24,section_3,2024,Ordinance No. 0513-24 Addendum DOAS M. Bangcal (1).pdf,Thesis_Obsidian\Ordinances\2024\Ordinance No. 0513-24.md,-1,True
6723,0513-24,section_4,2024,Ordinance No. 0513-24 Addendum DOAS M. Bangcal (1).pdf,Thesis_Obsidian\Ordinances\2024\Ordinance No. 0513-24.md,72,False
6724,0513-24,section_5,2024,Ordinance No. 0513-24 Addendum DOAS M. Bangcal (1).pdf,Thesis_Obsidian\Ordinances\2024\Ordinance No. 0513-24.md,163,False
6725,0521-24,section_1,2024,Ordinance No. 0521-24 Partnership Agreement PCW (1).pdf,Thesis_Obsidian\Ordinances\2024\Ordinance No. 0521-24.md,-1,True
6726,0521-24,section_2,2024,Ordinance No. 0521-24 Partnership Agreement PCW (1).pdf,Thesis_Obsidian\Ordinances\2024\Ordinance No. 0521-24.md,67,False
6727,0521-24,section_3,2024,Ordinance No. 0521-24 Partnership Agreement PCW (1).pdf,Thesis_Obsidian\Ordinances\2024\Ordinance No. 0521-24.md,41,False
6728,0521-24,section_5,2024,Ordinance No. 0521-24 Partnership Agreement PCW (1).pdf,Thesis_Obsidian\Ordinances\2024\Ordinance No. 0521-24.md,153,False
6729,0524-24,section_3,2024,Ordinance No. 0524-24 Addendum DOAS M. Galamiton (1).pdf,Thesis_Obsidian\Ordinances\2024\Ordinance No. 0524-24.md,-1,True
6730,0524-24,section_4,2024,Ordinance No. 0524-24 Addendum DOAS M. Galamiton (1).pdf,Thesis_Obsidian\Ordinances\2024\Ordinance No. 0524-24.md,86,False
6731,0524-24,section_5,2024,Ordinance No. 0524-24 Addendum DOAS M. Galamiton (1).pdf,Thesis_Obsidian\Ordinances\2024\Ordinance No. 0524-24.md,163,False
6732,0525-24,section_1,2024,Ordinance No. 0525-24 MOA Comm. on Population and Development (1).pdf,Thesis_Obsidian\Ordinances\2024\Ordinance No. 0525-24.md,67,False
6733,0525-24,section_3,2024,Ordinance No. 0525-24 MOA Comm. on Population and Development (1).pdf,Thesis_Obsidian\Ordinances\2024\Ordinance No. 0525-24.md,41,False
6734,0525-24,section_5,2024,Ordinance No. 0525-24 MOA Comm. on Population and Development (1).pdf,Thesis_Obsidian\Ordinances\2024\Ordinance No. 0525-24.md,153,False
6735,0526-24,section_1,2024,Ordinance No. 0526-24 Deed od Donation Norma P. Exclamador (1).pdf,Thesis_Obsidian\Ordinances\2024\Ordinance No. 0526-24.md,31,False
6736,0526-24,section_2,2024,Ordinance No. 0526-24 Deed od Donation Norma P. Exclamador (1).pdf,Thesis_Obsidian\Ordinances\2024\Ordinance No. 0526-24.md,32,False
6737,0526-24,section_455,2024,Ordinance No. 0526-24 Deed od Donation Norma P. Exclamador (1).pdf,Thesis_Obsidian\Ordinances\2024\Ordinance No. 0526-24.md,100,False
6738,0526-24,section_3,2024,Ordinance No. 0526-24 Deed od Donation Norma P. Exclamador (1).pdf,Thesis_Obsidian\Ordinances\2024\Ordinance No. 0526-24.md,31,False
6739,0526-24,section_4,2024,Ordinance No. 0526-24 Deed od Donation Norma P. Exclamador (1).pdf,Thesis_Obsidian\Ordinances\2024\Ordinance No. 0526-24.md,39,False
6740,0526-24,section_5,2024,Ordinance No. 0526-24 Deed od Donation Norma P. Exclamador (1).pdf,Thesis_Obsidian\Ordinances\2024\Ordinance No. 0526-24.md,-1,True
6741,0528-24,section_1,2024,Ordinance No. 0528-24 (1).pdf,Thesis_Obsidian\Ordinances\2024\Ordinance No. 0528-24.md,117,False
6742,0528-24,section_2,2024,Ordinance No. 0528-24 (1).pdf,Thesis_Obsidian\Ordinances\2024\Ordinance No. 0528-24.md,12,False
6743,0528-24,section_3,2024,Ordinance No. 0528-24 (1).pdf,Thesis_Obsidian\Ordinances\2024\Ordinance No. 0528-24.md,198,False
6744,0528-24,section_4,2024,Ordinance No. 0528-24 (1).pdf,Thesis_Obsidian\Ordinances\2024\Ordinance No. 0528-24.md,27,False
6745,0528-24,section_5,2024,Ordinance No. 0528-24 (1).pdf,Thesis_Obsidian\Ordinances\2024\Ordinance No. 0528-24.md,82,False
6746,0529-24,section_1,2024,Ordinance No. 0529-24 (1).pdf,Thesis_Obsidian\Ordinances\2024\Ordinance No. 0529-24.md,12,False
6747,0529-24,section_4,2024,Ordinance No. 0529-24 (1).pdf,Thesis_Obsidian\Ordinances\2024\Ordinance No. 0529-24.md,74,False
6748,0529-24,section_5,2024,Ordinance No. 0529-24 (1).pdf,Thesis_Obsidian\Ordinances\2024\Ordinance No. 0529-24.md,82,False
6749,0530-24,section_2,2024,"Ordinance No. 0530-24 MOA, AdDU (1).pdf",Thesis_Obsidian\Ordinances\2024\Ordinance No. 0530-24.md,129,False
6750,0530-24,section_16,2024,"Ordinance No. 0530-24 MOA, AdDU (1).pdf",Thesis_Obsidian\Ordinances\2024\Ordinance No. 0530-24.md,45,False
6751,0530-24,section_3,2024,"Ordinance No. 0530-24 MOA, AdDU (1).pdf",Thesis_Obsidian\Ordinances\2024\Ordinance No. 0530-24.md,41,False
6752,0530-24,section_5,2024,"Ordinance No. 0530-24 MOA, AdDU (1).pdf",Thesis_Obsidian\Ordinances\2024\Ordinance No. 0530-24.md,153,False
6753,0531-24,section_1,2024,Ordinance No. 0531-24 MOA UM Thesis (1).pdf,Thesis_Obsidian\Ordinances\2024\Ordinance No. 0531-24.md,43,False
6754,0531-24,section_2,2024,Ordinance No. 0531-24 MOA UM Thesis (1).pdf,Thesis_Obsidian\Ordinances\2024\Ordinance No. 0531-24.md,112,False
6755,0531-24,section_455,2024,Ordinance No. 0531-24 MOA UM Thesis (1).pdf,Thesis_Obsidian\Ordinances\2024\Ordinance No. 0531-24.md,110,False
6756,0531-24,section_3,2024,Ordinance No. 0531-24 MOA UM Thesis (1).pdf,Thesis_Obsidian\Ordinances\2024\Ordinance No. 0531-24.md,7,False
6757,0531-24,section_4,2024,Ordinance No. 0531-24 MOA UM Thesis (1).pdf,Thesis_Obsidian\Ordinances\2024\Ordinance No. 0531-24.md,211,False
6758,0531-24,section_5,2024,Ordinance No. 0531-24 MOA UM Thesis (1).pdf,Thesis_Obsidian\Ordinances\2024\Ordinance No. 0531-24.md,153,False
6759,0532-24,section_2,2024,Ordinance No. 0532-24 (1).pdf,Thesis_Obsidian\Ordinances\2024\Ordinance No. 0532-24.md,101,False
6760,0532-24,section_3,2024,Ordinance No. 0532-24 (1).pdf,Thesis_Obsidian\Ordinances\2024\Ordinance No. 0532-24.md,7,False
6761,0532-24,section_4,2024,Ordinance No. 0532-24 (1).pdf,Thesis_Obsidian\Ordinances\2024\Ordinance No. 0532-24.md,148,False
6762,0532-24,section_5,2024,Ordinance No. 0532-24 (1).pdf,Thesis_Obsidian\Ordinances\2024\Ordinance No. 0532-24.md,153,False
6763,0533-24,section_1,2024,Ordinance No. 0533-24 -MOA DOH-CHD MAILFIP Program (1).pdf,Thesis_Obsidian\Ordinances\2024\Ordinance No. 0533-24.md,34,False
6764,0533-24,section_3,2024,Ordinance No. 0533-24 -MOA DOH-CHD MAILFIP Program (1).pdf,Thesis_Obsidian\Ordinances\2024\Ordinance No. 0533-24.md,222,False
6765,0538-24,section_1,2024,Ordinance No. 0538-24 (1).pdf,Thesis_Obsidian\Ordinances\2024\Ordinance No. 0538-24.md,118,False
6766,0538-24,section_2,2024,Ordinance No. 0538-24 (1).pdf,Thesis_Obsidian\Ordinances\2024\Ordinance No. 0538-24.md,79,False
6767,0538-24,section_3,2024,Ordinance No. 0538-24 (1).pdf,Thesis_Obsidian\Ordinances\2024\Ordinance No. 0538-24.md,31,False
6768,0538-24,section_4,2024,Ordinance No. 0538-24 (1).pdf,Thesis_Obsidian\Ordinances\2024\Ordinance No. 0538-24.md,39,False
6769,0538-24,section_5,2024,Ordinance No. 0538-24 (1).pdf,Thesis_Obsidian\Ordinances\2024\Ordinance No. 0538-24.md,207,False
6770,0541-24,section_1,2024,Ordinance No. 0541-24 (1).pdf,Thesis_Obsidian\Ordinances\2024\Ordinance No. 0541-24.md,15,False
6771,0541-24,section_2,2024,Ordinance No. 0541-24 (1).pdf,Thesis_Obsidian\Ordinances\2024\Ordinance No. 0541-24.md,12,False
6772,0541-24,section_3,2024,Ordinance No. 0541-24 (1).pdf,Thesis_Obsidian\Ordinances\2024\Ordinance No. 0541-24.md,171,False
6773,0541-24,section_4,2024,Ordinance No. 0541-24 (1).pdf,Thesis_Obsidian\Ordinances\2024\Ordinance No. 0541-24.md,10,False
6774,0541-24,section_5,2024,Ordinance No. 0541-24 (1).pdf,Thesis_Obsidian\Ordinances\2024\Ordinance No. 0541-24.md,8,False
6775,0542-24,section_2,2024,Ordinance No. 0542-24 (1).pdf,Thesis_Obsidian\Ordinances\2024\Ordinance No. 0542-24.md,12,False
6776,0542-24,section_3,2024,Ordinance No. 0542-24 (1).pdf,Thesis_Obsidian\Ordinances\2024\Ordinance No. 0542-24.md,-1,True
6777,0542-24,section_4,2024,Ordinance No. 0542-24 (1).pdf,Thesis_Obsidian\Ordinances\2024\Ordinance No. 0542-24.md,9,False
6778,0542-24,section_5,2024,Ordinance No. 0542-24 (1).pdf,Thesis_Obsidian\Ordinances\2024\Ordinance No. 0542-24.md,8,False
6779,0543-24,section_1,2024,Ordinance No. 0543-24 (1).pdf,Thesis_Obsidian\Ordinances\2024\Ordinance No. 0543-24.md,-1,True
6780,0543-24,section_4,2024,Ordinance No. 0543-24 (1).pdf,Thesis_Obsidian\Ordinances\2024\Ordinance No. 0543-24.md,74,False
6781,0543-24,section_5,2024,Ordinance No. 0543-24 (1).pdf,Thesis_Obsidian\Ordinances\2024\Ordinance No. 0543-24.md,97,False
6782,0544-24,section_1,2024,Ordinance No. 0544-24 Exemption of Special Mayor_s Permit Fee (1).pdf,Thesis_Obsidian\Ordinances\2024\Ordinance No. 0544-24.md,164,False
6783,0544-24,section_2,2024,Ordinance No. 0544-24 Exemption of Special Mayor_s Permit Fee (1).pdf,Thesis_Obsidian\Ordinances\2024\Ordinance No. 0544-24.md,122,False
6784,0544-24,section_3,2024,Ordinance No. 0544-24 Exemption of Special Mayor_s Permit Fee (1).pdf,Thesis_Obsidian\Ordinances\2024\Ordinance No. 0544-24.md,68,False
6785,0544-24,section_4,2024,Ordinance No. 0544-24 Exemption of Special Mayor_s Permit Fee (1).pdf,Thesis_Obsidian\Ordinances\2024\Ordinance No. 0544-24.md,-1,True
6786,0544-24,section_5,2024,Ordinance No. 0544-24 Exemption of Special Mayor_s Permit Fee (1).pdf,Thesis_Obsidian\Ordinances\2024\Ordinance No. 0544-24.md,97,False
6787,0545-24,section_1,2024,Ordinance No. 0545-24 CoL LBP SP Bldg. ATM (1).pdf,Thesis_Obsidian\Ordinances\2024\Ordinance No. 0545-24.md,34,False
6788,0545-24,section_3,2024,Ordinance No. 0545-24 CoL LBP SP Bldg. ATM (1).pdf,Thesis_Obsidian\Ordinances\2024\Ordinance No. 0545-24.md,41,False
6789,0545-24,section_5,2024,Ordinance No. 0545-24 CoL LBP SP Bldg. ATM (1).pdf,Thesis_Obsidian\Ordinances\2024\Ordinance No. 0545-24.md,-1,True
6790,0547-24,section_4,2024,Ordinance No. 0547-24 MOA DOH-CHD (1).pdf,Thesis_Obsidian\Ordinances\2024\Ordinance No. 0547-24.md,39,False
6791,0547-24,section_5,2024,Ordinance No. 0547-24 MOA DOH-CHD (1).pdf,Thesis_Obsidian\Ordinances\2024\Ordinance No. 0547-24.md,-1,True
6792,0548-24,section_1,2024,Ordinance No. 0548-24 Water-Break Time (1).pdf,Thesis_Obsidian\Ordinances\2024\Ordinance No. 0548-24.md,32,False
6793,0548-24,section_3,2024,Ordinance No. 0548-24 Water-Break Time (1).pdf,Thesis_Obsidian\Ordinances\2024\Ordinance No. 0548-24.md,93,False
6794,0548-24,section_4,2024,Ordinance No. 0548-24 Water-Break Time (1).pdf,Thesis_Obsidian\Ordinances\2024\Ordinance No. 0548-24.md,44,False
6795,0548-24,section_5,2024,Ordinance No. 0548-24 Water-Break Time (1).pdf,Thesis_Obsidian\Ordinances\2024\Ordinance No. 0548-24.md,44,False
6796,0548-24,section_6,2024,Ordinance No. 0548-24 Water-Break Time (1).pdf,Thesis_Obsidian\Ordinances\2024\Ordinance No. 0548-24.md,44,False
6797,0548-24,section_7,2024,Ordinance No. 0548-24 Water-Break Time (1).pdf,Thesis_Obsidian\Ordinances\2024\Ordinance No. 0548-24.md,44,False
6798,0548-24,section_8,2024,Ordinance No. 0548-24 Water-Break Time (1).pdf,Thesis_Obsidian\Ordinances\2024\Ordinance No. 0548-24.md,44,False
6799,0548-24,section_9,2024,Ordinance No. 0548-24 Water-Break Time (1).pdf,Thesis_Obsidian\Ordinances\2024\Ordinance No. 0548-24.md,154,False
6800,0548-24,section_10,2024,Ordinance No. 0548-24 Water-Break Time (1).pdf,Thesis_Obsidian\Ordinances\2024\Ordinance No. 0548-24.md,97,False
6801,0549-24,section_6,2024,Ordinance No. 0549-24 Amusement Tax Exemption   (1).pdf,Thesis_Obsidian\Ordinances\2024\Ordinance No. 0549-24.md,166,False
6802,0550-24,section_1,2024,"Ordinance No. 0550-24 MOA BFAR, et al. (1).pdf",Thesis_Obsidian\Ordinances\2024\Ordinance No. 0550-24.md,-1,True
6803,0550-24,section_2,2024,"Ordinance No. 0550-24 MOA BFAR, et al. (1).pdf",Thesis_Obsidian\Ordinances\2024\Ordinance No. 0550-24.md,129,False
6804,0550-24,section_16,2024,"Ordinance No. 0550-24 MOA BFAR, et al. (1).pdf",Thesis_Obsidian\Ordinances\2024\Ordinance No. 0550-24.md,176,False
6805,0550-24,section_3,2024,"Ordinance No. 0550-24 MOA BFAR, et al. (1).pdf",Thesis_Obsidian\Ordinances\2024\Ordinance No. 0550-24.md,-1,True
6806,0551-24,section_1,2024,Ordinance No. 0551-24 MOA DDH Internship Program (1).pdf,Thesis_Obsidian\Ordinances\2024\Ordinance No. 0551-24.md,172,False
6807,0551-24,section_2,2024,Ordinance No. 0551-24 MOA DDH Internship Program (1).pdf,Thesis_Obsidian\Ordinances\2024\Ordinance No. 0551-24.md,129,False
6808,0551-24,section_16,2024,Ordinance No. 0551-24 MOA DDH Internship Program (1).pdf,Thesis_Obsidian\Ordinances\2024\Ordinance No. 0551-24.md,45,False
6809,0551-24,section_3,2024,Ordinance No. 0551-24 MOA DDH Internship Program (1).pdf,Thesis_Obsidian\Ordinances\2024\Ordinance No. 0551-24.md,7,False
6810,0551-24,section_4,2024,Ordinance No. 0551-24 MOA DDH Internship Program (1).pdf,Thesis_Obsidian\Ordinances\2024\Ordinance No. 0551-24.md,9,False
6811,0551-24,section_5,2024,Ordinance No. 0551-24 MOA DDH Internship Program (1).pdf,Thesis_Obsidian\Ordinances\2024\Ordinance No. 0551-24.md,19,False
6812,0552-24,section_1,2024,Ordinance No. 0552-24 Dabawenyo Dcplinado (1).pdf,Thesis_Obsidian\Ordinances\2024\Ordinance No. 0552-24.md,26,False
6813,0552-24,section_2,2024,Ordinance No. 0552-24 Dabawenyo Dcplinado (1).pdf,Thesis_Obsidian\Ordinances\2024\Ordinance No. 0552-24.md,32,False
6814,0552-24,section_3,2024,Ordinance No. 0552-24 Dabawenyo Dcplinado (1).pdf,Thesis_Obsidian\Ordinances\2024\Ordinance No. 0552-24.md,5,False
6815,0552-24,section_4,2024,Ordinance No. 0552-24 Dabawenyo Dcplinado (1).pdf,Thesis_Obsidian\Ordinances\2024\Ordinance No. 0552-24.md,93,False
6816,0552-24,section_5,2024,Ordinance No. 0552-24 Dabawenyo Dcplinado (1).pdf,Thesis_Obsidian\Ordinances\2024\Ordinance No. 0552-24.md,213,False
6817,0552-24,section_7,2024,Ordinance No. 0552-24 Dabawenyo Dcplinado (1).pdf,Thesis_Obsidian\Ordinances\2024\Ordinance No. 0552-24.md,213,False
6818,0552-24,section_8,2024,Ordinance No. 0552-24 Dabawenyo Dcplinado (1).pdf,Thesis_Obsidian\Ordinances\2024\Ordinance No. 0552-24.md,126,False
6819,0552-24,section_10,2024,Ordinance No. 0552-24 Dabawenyo Dcplinado (1).pdf,Thesis_Obsidian\Ordinances\2024\Ordinance No. 0552-24.md,263,False
6820,0552-24,section_11,2024,Ordinance No. 0552-24 Dabawenyo Dcplinado (1).pdf,Thesis_Obsidian\Ordinances\2024\Ordinance No. 0552-24.md,54,False
6821,0553-24,section_1,2024,Ordinance No. 0553-24 (1).pdf,Thesis_Obsidian\Ordinances\2024\Ordinance No. 0553-24.md,241,False
6822,0553-24,section_2,2024,Ordinance No. 0553-24 (1).pdf,Thesis_Obsidian\Ordinances\2024\Ordinance No. 0553-24.md,-1,True
6823,0553-24,section_3,2024,Ordinance No. 0553-24 (1).pdf,Thesis_Obsidian\Ordinances\2024\Ordinance No. 0553-24.md,41,False
6824,0553-24,section_5,2024,Ordinance No. 0553-24 (1).pdf,Thesis_Obsidian\Ordinances\2024\Ordinance No. 0553-24.md,-1,True
6825,0554-24,section_2,2024,Ordinance No. 0554-24 Adopting 2023 and 2024 Citizen_s Charter (1).pdf,Thesis_Obsidian\Ordinances\2024\Ordinance No. 0554-24.md,-1,True
6826,0554-24,section_4,2024,Ordinance No. 0554-24 Adopting 2023 and 2024 Citizen_s Charter (1).pdf,Thesis_Obsidian\Ordinances\2024\Ordinance No. 0554-24.md,53,False
6827,0555-24,section_1,2024,Ordinance No. 0555-24 (1).pdf,Thesis_Obsidian\Ordinances\2024\Ordinance No. 0555-24.md,105,False
6828,0555-24,section_2,2024,Ordinance No. 0555-24 (1).pdf,Thesis_Obsidian\Ordinances\2024\Ordinance No. 0555-24.md,13,False
6829,0555-24,section_3,2024,Ordinance No. 0555-24 (1).pdf,Thesis_Obsidian\Ordinances\2024\Ordinance No. 0555-24.md,105,False
6830,0555-24,section_4,2024,Ordinance No. 0555-24 (1).pdf,Thesis_Obsidian\Ordinances\2024\Ordinance No. 0555-24.md,10,False
6831,0555-24,section_5,2024,Ordinance No. 0555-24 (1).pdf,Thesis_Obsidian\Ordinances\2024\Ordinance No. 0555-24.md,105,False
6832,0556-24,section_4,2024,Ordinance No. 0556-24 (1).pdf,Thesis_Obsidian\Ordinances\2024\Ordinance No. 0556-24.md,237,False
6833,0563-24,section_1,2024,Ordinance No. 0563-24 DOD 8990 Housing Deca Prime Tacunan (1).pdf,Thesis_Obsidian\Ordinances\2024\Ordinance No. 0563-24.md,101,False
6834,0563-24,section_3,2024,Ordinance No. 0563-24 DOD 8990 Housing Deca Prime Tacunan (1).pdf,Thesis_Obsidian\Ordinances\2024\Ordinance No. 0563-24.md,36,False
6835,0563-24,section_4,2024,Ordinance No. 0563-24 DOD 8990 Housing Deca Prime Tacunan (1).pdf,Thesis_Obsidian\Ordinances\2024\Ordinance No. 0563-24.md,36,False
6836,0563-24,section_5,2024,Ordinance No. 0563-24 DOD 8990 Housing Deca Prime Tacunan (1).pdf,Thesis_Obsidian\Ordinances\2024\Ordinance No. 0563-24.md,9,False
6837,0563-24,section_6,2024,Ordinance No. 0563-24 DOD 8990 Housing Deca Prime Tacunan (1).pdf,Thesis_Obsidian\Ordinances\2024\Ordinance No. 0563-24.md,56,False
6838,0564-24,section_1,2024,Ordinance No. 0564-24 DOD 8990 Housing Deca Executive Tacunan (1).pdf,Thesis_Obsidian\Ordinances\2024\Ordinance No. 0564-24.md,36,False
6839,0564-24,section_2,2024,Ordinance No. 0564-24 DOD 8990 Housing Deca Executive Tacunan (1).pdf,Thesis_Obsidian\Ordinances\2024\Ordinance No. 0564-24.md,-1,True
6840,0564-24,section_3,2024,Ordinance No. 0564-24 DOD 8990 Housing Deca Executive Tacunan (1).pdf,Thesis_Obsidian\Ordinances\2024\Ordinance No. 0564-24.md,36,False
6841,0564-24,section_4,2024,Ordinance No. 0564-24 DOD 8990 Housing Deca Executive Tacunan (1).pdf,Thesis_Obsidian\Ordinances\2024\Ordinance No. 0564-24.md,36,False
6842,0564-24,section_5,2024,Ordinance No. 0564-24 DOD 8990 Housing Deca Executive Tacunan (1).pdf,Thesis_Obsidian\Ordinances\2024\Ordinance No. 0564-24.md,56,False
6843,0565-24,section_1,2024,Ordinance No. 0565-24 DOD 8990 Housing Deca Ph8A Tacunan (1).pdf,Thesis_Obsidian\Ordinances\2024\Ordinance No. 0565-24.md,36,False
6844,0565-24,section_2,2024,Ordinance No. 0565-24 DOD 8990 Housing Deca Ph8A Tacunan (1).pdf,Thesis_Obsidian\Ordinances\2024\Ordinance No. 0565-24.md,36,False
6845,0565-24,section_22s,2024,Ordinance No. 0565-24 DOD 8990 Housing Deca Ph8A Tacunan (1).pdf,Thesis_Obsidian\Ordinances\2024\Ordinance No. 0565-24.md,33,False
6846,0565-24,section_3,2024,Ordinance No. 0565-24 DOD 8990 Housing Deca Ph8A Tacunan (1).pdf,Thesis_Obsidian\Ordinances\2024\Ordinance No. 0565-24.md,36,False
6847,0565-24,section_5,2024,Ordinance No. 0565-24 DOD 8990 Housing Deca Ph8A Tacunan (1).pdf,Thesis_Obsidian\Ordinances\2024\Ordinance No. 0565-24.md,56,False
6848,0566-24,section_1,2024,Ordinance No. 0566-24 DOD 8990 Housing DHRR Ph 11 (1).pdf,Thesis_Obsidian\Ordinances\2024\Ordinance No. 0566-24.md,36,False
6849,0566-24,section_2,2024,Ordinance No. 0566-24 DOD 8990 Housing DHRR Ph 11 (1).pdf,Thesis_Obsidian\Ordinances\2024\Ordinance No. 0566-24.md,36,False
6850,0566-24,section_22,2024,Ordinance No. 0566-24 DOD 8990 Housing DHRR Ph 11 (1).pdf,Thesis_Obsidian\Ordinances\2024\Ordinance No. 0566-24.md,200,False
6851,0566-24,section_455,2024,Ordinance No. 0566-24 DOD 8990 Housing DHRR Ph 11 (1).pdf,Thesis_Obsidian\Ordinances\2024\Ordinance No. 0566-24.md,143,False
6852,0566-24,section_3,2024,Ordinance No. 0566-24 DOD 8990 Housing DHRR Ph 11 (1).pdf,Thesis_Obsidian\Ordinances\2024\Ordinance No. 0566-24.md,36,False
6853,0566-24,section_4,2024,Ordinance No. 0566-24 DOD 8990 Housing DHRR Ph 11 (1).pdf,Thesis_Obsidian\Ordinances\2024\Ordinance No. 0566-24.md,3,False
6854,0566-24,section_5,2024,Ordinance No. 0566-24 DOD 8990 Housing DHRR Ph 11 (1).pdf,Thesis_Obsidian\Ordinances\2024\Ordinance No. 0566-24.md,56,False
6855,0567-24,section_1,2024,Ordinance No. 0567-24 DOD 8990 Housing DHRR Ph 12 (1).pdf,Thesis_Obsidian\Ordinances\2024\Ordinance No. 0567-24.md,36,False
6856,0567-24,section_2,2024,Ordinance No. 0567-24 DOD 8990 Housing DHRR Ph 12 (1).pdf,Thesis_Obsidian\Ordinances\2024\Ordinance No. 0567-24.md,101,False
6857,0567-24,section_4,2024,Ordinance No. 0567-24 DOD 8990 Housing DHRR Ph 12 (1).pdf,Thesis_Obsidian\Ordinances\2024\Ordinance No. 0567-24.md,56,False
6858,0568-24,section_1,2024,Ordinance No. 0568-24 DOD 8990 Housing Deca Catalunan Grande (1).pdf,Thesis_Obsidian\Ordinances\2024\Ordinance No. 0568-24.md,36,False
6859,0568-24,section_2,2024,Ordinance No. 0568-24 DOD 8990 Housing Deca Catalunan Grande (1).pdf,Thesis_Obsidian\Ordinances\2024\Ordinance No. 0568-24.md,101,False
6860,0568-24,section_3,2024,Ordinance No. 0568-24 DOD 8990 Housing Deca Catalunan Grande (1).pdf,Thesis_Obsidian\Ordinances\2024\Ordinance No. 0568-24.md,36,False
6861,0568-24,section_4,2024,Ordinance No. 0568-24 DOD 8990 Housing Deca Catalunan Grande (1).pdf,Thesis_Obsidian\Ordinances\2024\Ordinance No. 0568-24.md,36,False
6862,0568-24,section_6,2024,Ordinance No. 0568-24 DOD 8990 Housing Deca Catalunan Grande (1).pdf,Thesis_Obsidian\Ordinances\2024\Ordinance No. 0568-24.md,56,False
6863,0569-24,section_1,2024,Ordinance No. 0569-24 DOD 8990 Housing DHRR Phase 1 and 2 (1).pdf,Thesis_Obsidian\Ordinances\2024\Ordinance No. 0569-24.md,36,False
6864,0569-24,section_2,2024,Ordinance No. 0569-24 DOD 8990 Housing DHRR Phase 1 and 2 (1).pdf,Thesis_Obsidian\Ordinances\2024\Ordinance No. 0569-24.md,101,False
6865,0569-24,section_3,2024,Ordinance No. 0569-24 DOD 8990 Housing DHRR Phase 1 and 2 (1).pdf,Thesis_Obsidian\Ordinances\2024\Ordinance No. 0569-24.md,36,False
6866,0569-24,section_4,2024,Ordinance No. 0569-24 DOD 8990 Housing DHRR Phase 1 and 2 (1).pdf,Thesis_Obsidian\Ordinances\2024\Ordinance No. 0569-24.md,36,False
6867,0569-24,section_5,2024,Ordinance No. 0569-24 DOD 8990 Housing DHRR Phase 1 and 2 (1).pdf,Thesis_Obsidian\Ordinances\2024\Ordinance No. 0569-24.md,36,False
6868,0570-24,section_1,2024,Ordinance No. 0570-24 DOD 8990 Housing (1).pdf,Thesis_Obsidian\Ordinances\2024\Ordinance No. 0570-24.md,101,False
6869,0570-24,section_3,2024,Ordinance No. 0570-24 DOD 8990 Housing (1).pdf,Thesis_Obsidian\Ordinances\2024\Ordinance No. 0570-24.md,36,False
6870,0570-24,section_6,2024,Ordinance No. 0570-24 DOD 8990 Housing (1).pdf,Thesis_Obsidian\Ordinances\2024\Ordinance No. 0570-24.md,56,False
6871,0571-24,section_16,2024,Ordinance No. 0571-24 MOA UM Work Immersion Partneship (1).pdf,Thesis_Obsidian\Ordinances\2024\Ordinance No. 0571-24.md,45,False
6872,0571-24,section_4,2024,Ordinance No. 0571-24 MOA UM Work Immersion Partneship (1).pdf,Thesis_Obsidian\Ordinances\2024\Ordinance No. 0571-24.md,74,False
6873,0571-24,section_5,2024,Ordinance No. 0571-24 MOA UM Work Immersion Partneship (1).pdf,Thesis_Obsidian\Ordinances\2024\Ordinance No. 0571-24.md,259,False
6874,0572-24,section_1,2024,Ordinance No. 0572-24 DOU DOST ROXI Wastewater (1).pdf,Thesis_Obsidian\Ordinances\2024\Ordinance No. 0572-24.md,79,False
6875,0572-24,section_3,2024,Ordinance No. 0572-24 DOU DOST ROXI Wastewater (1).pdf,Thesis_Obsidian\Ordinances\2024\Ordinance No. 0572-24.md,63,False
6876,0572-24,section_4,2024,Ordinance No. 0572-24 DOU DOST ROXI Wastewater (1).pdf,Thesis_Obsidian\Ordinances\2024\Ordinance No. 0572-24.md,74,False
6877,0572-24,section_5,2024,Ordinance No. 0572-24 DOU DOST ROXI Wastewater (1).pdf,Thesis_Obsidian\Ordinances\2024\Ordinance No. 0572-24.md,-1,True
6878,0573-24,section_1,2024,Ordinance No. 0573-24 MOA SPMC-DEM (1).pdf,Thesis_Obsidian\Ordinances\2024\Ordinance No. 0573-24.md,43,False
6879,0573-24,section_2,2024,Ordinance No. 0573-24 MOA SPMC-DEM (1).pdf,Thesis_Obsidian\Ordinances\2024\Ordinance No. 0573-24.md,64,False
6880,0573-24,section_455,2024,Ordinance No. 0573-24 MOA SPMC-DEM (1).pdf,Thesis_Obsidian\Ordinances\2024\Ordinance No. 0573-24.md,143,False
6881,0573-24,section_3,2024,Ordinance No. 0573-24 MOA SPMC-DEM (1).pdf,Thesis_Obsidian\Ordinances\2024\Ordinance No. 0573-24.md,7,False
6882,0573-24,section_4,2024,Ordinance No. 0573-24 MOA SPMC-DEM (1).pdf,Thesis_Obsidian\Ordinances\2024\Ordinance No. 0573-24.md,10,False
6883,0573-24,section_5,2024,Ordinance No. 0573-24 MOA SPMC-DEM (1).pdf,Thesis_Obsidian\Ordinances\2024\Ordinance No. 0573-24.md,19,False
6884,0574-24,section_1,2024,Ordinance No. 0574-24 Disaster Plan (1).pdf,Thesis_Obsidian\Ordinances\2024\Ordinance No. 0574-24.md,267,False
6885,0574-24,section_3,2024,Ordinance No. 0574-24 Disaster Plan (1).pdf,Thesis_Obsidian\Ordinances\2024\Ordinance No. 0574-24.md,95,False
6886,0574-24,section_5,2024,Ordinance No. 0574-24 Disaster Plan (1).pdf,Thesis_Obsidian\Ordinances\2024\Ordinance No. 0574-24.md,1,False
6887,0578-24,section_1,2024,Ordinance No. 0578-24 (1).pdf,Thesis_Obsidian\Ordinances\2024\Ordinance No. 0578-24.md,80,False
6888,0578-24,section_2,2024,Ordinance No. 0578-24 (1).pdf,Thesis_Obsidian\Ordinances\2024\Ordinance No. 0578-24.md,13,False
6889,0578-24,section_3,2024,Ordinance No. 0578-24 (1).pdf,Thesis_Obsidian\Ordinances\2024\Ordinance No. 0578-24.md,237,False
6890,0579-24,section_1,2024,Ordinance No. 0579-24 Allow Request of Carol T. Labit (1).pdf,Thesis_Obsidian\Ordinances\2024\Ordinance No. 0579-24.md,84,False
6891,0579-24,section_2,2024,Ordinance No. 0579-24 Allow Request of Carol T. Labit (1).pdf,Thesis_Obsidian\Ordinances\2024\Ordinance No. 0579-24.md,90,False
6892,0579-24,section_16,2024,Ordinance No. 0579-24 Allow Request of Carol T. Labit (1).pdf,Thesis_Obsidian\Ordinances\2024\Ordinance No. 0579-24.md,79,False
6893,0579-24,section_3,2024,Ordinance No. 0579-24 Allow Request of Carol T. Labit (1).pdf,Thesis_Obsidian\Ordinances\2024\Ordinance No. 0579-24.md,84,False
6894,0579-24,section_4,2024,Ordinance No. 0579-24 Allow Request of Carol T. Labit (1).pdf,Thesis_Obsidian\Ordinances\2024\Ordinance No. 0579-24.md,39,False
6895,0579-24,section_5,2024,Ordinance No. 0579-24 Allow Request of Carol T. Labit (1).pdf,Thesis_Obsidian\Ordinances\2024\Ordinance No. 0579-24.md,166,False
6896,0580-24,section_4,2024,Ordinance No. 0580-24 Request of Alita Aniceta (1).pdf,Thesis_Obsidian\Ordinances\2024\Ordinance No. 0580-24.md,166,False
6897,0581-24,section_1,2024,Ordinance No. 0581-24 Request of Lourdes Angeles (1).pdf,Thesis_Obsidian\Ordinances\2024\Ordinance No. 0581-24.md,84,False
6898,0581-24,section_2,2024,Ordinance No. 0581-24 Request of Lourdes Angeles (1).pdf,Thesis_Obsidian\Ordinances\2024\Ordinance No. 0581-24.md,90,False
6899,0581-24,section_15,2024,Ordinance No. 0581-24 Request of Lourdes Angeles (1).pdf,Thesis_Obsidian\Ordinances\2024\Ordinance No. 0581-24.md,32,False
6900,0581-24,section_455,2024,Ordinance No. 0581-24 Request of Lourdes Angeles (1).pdf,Thesis_Obsidian\Ordinances\2024\Ordinance No. 0581-24.md,100,False
6901,0581-24,section_3,2024,Ordinance No. 0581-24 Request of Lourdes Angeles (1).pdf,Thesis_Obsidian\Ordinances\2024\Ordinance No. 0581-24.md,84,False
6902,0581-24,section_4,2024,Ordinance No. 0581-24 Request of Lourdes Angeles (1).pdf,Thesis_Obsidian\Ordinances\2024\Ordinance No. 0581-24.md,39,False
6903,0581-24,section_5,2024,Ordinance No. 0581-24 Request of Lourdes Angeles (1).pdf,Thesis_Obsidian\Ordinances\2024\Ordinance No. 0581-24.md,166,False
6904,0582-24,section_1,2024,Ordinance No. 0582-24 Request for Consent and Authority (1).pdf,Thesis_Obsidian\Ordinances\2024\Ordinance No. 0582-24.md,84,False
6905,0582-24,section_2,2024,Ordinance No. 0582-24 Request for Consent and Authority (1).pdf,Thesis_Obsidian\Ordinances\2024\Ordinance No. 0582-24.md,90,False
6906,0582-24,section_16,2024,Ordinance No. 0582-24 Request for Consent and Authority (1).pdf,Thesis_Obsidian\Ordinances\2024\Ordinance No. 0582-24.md,32,False
6907,0582-24,section_455,2024,Ordinance No. 0582-24 Request for Consent and Authority (1).pdf,Thesis_Obsidian\Ordinances\2024\Ordinance No. 0582-24.md,100,False
6908,0582-24,section_3,2024,Ordinance No. 0582-24 Request for Consent and Authority (1).pdf,Thesis_Obsidian\Ordinances\2024\Ordinance No. 0582-24.md,84,False
6909,0582-24,section_4,2024,Ordinance No. 0582-24 Request for Consent and Authority (1).pdf,Thesis_Obsidian\Ordinances\2024\Ordinance No. 0582-24.md,72,False
6910,0582-24,section_5,2024,Ordinance No. 0582-24 Request for Consent and Authority (1).pdf,Thesis_Obsidian\Ordinances\2024\Ordinance No. 0582-24.md,166,False
6911,0583-24,section_1,2024,Ordinance No. 0583-24 Request of Noel Bersabe (1).pdf,Thesis_Obsidian\Ordinances\2024\Ordinance No. 0583-24.md,84,False
6912,0583-24,section_2,2024,Ordinance No. 0583-24 Request of Noel Bersabe (1).pdf,Thesis_Obsidian\Ordinances\2024\Ordinance No. 0583-24.md,79,False
6913,0583-24,section_3,2024,Ordinance No. 0583-24 Request of Noel Bersabe (1).pdf,Thesis_Obsidian\Ordinances\2024\Ordinance No. 0583-24.md,84,False
6914,0583-24,section_4,2024,Ordinance No. 0583-24 Request of Noel Bersabe (1).pdf,Thesis_Obsidian\Ordinances\2024\Ordinance No. 0583-24.md,3,False
6915,0583-24,section_5,2024,Ordinance No. 0583-24 Request of Noel Bersabe (1).pdf,Thesis_Obsidian\Ordinances\2024\Ordinance No. 0583-24.md,166,False
6916,0584-24,section_1,2024,Ordinance No. 0584-24 Renaming Lying-In Centers (1).pdf,Thesis_Obsidian\Ordinances\2024\Ordinance No. 0584-24.md,26,False
6917,0584-24,section_2,2024,Ordinance No. 0584-24 Renaming Lying-In Centers (1).pdf,Thesis_Obsidian\Ordinances\2024\Ordinance No. 0584-24.md,28,False
6918,0584-24,section_3,2024,Ordinance No. 0584-24 Renaming Lying-In Centers (1).pdf,Thesis_Obsidian\Ordinances\2024\Ordinance No. 0584-24.md,28,False
6919,0584-24,section_4,2024,Ordinance No. 0584-24 Renaming Lying-In Centers (1).pdf,Thesis_Obsidian\Ordinances\2024\Ordinance No. 0584-24.md,10,False
6920,0584-24,section_5,2024,Ordinance No. 0584-24 Renaming Lying-In Centers (1).pdf,Thesis_Obsidian\Ordinances\2024\Ordinance No. 0584-24.md,-1,True
6921,0586-24,section_1,2024,Ordinance No. 0586-24 (1).pdf,Thesis_Obsidian\Ordinances\2024\Ordinance No. 0586-24.md,-1,True
6922,0586-24,section_4,2024,Ordinance No. 0586-24 (1).pdf,Thesis_Obsidian\Ordinances\2024\Ordinance No. 0586-24.md,53,False
6923,0587-24,section_1,2024,Ordinance No. 0587-24 (1).pdf,Thesis_Obsidian\Ordinances\2024\Ordinance No. 0587-24.md,80,False
6924,0587-24,section_2,2024,Ordinance No. 0587-24 (1).pdf,Thesis_Obsidian\Ordinances\2024\Ordinance No. 0587-24.md,12,False
6925,0587-24,section_3,2024,Ordinance No. 0587-24 (1).pdf,Thesis_Obsidian\Ordinances\2024\Ordinance No. 0587-24.md,171,False
6926,0587-24,section_4,2024,Ordinance No. 0587-24 (1).pdf,Thesis_Obsidian\Ordinances\2024\Ordinance No. 0587-24.md,151,False
6927,0587-24,section_5,2024,Ordinance No. 0587-24 (1).pdf,Thesis_Obsidian\Ordinances\2024\Ordinance No. 0587-24.md,8,False
6928,0588-24,section_1,2024,Ordinance No. 0588-24 (1).pdf,Thesis_Obsidian\Ordinances\2024\Ordinance No. 0588-24.md,13,False
6929,0588-24,section_3,2024,Ordinance No. 0588-24 (1).pdf,Thesis_Obsidian\Ordinances\2024\Ordinance No. 0588-24.md,171,False
6930,0588-24,section_4,2024,Ordinance No. 0588-24 (1).pdf,Thesis_Obsidian\Ordinances\2024\Ordinance No. 0588-24.md,152,False
6931,0588-24,section_5,2024,Ordinance No. 0588-24 (1).pdf,Thesis_Obsidian\Ordinances\2024\Ordinance No. 0588-24.md,97,False
6932,0589-24,section_1,2024,"Ordinance No. 0589-24 QRF San Mateo, Rizal (1).pdf",Thesis_Obsidian\Ordinances\2024\Ordinance No. 0589-24.md,96,False
6933,0589-24,section_2,2024,"Ordinance No. 0589-24 QRF San Mateo, Rizal (1).pdf",Thesis_Obsidian\Ordinances\2024\Ordinance No. 0589-24.md,201,False
6934,0589-24,section_3,2024,"Ordinance No. 0589-24 QRF San Mateo, Rizal (1).pdf",Thesis_Obsidian\Ordinances\2024\Ordinance No. 0589-24.md,258,False
6935,0589-24,section_2L,2024,"Ordinance No. 0589-24 QRF San Mateo, Rizal (1).pdf",Thesis_Obsidian\Ordinances\2024\Ordinance No. 0589-24.md,120,False
6936,0589-24,section_5,2024,"Ordinance No. 0589-24 QRF San Mateo, Rizal (1).pdf",Thesis_Obsidian\Ordinances\2024\Ordinance No. 0589-24.md,266,False
6937,0590-24,section_1,2024,"Ordinance No. 0590-24 QRF Baco, Oriental Mindoro (1).pdf",Thesis_Obsidian\Ordinances\2024\Ordinance No. 0590-24.md,17,False
6938,0590-24,section_2,2024,"Ordinance No. 0590-24 QRF Baco, Oriental Mindoro (1).pdf",Thesis_Obsidian\Ordinances\2024\Ordinance No. 0590-24.md,109,False
6939,0590-24,section_3,2024,"Ordinance No. 0590-24 QRF Baco, Oriental Mindoro (1).pdf",Thesis_Obsidian\Ordinances\2024\Ordinance No. 0590-24.md,42,False
6940,0590-24,section_4,2024,"Ordinance No. 0590-24 QRF Baco, Oriental Mindoro (1).pdf",Thesis_Obsidian\Ordinances\2024\Ordinance No. 0590-24.md,-1,True
6941,0590-24,section_2L,2024,"Ordinance No. 0590-24 QRF Baco, Oriental Mindoro (1).pdf",Thesis_Obsidian\Ordinances\2024\Ordinance No. 0590-24.md,145,False
6942,0590-24,section_6,2024,"Ordinance No. 0590-24 QRF Baco, Oriental Mindoro (1).pdf",Thesis_Obsidian\Ordinances\2024\Ordinance No. 0590-24.md,1,False
6943,0591-24,section_1,2024,"Ordinance No. 0591-24 QRF Macabebe, Pampanga (1).pdf",Thesis_Obsidian\Ordinances\2024\Ordinance No. 0591-24.md,96,False
6944,0591-24,section_2,2024,"Ordinance No. 0591-24 QRF Macabebe, Pampanga (1).pdf",Thesis_Obsidian\Ordinances\2024\Ordinance No. 0591-24.md,165,False
6945,0591-24,section_3,2024,"Ordinance No. 0591-24 QRF Macabebe, Pampanga (1).pdf",Thesis_Obsidian\Ordinances\2024\Ordinance No. 0591-24.md,42,False
6946,0591-24,section_4,2024,"Ordinance No. 0591-24 QRF Macabebe, Pampanga (1).pdf",Thesis_Obsidian\Ordinances\2024\Ordinance No. 0591-24.md,270,False
6947,0591-24,section_21,2024,"Ordinance No. 0591-24 QRF Macabebe, Pampanga (1).pdf",Thesis_Obsidian\Ordinances\2024\Ordinance No. 0591-24.md,104,False
6948,0591-24,section_5,2024,"Ordinance No. 0591-24 QRF Macabebe, Pampanga (1).pdf",Thesis_Obsidian\Ordinances\2024\Ordinance No. 0591-24.md,83,False
6949,0591-24,section_6,2024,"Ordinance No. 0591-24 QRF Macabebe, Pampanga (1).pdf",Thesis_Obsidian\Ordinances\2024\Ordinance No. 0591-24.md,1,False
6950,0592-24,section_1,2024,"Ordinance No. 0592-24 QRF Pinamalayan, Oriental Mindoro (1).pdf",Thesis_Obsidian\Ordinances\2024\Ordinance No. 0592-24.md,96,False
6951,0592-24,section_2,2024,"Ordinance No. 0592-24 QRF Pinamalayan, Oriental Mindoro (1).pdf",Thesis_Obsidian\Ordinances\2024\Ordinance No. 0592-24.md,109,False
6952,0592-24,section_3,2024,"Ordinance No. 0592-24 QRF Pinamalayan, Oriental Mindoro (1).pdf",Thesis_Obsidian\Ordinances\2024\Ordinance No. 0592-24.md,42,False
6953,0592-24,section_4,2024,"Ordinance No. 0592-24 QRF Pinamalayan, Oriental Mindoro (1).pdf",Thesis_Obsidian\Ordinances\2024\Ordinance No. 0592-24.md,99,False
6954,0592-24,section_2l,2024,"Ordinance No. 0592-24 QRF Pinamalayan, Oriental Mindoro (1).pdf",Thesis_Obsidian\Ordinances\2024\Ordinance No. 0592-24.md,162,False
6955,0592-24,section_5,2024,"Ordinance No. 0592-24 QRF Pinamalayan, Oriental Mindoro (1).pdf",Thesis_Obsidian\Ordinances\2024\Ordinance No. 0592-24.md,83,False
6956,0592-24,section_6,2024,"Ordinance No. 0592-24 QRF Pinamalayan, Oriental Mindoro (1).pdf",Thesis_Obsidian\Ordinances\2024\Ordinance No. 0592-24.md,1,False
6957,0593-24,section_1,2024,"Ordinance No. 0593-24 QRF Bauang, La Union (1).pdf",Thesis_Obsidian\Ordinances\2024\Ordinance No. 0593-24.md,17,False
6958,0593-24,section_2,2024,"Ordinance No. 0593-24 QRF Bauang, La Union (1).pdf",Thesis_Obsidian\Ordinances\2024\Ordinance No. 0593-24.md,165,False
6959,0593-24,section_3,2024,"Ordinance No. 0593-24 QRF Bauang, La Union (1).pdf",Thesis_Obsidian\Ordinances\2024\Ordinance No. 0593-24.md,42,False
6960,0593-24,section_4,2024,"Ordinance No. 0593-24 QRF Bauang, La Union (1).pdf",Thesis_Obsidian\Ordinances\2024\Ordinance No. 0593-24.md,229,False
6961,0593-24,section_2L,2024,"Ordinance No. 0593-24 QRF Bauang, La Union (1).pdf",Thesis_Obsidian\Ordinances\2024\Ordinance No. 0593-24.md,104,False
6962,0593-24,section_5,2024,"Ordinance No. 0593-24 QRF Bauang, La Union (1).pdf",Thesis_Obsidian\Ordinances\2024\Ordinance No. 0593-24.md,83,False
6963,0593-24,section_6,2024,"Ordinance No. 0593-24 QRF Bauang, La Union (1).pdf",Thesis_Obsidian\Ordinances\2024\Ordinance No. 0593-24.md,1,False
6964,0594-24,section_1,2024,"Ordinance No. 0594-24 QRF Cainta, Rizal (1).pdf",Thesis_Obsidian\Ordinances\2024\Ordinance No. 0594-24.md,17,False
6965,0594-24,section_2,2024,"Ordinance No. 0594-24 QRF Cainta, Rizal (1).pdf",Thesis_Obsidian\Ordinances\2024\Ordinance No. 0594-24.md,227,False
6966,0594-24,section_3,2024,"Ordinance No. 0594-24 QRF Cainta, Rizal (1).pdf",Thesis_Obsidian\Ordinances\2024\Ordinance No. 0594-24.md,42,False
6967,0594-24,section_4,2024,"Ordinance No. 0594-24 QRF Cainta, Rizal (1).pdf",Thesis_Obsidian\Ordinances\2024\Ordinance No. 0594-24.md,168,False
6968,0594-24,section_21,2024,"Ordinance No. 0594-24 QRF Cainta, Rizal (1).pdf",Thesis_Obsidian\Ordinances\2024\Ordinance No. 0594-24.md,162,False
6969,0594-24,section_5,2024,"Ordinance No. 0594-24 QRF Cainta, Rizal (1).pdf",Thesis_Obsidian\Ordinances\2024\Ordinance No. 0594-24.md,83,False
6970,0594-24,section_6,2024,"Ordinance No. 0594-24 QRF Cainta, Rizal (1).pdf",Thesis_Obsidian\Ordinances\2024\Ordinance No. 0594-24.md,1,False
6971,0595-24,section_1,2024,"Ordinance No. 0595-24 QRF Paombong, Bulacan (1).pdf",Thesis_Obsidian\Ordinances\2024\Ordinance No. 0595-24.md,96,False
6972,0595-24,section_2,2024,"Ordinance No. 0595-24 QRF Paombong, Bulacan (1).pdf",Thesis_Obsidian\Ordinances\2024\Ordinance No. 0595-24.md,109,False
6973,0595-24,section_3,2024,"Ordinance No. 0595-24 QRF Paombong, Bulacan (1).pdf",Thesis_Obsidian\Ordinances\2024\Ordinance No. 0595-24.md,42,False
6974,0595-24,section_4,2024,"Ordinance No. 0595-24 QRF Paombong, Bulacan (1).pdf",Thesis_Obsidian\Ordinances\2024\Ordinance No. 0595-24.md,270,False
6975,0595-24,section_2l,2024,"Ordinance No. 0595-24 QRF Paombong, Bulacan (1).pdf",Thesis_Obsidian\Ordinances\2024\Ordinance No. 0595-24.md,162,False
6976,0595-24,section_5,2024,"Ordinance No. 0595-24 QRF Paombong, Bulacan (1).pdf",Thesis_Obsidian\Ordinances\2024\Ordinance No. 0595-24.md,146,False
6977,0595-24,section_6,2024,"Ordinance No. 0595-24 QRF Paombong, Bulacan (1).pdf",Thesis_Obsidian\Ordinances\2024\Ordinance No. 0595-24.md,1,False
6978,0596-24,section_1,2024,"Ordinance No. 0596-24 QRF San Andres, Romblon (1).pdf",Thesis_Obsidian\Ordinances\2024\Ordinance No. 0596-24.md,17,False
6979,0596-24,section_2,2024,"Ordinance No. 0596-24 QRF San Andres, Romblon (1).pdf",Thesis_Obsidian\Ordinances\2024\Ordinance No. 0596-24.md,109,False
6980,0596-24,section_3,2024,"Ordinance No. 0596-24 QRF San Andres, Romblon (1).pdf",Thesis_Obsidian\Ordinances\2024\Ordinance No. 0596-24.md,42,False
6981,0596-24,section_4,2024,"Ordinance No. 0596-24 QRF San Andres, Romblon (1).pdf",Thesis_Obsidian\Ordinances\2024\Ordinance No. 0596-24.md,270,False
6982,0596-24,section_2L,2024,"Ordinance No. 0596-24 QRF San Andres, Romblon (1).pdf",Thesis_Obsidian\Ordinances\2024\Ordinance No. 0596-24.md,104,False
6983,0596-24,section_5,2024,"Ordinance No. 0596-24 QRF San Andres, Romblon (1).pdf",Thesis_Obsidian\Ordinances\2024\Ordinance No. 0596-24.md,146,False
6984,0596-24,section_6,2024,"Ordinance No. 0596-24 QRF San Andres, Romblon (1).pdf",Thesis_Obsidian\Ordinances\2024\Ordinance No. 0596-24.md,1,False
6985,0597-24,section_1,2024,"Ordinance No. 0597-24 QRF Camiling, Tarlac (1).pdf",Thesis_Obsidian\Ordinances\2024\Ordinance No. 0597-24.md,96,False
6986,0597-24,section_2,2024,"Ordinance No. 0597-24 QRF Camiling, Tarlac (1).pdf",Thesis_Obsidian\Ordinances\2024\Ordinance No. 0597-24.md,62,False
6987,0597-24,section_4,2024,"Ordinance No. 0597-24 QRF Camiling, Tarlac (1).pdf",Thesis_Obsidian\Ordinances\2024\Ordinance No. 0597-24.md,229,False
6988,0597-24,section_2L,2024,"Ordinance No. 0597-24 QRF Camiling, Tarlac (1).pdf",Thesis_Obsidian\Ordinances\2024\Ordinance No. 0597-24.md,104,False
6989,0597-24,section_5,2024,"Ordinance No. 0597-24 QRF Camiling, Tarlac (1).pdf",Thesis_Obsidian\Ordinances\2024\Ordinance No. 0597-24.md,83,False
6990,0597-24,section_6,2024,"Ordinance No. 0597-24 QRF Camiling, Tarlac (1).pdf",Thesis_Obsidian\Ordinances\2024\Ordinance No. 0597-24.md,1,False
6991,0598-24,section_1,2024,"Ordinance No. 0598-24 QRF Plaridel, Bulacan (1).pdf",Thesis_Obsidian\Ordinances\2024\Ordinance No. 0598-24.md,17,False
6992,0598-24,section_2,2024,"Ordinance No. 0598-24 QRF Plaridel, Bulacan (1).pdf",Thesis_Obsidian\Ordinances\2024\Ordinance No. 0598-24.md,109,False
6993,0598-24,section_3,2024,"Ordinance No. 0598-24 QRF Plaridel, Bulacan (1).pdf",Thesis_Obsidian\Ordinances\2024\Ordinance No. 0598-24.md,42,False
6994,0598-24,section_4,2024,"Ordinance No. 0598-24 QRF Plaridel, Bulacan (1).pdf",Thesis_Obsidian\Ordinances\2024\Ordinance No. 0598-24.md,138,False
6995,0598-24,section_21,2024,"Ordinance No. 0598-24 QRF Plaridel, Bulacan (1).pdf",Thesis_Obsidian\Ordinances\2024\Ordinance No. 0598-24.md,104,False
6996,0598-24,section_5,2024,"Ordinance No. 0598-24 QRF Plaridel, Bulacan (1).pdf",Thesis_Obsidian\Ordinances\2024\Ordinance No. 0598-24.md,146,False
6997,0598-24,section_6,2024,"Ordinance No. 0598-24 QRF Plaridel, Bulacan (1).pdf",Thesis_Obsidian\Ordinances\2024\Ordinance No. 0598-24.md,1,False
6998,0599-24,section_1,2024,Ordinance No. 0599-24 QRF San Juan City (1).pdf,Thesis_Obsidian\Ordinances\2024\Ordinance No. 0599-24.md,173,False
6999,0599-24,section_3,2024,Ordinance No. 0599-24 QRF San Juan City (1).pdf,Thesis_Obsidian\Ordinances\2024\Ordinance No. 0599-24.md,186,False
7000,0599-24,section_4,2024,Ordinance No. 0599-24 QRF San Juan City (1).pdf,Thesis_Obsidian\Ordinances\2024\Ordinance No. 0599-24.md,-1,True
7001,0599-24,section_2L,2024,Ordinance No. 0599-24 QRF San Juan City (1).pdf,Thesis_Obsidian\Ordinances\2024\Ordinance No. 0599-24.md,104,False
7002,0599-24,section_5,2024,Ordinance No. 0599-24 QRF San Juan City (1).pdf,Thesis_Obsidian\Ordinances\2024\Ordinance No. 0599-24.md,83,False
7003,0599-24,section_6,2024,Ordinance No. 0599-24 QRF San Juan City (1).pdf,Thesis_Obsidian\Ordinances\2024\Ordinance No. 0599-24.md,1,False
7004,0600-24,section_1,2024,Ordinance No. 0600-24 QRF Quezon City (1).pdf,Thesis_Obsidian\Ordinances\2024\Ordinance No. 0600-24.md,17,False
7005,0600-24,section_2,2024,Ordinance No. 0600-24 QRF Quezon City (1).pdf,Thesis_Obsidian\Ordinances\2024\Ordinance No. 0600-24.md,109,False
7006,0600-24,section_3,2024,Ordinance No. 0600-24 QRF Quezon City (1).pdf,Thesis_Obsidian\Ordinances\2024\Ordinance No. 0600-24.md,186,False
7007,0600-24,section_4,2024,Ordinance No. 0600-24 QRF Quezon City (1).pdf,Thesis_Obsidian\Ordinances\2024\Ordinance No. 0600-24.md,-1,True
7008,0600-24,section_2L,2024,Ordinance No. 0600-24 QRF Quezon City (1).pdf,Thesis_Obsidian\Ordinances\2024\Ordinance No. 0600-24.md,104,False
7009,0600-24,section_5,2024,Ordinance No. 0600-24 QRF Quezon City (1).pdf,Thesis_Obsidian\Ordinances\2024\Ordinance No. 0600-24.md,83,False
7010,0600-24,section_6,2024,Ordinance No. 0600-24 QRF Quezon City (1).pdf,Thesis_Obsidian\Ordinances\2024\Ordinance No. 0600-24.md,1,False
7011,0601-24,section_1,2024,Ordinance No. 0601-24 QRF Caloocan City (1).pdf,Thesis_Obsidian\Ordinances\2024\Ordinance No. 0601-24.md,96,False
7012,0601-24,section_2,2024,Ordinance No. 0601-24 QRF Caloocan City (1).pdf,Thesis_Obsidian\Ordinances\2024\Ordinance No. 0601-24.md,165,False
7013,0601-24,section_3,2024,Ordinance No. 0601-24 QRF Caloocan City (1).pdf,Thesis_Obsidian\Ordinances\2024\Ordinance No. 0601-24.md,186,False
7014,0601-24,section_4,2024,Ordinance No. 0601-24 QRF Caloocan City (1).pdf,Thesis_Obsidian\Ordinances\2024\Ordinance No. 0601-24.md,-1,True
7015,0601-24,section_2L,2024,Ordinance No. 0601-24 QRF Caloocan City (1).pdf,Thesis_Obsidian\Ordinances\2024\Ordinance No. 0601-24.md,145,False
7016,0601-24,section_6,2024,Ordinance No. 0601-24 QRF Caloocan City (1).pdf,Thesis_Obsidian\Ordinances\2024\Ordinance No. 0601-24.md,1,False
7017,0602-24,section_1,2024,Ordinance No. 0602-24 QRF Marikina City (1).pdf,Thesis_Obsidian\Ordinances\2024\Ordinance No. 0602-24.md,96,False
7018,0602-24,section_2,2024,Ordinance No. 0602-24 QRF Marikina City (1).pdf,Thesis_Obsidian\Ordinances\2024\Ordinance No. 0602-24.md,165,False
7019,0602-24,section_3,2024,Ordinance No. 0602-24 QRF Marikina City (1).pdf,Thesis_Obsidian\Ordinances\2024\Ordinance No. 0602-24.md,186,False
7020,0602-24,section_4,2024,Ordinance No. 0602-24 QRF Marikina City (1).pdf,Thesis_Obsidian\Ordinances\2024\Ordinance No. 0602-24.md,99,False
7021,0602-24,section_2L,2024,Ordinance No. 0602-24 QRF Marikina City (1).pdf,Thesis_Obsidian\Ordinances\2024\Ordinance No. 0602-24.md,104,False
7022,0602-24,section_5,2024,Ordinance No. 0602-24 QRF Marikina City (1).pdf,Thesis_Obsidian\Ordinances\2024\Ordinance No. 0602-24.md,83,False
7023,0602-24,section_6,2024,Ordinance No. 0602-24 QRF Marikina City (1).pdf,Thesis_Obsidian\Ordinances\2024\Ordinance No. 0602-24.md,1,False
7024,0603-24,section_1,2024,Ordinance No. 0603-24 QRF Manila City (1).pdf,Thesis_Obsidian\Ordinances\2024\Ordinance No. 0603-24.md,96,False
7025,0603-24,section_2,2024,Ordinance No. 0603-24 QRF Manila City (1).pdf,Thesis_Obsidian\Ordinances\2024\Ordinance No. 0603-24.md,227,False
7026,0603-24,section_3,2024,Ordinance No. 0603-24 QRF Manila City (1).pdf,Thesis_Obsidian\Ordinances\2024\Ordinance No. 0603-24.md,186,False
7027,0603-24,section_4,2024,Ordinance No. 0603-24 QRF Manila City (1).pdf,Thesis_Obsidian\Ordinances\2024\Ordinance No. 0603-24.md,168,False
7028,0603-24,section_2l,2024,Ordinance No. 0603-24 QRF Manila City (1).pdf,Thesis_Obsidian\Ordinances\2024\Ordinance No. 0603-24.md,145,False
7029,0603-24,section_6,2024,Ordinance No. 0603-24 QRF Manila City (1).pdf,Thesis_Obsidian\Ordinances\2024\Ordinance No. 0603-24.md,1,False
7030,0604-24,section_1,2024,Ordinance No. 0604-24 QRF Navotas City (1).pdf,Thesis_Obsidian\Ordinances\2024\Ordinance No. 0604-24.md,17,False
7031,0604-24,section_2,2024,Ordinance No. 0604-24 QRF Navotas City (1).pdf,Thesis_Obsidian\Ordinances\2024\Ordinance No. 0604-24.md,62,False
7032,0604-24,section_4,2024,Ordinance No. 0604-24 QRF Navotas City (1).pdf,Thesis_Obsidian\Ordinances\2024\Ordinance No. 0604-24.md,99,False
7033,0604-24,section_2t,2024,Ordinance No. 0604-24 QRF Navotas City (1).pdf,Thesis_Obsidian\Ordinances\2024\Ordinance No. 0604-24.md,145,False
7034,0604-24,section_6,2024,Ordinance No. 0604-24 QRF Navotas City (1).pdf,Thesis_Obsidian\Ordinances\2024\Ordinance No. 0604-24.md,1,False
7035,0605-24,section_1,2024,Ordinance No. 0605-24 QRF Valenzuela City (1).pdf,Thesis_Obsidian\Ordinances\2024\Ordinance No. 0605-24.md,96,False
7036,0605-24,section_2,2024,Ordinance No. 0605-24 QRF Valenzuela City (1).pdf,Thesis_Obsidian\Ordinances\2024\Ordinance No. 0605-24.md,109,False
7037,0605-24,section_3,2024,Ordinance No. 0605-24 QRF Valenzuela City (1).pdf,Thesis_Obsidian\Ordinances\2024\Ordinance No. 0605-24.md,186,False
7038,0605-24,section_4,2024,Ordinance No. 0605-24 QRF Valenzuela City (1).pdf,Thesis_Obsidian\Ordinances\2024\Ordinance No. 0605-24.md,168,False
7039,0605-24,section_2l,2024,Ordinance No. 0605-24 QRF Valenzuela City (1).pdf,Thesis_Obsidian\Ordinances\2024\Ordinance No. 0605-24.md,104,False
7040,0605-24,section_5,2024,Ordinance No. 0605-24 QRF Valenzuela City (1).pdf,Thesis_Obsidian\Ordinances\2024\Ordinance No. 0605-24.md,83,False
7041,0605-24,section_6,2024,Ordinance No. 0605-24 QRF Valenzuela City (1).pdf,Thesis_Obsidian\Ordinances\2024\Ordinance No. 0605-24.md,1,False
7042,0606-24,section_1,2024,Ordinance No. 0606-24 QRF Mandaluyong City (1).pdf,Thesis_Obsidian\Ordinances\2024\Ordinance No. 0606-24.md,17,False
7043,0606-24,section_2,2024,Ordinance No. 0606-24 QRF Mandaluyong City (1).pdf,Thesis_Obsidian\Ordinances\2024\Ordinance No. 0606-24.md,201,False
7044,0606-24,section_3,2024,Ordinance No. 0606-24 QRF Mandaluyong City (1).pdf,Thesis_Obsidian\Ordinances\2024\Ordinance No. 0606-24.md,186,False
7045,0606-24,section_4,2024,Ordinance No. 0606-24 QRF Mandaluyong City (1).pdf,Thesis_Obsidian\Ordinances\2024\Ordinance No. 0606-24.md,229,False
7046,0606-24,section_2l,2024,Ordinance No. 0606-24 QRF Mandaluyong City (1).pdf,Thesis_Obsidian\Ordinances\2024\Ordinance No. 0606-24.md,104,False
7047,0606-24,section_5,2024,Ordinance No. 0606-24 QRF Mandaluyong City (1).pdf,Thesis_Obsidian\Ordinances\2024\Ordinance No. 0606-24.md,146,False
7048,0606-24,section_6,2024,Ordinance No. 0606-24 QRF Mandaluyong City (1).pdf,Thesis_Obsidian\Ordinances\2024\Ordinance No. 0606-24.md,1,False
7049,0607-24,section_1,2024,Ordinance No. 0607-24 QRF Pasay City (1).pdf,Thesis_Obsidian\Ordinances\2024\Ordinance No. 0607-24.md,17,False
7050,0607-24,section_2,2024,Ordinance No. 0607-24 QRF Pasay City (1).pdf,Thesis_Obsidian\Ordinances\2024\Ordinance No. 0607-24.md,62,False
7051,0607-24,section_4,2024,Ordinance No. 0607-24 QRF Pasay City (1).pdf,Thesis_Obsidian\Ordinances\2024\Ordinance No. 0607-24.md,138,False
7052,0607-24,section_2t,2024,Ordinance No. 0607-24 QRF Pasay City (1).pdf,Thesis_Obsidian\Ordinances\2024\Ordinance No. 0607-24.md,120,False
7053,0607-24,section_5,2024,Ordinance No. 0607-24 QRF Pasay City (1).pdf,Thesis_Obsidian\Ordinances\2024\Ordinance No. 0607-24.md,83,False
7054,0607-24,section_6,2024,Ordinance No. 0607-24 QRF Pasay City (1).pdf,Thesis_Obsidian\Ordinances\2024\Ordinance No. 0607-24.md,1,False
7055,0608-24,section_1,2024,Ordinance No. 0608-24 QRF Malabon City (1).pdf,Thesis_Obsidian\Ordinances\2024\Ordinance No. 0608-24.md,17,False
7056,0608-24,section_2,2024,Ordinance No. 0608-24 QRF Malabon City (1).pdf,Thesis_Obsidian\Ordinances\2024\Ordinance No. 0608-24.md,62,False
7057,0608-24,section_4,2024,Ordinance No. 0608-24 QRF Malabon City (1).pdf,Thesis_Obsidian\Ordinances\2024\Ordinance No. 0608-24.md,138,False
7058,0608-24,section_2L,2024,Ordinance No. 0608-24 QRF Malabon City (1).pdf,Thesis_Obsidian\Ordinances\2024\Ordinance No. 0608-24.md,120,False
7059,0608-24,section_5,2024,Ordinance No. 0608-24 QRF Malabon City (1).pdf,Thesis_Obsidian\Ordinances\2024\Ordinance No. 0608-24.md,83,False
7060,0608-24,section_6,2024,Ordinance No. 0608-24 QRF Malabon City (1).pdf,Thesis_Obsidian\Ordinances\2024\Ordinance No. 0608-24.md,1,False
7061,0609-24,section_1,2024,"Ordinance No. 0609-24 QRF Meycauayan, Bulacan (1).pdf",Thesis_Obsidian\Ordinances\2024\Ordinance No. 0609-24.md,96,False
7062,0609-24,section_2,2024,"Ordinance No. 0609-24 QRF Meycauayan, Bulacan (1).pdf",Thesis_Obsidian\Ordinances\2024\Ordinance No. 0609-24.md,62,False
7063,0609-24,section_4,2024,"Ordinance No. 0609-24 QRF Meycauayan, Bulacan (1).pdf",Thesis_Obsidian\Ordinances\2024\Ordinance No. 0609-24.md,99,False
7064,0609-24,section_2l,2024,"Ordinance No. 0609-24 QRF Meycauayan, Bulacan (1).pdf",Thesis_Obsidian\Ordinances\2024\Ordinance No. 0609-24.md,120,False
7065,0609-24,section_5,2024,"Ordinance No. 0609-24 QRF Meycauayan, Bulacan (1).pdf",Thesis_Obsidian\Ordinances\2024\Ordinance No. 0609-24.md,146,False
7066,0609-24,section_6,2024,"Ordinance No. 0609-24 QRF Meycauayan, Bulacan (1).pdf",Thesis_Obsidian\Ordinances\2024\Ordinance No. 0609-24.md,1,False
7067,0610-24,section_1,2024,Ordinance No. 0610-24 QRF Province of Bataan (1).pdf,Thesis_Obsidian\Ordinances\2024\Ordinance No. 0610-24.md,17,False
7068,0610-24,section_2,2024,Ordinance No. 0610-24 QRF Province of Bataan (1).pdf,Thesis_Obsidian\Ordinances\2024\Ordinance No. 0610-24.md,165,False
7069,0610-24,section_3,2024,Ordinance No. 0610-24 QRF Province of Bataan (1).pdf,Thesis_Obsidian\Ordinances\2024\Ordinance No. 0610-24.md,258,False
7070,0610-24,section_2l,2024,Ordinance No. 0610-24 QRF Province of Bataan (1).pdf,Thesis_Obsidian\Ordinances\2024\Ordinance No. 0610-24.md,104,False
7071,0610-24,section_5,2024,Ordinance No. 0610-24 QRF Province of Bataan (1).pdf,Thesis_Obsidian\Ordinances\2024\Ordinance No. 0610-24.md,146,False
7072,0610-24,section_6,2024,Ordinance No. 0610-24 QRF Province of Bataan (1).pdf,Thesis_Obsidian\Ordinances\2024\Ordinance No. 0610-24.md,1,False
7073,0611-24,section_1,2024,Ordinance No. 0611-24 QRF Province of Rizal (1).pdf,Thesis_Obsidian\Ordinances\2024\Ordinance No. 0611-24.md,258,False
7074,0611-24,section_2t,2024,Ordinance No. 0611-24 QRF Province of Rizal (1).pdf,Thesis_Obsidian\Ordinances\2024\Ordinance No. 0611-24.md,220,False
7075,0611-24,section_6,2024,Ordinance No. 0611-24 QRF Province of Rizal (1).pdf,Thesis_Obsidian\Ordinances\2024\Ordinance No. 0611-24.md,1,False
7076,0612-24,section_1,2024,Ordinance No. 0612-24 QRF Province of Pampanga (1).pdf,Thesis_Obsidian\Ordinances\2024\Ordinance No. 0612-24.md,17,False
7077,0612-24,section_2,2024,Ordinance No. 0612-24 QRF Province of Pampanga (1).pdf,Thesis_Obsidian\Ordinances\2024\Ordinance No. 0612-24.md,201,False
7078,0612-24,section_3,2024,Ordinance No. 0612-24 QRF Province of Pampanga (1).pdf,Thesis_Obsidian\Ordinances\2024\Ordinance No. 0612-24.md,170,False
7079,0612-24,section_4,2024,Ordinance No. 0612-24 QRF Province of Pampanga (1).pdf,Thesis_Obsidian\Ordinances\2024\Ordinance No. 0612-24.md,270,False
7080,0612-24,section_2l,2024,Ordinance No. 0612-24 QRF Province of Pampanga (1).pdf,Thesis_Obsidian\Ordinances\2024\Ordinance No. 0612-24.md,220,False
7081,0612-24,section_6,2024,Ordinance No. 0612-24 QRF Province of Pampanga (1).pdf,Thesis_Obsidian\Ordinances\2024\Ordinance No. 0612-24.md,1,False
7082,0613-24,section_4,2024,Ordinance No. 0613-24 QRF Province of Bulacan (1).pdf,Thesis_Obsidian\Ordinances\2024\Ordinance No. 0613-24.md,99,False
7083,0613-24,section_2l,2024,Ordinance No. 0613-24 QRF Province of Bulacan (1).pdf,Thesis_Obsidian\Ordinances\2024\Ordinance No. 0613-24.md,120,False
7084,0613-24,section_5,2024,Ordinance No. 0613-24 QRF Province of Bulacan (1).pdf,Thesis_Obsidian\Ordinances\2024\Ordinance No. 0613-24.md,266,False
7085,0614-24,section_1,2024,Ordinance No. 0614-24 QRF Province of Cavite (1).pdf,Thesis_Obsidian\Ordinances\2024\Ordinance No. 0614-24.md,17,False
7086,0614-24,section_2,2024,Ordinance No. 0614-24 QRF Province of Cavite (1).pdf,Thesis_Obsidian\Ordinances\2024\Ordinance No. 0614-24.md,62,False
7087,0614-24,section_4,2024,Ordinance No. 0614-24 QRF Province of Cavite (1).pdf,Thesis_Obsidian\Ordinances\2024\Ordinance No. 0614-24.md,220,False
7088,0615-24,section_1,2024,Ordinance No. 0615-24 QRF Province of Batangas (1).pdf,Thesis_Obsidian\Ordinances\2024\Ordinance No. 0615-24.md,173,False
7089,0615-24,section_4,2024,Ordinance No. 0615-24 QRF Province of Batangas (1).pdf,Thesis_Obsidian\Ordinances\2024\Ordinance No. 0615-24.md,220,False
7090,0615-24,section_6,2024,Ordinance No. 0615-24 QRF Province of Batangas (1).pdf,Thesis_Obsidian\Ordinances\2024\Ordinance No. 0615-24.md,1,False
7091,0616-24,section_1,2024,Ordinance No. 0616-24 MOA DSWD SFP Cycle 14 (1).pdf,Thesis_Obsidian\Ordinances\2024\Ordinance No. 0616-24.md,112,False
7092,0616-24,section_455,2024,Ordinance No. 0616-24 MOA DSWD SFP Cycle 14 (1).pdf,Thesis_Obsidian\Ordinances\2024\Ordinance No. 0616-24.md,251,False
7093,0616-24,section_4,2024,Ordinance No. 0616-24 MOA DSWD SFP Cycle 14 (1).pdf,Thesis_Obsidian\Ordinances\2024\Ordinance No. 0616-24.md,10,False
7094,0616-24,section_5,2024,Ordinance No. 0616-24 MOA DSWD SFP Cycle 14 (1).pdf,Thesis_Obsidian\Ordinances\2024\Ordinance No. 0616-24.md,-1,True
7095,0619-24,section_3,2024,Ordinance No. 0619-24 (1).pdf,Thesis_Obsidian\Ordinances\2024\Ordinance No. 0619-24.md,205,False
7096,0619-24,section_5,2024,Ordinance No. 0619-24 (1).pdf,Thesis_Obsidian\Ordinances\2024\Ordinance No. 0619-24.md,97,False
7097,0620-24,section_2,2024,Ordinance No. 0620-24 (1).pdf,Thesis_Obsidian\Ordinances\2024\Ordinance No. 0620-24.md,32,False
7098,0620-24,section_455,2024,Ordinance No. 0620-24 (1).pdf,Thesis_Obsidian\Ordinances\2024\Ordinance No. 0620-24.md,100,False
7099,0620-24,section_3,2024,Ordinance No. 0620-24 (1).pdf,Thesis_Obsidian\Ordinances\2024\Ordinance No. 0620-24.md,31,False
7100,0620-24,section_4,2024,Ordinance No. 0620-24 (1).pdf,Thesis_Obsidian\Ordinances\2024\Ordinance No. 0620-24.md,86,False
7101,0620-24,section_5,2024,Ordinance No. 0620-24 (1).pdf,Thesis_Obsidian\Ordinances\2024\Ordinance No. 0620-24.md,56,False
7102,0621-24,section_1,2024,Ordinance No. 0621-24 Deed of Donation Juanita Taculin (1).pdf,Thesis_Obsidian\Ordinances\2024\Ordinance No. 0621-24.md,61,False
7103,0621-24,section_2,2024,Ordinance No. 0621-24 Deed of Donation Juanita Taculin (1).pdf,Thesis_Obsidian\Ordinances\2024\Ordinance No. 0621-24.md,79,False
7104,0621-24,section_16,2024,Ordinance No. 0621-24 Deed of Donation Juanita Taculin (1).pdf,Thesis_Obsidian\Ordinances\2024\Ordinance No. 0621-24.md,69,False
7105,0621-24,section_3,2024,Ordinance No. 0621-24 Deed of Donation Juanita Taculin (1).pdf,Thesis_Obsidian\Ordinances\2024\Ordinance No. 0621-24.md,31,False
7106,0621-24,section_4,2024,Ordinance No. 0621-24 Deed of Donation Juanita Taculin (1).pdf,Thesis_Obsidian\Ordinances\2024\Ordinance No. 0621-24.md,211,False
7107,0621-24,section_5,2024,Ordinance No. 0621-24 Deed of Donation Juanita Taculin (1).pdf,Thesis_Obsidian\Ordinances\2024\Ordinance No. 0621-24.md,207,False
7108,0622-24,section_1,2024,Ordinance No. 0622-24 MOA DOST-RO XI DFT (1).pdf,Thesis_Obsidian\Ordinances\2024\Ordinance No. 0622-24.md,43,False
7109,0622-24,section_2,2024,Ordinance No. 0622-24 MOA DOST-RO XI DFT (1).pdf,Thesis_Obsidian\Ordinances\2024\Ordinance No. 0622-24.md,33,False
7110,0622-24,section_3,2024,Ordinance No. 0622-24 MOA DOST-RO XI DFT (1).pdf,Thesis_Obsidian\Ordinances\2024\Ordinance No. 0622-24.md,7,False
7111,0622-24,section_74,2024,Ordinance No. 0622-24 MOA DOST-RO XI DFT (1).pdf,Thesis_Obsidian\Ordinances\2024\Ordinance No. 0622-24.md,75,False
7112,0622-24,section_5,2024,Ordinance No. 0622-24 MOA DOST-RO XI DFT (1).pdf,Thesis_Obsidian\Ordinances\2024\Ordinance No. 0622-24.md,153,False
7113,0623-24,section_1,2024,Ordinance No. 0623-24 Moral Recovery Program (1).pdf,Thesis_Obsidian\Ordinances\2024\Ordinance No. 0623-24.md,26,False
7114,0623-24,section_2,2024,Ordinance No. 0623-24 Moral Recovery Program (1).pdf,Thesis_Obsidian\Ordinances\2024\Ordinance No. 0623-24.md,243,False
7115,0623-24,section_3,2024,Ordinance No. 0623-24 Moral Recovery Program (1).pdf,Thesis_Obsidian\Ordinances\2024\Ordinance No. 0623-24.md,-1,True
7116,0623-24,section_4,2024,Ordinance No. 0623-24 Moral Recovery Program (1).pdf,Thesis_Obsidian\Ordinances\2024\Ordinance No. 0623-24.md,213,False
7117,0623-24,section_5,2024,Ordinance No. 0623-24 Moral Recovery Program (1).pdf,Thesis_Obsidian\Ordinances\2024\Ordinance No. 0623-24.md,-1,True
7118,0623-24,section_6,2024,Ordinance No. 0623-24 Moral Recovery Program (1).pdf,Thesis_Obsidian\Ordinances\2024\Ordinance No. 0623-24.md,-1,True
7119,0623-24,section_7,2024,Ordinance No. 0623-24 Moral Recovery Program (1).pdf,Thesis_Obsidian\Ordinances\2024\Ordinance No. 0623-24.md,40,False
7120,0623-24,section_8,2024,Ordinance No. 0623-24 Moral Recovery Program (1).pdf,Thesis_Obsidian\Ordinances\2024\Ordinance No. 0623-24.md,213,False
7121,0623-24,section_9,2024,Ordinance No. 0623-24 Moral Recovery Program (1).pdf,Thesis_Obsidian\Ordinances\2024\Ordinance No. 0623-24.md,70,False
7122,0623-24,section_10,2024,Ordinance No. 0623-24 Moral Recovery Program (1).pdf,Thesis_Obsidian\Ordinances\2024\Ordinance No. 0623-24.md,-1,True
7123,0623-24,section_11,2024,Ordinance No. 0623-24 Moral Recovery Program (1).pdf,Thesis_Obsidian\Ordinances\2024\Ordinance No. 0623-24.md,190,False
7124,0623-24,section_12,2024,Ordinance No. 0623-24 Moral Recovery Program (1).pdf,Thesis_Obsidian\Ordinances\2024\Ordinance No. 0623-24.md,114,False
7125,0623-24,section_14,2024,Ordinance No. 0623-24 Moral Recovery Program (1).pdf,Thesis_Obsidian\Ordinances\2024\Ordinance No. 0623-24.md,134,False
7126,0623-24,section_15,2024,Ordinance No. 0623-24 Moral Recovery Program (1).pdf,Thesis_Obsidian\Ordinances\2024\Ordinance No. 0623-24.md,-1,True
7127,0625-24,section_1,2024,Ordinance No. 0625-24 Exemption from Special Permit Fees (1).pdf,Thesis_Obsidian\Ordinances\2024\Ordinance No. 0625-24.md,164,False
7128,0625-24,section_2,2024,Ordinance No. 0625-24 Exemption from Special Permit Fees (1).pdf,Thesis_Obsidian\Ordinances\2024\Ordinance No. 0625-24.md,122,False
7129,0625-24,section_458,2024,Ordinance No. 0625-24 Exemption from Special Permit Fees (1).pdf,Thesis_Obsidian\Ordinances\2024\Ordinance No. 0625-24.md,68,False
7130,0625-24,section_3,2024,Ordinance No. 0625-24 Exemption from Special Permit Fees (1).pdf,Thesis_Obsidian\Ordinances\2024\Ordinance No. 0625-24.md,-1,True
7131,0625-24,section_4,2024,Ordinance No. 0625-24 Exemption from Special Permit Fees (1).pdf,Thesis_Obsidian\Ordinances\2024\Ordinance No. 0625-24.md,-1,True
7132,0625-24,section_5,2024,Ordinance No. 0625-24 Exemption from Special Permit Fees (1).pdf,Thesis_Obsidian\Ordinances\2024\Ordinance No. 0625-24.md,82,False
7133,0626-24,section_1,2024,Ordinance No. 0626-24 MOA DOH-CHD HEA (1).pdf,Thesis_Obsidian\Ordinances\2024\Ordinance No. 0626-24.md,67,False
7134,0626-24,section_3,2024,Ordinance No. 0626-24 MOA DOH-CHD HEA (1).pdf,Thesis_Obsidian\Ordinances\2024\Ordinance No. 0626-24.md,140,False
7135,0626-24,section_4,2024,Ordinance No. 0626-24 MOA DOH-CHD HEA (1).pdf,Thesis_Obsidian\Ordinances\2024\Ordinance No. 0626-24.md,72,False
7136,0626-24,section_5,2024,Ordinance No. 0626-24 MOA DOH-CHD HEA (1).pdf,Thesis_Obsidian\Ordinances\2024\Ordinance No. 0626-24.md,-1,True
7137,0627-24,section_1,2024,Ordinance No. 0627-24 (1).pdf,Thesis_Obsidian\Ordinances\2024\Ordinance No. 0627-24.md,117,False
7138,0627-24,section_2,2024,Ordinance No. 0627-24 (1).pdf,Thesis_Obsidian\Ordinances\2024\Ordinance No. 0627-24.md,180,False
7139,0627-24,section_3,2024,Ordinance No. 0627-24 (1).pdf,Thesis_Obsidian\Ordinances\2024\Ordinance No. 0627-24.md,105,False
7140,0627-24,section_4,2024,Ordinance No. 0627-24 (1).pdf,Thesis_Obsidian\Ordinances\2024\Ordinance No. 0627-24.md,237,False
7141,0630-24,section_3,2024,Ordinance No. 0630-24 Contract of Lease Carmen Locsin (1).pdf,Thesis_Obsidian\Ordinances\2024\Ordinance No. 0630-24.md,41,False
7142,0630-24,section_5,2024,Ordinance No. 0630-24 Contract of Lease Carmen Locsin (1).pdf,Thesis_Obsidian\Ordinances\2024\Ordinance No. 0630-24.md,-1,True
7143,0633-24,section_1,2024,Ordinance No. 0633-24 Rates and Charges in Agdao Market (1).pdf,Thesis_Obsidian\Ordinances\2024\Ordinance No. 0633-24.md,26,False
7144,0633-24,section_2,2024,Ordinance No. 0633-24 Rates and Charges in Agdao Market (1).pdf,Thesis_Obsidian\Ordinances\2024\Ordinance No. 0633-24.md,-1,True
7145,0633-24,section_7,2024,Ordinance No. 0633-24 Rates and Charges in Agdao Market (1).pdf,Thesis_Obsidian\Ordinances\2024\Ordinance No. 0633-24.md,-1,True
7146,0634-24,section_1,2024,Ordinance No. 0634-24 (1).pdf,Thesis_Obsidian\Ordinances\2024\Ordinance No. 0634-24.md,15,False
7147,0634-24,section_2,2024,Ordinance No. 0634-24 (1).pdf,Thesis_Obsidian\Ordinances\2024\Ordinance No. 0634-24.md,12,False
7148,0634-24,section_3,2024,Ordinance No. 0634-24 (1).pdf,Thesis_Obsidian\Ordinances\2024\Ordinance No. 0634-24.md,216,False
7149,0634-24,section_4,2024,Ordinance No. 0634-24 (1).pdf,Thesis_Obsidian\Ordinances\2024\Ordinance No. 0634-24.md,3,False
7150,0634-24,section_5,2024,Ordinance No. 0634-24 (1).pdf,Thesis_Obsidian\Ordinances\2024\Ordinance No. 0634-24.md,82,False
7151,0635-24,section_1,2024,Ordinance No. 0635-24 (1).pdf,Thesis_Obsidian\Ordinances\2024\Ordinance No. 0635-24.md,117,False
7152,0635-24,section_2,2024,Ordinance No. 0635-24 (1).pdf,Thesis_Obsidian\Ordinances\2024\Ordinance No. 0635-24.md,37,False
7153,0635-24,section_3,2024,Ordinance No. 0635-24 (1).pdf,Thesis_Obsidian\Ordinances\2024\Ordinance No. 0635-24.md,171,False
7154,0635-24,section_4,2024,Ordinance No. 0635-24 (1).pdf,Thesis_Obsidian\Ordinances\2024\Ordinance No. 0635-24.md,-1,True
7155,0637-24,section_1,2024,Ordinance No. 0637-24 (1).pdf,Thesis_Obsidian\Ordinances\2024\Ordinance No. 0637-24.md,117,False
7156,0637-24,section_2,2024,Ordinance No. 0637-24 (1).pdf,Thesis_Obsidian\Ordinances\2024\Ordinance No. 0637-24.md,180,False
7157,0637-24,section_3,2024,Ordinance No. 0637-24 (1).pdf,Thesis_Obsidian\Ordinances\2024\Ordinance No. 0637-24.md,216,False
7158,0637-24,section_4,2024,Ordinance No. 0637-24 (1).pdf,Thesis_Obsidian\Ordinances\2024\Ordinance No. 0637-24.md,128,False
7159,0637-24,section_5,2024,Ordinance No. 0637-24 (1).pdf,Thesis_Obsidian\Ordinances\2024\Ordinance No. 0637-24.md,8,False
7160,0638-24,section_1,2024,Ordinance No. 0638-24 (1).pdf,Thesis_Obsidian\Ordinances\2024\Ordinance No. 0638-24.md,-1,True
7161,0638-24,section_2,2024,Ordinance No. 0638-24 (1).pdf,Thesis_Obsidian\Ordinances\2024\Ordinance No. 0638-24.md,12,False
7162,0638-24,section_3,2024,Ordinance No. 0638-24 (1).pdf,Thesis_Obsidian\Ordinances\2024\Ordinance No. 0638-24.md,171,False
7163,0638-24,section_4,2024,Ordinance No. 0638-24 (1).pdf,Thesis_Obsidian\Ordinances\2024\Ordinance No. 0638-24.md,128,False
7164,0638-24,section_5,2024,Ordinance No. 0638-24 (1).pdf,Thesis_Obsidian\Ordinances\2024\Ordinance No. 0638-24.md,8,False
7165,0639-24,section_1,2024,Ordinance No. 0639-24 MOA BIR RRNo.19 (1).pdf,Thesis_Obsidian\Ordinances\2024\Ordinance No. 0639-24.md,172,False
7166,0639-24,section_2,2024,Ordinance No. 0639-24 MOA BIR RRNo.19 (1).pdf,Thesis_Obsidian\Ordinances\2024\Ordinance No. 0639-24.md,33,False
7167,0639-24,section_3,2024,Ordinance No. 0639-24 MOA BIR RRNo.19 (1).pdf,Thesis_Obsidian\Ordinances\2024\Ordinance No. 0639-24.md,-1,True
7168,0639-24,section_4,2024,Ordinance No. 0639-24 MOA BIR RRNo.19 (1).pdf,Thesis_Obsidian\Ordinances\2024\Ordinance No. 0639-24.md,75,False
7169,0639-24,section_5,2024,Ordinance No. 0639-24 MOA BIR RRNo.19 (1).pdf,Thesis_Obsidian\Ordinances\2024\Ordinance No. 0639-24.md,259,False
7170,0640-24,section_1,2024,Ordinance No. 0640-24 (1).pdf,Thesis_Obsidian\Ordinances\2024\Ordinance No. 0640-24.md,80,False
7171,0640-24,section_2,2024,Ordinance No. 0640-24 (1).pdf,Thesis_Obsidian\Ordinances\2024\Ordinance No. 0640-24.md,37,False
7172,0640-24,section_3,2024,Ordinance No. 0640-24 (1).pdf,Thesis_Obsidian\Ordinances\2024\Ordinance No. 0640-24.md,171,False
7173,0640-24,section_4,2024,Ordinance No. 0640-24 (1).pdf,Thesis_Obsidian\Ordinances\2024\Ordinance No. 0640-24.md,128,False
7174,0640-24,section_5,2024,Ordinance No. 0640-24 (1).pdf,Thesis_Obsidian\Ordinances\2024\Ordinance No. 0640-24.md,8,False
7175,0641-24,section_1,2024,Ordinance No. 0641-24 DOU Brgy. 27-C (1).pdf,Thesis_Obsidian\Ordinances\2024\Ordinance No. 0641-24.md,-1,True
7176,0641-24,section_3,2024,Ordinance No. 0641-24 DOU Brgy. 27-C (1).pdf,Thesis_Obsidian\Ordinances\2024\Ordinance No. 0641-24.md,63,False
7177,0641-24,section_4,2024,Ordinance No. 0641-24 DOU Brgy. 27-C (1).pdf,Thesis_Obsidian\Ordinances\2024\Ordinance No. 0641-24.md,231,False
7178,0641-24,section_5,2024,Ordinance No. 0641-24 DOU Brgy. 27-C (1).pdf,Thesis_Obsidian\Ordinances\2024\Ordinance No. 0641-24.md,98,False
7179,0642-24,section_2,2024,Ordinance No. 0642-24 MOU DOH-CHD (1).pdf,Thesis_Obsidian\Ordinances\2024\Ordinance No. 0642-24.md,267,False
7180,0642-24,section_3,2024,Ordinance No. 0642-24 MOU DOH-CHD (1).pdf,Thesis_Obsidian\Ordinances\2024\Ordinance No. 0642-24.md,140,False
7181,0642-24,section_4,2024,Ordinance No. 0642-24 MOU DOH-CHD (1).pdf,Thesis_Obsidian\Ordinances\2024\Ordinance No. 0642-24.md,86,False
7182,0642-24,section_5,2024,Ordinance No. 0642-24 MOU DOH-CHD (1).pdf,Thesis_Obsidian\Ordinances\2024\Ordinance No. 0642-24.md,-1,True
7183,0643-24,section_1,2024,Ordinance No. 0643-24 (1).pdf,Thesis_Obsidian\Ordinances\2024\Ordinance No. 0643-24.md,117,False
7184,0643-24,section_2,2024,Ordinance No. 0643-24 (1).pdf,Thesis_Obsidian\Ordinances\2024\Ordinance No. 0643-24.md,12,False
7185,0643-24,section_3,2024,Ordinance No. 0643-24 (1).pdf,Thesis_Obsidian\Ordinances\2024\Ordinance No. 0643-24.md,216,False
7186,0643-24,section_4,2024,Ordinance No. 0643-24 (1).pdf,Thesis_Obsidian\Ordinances\2024\Ordinance No. 0643-24.md,72,False
7187,0643-24,section_5,2024,Ordinance No. 0643-24 (1).pdf,Thesis_Obsidian\Ordinances\2024\Ordinance No. 0643-24.md,8,False
7188,0644-24,section_2,2024,Ordinance No. 0644-24 (1).pdf,Thesis_Obsidian\Ordinances\2024\Ordinance No. 0644-24.md,12,False
7189,0644-24,section_3,2024,Ordinance No. 0644-24 (1).pdf,Thesis_Obsidian\Ordinances\2024\Ordinance No. 0644-24.md,205,False
7190,0644-24,section_5,2024,Ordinance No. 0644-24 (1).pdf,Thesis_Obsidian\Ordinances\2024\Ordinance No. 0644-24.md,8,False
7191,0645-24,section_1,2024,Ordinance No. 0645-24 (1).pdf,Thesis_Obsidian\Ordinances\2024\Ordinance No. 0645-24.md,188,False
7192,0645-24,section_2,2024,Ordinance No. 0645-24 (1).pdf,Thesis_Obsidian\Ordinances\2024\Ordinance No. 0645-24.md,12,False
7193,0645-24,section_4,2024,Ordinance No. 0645-24 (1).pdf,Thesis_Obsidian\Ordinances\2024\Ordinance No. 0645-24.md,128,False
7194,0645-24,section_5,2024,Ordinance No. 0645-24 (1).pdf,Thesis_Obsidian\Ordinances\2024\Ordinance No. 0645-24.md,8,False
7195,0646-24,section_3,2024,Ordinance No. 0646-24 (1).pdf,Thesis_Obsidian\Ordinances\2024\Ordinance No. 0646-24.md,41,False
7196,0646-24,section_5,2024,Ordinance No. 0646-24 (1).pdf,Thesis_Obsidian\Ordinances\2024\Ordinance No. 0646-24.md,259,False
7197,0647-24,section_2,2024,"Ordinance No. 0647-24 Sister City Agreement Hamamatsu, Japan (1).pdf",Thesis_Obsidian\Ordinances\2024\Ordinance No. 0647-24.md,175,False
7198,0647-24,section_22,2024,"Ordinance No. 0647-24 Sister City Agreement Hamamatsu, Japan (1).pdf",Thesis_Obsidian\Ordinances\2024\Ordinance No. 0647-24.md,34,False
7199,0650-24,section_1,2024,Ordinance No. 0650-24 (1).pdf,Thesis_Obsidian\Ordinances\2024\Ordinance No. 0650-24.md,37,False
7200,0650-24,section_3,2024,Ordinance No. 0650-24 (1).pdf,Thesis_Obsidian\Ordinances\2024\Ordinance No. 0650-24.md,237,False
7201,0651-24,section_1,2024,Ordinance No. 0651-24 (1).pdf,Thesis_Obsidian\Ordinances\2024\Ordinance No. 0651-24.md,-1,True
7202,0652-24,section_1,2024,Ordinance No. 0652-24 (1).pdf,Thesis_Obsidian\Ordinances\2024\Ordinance No. 0652-24.md,80,False
7203,0652-24,section_2,2024,Ordinance No. 0652-24 (1).pdf,Thesis_Obsidian\Ordinances\2024\Ordinance No. 0652-24.md,37,False
7204,0652-24,section_3,2024,Ordinance No. 0652-24 (1).pdf,Thesis_Obsidian\Ordinances\2024\Ordinance No. 0652-24.md,171,False
7205,0652-24,section_4,2024,Ordinance No. 0652-24 (1).pdf,Thesis_Obsidian\Ordinances\2024\Ordinance No. 0652-24.md,128,False
7206,0652-24,section_5,2024,Ordinance No. 0652-24 (1).pdf,Thesis_Obsidian\Ordinances\2024\Ordinance No. 0652-24.md,8,False
7207,0653-24,section_1,2024,Ordinance No. 0653-24 MOA SPMC BUCAS (1).pdf,Thesis_Obsidian\Ordinances\2024\Ordinance No. 0653-24.md,81,False
7208,0653-24,section_2,2024,Ordinance No. 0653-24 MOA SPMC BUCAS (1).pdf,Thesis_Obsidian\Ordinances\2024\Ordinance No. 0653-24.md,67,False
7209,0653-24,section_3,2024,Ordinance No. 0653-24 MOA SPMC BUCAS (1).pdf,Thesis_Obsidian\Ordinances\2024\Ordinance No. 0653-24.md,4,False
7210,0653-24,section_4,2024,Ordinance No. 0653-24 MOA SPMC BUCAS (1).pdf,Thesis_Obsidian\Ordinances\2024\Ordinance No. 0653-24.md,10,False
7211,0653-24,section_5,2024,Ordinance No. 0653-24 MOA SPMC BUCAS (1).pdf,Thesis_Obsidian\Ordinances\2024\Ordinance No. 0653-24.md,19,False
7212,0654-24,section_2,2024,Ordinance No. 0654-24 Exempt from Amusement tax (1).pdf,Thesis_Obsidian\Ordinances\2024\Ordinance No. 0654-24.md,122,False
7213,0654-24,section_3,2024,Ordinance No. 0654-24 Exempt from Amusement tax (1).pdf,Thesis_Obsidian\Ordinances\2024\Ordinance No. 0654-24.md,137,False
7214,0654-24,section_4,2024,Ordinance No. 0654-24 Exempt from Amusement tax (1).pdf,Thesis_Obsidian\Ordinances\2024\Ordinance No. 0654-24.md,53,False
7215,0655-24,section_1,2024,Ordinance No. 0655-24 (1).pdf,Thesis_Obsidian\Ordinances\2024\Ordinance No. 0655-24.md,80,False
7216,0655-24,section_2,2024,Ordinance No. 0655-24 (1).pdf,Thesis_Obsidian\Ordinances\2024\Ordinance No. 0655-24.md,12,False
7217,0655-24,section_3,2024,Ordinance No. 0655-24 (1).pdf,Thesis_Obsidian\Ordinances\2024\Ordinance No. 0655-24.md,171,False
7218,0655-24,section_4,2024,Ordinance No. 0655-24 (1).pdf,Thesis_Obsidian\Ordinances\2024\Ordinance No. 0655-24.md,9,False
7219,0655-24,section_5,2024,Ordinance No. 0655-24 (1).pdf,Thesis_Obsidian\Ordinances\2024\Ordinance No. 0655-24.md,8,False
7220,0656-24,section_1,2024,"Ordinance No. 0656-24 MOA Therma South, Inc. (1).pdf",Thesis_Obsidian\Ordinances\2024\Ordinance No. 0656-24.md,43,False
7221,0656-24,section_455,2024,"Ordinance No. 0656-24 MOA Therma South, Inc. (1).pdf",Thesis_Obsidian\Ordinances\2024\Ordinance No. 0656-24.md,34,False
7222,0656-24,section_4,2024,"Ordinance No. 0656-24 MOA Therma South, Inc. (1).pdf",Thesis_Obsidian\Ordinances\2024\Ordinance No. 0656-24.md,38,False
7223,0656-24,section_5,2024,"Ordinance No. 0656-24 MOA Therma South, Inc. (1).pdf",Thesis_Obsidian\Ordinances\2024\Ordinance No. 0656-24.md,19,False
7224,0657-24,section_2,2024,Ordinance No. 0657-24001 (1).pdf,Thesis_Obsidian\Ordinances\2024\Ordinance No. 0657-24.md,33,False
7225,0657-24,section_3,2024,Ordinance No. 0657-24001 (1).pdf,Thesis_Obsidian\Ordinances\2024\Ordinance No. 0657-24.md,7,False
7226,0657-24,section_4,2024,Ordinance No. 0657-24001 (1).pdf,Thesis_Obsidian\Ordinances\2024\Ordinance No. 0657-24.md,219,False
7227,0657-24,section_5,2024,Ordinance No. 0657-24001 (1).pdf,Thesis_Obsidian\Ordinances\2024\Ordinance No. 0657-24.md,147,False
7228,0658-24,section_1,2024,Ordinance No. 0658-24 Amending Section 2 of Food Terminal (1).pdf,Thesis_Obsidian\Ordinances\2024\Ordinance No. 0658-24.md,102,False
7229,0658-24,section_2,2024,Ordinance No. 0658-24 Amending Section 2 of Food Terminal (1).pdf,Thesis_Obsidian\Ordinances\2024\Ordinance No. 0658-24.md,-1,True
7230,0658-24,section_3,2024,Ordinance No. 0658-24 Amending Section 2 of Food Terminal (1).pdf,Thesis_Obsidian\Ordinances\2024\Ordinance No. 0658-24.md,134,False
7231,0658-24,section_4,2024,Ordinance No. 0658-24 Amending Section 2 of Food Terminal (1).pdf,Thesis_Obsidian\Ordinances\2024\Ordinance No. 0658-24.md,115,False
7232,0658-24,section_5,2024,Ordinance No. 0658-24 Amending Section 2 of Food Terminal (1).pdf,Thesis_Obsidian\Ordinances\2024\Ordinance No. 0658-24.md,-1,True
7233,0659-24,section_3,2024,Ordinance No. 0659-24 MOA AdDU-AOSF (1).pdf,Thesis_Obsidian\Ordinances\2024\Ordinance No. 0659-24.md,7,False
7234,0659-24,section_4,2024,Ordinance No. 0659-24 MOA AdDU-AOSF (1).pdf,Thesis_Obsidian\Ordinances\2024\Ordinance No. 0659-24.md,151,False
7235,0659-24,section_5,2024,Ordinance No. 0659-24 MOA AdDU-AOSF (1).pdf,Thesis_Obsidian\Ordinances\2024\Ordinance No. 0659-24.md,259,False
7236,0660-24,section_1,2024,Ordinance No. 0660-24 MOU USeP (1).pdf,Thesis_Obsidian\Ordinances\2024\Ordinance No. 0660-24.md,184,False
7237,0660-24,section_2,2024,Ordinance No. 0660-24 MOU USeP (1).pdf,Thesis_Obsidian\Ordinances\2024\Ordinance No. 0660-24.md,79,False
7238,0660-24,section_16,2024,Ordinance No. 0660-24 MOU USeP (1).pdf,Thesis_Obsidian\Ordinances\2024\Ordinance No. 0660-24.md,45,False
7239,0660-24,section_3,2024,Ordinance No. 0660-24 MOU USeP (1).pdf,Thesis_Obsidian\Ordinances\2024\Ordinance No. 0660-24.md,123,False
7240,0660-24,section_4,2024,Ordinance No. 0660-24 MOU USeP (1).pdf,Thesis_Obsidian\Ordinances\2024\Ordinance No. 0660-24.md,86,False
7241,0660-24,section_5,2024,Ordinance No. 0660-24 MOU USeP (1).pdf,Thesis_Obsidian\Ordinances\2024\Ordinance No. 0660-24.md,19,False
7242,0661-24,section_2,2024,"Ordinance No. 0661-24 QRF Laurel, Batangas (1).pdf",Thesis_Obsidian\Ordinances\2024\Ordinance No. 0661-24.md,201,False
7243,0661-24,section_3,2024,"Ordinance No. 0661-24 QRF Laurel, Batangas (1).pdf",Thesis_Obsidian\Ordinances\2024\Ordinance No. 0661-24.md,258,False
7244,0661-24,section_2l,2024,"Ordinance No. 0661-24 QRF Laurel, Batangas (1).pdf",Thesis_Obsidian\Ordinances\2024\Ordinance No. 0661-24.md,220,False
7245,0661-24,section_6,2024,"Ordinance No. 0661-24 QRF Laurel, Batangas (1).pdf",Thesis_Obsidian\Ordinances\2024\Ordinance No. 0661-24.md,47,False
7246,0662-24,section_2,2024,"Ordinance No. 0662-24 QRF Mercedes, Camarines Norte (1).pdf",Thesis_Obsidian\Ordinances\2024\Ordinance No. 0662-24.md,62,False
7247,0662-24,section_4,2024,"Ordinance No. 0662-24 QRF Mercedes, Camarines Norte (1).pdf",Thesis_Obsidian\Ordinances\2024\Ordinance No. 0662-24.md,168,False
7248,0662-24,section_2L,2024,"Ordinance No. 0662-24 QRF Mercedes, Camarines Norte (1).pdf",Thesis_Obsidian\Ordinances\2024\Ordinance No. 0662-24.md,220,False
7249,0662-24,section_6,2024,"Ordinance No. 0662-24 QRF Mercedes, Camarines Norte (1).pdf",Thesis_Obsidian\Ordinances\2024\Ordinance No. 0662-24.md,47,False
7250,0663-24,section_1,2024,"Ordinance No. 0663-24 QRF Los Baños, Laguna (1).pdf",Thesis_Obsidian\Ordinances\2024\Ordinance No. 0663-24.md,17,False
7251,0663-24,section_2,2024,"Ordinance No. 0663-24 QRF Los Baños, Laguna (1).pdf",Thesis_Obsidian\Ordinances\2024\Ordinance No. 0663-24.md,62,False
7252,0663-24,section_4,2024,"Ordinance No. 0663-24 QRF Los Baños, Laguna (1).pdf",Thesis_Obsidian\Ordinances\2024\Ordinance No. 0663-24.md,99,False
7253,0663-24,section_2l,2024,"Ordinance No. 0663-24 QRF Los Baños, Laguna (1).pdf",Thesis_Obsidian\Ordinances\2024\Ordinance No. 0663-24.md,120,False
7254,0663-24,section_5,2024,"Ordinance No. 0663-24 QRF Los Baños, Laguna (1).pdf",Thesis_Obsidian\Ordinances\2024\Ordinance No. 0663-24.md,83,False
7255,0663-24,section_6,2024,"Ordinance No. 0663-24 QRF Los Baños, Laguna (1).pdf",Thesis_Obsidian\Ordinances\2024\Ordinance No. 0663-24.md,47,False
7256,0664-24,section_2,2024,"Ordinance No. 0664-24 QRF Bulan, Sorsogon (1).pdf",Thesis_Obsidian\Ordinances\2024\Ordinance No. 0664-24.md,62,False
7257,0664-24,section_4,2024,"Ordinance No. 0664-24 QRF Bulan, Sorsogon (1).pdf",Thesis_Obsidian\Ordinances\2024\Ordinance No. 0664-24.md,99,False
7258,0664-24,section_2t,2024,"Ordinance No. 0664-24 QRF Bulan, Sorsogon (1).pdf",Thesis_Obsidian\Ordinances\2024\Ordinance No. 0664-24.md,120,False
7259,0664-24,section_5,2024,"Ordinance No. 0664-24 QRF Bulan, Sorsogon (1).pdf",Thesis_Obsidian\Ordinances\2024\Ordinance No. 0664-24.md,146,False
7260,0664-24,section_6,2024,"Ordinance No. 0664-24 QRF Bulan, Sorsogon (1).pdf",Thesis_Obsidian\Ordinances\2024\Ordinance No. 0664-24.md,47,False
7261,0665-24,section_1,2024,"Ordinance No. 0665-24 QRF San Fernando, Masbate (1).pdf",Thesis_Obsidian\Ordinances\2024\Ordinance No. 0665-24.md,17,False
7262,0665-24,section_2,2024,"Ordinance No. 0665-24 QRF San Fernando, Masbate (1).pdf",Thesis_Obsidian\Ordinances\2024\Ordinance No. 0665-24.md,227,False
7263,0665-24,section_3,2024,"Ordinance No. 0665-24 QRF San Fernando, Masbate (1).pdf",Thesis_Obsidian\Ordinances\2024\Ordinance No. 0665-24.md,42,False
7264,0665-24,section_4,2024,"Ordinance No. 0665-24 QRF San Fernando, Masbate (1).pdf",Thesis_Obsidian\Ordinances\2024\Ordinance No. 0665-24.md,168,False
7265,0665-24,section_2L,2024,"Ordinance No. 0665-24 QRF San Fernando, Masbate (1).pdf",Thesis_Obsidian\Ordinances\2024\Ordinance No. 0665-24.md,104,False
7266,0665-24,section_5,2024,"Ordinance No. 0665-24 QRF San Fernando, Masbate (1).pdf",Thesis_Obsidian\Ordinances\2024\Ordinance No. 0665-24.md,146,False
7267,0665-24,section_6,2024,"Ordinance No. 0665-24 QRF San Fernando, Masbate (1).pdf",Thesis_Obsidian\Ordinances\2024\Ordinance No. 0665-24.md,47,False
7268,0666-24,section_1,2024,"Ordinance No. 0666-24 QRF Virac, Catanduanes (1).pdf",Thesis_Obsidian\Ordinances\2024\Ordinance No. 0666-24.md,96,False
7269,0666-24,section_2,2024,"Ordinance No. 0666-24 QRF Virac, Catanduanes (1).pdf",Thesis_Obsidian\Ordinances\2024\Ordinance No. 0666-24.md,165,False
7270,0666-24,section_3,2024,"Ordinance No. 0666-24 QRF Virac, Catanduanes (1).pdf",Thesis_Obsidian\Ordinances\2024\Ordinance No. 0666-24.md,42,False
7271,0666-24,section_4,2024,"Ordinance No. 0666-24 QRF Virac, Catanduanes (1).pdf",Thesis_Obsidian\Ordinances\2024\Ordinance No. 0666-24.md,168,False
7272,0666-24,section_21,2024,"Ordinance No. 0666-24 QRF Virac, Catanduanes (1).pdf",Thesis_Obsidian\Ordinances\2024\Ordinance No. 0666-24.md,145,False
7273,0666-24,section_6,2024,"Ordinance No. 0666-24 QRF Virac, Catanduanes (1).pdf",Thesis_Obsidian\Ordinances\2024\Ordinance No. 0666-24.md,47,False
7274,0667-24,section_1,2024,"Ordinance No. 0667-24 QRF San Pascual, Batangas (1).pdf",Thesis_Obsidian\Ordinances\2024\Ordinance No. 0667-24.md,96,False
7275,0667-24,section_2,2024,"Ordinance No. 0667-24 QRF San Pascual, Batangas (1).pdf",Thesis_Obsidian\Ordinances\2024\Ordinance No. 0667-24.md,227,False
7276,0667-24,section_3,2024,"Ordinance No. 0667-24 QRF San Pascual, Batangas (1).pdf",Thesis_Obsidian\Ordinances\2024\Ordinance No. 0667-24.md,42,False
7277,0667-24,section_4,2024,"Ordinance No. 0667-24 QRF San Pascual, Batangas (1).pdf",Thesis_Obsidian\Ordinances\2024\Ordinance No. 0667-24.md,138,False
7278,0667-24,section_2L,2024,"Ordinance No. 0667-24 QRF San Pascual, Batangas (1).pdf",Thesis_Obsidian\Ordinances\2024\Ordinance No. 0667-24.md,145,False
7279,0667-24,section_6,2024,"Ordinance No. 0667-24 QRF San Pascual, Batangas (1).pdf",Thesis_Obsidian\Ordinances\2024\Ordinance No. 0667-24.md,47,False
7280,0668-24,section_1,2024,"Ordinance No. 0668-24 QRF Lian, Batangas (1).pdf",Thesis_Obsidian\Ordinances\2024\Ordinance No. 0668-24.md,96,False
7281,0668-24,section_2,2024,"Ordinance No. 0668-24 QRF Lian, Batangas (1).pdf",Thesis_Obsidian\Ordinances\2024\Ordinance No. 0668-24.md,201,False
7282,0668-24,section_3,2024,"Ordinance No. 0668-24 QRF Lian, Batangas (1).pdf",Thesis_Obsidian\Ordinances\2024\Ordinance No. 0668-24.md,42,False
7283,0668-24,section_4,2024,"Ordinance No. 0668-24 QRF Lian, Batangas (1).pdf",Thesis_Obsidian\Ordinances\2024\Ordinance No. 0668-24.md,99,False
7284,0668-24,section_2L,2024,"Ordinance No. 0668-24 QRF Lian, Batangas (1).pdf",Thesis_Obsidian\Ordinances\2024\Ordinance No. 0668-24.md,104,False
7285,0668-24,section_5,2024,"Ordinance No. 0668-24 QRF Lian, Batangas (1).pdf",Thesis_Obsidian\Ordinances\2024\Ordinance No. 0668-24.md,83,False
7286,0668-24,section_6,2024,"Ordinance No. 0668-24 QRF Lian, Batangas (1).pdf",Thesis_Obsidian\Ordinances\2024\Ordinance No. 0668-24.md,47,False
7287,0669-24,section_1,2024,"Ordinance No. 0669-24 QRF Lemery, Batangas (1).pdf",Thesis_Obsidian\Ordinances\2024\Ordinance No. 0669-24.md,17,False
7288,0669-24,section_2,2024,"Ordinance No. 0669-24 QRF Lemery, Batangas (1).pdf",Thesis_Obsidian\Ordinances\2024\Ordinance No. 0669-24.md,62,False
7289,0669-24,section_4,2024,"Ordinance No. 0669-24 QRF Lemery, Batangas (1).pdf",Thesis_Obsidian\Ordinances\2024\Ordinance No. 0669-24.md,138,False
7290,0669-24,section_2L,2024,"Ordinance No. 0669-24 QRF Lemery, Batangas (1).pdf",Thesis_Obsidian\Ordinances\2024\Ordinance No. 0669-24.md,120,False
7291,0669-24,section_5,2024,"Ordinance No. 0669-24 QRF Lemery, Batangas (1).pdf",Thesis_Obsidian\Ordinances\2024\Ordinance No. 0669-24.md,83,False
7292,0669-24,section_6,2024,"Ordinance No. 0669-24 QRF Lemery, Batangas (1).pdf",Thesis_Obsidian\Ordinances\2024\Ordinance No. 0669-24.md,47,False
7293,0670-24,section_1,2024,"Ordinance No. 0670-24 QRF Agoncillo, Batangas (1).pdf",Thesis_Obsidian\Ordinances\2024\Ordinance No. 0670-24.md,17,False
7294,0670-24,section_2,2024,"Ordinance No. 0670-24 QRF Agoncillo, Batangas (1).pdf",Thesis_Obsidian\Ordinances\2024\Ordinance No. 0670-24.md,201,False
7295,0670-24,section_3,2024,"Ordinance No. 0670-24 QRF Agoncillo, Batangas (1).pdf",Thesis_Obsidian\Ordinances\2024\Ordinance No. 0670-24.md,42,False
7296,0670-24,section_4,2024,"Ordinance No. 0670-24 QRF Agoncillo, Batangas (1).pdf",Thesis_Obsidian\Ordinances\2024\Ordinance No. 0670-24.md,138,False
7297,0670-24,section_2L,2024,"Ordinance No. 0670-24 QRF Agoncillo, Batangas (1).pdf",Thesis_Obsidian\Ordinances\2024\Ordinance No. 0670-24.md,120,False
7298,0670-24,section_5,2024,"Ordinance No. 0670-24 QRF Agoncillo, Batangas (1).pdf",Thesis_Obsidian\Ordinances\2024\Ordinance No. 0670-24.md,225,False
7299,0670-24,section_6,2024,"Ordinance No. 0670-24 QRF Agoncillo, Batangas (1).pdf",Thesis_Obsidian\Ordinances\2024\Ordinance No. 0670-24.md,47,False
7300,0671-24,section_1,2024,"Ordinance No. 0671-24 QRF Ibaan, Batangas (1).pdf",Thesis_Obsidian\Ordinances\2024\Ordinance No. 0671-24.md,17,False
7301,0671-24,section_2,2024,"Ordinance No. 0671-24 QRF Ibaan, Batangas (1).pdf",Thesis_Obsidian\Ordinances\2024\Ordinance No. 0671-24.md,62,False
7302,0671-24,section_4,2024,"Ordinance No. 0671-24 QRF Ibaan, Batangas (1).pdf",Thesis_Obsidian\Ordinances\2024\Ordinance No. 0671-24.md,138,False
7303,0671-24,section_2t,2024,"Ordinance No. 0671-24 QRF Ibaan, Batangas (1).pdf",Thesis_Obsidian\Ordinances\2024\Ordinance No. 0671-24.md,120,False
7304,0671-24,section_5,2024,"Ordinance No. 0671-24 QRF Ibaan, Batangas (1).pdf",Thesis_Obsidian\Ordinances\2024\Ordinance No. 0671-24.md,225,False
7305,0671-24,section_6,2024,"Ordinance No. 0671-24 QRF Ibaan, Batangas (1).pdf",Thesis_Obsidian\Ordinances\2024\Ordinance No. 0671-24.md,47,False
7306,0672-24,section_1,2024,"Ordinance No. 0672-24 QRF Cuenca, Batangas (1).pdf",Thesis_Obsidian\Ordinances\2024\Ordinance No. 0672-24.md,96,False
7307,0672-24,section_2,2024,"Ordinance No. 0672-24 QRF Cuenca, Batangas (1).pdf",Thesis_Obsidian\Ordinances\2024\Ordinance No. 0672-24.md,62,False
7308,0672-24,section_4,2024,"Ordinance No. 0672-24 QRF Cuenca, Batangas (1).pdf",Thesis_Obsidian\Ordinances\2024\Ordinance No. 0672-24.md,168,False
7309,0672-24,section_2l,2024,"Ordinance No. 0672-24 QRF Cuenca, Batangas (1).pdf",Thesis_Obsidian\Ordinances\2024\Ordinance No. 0672-24.md,120,False
7310,0672-24,section_5,2024,"Ordinance No. 0672-24 QRF Cuenca, Batangas (1).pdf",Thesis_Obsidian\Ordinances\2024\Ordinance No. 0672-24.md,83,False
7311,0672-24,section_6,2024,"Ordinance No. 0672-24 QRF Cuenca, Batangas (1).pdf",Thesis_Obsidian\Ordinances\2024\Ordinance No. 0672-24.md,47,False
7312,0673-24,section_1,2024,"Ordinance No. 0673-24 QRF Sariaya, Quezon (1).pdf",Thesis_Obsidian\Ordinances\2024\Ordinance No. 0673-24.md,173,False
7313,0673-24,section_4,2024,"Ordinance No. 0673-24 QRF Sariaya, Quezon (1).pdf",Thesis_Obsidian\Ordinances\2024\Ordinance No. 0673-24.md,168,False
7314,0673-24,section_2L,2024,"Ordinance No. 0673-24 QRF Sariaya, Quezon (1).pdf",Thesis_Obsidian\Ordinances\2024\Ordinance No. 0673-24.md,220,False
7315,0673-24,section_5,2024,"Ordinance No. 0673-24 QRF Sariaya, Quezon (1).pdf",Thesis_Obsidian\Ordinances\2024\Ordinance No. 0673-24.md,47,False
7316,0674-24,section_1,2024,"Ordinance No. 0674-24 QRF Magpet, Cotabato (1).pdf",Thesis_Obsidian\Ordinances\2024\Ordinance No. 0674-24.md,17,False
7317,0674-24,section_2,2024,"Ordinance No. 0674-24 QRF Magpet, Cotabato (1).pdf",Thesis_Obsidian\Ordinances\2024\Ordinance No. 0674-24.md,201,False
7318,0674-24,section_3,2024,"Ordinance No. 0674-24 QRF Magpet, Cotabato (1).pdf",Thesis_Obsidian\Ordinances\2024\Ordinance No. 0674-24.md,42,False
7319,0674-24,section_4,2024,"Ordinance No. 0674-24 QRF Magpet, Cotabato (1).pdf",Thesis_Obsidian\Ordinances\2024\Ordinance No. 0674-24.md,138,False
7320,0674-24,section_2L,2024,"Ordinance No. 0674-24 QRF Magpet, Cotabato (1).pdf",Thesis_Obsidian\Ordinances\2024\Ordinance No. 0674-24.md,120,False
7321,0674-24,section_5,2024,"Ordinance No. 0674-24 QRF Magpet, Cotabato (1).pdf",Thesis_Obsidian\Ordinances\2024\Ordinance No. 0674-24.md,225,False
7322,0674-24,section_6,2024,"Ordinance No. 0674-24 QRF Magpet, Cotabato (1).pdf",Thesis_Obsidian\Ordinances\2024\Ordinance No. 0674-24.md,47,False
7323,0675-24,section_1,2024,"Ordinance No. 0675-24 QRF Irosin, Sorsogon (1).pdf",Thesis_Obsidian\Ordinances\2024\Ordinance No. 0675-24.md,173,False
7324,0675-24,section_4,2024,"Ordinance No. 0675-24 QRF Irosin, Sorsogon (1).pdf",Thesis_Obsidian\Ordinances\2024\Ordinance No. 0675-24.md,99,False
7325,0675-24,section_2l,2024,"Ordinance No. 0675-24 QRF Irosin, Sorsogon (1).pdf",Thesis_Obsidian\Ordinances\2024\Ordinance No. 0675-24.md,120,False
7326,0675-24,section_5,2024,"Ordinance No. 0675-24 QRF Irosin, Sorsogon (1).pdf",Thesis_Obsidian\Ordinances\2024\Ordinance No. 0675-24.md,83,False
7327,0675-24,section_6,2024,"Ordinance No. 0675-24 QRF Irosin, Sorsogon (1).pdf",Thesis_Obsidian\Ordinances\2024\Ordinance No. 0675-24.md,47,False
7328,0676-24,section_1,2024,"Ordinance No. 0676-24 QRF Sta. Cruz, Laguna (1).pdf",Thesis_Obsidian\Ordinances\2024\Ordinance No. 0676-24.md,96,False
7329,0676-24,section_2,2024,"Ordinance No. 0676-24 QRF Sta. Cruz, Laguna (1).pdf",Thesis_Obsidian\Ordinances\2024\Ordinance No. 0676-24.md,165,False
7330,0676-24,section_3,2024,"Ordinance No. 0676-24 QRF Sta. Cruz, Laguna (1).pdf",Thesis_Obsidian\Ordinances\2024\Ordinance No. 0676-24.md,42,False
7331,0676-24,section_4,2024,"Ordinance No. 0676-24 QRF Sta. Cruz, Laguna (1).pdf",Thesis_Obsidian\Ordinances\2024\Ordinance No. 0676-24.md,229,False
7332,0676-24,section_2L,2024,"Ordinance No. 0676-24 QRF Sta. Cruz, Laguna (1).pdf",Thesis_Obsidian\Ordinances\2024\Ordinance No. 0676-24.md,120,False
7333,0676-24,section_5,2024,"Ordinance No. 0676-24 QRF Sta. Cruz, Laguna (1).pdf",Thesis_Obsidian\Ordinances\2024\Ordinance No. 0676-24.md,266,False
7334,0677-24,section_1,2024,"Ordinance No. 0677-24 QRF Mulanay, Quezon (1).pdf",Thesis_Obsidian\Ordinances\2024\Ordinance No. 0677-24.md,17,False
7335,0677-24,section_2,2024,"Ordinance No. 0677-24 QRF Mulanay, Quezon (1).pdf",Thesis_Obsidian\Ordinances\2024\Ordinance No. 0677-24.md,227,False
7336,0677-24,section_3,2024,"Ordinance No. 0677-24 QRF Mulanay, Quezon (1).pdf",Thesis_Obsidian\Ordinances\2024\Ordinance No. 0677-24.md,186,False
7337,0677-24,section_4,2024,"Ordinance No. 0677-24 QRF Mulanay, Quezon (1).pdf",Thesis_Obsidian\Ordinances\2024\Ordinance No. 0677-24.md,99,False
7338,0677-24,section_2L,2024,"Ordinance No. 0677-24 QRF Mulanay, Quezon (1).pdf",Thesis_Obsidian\Ordinances\2024\Ordinance No. 0677-24.md,120,False
7339,0677-24,section_5,2024,"Ordinance No. 0677-24 QRF Mulanay, Quezon (1).pdf",Thesis_Obsidian\Ordinances\2024\Ordinance No. 0677-24.md,266,False
7340,0678-24,section_1,2024,"Ordinance No. 0678-24 QRF Tagkawayan, Quezon (1).pdf",Thesis_Obsidian\Ordinances\2024\Ordinance No. 0678-24.md,17,False
7341,0678-24,section_2,2024,"Ordinance No. 0678-24 QRF Tagkawayan, Quezon (1).pdf",Thesis_Obsidian\Ordinances\2024\Ordinance No. 0678-24.md,62,False
7342,0678-24,section_4,2024,"Ordinance No. 0678-24 QRF Tagkawayan, Quezon (1).pdf",Thesis_Obsidian\Ordinances\2024\Ordinance No. 0678-24.md,270,False
7343,0678-24,section_2l,2024,"Ordinance No. 0678-24 QRF Tagkawayan, Quezon (1).pdf",Thesis_Obsidian\Ordinances\2024\Ordinance No. 0678-24.md,-1,True
7344,0678-24,section_6,2024,"Ordinance No. 0678-24 QRF Tagkawayan, Quezon (1).pdf",Thesis_Obsidian\Ordinances\2024\Ordinance No. 0678-24.md,47,False
7345,0679-24,section_2,2024,"Ordinance No. 0679-24 QRF Gen. Luna, Quezon (1).pdf",Thesis_Obsidian\Ordinances\2024\Ordinance No. 0679-24.md,227,False
7346,0679-24,section_3,2024,"Ordinance No. 0679-24 QRF Gen. Luna, Quezon (1).pdf",Thesis_Obsidian\Ordinances\2024\Ordinance No. 0679-24.md,42,False
7347,0679-24,section_4,2024,"Ordinance No. 0679-24 QRF Gen. Luna, Quezon (1).pdf",Thesis_Obsidian\Ordinances\2024\Ordinance No. 0679-24.md,99,False
7348,0679-24,section_2l,2024,"Ordinance No. 0679-24 QRF Gen. Luna, Quezon (1).pdf",Thesis_Obsidian\Ordinances\2024\Ordinance No. 0679-24.md,120,False
7349,0679-24,section_5,2024,"Ordinance No. 0679-24 QRF Gen. Luna, Quezon (1).pdf",Thesis_Obsidian\Ordinances\2024\Ordinance No. 0679-24.md,225,False
7350,0679-24,section_6,2024,"Ordinance No. 0679-24 QRF Gen. Luna, Quezon (1).pdf",Thesis_Obsidian\Ordinances\2024\Ordinance No. 0679-24.md,47,False
7351,0680-24,section_1,2024,"Ordinance No. 0680-24 QRF Calaca City, Batangas (1).pdf",Thesis_Obsidian\Ordinances\2024\Ordinance No. 0680-24.md,173,False
7352,0680-24,section_3,2024,"Ordinance No. 0680-24 QRF Calaca City, Batangas (1).pdf",Thesis_Obsidian\Ordinances\2024\Ordinance No. 0680-24.md,186,False
7353,0680-24,section_4,2024,"Ordinance No. 0680-24 QRF Calaca City, Batangas (1).pdf",Thesis_Obsidian\Ordinances\2024\Ordinance No. 0680-24.md,138,False
7354,0680-24,section_2L,2024,"Ordinance No. 0680-24 QRF Calaca City, Batangas (1).pdf",Thesis_Obsidian\Ordinances\2024\Ordinance No. 0680-24.md,120,False
7355,0680-24,section_5,2024,"Ordinance No. 0680-24 QRF Calaca City, Batangas (1).pdf",Thesis_Obsidian\Ordinances\2024\Ordinance No. 0680-24.md,83,False
7356,0680-24,section_6,2024,"Ordinance No. 0680-24 QRF Calaca City, Batangas (1).pdf",Thesis_Obsidian\Ordinances\2024\Ordinance No. 0680-24.md,47,False
7357,0681-24,section_1,2024,Ordinance No. 0681-24 QRF Naga City (1).pdf,Thesis_Obsidian\Ordinances\2024\Ordinance No. 0681-24.md,173,False
7358,0681-24,section_3,2024,Ordinance No. 0681-24 QRF Naga City (1).pdf,Thesis_Obsidian\Ordinances\2024\Ordinance No. 0681-24.md,186,False
7359,0681-24,section_4,2024,Ordinance No. 0681-24 QRF Naga City (1).pdf,Thesis_Obsidian\Ordinances\2024\Ordinance No. 0681-24.md,99,False
7360,0681-24,section_21,2024,Ordinance No. 0681-24 QRF Naga City (1).pdf,Thesis_Obsidian\Ordinances\2024\Ordinance No. 0681-24.md,120,False
7361,0681-24,section_5,2024,Ordinance No. 0681-24 QRF Naga City (1).pdf,Thesis_Obsidian\Ordinances\2024\Ordinance No. 0681-24.md,83,False
7362,0681-24,section_6,2024,Ordinance No. 0681-24 QRF Naga City (1).pdf,Thesis_Obsidian\Ordinances\2024\Ordinance No. 0681-24.md,47,False
7363,0682-24,section_1,2024,"Ordinance No. 0682-24 QRF Calbayog City, Samar (1).pdf",Thesis_Obsidian\Ordinances\2024\Ordinance No. 0682-24.md,17,False
7364,0682-24,section_2,2024,"Ordinance No. 0682-24 QRF Calbayog City, Samar (1).pdf",Thesis_Obsidian\Ordinances\2024\Ordinance No. 0682-24.md,62,False
7365,0682-24,section_4,2024,"Ordinance No. 0682-24 QRF Calbayog City, Samar (1).pdf",Thesis_Obsidian\Ordinances\2024\Ordinance No. 0682-24.md,99,False
7366,0682-24,section_2l,2024,"Ordinance No. 0682-24 QRF Calbayog City, Samar (1).pdf",Thesis_Obsidian\Ordinances\2024\Ordinance No. 0682-24.md,220,False
7367,0682-24,section_6,2024,"Ordinance No. 0682-24 QRF Calbayog City, Samar (1).pdf",Thesis_Obsidian\Ordinances\2024\Ordinance No. 0682-24.md,47,False
7368,0683-24,section_1,2024,"Ordinance No. 0683-24 QRF Calamba, Laguna (1).pdf",Thesis_Obsidian\Ordinances\2024\Ordinance No. 0683-24.md,17,False
7369,0683-24,section_2,2024,"Ordinance No. 0683-24 QRF Calamba, Laguna (1).pdf",Thesis_Obsidian\Ordinances\2024\Ordinance No. 0683-24.md,165,False
7370,0683-24,section_3,2024,"Ordinance No. 0683-24 QRF Calamba, Laguna (1).pdf",Thesis_Obsidian\Ordinances\2024\Ordinance No. 0683-24.md,186,False
7371,0683-24,section_4,2024,"Ordinance No. 0683-24 QRF Calamba, Laguna (1).pdf",Thesis_Obsidian\Ordinances\2024\Ordinance No. 0683-24.md,99,False
7372,0683-24,section_2l,2024,"Ordinance No. 0683-24 QRF Calamba, Laguna (1).pdf",Thesis_Obsidian\Ordinances\2024\Ordinance No. 0683-24.md,162,False
7373,0683-24,section_5,2024,"Ordinance No. 0683-24 QRF Calamba, Laguna (1).pdf",Thesis_Obsidian\Ordinances\2024\Ordinance No. 0683-24.md,225,False
7374,0683-24,section_6,2024,"Ordinance No. 0683-24 QRF Calamba, Laguna (1).pdf",Thesis_Obsidian\Ordinances\2024\Ordinance No. 0683-24.md,47,False
7375,0684-24,section_1,2024,"Ordinance No. 0684-24 QRF Sto. Tomas, Batangas (1).pdf",Thesis_Obsidian\Ordinances\2024\Ordinance No. 0684-24.md,17,False
7376,0684-24,section_2,2024,"Ordinance No. 0684-24 QRF Sto. Tomas, Batangas (1).pdf",Thesis_Obsidian\Ordinances\2024\Ordinance No. 0684-24.md,109,False
7377,0684-24,section_3,2024,"Ordinance No. 0684-24 QRF Sto. Tomas, Batangas (1).pdf",Thesis_Obsidian\Ordinances\2024\Ordinance No. 0684-24.md,186,False
7378,0684-24,section_4,2024,"Ordinance No. 0684-24 QRF Sto. Tomas, Batangas (1).pdf",Thesis_Obsidian\Ordinances\2024\Ordinance No. 0684-24.md,168,False
7379,0684-24,section_2l,2024,"Ordinance No. 0684-24 QRF Sto. Tomas, Batangas (1).pdf",Thesis_Obsidian\Ordinances\2024\Ordinance No. 0684-24.md,162,False
7380,0684-24,section_5,2024,"Ordinance No. 0684-24 QRF Sto. Tomas, Batangas (1).pdf",Thesis_Obsidian\Ordinances\2024\Ordinance No. 0684-24.md,225,False
7381,0684-24,section_6,2024,"Ordinance No. 0684-24 QRF Sto. Tomas, Batangas (1).pdf",Thesis_Obsidian\Ordinances\2024\Ordinance No. 0684-24.md,47,False
7382,0685-24,section_1,2024,"Ordinance No. 0685-24 QRF San Pedro, Laguna - Copy.pdf",Thesis_Obsidian\Ordinances\2024\Ordinance No. 0685-24.md,173,False
7383,0685-24,section_3,2024,"Ordinance No. 0685-24 QRF San Pedro, Laguna - Copy.pdf",Thesis_Obsidian\Ordinances\2024\Ordinance No. 0685-24.md,186,False
7384,0685-24,section_4,2024,"Ordinance No. 0685-24 QRF San Pedro, Laguna - Copy.pdf",Thesis_Obsidian\Ordinances\2024\Ordinance No. 0685-24.md,168,False
7385,0685-24,section_2L,2024,"Ordinance No. 0685-24 QRF San Pedro, Laguna - Copy.pdf",Thesis_Obsidian\Ordinances\2024\Ordinance No. 0685-24.md,162,False
7386,0685-24,section_5,2024,"Ordinance No. 0685-24 QRF San Pedro, Laguna - Copy.pdf",Thesis_Obsidian\Ordinances\2024\Ordinance No. 0685-24.md,225,False
7387,0685-24,section_6,2024,"Ordinance No. 0685-24 QRF San Pedro, Laguna - Copy.pdf",Thesis_Obsidian\Ordinances\2024\Ordinance No. 0685-24.md,47,False
7388,0686-24,section_1,2024,"Ordinance No. 0686-24 QRF Dagupan, Pangasinan (1).pdf",Thesis_Obsidian\Ordinances\2024\Ordinance No. 0686-24.md,96,False
7389,0686-24,section_2,2024,"Ordinance No. 0686-24 QRF Dagupan, Pangasinan (1).pdf",Thesis_Obsidian\Ordinances\2024\Ordinance No. 0686-24.md,201,False
7390,0686-24,section_3,2024,"Ordinance No. 0686-24 QRF Dagupan, Pangasinan (1).pdf",Thesis_Obsidian\Ordinances\2024\Ordinance No. 0686-24.md,186,False
7391,0686-24,section_4,2024,"Ordinance No. 0686-24 QRF Dagupan, Pangasinan (1).pdf",Thesis_Obsidian\Ordinances\2024\Ordinance No. 0686-24.md,168,False
7392,0686-24,section_2L,2024,"Ordinance No. 0686-24 QRF Dagupan, Pangasinan (1).pdf",Thesis_Obsidian\Ordinances\2024\Ordinance No. 0686-24.md,162,False
7393,0686-24,section_5,2024,"Ordinance No. 0686-24 QRF Dagupan, Pangasinan (1).pdf",Thesis_Obsidian\Ordinances\2024\Ordinance No. 0686-24.md,225,False
7394,0686-24,section_6,2024,"Ordinance No. 0686-24 QRF Dagupan, Pangasinan (1).pdf",Thesis_Obsidian\Ordinances\2024\Ordinance No. 0686-24.md,47,False
7395,0687-24,section_1,2024,"Ordinance No. 0687-24 QRF Tanauan, Batangas (1).pdf",Thesis_Obsidian\Ordinances\2024\Ordinance No. 0687-24.md,96,False
7396,0687-24,section_2,2024,"Ordinance No. 0687-24 QRF Tanauan, Batangas (1).pdf",Thesis_Obsidian\Ordinances\2024\Ordinance No. 0687-24.md,109,False
7397,0687-24,section_3,2024,"Ordinance No. 0687-24 QRF Tanauan, Batangas (1).pdf",Thesis_Obsidian\Ordinances\2024\Ordinance No. 0687-24.md,186,False
7398,0687-24,section_4,2024,"Ordinance No. 0687-24 QRF Tanauan, Batangas (1).pdf",Thesis_Obsidian\Ordinances\2024\Ordinance No. 0687-24.md,270,False
7399,0687-24,section_2L,2024,"Ordinance No. 0687-24 QRF Tanauan, Batangas (1).pdf",Thesis_Obsidian\Ordinances\2024\Ordinance No. 0687-24.md,162,False
7400,0687-24,section_5,2024,"Ordinance No. 0687-24 QRF Tanauan, Batangas (1).pdf",Thesis_Obsidian\Ordinances\2024\Ordinance No. 0687-24.md,146,False
7401,0687-24,section_6,2024,"Ordinance No. 0687-24 QRF Tanauan, Batangas (1).pdf",Thesis_Obsidian\Ordinances\2024\Ordinance No. 0687-24.md,47,False
7402,0688-24,section_1,2024,"Ordinance No. 0688-24 QRF Batangas, Batangas (1).pdf",Thesis_Obsidian\Ordinances\2024\Ordinance No. 0688-24.md,173,False
7403,0688-24,section_3,2024,"Ordinance No. 0688-24 QRF Batangas, Batangas (1).pdf",Thesis_Obsidian\Ordinances\2024\Ordinance No. 0688-24.md,186,False
7404,0688-24,section_4,2024,"Ordinance No. 0688-24 QRF Batangas, Batangas (1).pdf",Thesis_Obsidian\Ordinances\2024\Ordinance No. 0688-24.md,99,False
7405,0688-24,section_2L,2024,"Ordinance No. 0688-24 QRF Batangas, Batangas (1).pdf",Thesis_Obsidian\Ordinances\2024\Ordinance No. 0688-24.md,162,False
7406,0688-24,section_5,2024,"Ordinance No. 0688-24 QRF Batangas, Batangas (1).pdf",Thesis_Obsidian\Ordinances\2024\Ordinance No. 0688-24.md,146,False
7407,0688-24,section_6,2024,"Ordinance No. 0688-24 QRF Batangas, Batangas (1).pdf",Thesis_Obsidian\Ordinances\2024\Ordinance No. 0688-24.md,47,False
7408,0689-24,section_1,2024,"Ordinance No. 0689-24 QRF Biñan, Laguna (1).pdf",Thesis_Obsidian\Ordinances\2024\Ordinance No. 0689-24.md,173,False
7409,0689-24,section_4,2024,"Ordinance No. 0689-24 QRF Biñan, Laguna (1).pdf",Thesis_Obsidian\Ordinances\2024\Ordinance No. 0689-24.md,138,False
7410,0689-24,section_2t,2024,"Ordinance No. 0689-24 QRF Biñan, Laguna (1).pdf",Thesis_Obsidian\Ordinances\2024\Ordinance No. 0689-24.md,162,False
7411,0689-24,section_5,2024,"Ordinance No. 0689-24 QRF Biñan, Laguna (1).pdf",Thesis_Obsidian\Ordinances\2024\Ordinance No. 0689-24.md,225,False
7412,0689-24,section_6,2024,"Ordinance No. 0689-24 QRF Biñan, Laguna (1).pdf",Thesis_Obsidian\Ordinances\2024\Ordinance No. 0689-24.md,47,False
7413,0690-24,section_1,2024,Ordinance No. 0690-24 QRF Province of Batangas (1).pdf,Thesis_Obsidian\Ordinances\2024\Ordinance No. 0690-24.md,17,False
7414,0690-24,section_2,2024,Ordinance No. 0690-24 QRF Province of Batangas (1).pdf,Thesis_Obsidian\Ordinances\2024\Ordinance No. 0690-24.md,109,False
7415,0690-24,section_3,2024,Ordinance No. 0690-24 QRF Province of Batangas (1).pdf,Thesis_Obsidian\Ordinances\2024\Ordinance No. 0690-24.md,170,False
7416,0690-24,section_4,2024,Ordinance No. 0690-24 QRF Province of Batangas (1).pdf,Thesis_Obsidian\Ordinances\2024\Ordinance No. 0690-24.md,138,False
7417,0690-24,section_2l,2024,Ordinance No. 0690-24 QRF Province of Batangas (1).pdf,Thesis_Obsidian\Ordinances\2024\Ordinance No. 0690-24.md,162,False
7418,0690-24,section_5,2024,Ordinance No. 0690-24 QRF Province of Batangas (1).pdf,Thesis_Obsidian\Ordinances\2024\Ordinance No. 0690-24.md,146,False
7419,0690-24,section_6,2024,Ordinance No. 0690-24 QRF Province of Batangas (1).pdf,Thesis_Obsidian\Ordinances\2024\Ordinance No. 0690-24.md,47,False
7420,0691-24,section_1,2024,Ordinance No. 0691-24 QRF Province of Albay (1).pdf,Thesis_Obsidian\Ordinances\2024\Ordinance No. 0691-24.md,173,False
7421,0691-24,section_4,2024,Ordinance No. 0691-24 QRF Province of Albay (1).pdf,Thesis_Obsidian\Ordinances\2024\Ordinance No. 0691-24.md,168,False
7422,0691-24,section_2l,2024,Ordinance No. 0691-24 QRF Province of Albay (1).pdf,Thesis_Obsidian\Ordinances\2024\Ordinance No. 0691-24.md,104,False
7423,0691-24,section_5,2024,Ordinance No. 0691-24 QRF Province of Albay (1).pdf,Thesis_Obsidian\Ordinances\2024\Ordinance No. 0691-24.md,146,False
7424,0691-24,section_6,2024,Ordinance No. 0691-24 QRF Province of Albay (1).pdf,Thesis_Obsidian\Ordinances\2024\Ordinance No. 0691-24.md,47,False
7425,0692-24,section_1,2024,Ordinance No. 0692-24 QRF Province of Camarines Sur (1).pdf,Thesis_Obsidian\Ordinances\2024\Ordinance No. 0692-24.md,17,False
7426,0692-24,section_2,2024,Ordinance No. 0692-24 QRF Province of Camarines Sur (1).pdf,Thesis_Obsidian\Ordinances\2024\Ordinance No. 0692-24.md,227,False
7427,0692-24,section_3,2024,Ordinance No. 0692-24 QRF Province of Camarines Sur (1).pdf,Thesis_Obsidian\Ordinances\2024\Ordinance No. 0692-24.md,170,False
7428,0692-24,section_4,2024,Ordinance No. 0692-24 QRF Province of Camarines Sur (1).pdf,Thesis_Obsidian\Ordinances\2024\Ordinance No. 0692-24.md,168,False
7429,0692-24,section_2L,2024,Ordinance No. 0692-24 QRF Province of Camarines Sur (1).pdf,Thesis_Obsidian\Ordinances\2024\Ordinance No. 0692-24.md,162,False
7430,0692-24,section_5,2024,Ordinance No. 0692-24 QRF Province of Camarines Sur (1).pdf,Thesis_Obsidian\Ordinances\2024\Ordinance No. 0692-24.md,266,False
7431,0693-24,section_1,2024,Ordinance No. 0693-24 QRF Province of Eastern Samar (1).pdf,Thesis_Obsidian\Ordinances\2024\Ordinance No. 0693-24.md,17,False
7432,0693-24,section_2,2024,Ordinance No. 0693-24 QRF Province of Eastern Samar (1).pdf,Thesis_Obsidian\Ordinances\2024\Ordinance No. 0693-24.md,227,False
7433,0693-24,section_3,2024,Ordinance No. 0693-24 QRF Province of Eastern Samar (1).pdf,Thesis_Obsidian\Ordinances\2024\Ordinance No. 0693-24.md,170,False
7434,0693-24,section_4,2024,Ordinance No. 0693-24 QRF Province of Eastern Samar (1).pdf,Thesis_Obsidian\Ordinances\2024\Ordinance No. 0693-24.md,99,False
7435,0693-24,section_2l,2024,Ordinance No. 0693-24 QRF Province of Eastern Samar (1).pdf,Thesis_Obsidian\Ordinances\2024\Ordinance No. 0693-24.md,162,False
7436,0693-24,section_5,2024,Ordinance No. 0693-24 QRF Province of Eastern Samar (1).pdf,Thesis_Obsidian\Ordinances\2024\Ordinance No. 0693-24.md,146,False
7437,0693-24,section_6,2024,Ordinance No. 0693-24 QRF Province of Eastern Samar (1).pdf,Thesis_Obsidian\Ordinances\2024\Ordinance No. 0693-24.md,47,False
7438,0694-24,section_1,2024,Ordinance No. 0694-24 QRF Province of Camarines Norte (1).pdf,Thesis_Obsidian\Ordinances\2024\Ordinance No. 0694-24.md,17,False
7439,0694-24,section_2,2024,Ordinance No. 0694-24 QRF Province of Camarines Norte (1).pdf,Thesis_Obsidian\Ordinances\2024\Ordinance No. 0694-24.md,62,False
7440,0694-24,section_4,2024,Ordinance No. 0694-24 QRF Province of Camarines Norte (1).pdf,Thesis_Obsidian\Ordinances\2024\Ordinance No. 0694-24.md,99,False
7441,0694-24,section_2L,2024,Ordinance No. 0694-24 QRF Province of Camarines Norte (1).pdf,Thesis_Obsidian\Ordinances\2024\Ordinance No. 0694-24.md,162,False
7442,0694-24,section_5,2024,Ordinance No. 0694-24 QRF Province of Camarines Norte (1).pdf,Thesis_Obsidian\Ordinances\2024\Ordinance No. 0694-24.md,266,False
7443,0695-24,section_1,2024,Ordinance No. 0695-24 QRF Province of Catanduanes (1).pdf,Thesis_Obsidian\Ordinances\2024\Ordinance No. 0695-24.md,258,False
7444,0695-24,section_2l,2024,Ordinance No. 0695-24 QRF Province of Catanduanes (1).pdf,Thesis_Obsidian\Ordinances\2024\Ordinance No. 0695-24.md,162,False
7445,0695-24,section_5,2024,Ordinance No. 0695-24 QRF Province of Catanduanes (1).pdf,Thesis_Obsidian\Ordinances\2024\Ordinance No. 0695-24.md,83,False
7446,0695-24,section_6,2024,Ordinance No. 0695-24 QRF Province of Catanduanes (1).pdf,Thesis_Obsidian\Ordinances\2024\Ordinance No. 0695-24.md,47,False
7447,0696-24,section_1,2024,Ordinance No. 0696-24 QRF Province of Quezon (1).pdf,Thesis_Obsidian\Ordinances\2024\Ordinance No. 0696-24.md,-1,True
7448,0696-24,section_2,2024,Ordinance No. 0696-24 QRF Province of Quezon (1).pdf,Thesis_Obsidian\Ordinances\2024\Ordinance No. 0696-24.md,227,False
7449,0696-24,section_3,2024,Ordinance No. 0696-24 QRF Province of Quezon (1).pdf,Thesis_Obsidian\Ordinances\2024\Ordinance No. 0696-24.md,170,False
7450,0696-24,section_4,2024,Ordinance No. 0696-24 QRF Province of Quezon (1).pdf,Thesis_Obsidian\Ordinances\2024\Ordinance No. 0696-24.md,229,False
7451,0696-24,section_2L,2024,Ordinance No. 0696-24 QRF Province of Quezon (1).pdf,Thesis_Obsidian\Ordinances\2024\Ordinance No. 0696-24.md,162,False
7452,0696-24,section_5,2024,Ordinance No. 0696-24 QRF Province of Quezon (1).pdf,Thesis_Obsidian\Ordinances\2024\Ordinance No. 0696-24.md,83,False
7453,0696-24,section_6,2024,Ordinance No. 0696-24 QRF Province of Quezon (1).pdf,Thesis_Obsidian\Ordinances\2024\Ordinance No. 0696-24.md,47,False
7454,0697-24,section_5,2024,Ordinance No. 0697-24 Car Free Sunday (1).pdf,Thesis_Obsidian\Ordinances\2024\Ordinance No. 0697-24.md,97,False
7455,0698-24,section_1,2024,Ordinance No. 0698-24 SB2 (1).pdf,Thesis_Obsidian\Ordinances\2024\Ordinance No. 0698-24.md,254,False
7456,0698-24,section_3,2024,Ordinance No. 0698-24 SB2 (1).pdf,Thesis_Obsidian\Ordinances\2024\Ordinance No. 0698-24.md,-1,True
7457,0698-24,section_5,2024,Ordinance No. 0698-24 SB2 (1).pdf,Thesis_Obsidian\Ordinances\2024\Ordinance No. 0698-24.md,190,False
7458,0698-24,section_7,2024,Ordinance No. 0698-24 SB2 (1).pdf,Thesis_Obsidian\Ordinances\2024\Ordinance No. 0698-24.md,202,False
7459,0698-24,section_8,2024,Ordinance No. 0698-24 SB2 (1).pdf,Thesis_Obsidian\Ordinances\2024\Ordinance No. 0698-24.md,204,False
7460,0698-24,section_9,2024,Ordinance No. 0698-24 SB2 (1).pdf,Thesis_Obsidian\Ordinances\2024\Ordinance No. 0698-24.md,-1,True
7461,0701-24,section_6,2024,Ordinance No. 0701-24 Grant Stella Maris Academy (1).pdf,Thesis_Obsidian\Ordinances\2024\Ordinance No. 0701-24.md,53,False
7462,0702-24,section_1,2024,Ordinance No. 0702-24 (1).pdf,Thesis_Obsidian\Ordinances\2024\Ordinance No. 0702-24.md,185,False
7463,0702-24,section_2,2024,Ordinance No. 0702-24 (1).pdf,Thesis_Obsidian\Ordinances\2024\Ordinance No. 0702-24.md,13,False
7464,0702-24,section_3,2024,Ordinance No. 0702-24 (1).pdf,Thesis_Obsidian\Ordinances\2024\Ordinance No. 0702-24.md,-1,True
7465,0702-24,section_4,2024,Ordinance No. 0702-24 (1).pdf,Thesis_Obsidian\Ordinances\2024\Ordinance No. 0702-24.md,86,False
7466,0702-24,section_5,2024,Ordinance No. 0702-24 (1).pdf,Thesis_Obsidian\Ordinances\2024\Ordinance No. 0702-24.md,8,False
7467,0703-24,section_1,2024,"Ordinance No. 0703-24 MOA, Tagum Doctors College (1).pdf",Thesis_Obsidian\Ordinances\2024\Ordinance No. 0703-24.md,172,False
7468,0703-24,section_2,2024,"Ordinance No. 0703-24 MOA, Tagum Doctors College (1).pdf",Thesis_Obsidian\Ordinances\2024\Ordinance No. 0703-24.md,64,False
7469,0703-24,section_22,2024,"Ordinance No. 0703-24 MOA, Tagum Doctors College (1).pdf",Thesis_Obsidian\Ordinances\2024\Ordinance No. 0703-24.md,92,False
7470,0703-24,section_455,2024,"Ordinance No. 0703-24 MOA, Tagum Doctors College (1).pdf",Thesis_Obsidian\Ordinances\2024\Ordinance No. 0703-24.md,85,False
7471,0703-24,section_3,2024,"Ordinance No. 0703-24 MOA, Tagum Doctors College (1).pdf",Thesis_Obsidian\Ordinances\2024\Ordinance No. 0703-24.md,7,False
7472,0703-24,section_4,2024,"Ordinance No. 0703-24 MOA, Tagum Doctors College (1).pdf",Thesis_Obsidian\Ordinances\2024\Ordinance No. 0703-24.md,75,False
7473,0703-24,section_5,2024,"Ordinance No. 0703-24 MOA, Tagum Doctors College (1).pdf",Thesis_Obsidian\Ordinances\2024\Ordinance No. 0703-24.md,259,False
7474,0708-24,section_1,2024,Ordinance No. 0708-24 Amend Charter of City College (1).pdf,Thesis_Obsidian\Ordinances\2024\Ordinance No. 0708-24.md,102,False
7475,0708-24,section_2,2024,Ordinance No. 0708-24 Amend Charter of City College (1).pdf,Thesis_Obsidian\Ordinances\2024\Ordinance No. 0708-24.md,25,False
7476,0708-24,section_3,2024,Ordinance No. 0708-24 Amend Charter of City College (1).pdf,Thesis_Obsidian\Ordinances\2024\Ordinance No. 0708-24.md,115,False
7477,0708-24,section_4,2024,Ordinance No. 0708-24 Amend Charter of City College (1).pdf,Thesis_Obsidian\Ordinances\2024\Ordinance No. 0708-24.md,-1,True
7478,0708-24,section_5,2024,Ordinance No. 0708-24 Amend Charter of City College (1).pdf,Thesis_Obsidian\Ordinances\2024\Ordinance No. 0708-24.md,97,False
7479,0711-24,section_1,2024,Ordinance No. 0711-24 Approve ABKA and ADORE (1).pdf,Thesis_Obsidian\Ordinances\2024\Ordinance No. 0711-24.md,11,False
7480,0711-24,section_2,2024,Ordinance No. 0711-24 Approve ABKA and ADORE (1).pdf,Thesis_Obsidian\Ordinances\2024\Ordinance No. 0711-24.md,208,False
7481,0711-24,section_3,2024,Ordinance No. 0711-24 Approve ABKA and ADORE (1).pdf,Thesis_Obsidian\Ordinances\2024\Ordinance No. 0711-24.md,91,False
7482,0711-24,section_4,2024,Ordinance No. 0711-24 Approve ABKA and ADORE (1).pdf,Thesis_Obsidian\Ordinances\2024\Ordinance No. 0711-24.md,137,False
7483,0711-24,section_5,2024,Ordinance No. 0711-24 Approve ABKA and ADORE (1).pdf,Thesis_Obsidian\Ordinances\2024\Ordinance No. 0711-24.md,234,False
7484,0711-24,section_6,2024,Ordinance No. 0711-24 Approve ABKA and ADORE (1).pdf,Thesis_Obsidian\Ordinances\2024\Ordinance No. 0711-24.md,95,False
7485,0711-24,section_7,2024,Ordinance No. 0711-24 Approve ABKA and ADORE (1).pdf,Thesis_Obsidian\Ordinances\2024\Ordinance No. 0711-24.md,166,False
7486,0712-24,section_1,2024,Ordinance No. 0712-24 MOA DepEd Dcplinado Program (1).pdf,Thesis_Obsidian\Ordinances\2024\Ordinance No. 0712-24.md,43,False
7487,0712-24,section_2,2024,Ordinance No. 0712-24 MOA DepEd Dcplinado Program (1).pdf,Thesis_Obsidian\Ordinances\2024\Ordinance No. 0712-24.md,-1,True
7488,0712-24,section_3,2024,Ordinance No. 0712-24 MOA DepEd Dcplinado Program (1).pdf,Thesis_Obsidian\Ordinances\2024\Ordinance No. 0712-24.md,19,False
7489,0717-24,section_1,2024,Ordinance No. 0717-24 (1).pdf,Thesis_Obsidian\Ordinances\2024\Ordinance No. 0717-24.md,57,False
7490,0717-24,section_2,2024,Ordinance No. 0717-24 (1).pdf,Thesis_Obsidian\Ordinances\2024\Ordinance No. 0717-24.md,70,False
7491,0717-24,section_3,2024,Ordinance No. 0717-24 (1).pdf,Thesis_Obsidian\Ordinances\2024\Ordinance No. 0717-24.md,70,False
7492,0717-24,section_4,2024,Ordinance No. 0717-24 (1).pdf,Thesis_Obsidian\Ordinances\2024\Ordinance No. 0717-24.md,70,False
7493,0717-24,section_5,2024,Ordinance No. 0717-24 (1).pdf,Thesis_Obsidian\Ordinances\2024\Ordinance No. 0717-24.md,-1,True
7494,0717-24,section_6,2024,Ordinance No. 0717-24 (1).pdf,Thesis_Obsidian\Ordinances\2024\Ordinance No. 0717-24.md,30,False
7495,0717-24,section_7,2024,Ordinance No. 0717-24 (1).pdf,Thesis_Obsidian\Ordinances\2024\Ordinance No. 0717-24.md,115,False
7496,0717-24,section_8,2024,Ordinance No. 0717-24 (1).pdf,Thesis_Obsidian\Ordinances\2024\Ordinance No. 0717-24.md,-1,True
7497,0717-24,section_9,2024,Ordinance No. 0717-24 (1).pdf,Thesis_Obsidian\Ordinances\2024\Ordinance No. 0717-24.md,-1,True
7498,0718-24,section_1,2024,Ordinance No. 0718-24 Amend Integrated Zoning Ordinance (1).pdf,Thesis_Obsidian\Ordinances\2024\Ordinance No. 0718-24.md,57,False
7499,0718-24,section_2,2024,Ordinance No. 0718-24 Amend Integrated Zoning Ordinance (1).pdf,Thesis_Obsidian\Ordinances\2024\Ordinance No. 0718-24.md,265,False
7500,0718-24,section_12,2024,Ordinance No. 0718-24 Amend Integrated Zoning Ordinance (1).pdf,Thesis_Obsidian\Ordinances\2024\Ordinance No. 0718-24.md,221,False
7501,0718-24,section_3,2024,Ordinance No. 0718-24 Amend Integrated Zoning Ordinance (1).pdf,Thesis_Obsidian\Ordinances\2024\Ordinance No. 0718-24.md,3,False
7502,0718-24,section_4,2024,Ordinance No. 0718-24 Amend Integrated Zoning Ordinance (1).pdf,Thesis_Obsidian\Ordinances\2024\Ordinance No. 0718-24.md,0,False
7503,0721-24,section_1,2024,Ordinance No. 0721-24 (1).pdf,Thesis_Obsidian\Ordinances\2024\Ordinance No. 0721-24.md,13,False
7504,0721-24,section_4,2024,Ordinance No. 0721-24 (1).pdf,Thesis_Obsidian\Ordinances\2024\Ordinance No. 0721-24.md,53,False
7505,0723-24,section_2,2024,Ordinance No. 0723-24 (1).pdf,Thesis_Obsidian\Ordinances\2024\Ordinance No. 0723-24.md,-1,True
7506,0723-24,section_3,2024,Ordinance No. 0723-24 (1).pdf,Thesis_Obsidian\Ordinances\2024\Ordinance No. 0723-24.md,216,False
7507,0723-24,section_4,2024,Ordinance No. 0723-24 (1).pdf,Thesis_Obsidian\Ordinances\2024\Ordinance No. 0723-24.md,156,False
7508,0723-24,section_5,2024,Ordinance No. 0723-24 (1).pdf,Thesis_Obsidian\Ordinances\2024\Ordinance No. 0723-24.md,8,False
7509,0725-24,section_2,2024,Ordinance No. 0725-24 SB3 (1).pdf,Thesis_Obsidian\Ordinances\2024\Ordinance No. 0725-24.md,-1,True
7510,0728-24,section_4,2024,Ordinance No. 0728-24 DOD DOH-CHD (1).pdf,Thesis_Obsidian\Ordinances\2024\Ordinance No. 0728-24.md,-1,True
7511,0729-24,section_2,2024,Ordinance No. 0729-24 Digitalization of LCR (1).pdf,Thesis_Obsidian\Ordinances\2024\Ordinance No. 0729-24.md,70,False
7512,0729-24,section_3,2024,Ordinance No. 0729-24 Digitalization of LCR (1).pdf,Thesis_Obsidian\Ordinances\2024\Ordinance No. 0729-24.md,132,False
7513,0729-24,section_4,2024,Ordinance No. 0729-24 Digitalization of LCR (1).pdf,Thesis_Obsidian\Ordinances\2024\Ordinance No. 0729-24.md,-1,True
7514,0729-24,section_5,2024,Ordinance No. 0729-24 Digitalization of LCR (1).pdf,Thesis_Obsidian\Ordinances\2024\Ordinance No. 0729-24.md,182,False
7515,0729-24,section_6,2024,Ordinance No. 0729-24 Digitalization of LCR (1).pdf,Thesis_Obsidian\Ordinances\2024\Ordinance No. 0729-24.md,24,False
7516,0729-24,section_7,2024,Ordinance No. 0729-24 Digitalization of LCR (1).pdf,Thesis_Obsidian\Ordinances\2024\Ordinance No. 0729-24.md,88,False
7517,0729-24,section_9,2024,Ordinance No. 0729-24 Digitalization of LCR (1).pdf,Thesis_Obsidian\Ordinances\2024\Ordinance No. 0729-24.md,233,False
7518,0729-24,section_10,2024,Ordinance No. 0729-24 Digitalization of LCR (1).pdf,Thesis_Obsidian\Ordinances\2024\Ordinance No. 0729-24.md,-1,True
7519,0733-24,section_1,2024,Ordinance No. 0733-24 SCA Bachelor Express (1).pdf,Thesis_Obsidian\Ordinances\2024\Ordinance No. 0733-24.md,34,False
7520,0733-24,section_5,2024,Ordinance No. 0733-24 SCA Bachelor Express (1).pdf,Thesis_Obsidian\Ordinances\2024\Ordinance No. 0733-24.md,-1,True
7521,0734-24,section_1,2024,Ordinance No. 0734-24 SB4 (1).pdf,Thesis_Obsidian\Ordinances\2024\Ordinance No. 0734-24.md,254,False
7522,0734-24,section_2,2024,Ordinance No. 0734-24 SB4 (1).pdf,Thesis_Obsidian\Ordinances\2024\Ordinance No. 0734-24.md,121,False
7523,0734-24,section_5,2024,Ordinance No. 0734-24 SB4 (1).pdf,Thesis_Obsidian\Ordinances\2024\Ordinance No. 0734-24.md,190,False
7524,0734-24,section_6,2024,Ordinance No. 0734-24 SB4 (1).pdf,Thesis_Obsidian\Ordinances\2024\Ordinance No. 0734-24.md,202,False
7525,0734-24,section_8,2024,Ordinance No. 0734-24 SB4 (1).pdf,Thesis_Obsidian\Ordinances\2024\Ordinance No. 0734-24.md,-1,True
7526,018-25,section_3,2025,Ordinance No. 018-25.pdf,Thesis_Obsidian\Ordinances\2025\Ordinance No. 018-25.md,248,False
7527,018-25,section_4,2025,Ordinance No. 018-25.pdf,Thesis_Obsidian\Ordinances\2025\Ordinance No. 018-25.md,121,False
7528,018-25,section_5,2025,Ordinance No. 018-25.pdf,Thesis_Obsidian\Ordinances\2025\Ordinance No. 018-25.md,190,False
7529,018-25,section_6,2025,Ordinance No. 018-25.pdf,Thesis_Obsidian\Ordinances\2025\Ordinance No. 018-25.md,202,False
7530,0735-25,section_2,2025,Ordinance No. 0735-25.pdf,Thesis_Obsidian\Ordinances\2025\Ordinance No. 0735-25.md,-1,True
7531,0736-25,section_1,2025,Ordinance No. 0736-25.pdf,Thesis_Obsidian\Ordinances\2025\Ordinance No. 0736-25.md,185,False
7532,0736-25,section_2,2025,Ordinance No. 0736-25.pdf,Thesis_Obsidian\Ordinances\2025\Ordinance No. 0736-25.md,12,False
7533,0736-25,section_3,2025,Ordinance No. 0736-25.pdf,Thesis_Obsidian\Ordinances\2025\Ordinance No. 0736-25.md,22,False
7534,0736-25,section_4,2025,Ordinance No. 0736-25.pdf,Thesis_Obsidian\Ordinances\2025\Ordinance No. 0736-25.md,75,False
7535,0736-25,section_5,2025,Ordinance No. 0736-25.pdf,Thesis_Obsidian\Ordinances\2025\Ordinance No. 0736-25.md,97,False
7536,0741-25,section_1,2025,Ordinance No. 0741-25.pdf,Thesis_Obsidian\Ordinances\2025\Ordinance No. 0741-25.md,34,False
7537,0741-25,section_3,2025,Ordinance No. 0741-25.pdf,Thesis_Obsidian\Ordinances\2025\Ordinance No. 0741-25.md,7,False
7538,0741-25,section_4,2025,Ordinance No. 0741-25.pdf,Thesis_Obsidian\Ordinances\2025\Ordinance No. 0741-25.md,9,False
7539,0741-25,section_5,2025,Ordinance No. 0741-25.pdf,Thesis_Obsidian\Ordinances\2025\Ordinance No. 0741-25.md,24,False
7540,0742-25,section_2,2025,Ordinance No. 0742-25.pdf,Thesis_Obsidian\Ordinances\2025\Ordinance No. 0742-25.md,44,False
7541,0742-25,section_4,2025,Ordinance No. 0742-25.pdf,Thesis_Obsidian\Ordinances\2025\Ordinance No. 0742-25.md,44,False
7542,0742-25,section_5,2025,Ordinance No. 0742-25.pdf,Thesis_Obsidian\Ordinances\2025\Ordinance No. 0742-25.md,179,False
7543,0742-25,section_6,2025,Ordinance No. 0742-25.pdf,Thesis_Obsidian\Ordinances\2025\Ordinance No. 0742-25.md,44,False
7544,0742-25,section_7,2025,Ordinance No. 0742-25.pdf,Thesis_Obsidian\Ordinances\2025\Ordinance No. 0742-25.md,44,False
7545,0742-25,section_8,2025,Ordinance No. 0742-25.pdf,Thesis_Obsidian\Ordinances\2025\Ordinance No. 0742-25.md,221,False
7546,0742-25,section_9,2025,Ordinance No. 0742-25.pdf,Thesis_Obsidian\Ordinances\2025\Ordinance No. 0742-25.md,-1,True
7547,0742-25,section_10,2025,Ordinance No. 0742-25.pdf,Thesis_Obsidian\Ordinances\2025\Ordinance No. 0742-25.md,44,False
7548,0742-25,section_11,2025,Ordinance No. 0742-25.pdf,Thesis_Obsidian\Ordinances\2025\Ordinance No. 0742-25.md,88,False
7549,0742-25,section_12,2025,Ordinance No. 0742-25.pdf,Thesis_Obsidian\Ordinances\2025\Ordinance No. 0742-25.md,14,False
7550,0742-25,section_13,2025,Ordinance No. 0742-25.pdf,Thesis_Obsidian\Ordinances\2025\Ordinance No. 0742-25.md,155,False
7551,0742-25,section_14,2025,Ordinance No. 0742-25.pdf,Thesis_Obsidian\Ordinances\2025\Ordinance No. 0742-25.md,30,False
7552,0742-25,section_15,2025,Ordinance No. 0742-25.pdf,Thesis_Obsidian\Ordinances\2025\Ordinance No. 0742-25.md,30,False
7553,0742-25,section_16,2025,Ordinance No. 0742-25.pdf,Thesis_Obsidian\Ordinances\2025\Ordinance No. 0742-25.md,114,False
7554,0742-25,section_17,2025,Ordinance No. 0742-25.pdf,Thesis_Obsidian\Ordinances\2025\Ordinance No. 0742-25.md,134,False
7555,0742-25,section_18,2025,Ordinance No. 0742-25.pdf,Thesis_Obsidian\Ordinances\2025\Ordinance No. 0742-25.md,54,False
7556,0754-25,section_2,2025,Ordinance No. 0754-25.pdf,Thesis_Obsidian\Ordinances\2025\Ordinance No. 0754-25.md,33,False
7557,0754-25,section_3,2025,Ordinance No. 0754-25.pdf,Thesis_Obsidian\Ordinances\2025\Ordinance No. 0754-25.md,140,False
7558,0754-25,section_4,2025,Ordinance No. 0754-25.pdf,Thesis_Obsidian\Ordinances\2025\Ordinance No. 0754-25.md,268,False
7559,0754-25,section_5,2025,Ordinance No. 0754-25.pdf,Thesis_Obsidian\Ordinances\2025\Ordinance No. 0754-25.md,-1,True
7560,0758-25,section_1,2025,Ordinance No. 0758-25.pdf,Thesis_Obsidian\Ordinances\2025\Ordinance No. 0758-25.md,102,False
7561,0758-25,section_2,2025,Ordinance No. 0758-25.pdf,Thesis_Obsidian\Ordinances\2025\Ordinance No. 0758-25.md,131,False
7562,0758-25,section_92,2025,Ordinance No. 0758-25.pdf,Thesis_Obsidian\Ordinances\2025\Ordinance No. 0758-25.md,-1,True
7563,0758-25,section_5,2025,Ordinance No. 0758-25.pdf,Thesis_Obsidian\Ordinances\2025\Ordinance No. 0758-25.md,75,False
7564,0758-25,section_6,2025,Ordinance No. 0758-25.pdf,Thesis_Obsidian\Ordinances\2025\Ordinance No. 0758-25.md,-1,True
7565,0760-25,section_1,2025,Ordinance No. 0760-25.pdf,Thesis_Obsidian\Ordinances\2025\Ordinance No. 0760-25.md,172,False
7566,0760-25,section_2,2025,Ordinance No. 0760-25.pdf,Thesis_Obsidian\Ordinances\2025\Ordinance No. 0760-25.md,33,False
7567,0760-25,section_3,2025,Ordinance No. 0760-25.pdf,Thesis_Obsidian\Ordinances\2025\Ordinance No. 0760-25.md,257,False
7568,0760-25,section_4,2025,Ordinance No. 0760-25.pdf,Thesis_Obsidian\Ordinances\2025\Ordinance No. 0760-25.md,38,False
7569,0760-25,section_5,2025,Ordinance No. 0760-25.pdf,Thesis_Obsidian\Ordinances\2025\Ordinance No. 0760-25.md,203,False
7570,0765-25,section_2,2025,Ordinance No. 0765-25.pdf,Thesis_Obsidian\Ordinances\2025\Ordinance No. 0765-25.md,129,False
7571,0765-25,section_16,2025,Ordinance No. 0765-25.pdf,Thesis_Obsidian\Ordinances\2025\Ordinance No. 0765-25.md,45,False
7572,0765-25,section_3,2025,Ordinance No. 0765-25.pdf,Thesis_Obsidian\Ordinances\2025\Ordinance No. 0765-25.md,41,False
7573,0765-25,section_5,2025,Ordinance No. 0765-25.pdf,Thesis_Obsidian\Ordinances\2025\Ordinance No. 0765-25.md,24,False
7574,0772-25,section_1,2025,Ordinance No. 0772-25.pdf,Thesis_Obsidian\Ordinances\2025\Ordinance No. 0772-25.md,89,False
7575,0772-25,section_16,2025,Ordinance No. 0772-25.pdf,Thesis_Obsidian\Ordinances\2025\Ordinance No. 0772-25.md,176,False
7576,0772-25,section_3,2025,Ordinance No. 0772-25.pdf,Thesis_Obsidian\Ordinances\2025\Ordinance No. 0772-25.md,7,False
7577,0772-25,section_5,2025,Ordinance No. 0772-25.pdf,Thesis_Obsidian\Ordinances\2025\Ordinance No. 0772-25.md,-1,True
7578,0772-25,section_4,2025,Ordinance No. 0772-25.pdf,Thesis_Obsidian\Ordinances\2025\Ordinance No. 0772-25.md,-1,True
7579,0773-25,section_1,2025,Ordinance No. 0773-25.pdf,Thesis_Obsidian\Ordinances\2025\Ordinance No. 0773-25.md,84,False
7580,0773-25,section_3,2025,Ordinance No. 0773-25.pdf,Thesis_Obsidian\Ordinances\2025\Ordinance No. 0773-25.md,84,False
7581,0773-25,section_4,2025,Ordinance No. 0773-25.pdf,Thesis_Obsidian\Ordinances\2025\Ordinance No. 0773-25.md,166,False
7582,0774-25,section_1,2025,Ordinance No. 0774-25.pdf,Thesis_Obsidian\Ordinances\2025\Ordinance No. 0774-25.md,17,False
7583,0774-25,section_2,2025,Ordinance No. 0774-25.pdf,Thesis_Obsidian\Ordinances\2025\Ordinance No. 0774-25.md,109,False
7584,0774-25,section_3,2025,Ordinance No. 0774-25.pdf,Thesis_Obsidian\Ordinances\2025\Ordinance No. 0774-25.md,42,False
7585,0774-25,section_4,2025,Ordinance No. 0774-25.pdf,Thesis_Obsidian\Ordinances\2025\Ordinance No. 0774-25.md,120,False
7586,0774-25,section_5,2025,Ordinance No. 0774-25.pdf,Thesis_Obsidian\Ordinances\2025\Ordinance No. 0774-25.md,83,False
7587,0774-25,section_6,2025,Ordinance No. 0774-25.pdf,Thesis_Obsidian\Ordinances\2025\Ordinance No. 0774-25.md,47,False
7588,0776-25,section_1,2025,Ordinance No. 0776-25.pdf,Thesis_Obsidian\Ordinances\2025\Ordinance No. 0776-25.md,-1,True
7589,0776-25,section_2,2025,Ordinance No. 0776-25.pdf,Thesis_Obsidian\Ordinances\2025\Ordinance No. 0776-25.md,37,False
7590,0776-25,section_3,2025,Ordinance No. 0776-25.pdf,Thesis_Obsidian\Ordinances\2025\Ordinance No. 0776-25.md,216,False
7591,0776-25,section_4,2025,Ordinance No. 0776-25.pdf,Thesis_Obsidian\Ordinances\2025\Ordinance No. 0776-25.md,75,False
7592,0776-25,section_5,2025,Ordinance No. 0776-25.pdf,Thesis_Obsidian\Ordinances\2025\Ordinance No. 0776-25.md,8,False
7593,0778-25,section_1,2025,Ordinance No. 0778-25.pdf,Thesis_Obsidian\Ordinances\2025\Ordinance No. 0778-25.md,11,False
7594,0778-25,section_2,2025,Ordinance No. 0778-25.pdf,Thesis_Obsidian\Ordinances\2025\Ordinance No. 0778-25.md,208,False
7595,0778-25,section_3,2025,Ordinance No. 0778-25.pdf,Thesis_Obsidian\Ordinances\2025\Ordinance No. 0778-25.md,91,False
7596,0778-25,section_4,2025,Ordinance No. 0778-25.pdf,Thesis_Obsidian\Ordinances\2025\Ordinance No. 0778-25.md,137,False
7597,0778-25,section_5,2025,Ordinance No. 0778-25.pdf,Thesis_Obsidian\Ordinances\2025\Ordinance No. 0778-25.md,234,False
7598,0778-25,section_7,2025,Ordinance No. 0778-25.pdf,Thesis_Obsidian\Ordinances\2025\Ordinance No. 0778-25.md,-1,True
7599,0778-25,section_6,2025,Ordinance No. 0778-25.pdf,Thesis_Obsidian\Ordinances\2025\Ordinance No. 0778-25.md,53,False
7600,0779-25,section_3,2025,Ordinance No. 0779-25.pdf,Thesis_Obsidian\Ordinances\2025\Ordinance No. 0779-25.md,91,False
7601,0779-25,section_6,2025,Ordinance No. 0779-25.pdf,Thesis_Obsidian\Ordinances\2025\Ordinance No. 0779-25.md,53,False
7602,0782-25,section_1,2025,Ordinance No. 0782-25.pdf,Thesis_Obsidian\Ordinances\2025\Ordinance No. 0782-25.md,-1,True
7603,0782-25,section_3,2025,Ordinance No. 0782-25.pdf,Thesis_Obsidian\Ordinances\2025\Ordinance No. 0782-25.md,205,False
7604,0782-25,section_5,2025,Ordinance No. 0782-25.pdf,Thesis_Obsidian\Ordinances\2025\Ordinance No. 0782-25.md,8,False
7605,0783-25,section_1,2025,Ordinance No. 0783-25.pdf,Thesis_Obsidian\Ordinances\2025\Ordinance No. 0783-25.md,12,False
7606,0783-25,section_3,2025,Ordinance No. 0783-25.pdf,Thesis_Obsidian\Ordinances\2025\Ordinance No. 0783-25.md,216,False
7607,0783-25,section_4,2025,Ordinance No. 0783-25.pdf,Thesis_Obsidian\Ordinances\2025\Ordinance No. 0783-25.md,86,False
7608,0783-25,section_5,2025,Ordinance No. 0783-25.pdf,Thesis_Obsidian\Ordinances\2025\Ordinance No. 0783-25.md,8,False
7609,0784-25,section_1,2025,Ordinance No. 0784-25.pdf,Thesis_Obsidian\Ordinances\2025\Ordinance No. 0784-25.md,185,False
7610,0784-25,section_2,2025,Ordinance No. 0784-25.pdf,Thesis_Obsidian\Ordinances\2025\Ordinance No. 0784-25.md,180,False
7611,0784-25,section_3,2025,Ordinance No. 0784-25.pdf,Thesis_Obsidian\Ordinances\2025\Ordinance No. 0784-25.md,171,False
7612,0784-25,section_4,2025,Ordinance No. 0784-25.pdf,Thesis_Obsidian\Ordinances\2025\Ordinance No. 0784-25.md,237,False
7613,0787-25,section_1,2025,Ordinance No. 0787-25.pdf,Thesis_Obsidian\Ordinances\2025\Ordinance No. 0787-25.md,-1,True
7614,0789-25,section_1,2025,Ordinance No. 0789-25 (7-14-25).pdf,Thesis_Obsidian\Ordinances\2025\Ordinance No. 0789-25.md,43,False
7615,0789-25,section_2,2025,Ordinance No. 0789-25 (7-14-25).pdf,Thesis_Obsidian\Ordinances\2025\Ordinance No. 0789-25.md,129,False
7616,0789-25,section_16,2025,Ordinance No. 0789-25 (7-14-25).pdf,Thesis_Obsidian\Ordinances\2025\Ordinance No. 0789-25.md,176,False
7617,0789-25,section_3,2025,Ordinance No. 0789-25 (7-14-25).pdf,Thesis_Obsidian\Ordinances\2025\Ordinance No. 0789-25.md,7,False
7618,0789-25,section_4,2025,Ordinance No. 0789-25 (7-14-25).pdf,Thesis_Obsidian\Ordinances\2025\Ordinance No. 0789-25.md,154,False
7619,0789-25,section_5,2025,Ordinance No. 0789-25 (7-14-25).pdf,Thesis_Obsidian\Ordinances\2025\Ordinance No. 0789-25.md,-1,True
7620,0791-25,section_2,2025,Ordinance No. 0791-25.pdf,Thesis_Obsidian\Ordinances\2025\Ordinance No. 0791-25.md,198,False
7621,0795-25,section_1,2025,Ordinance No. 0795-25.pdf,Thesis_Obsidian\Ordinances\2025\Ordinance No. 0795-25.md,117,False
7622,0795-25,section_2,2025,Ordinance No. 0795-25.pdf,Thesis_Obsidian\Ordinances\2025\Ordinance No. 0795-25.md,180,False
7623,0795-25,section_3,2025,Ordinance No. 0795-25.pdf,Thesis_Obsidian\Ordinances\2025\Ordinance No. 0795-25.md,171,False
7624,0795-25,section_4,2025,Ordinance No. 0795-25.pdf,Thesis_Obsidian\Ordinances\2025\Ordinance No. 0795-25.md,114,False
7625,0795-25,section_5,2025,Ordinance No. 0795-25.pdf,Thesis_Obsidian\Ordinances\2025\Ordinance No. 0795-25.md,8,False
7626,0835-25,section_1,2025,Ordinance No. 0835-25 (unsigned).pdf,Thesis_Obsidian\Ordinances\2025\Ordinance No. 0835-25.md,-1,True
