Topic,Words,Frequency,Timestamp
-1,"nfa, rice, rice credit, nfa provincial, provincial office",16,2016-01-01
0,"sanggunian certified, august majority, majority members, ii city, day august",3,2016-01-01
2,"present certified, councilor temporary, city administrator, sanggunian present, atty zuleika",8,2016-01-01
3,"separabiliw clause, separabiliw, clause reason, clause, affected declaration",1,2016-01-01
4,"weaccess, agila division, infantry agila, infantry, authority sign",4,2016-01-01
5,"children conflict, conflict law, conflict, children, paglaom para",1,2016-01-01
8,"quttatn tr, public rally, reigns, rally theme, reigns day",1,2016-01-01
9,"separability clause, separability, clause reason, clause, affected declaration",1,2016-01-01
10,"separability clause, separability, clause reason, clause, affected declaration",1,2016-01-01
11,"granting request, davao crty, exemption, request, tax exemption",5,2016-01-01
12,"lcl, celebration public, fiesta celebration, industrial fairs, fairs",1,2016-01-01
13,"highways telecommunications, works, telecommunications, alley park, water works",7,2016-01-01
15,"dtstrict thrs, dtstrict, traffic portion, ng barangay, ordinance temporary",3,2016-01-01
16,"separability clause, separability, clause reason, clause, affected declaration",1,2016-01-01
20,"organization training, training employment, auxiliary scaa, special cafgu, division philippine",1,2016-01-01
22,"shall temporarily, closure line, closed vehicular, city shall, ng barangay",3,2016-01-01
24,"tsi, agreement, lf sent, lf, binding",2,2016-01-01
27,"separability clause, separability, clause reason, clause, affected declaration",2,2016-01-01
28,"shall named, loeal, health needs, bunawan health, cib",1,2016-01-01
29,"councilor, ng, councilor councilor, appropriate action, book",23,2016-01-01
39,"declared unconstitutiona, unconstitutiona invalid, unconstitutiona, rc reason, rc",1,2016-01-01
48,"pasko, sa dabaw, street december, fiesta sa, celebration pasko",8,2016-01-01
50,"acting secretary, secretary, correct absence, absence secretary, lopez city",3,2016-01-01
53,"apse, sections shall, ys, pei, temporary presid",1,2016-01-01
55,"st corner, drive rizal, bolton st, corner, rizal",3,2016-01-01
56,"blk, lots, lots blk, line lot, married",1,2016-01-01
57,"cure, cradle, exhibit cradle, dec abreeza, dec sm",1,2016-01-01
65,"elections comelec, tunds, commission, commission elections, joint circular",2,2016-01-01
68,"exemption solely, solely refers, coverage exemption, refers payment, solely",5,2016-01-01
69,"code mayor, authorized represent, mayor authorized, ofthe local, obligauons documents",3,2016-01-01
70,"victims, davas, davao ci, fity, darao city",1,2016-01-01
71,"fishery, budgeting program, vi local, provides wit, sectioi authoriw",5,2016-01-01
72,"iter, separability clause, separability, clause reason, clause",2,2016-01-01
73,"shall represent, da da, por, pursuant, paragraph vi",3,2016-01-01
74,"section provisions, declaration shal, shal continue, provisions, affected declaration",2,2016-01-01
75,"clause reason, clause, affected declaration, declaration shall, section provision",1,2016-01-01
76,"donee, property, donated, dumoy, donor",1,2016-01-01
77,"thd, typhoon lawin, fm, lawin, super typhoon",3,2016-01-01
81,"communtcattons, offrce cssdo, storage area, development offrce, technology dict",2,2016-01-01
91,"admission, fees collected, admission fees, collected, exhibition",3,2016-01-01
92,"ofi enter, powers ofi, powets, contract maybe, authorization sangunian",1,2016-01-01
107,"xxx, calamity, calamity fund, allocation, condition said",4,2016-01-01
114,"affected hy, hy, separability clause, separability, clause ordinance",2,2016-01-01
118,"prepaid, globe, prepaid cards, telecom favor, card period",1,2016-01-01
119,"mandate response, keeping mandate, people city, response needs, davao declares",4,2016-01-01
121,"concreting, purok, brgy, ceo, ceo ceo",4,2016-01-01
129,"poweo, contract maybe, maybe entered, authorization sangunian, sangunian concerned",1,2016-01-01
130,"provides efficient, wi, policy section, pursuant, shall represent",3,2016-01-01
133,"prepaid, pesos card, globe, pieces prepaid, card period",1,2016-01-01
141,"provides participation, participation private, strategy sustainable, viability local, alternative strategy",3,2016-01-01
147,"scaa, personnel, party, party shall, afp",1,2016-01-01
152,"section provisions, provisions ordinance, provisions, separability clause, separability",3,2016-01-01
158,"sir phase, city subject, sst, tpl, compliance regulatory",1,2016-01-01
164,"small medium, expo, city small, exemption payment, small",3,2016-01-01
167,"exemption shall, period exemption, exemption, shall november, period",3,2016-01-01
170,"sorsogon city, sorsogon, pinamalayan, irosin, bulan",1,2016-01-01
181,"dpwh, lgu, lgus, xi, lgu shall",2,2016-01-01
183,"fairs undertaking, undertaking public, highways telecommunications, undertaking, telecommunications",2,2016-01-01
188,"fatima streets, streets, fatima, streets corner, corner",2,2016-01-01
189,"signage ordinance, provisions signage, city applicable, signage, exempt compliance",5,2016-01-01
190,"guidelines applicable, provisions amounts, al disbursements, panlungsod al, appropriated projects",1,2016-01-01
202,"year utilized, legal measures, administration embodied, action appropriate, fiscal administration",3,2016-01-01
203,"parties shall, objective program, adequate funds, necessary action, order achieve",1,2016-01-01
205,"theme jesus, jesus reigns, rally theme, reigns, reigns day",1,2016-01-01
206,"wit efficient, vi local, provides wit, poucy section, declaration poucy",1,2016-01-01
209,"continue remain, unconstitutional remaining, remain valid, remaining unaffected, valid effect",4,2016-01-01
239,"dict, platform, lgu, technology, parties",1,2016-01-01
240,"lessee, lessor, leased, leased premises, premises",1,2016-01-01
247,"province kalinga, national disaster, cagayan ilocos, kalinga, apayao mountain",1,2016-01-01
248,"city appropriated, certified available, appropriated operation, funds certified, necessary appropriated",2,2016-01-01
249,"authorization sangunian, contract maybe, davao lower, maybe entered, muttipurpose cooperative",1,2016-01-01
252,"invalid oiher, oiher, separability ciause, ciause reason, ciause",1,2016-01-01
253,"fishery, donation, donee, deed donation, property",8,2016-01-01
254,"rhe, orditiatice, iv ordinance, uitder, huiidred",2,2016-01-01
268,"ciause reason, ciause, affected declaration, declaration shall, section provision",1,2016-01-01
-1,"php, floor area, vaw, floor, area",45,2017-01-01
0,"admin approved, emporary presiding, emporary, mayfl, approved nov",1,2017-01-01
2,"atty zuleika, zuleika, zuleika lopez, lopez city, city administrator",18,2017-01-01
3,"separabiliw clause, separabiliw, clause reason, clause, affected declaration",5,2017-01-01
4,"granted legislative, mayor granted, authority enter, government davao, legislative authority",9,2017-01-01
9,"separability clause, separability, clause reason, clause, affected declaration",10,2017-01-01
10,"separability clause, separability, clause reason, clause, affected declaration",5,2017-01-01
11,"tax proceeds, granting request, proceeds upcoming, proceeds, payment amusement",7,2017-01-01
12,"celebrations public, industrial fairs, celebrations, fairs, provides national",5,2017-01-01
13,"fairs undertaking, undertaking public, undertaking, waterworks projects, fiesta celebrations",3,2017-01-01
14,"national law, punishable, person accused, penalties, flne thousand",1,2017-01-01
15,"traffic portion, ordinance temporary, communal, street, temporary closure",5,2017-01-01
16,"separability clause, separability, clause reason, clause, affected declaration",6,2017-01-01
18,"separabiliw clause, separabiliw, clause reason, clause, affected declaration",5,2017-01-01
20,"operation smile, smile, agriculture regional, regional field, xr",4,2017-01-01
21,"environmental signiflcance, signiflcance, uses enumerated, innovative modes, uses",1,2017-01-01
22,"shall temporarily, march event, traffic march, race, march",4,2017-01-01
23,"use certain, rn accordance, land total, lara, certain parcel",1,2017-01-01
24,"aboitiz, sss, aboitiz foundation, foundation, jo",5,2017-01-01
26,"penalttes, isis, propaganda materials, groups international, terrorist groups",2,2017-01-01
27,"separability clause, separability, clause reason, clause, affected declaration",8,2017-01-01
29,"sg, sg sg, councilor, traffic, officer",2,2017-01-01
30,"appropriation, appropriation ordinance, review, truly authority, reveals",1,2017-01-01
38,"affected declaration, declaration shall, section provision, continue force, reason section",1,2017-01-01
46,"sign deed, donatton, hrgh school, city use, principal milrose",3,2017-01-01
48,"december, street, pasko, sa pasko, corner crooked",7,2017-01-01
50,"secretary, acting secretary, correct absence, absence secretary, panlungsod assistant",5,2017-01-01
51,"davao loan, loan agreement, granting legtslative, legtslative, day program",6,2017-01-01
52,"push, clause case, entity shall, stated project, permit shall",1,2017-01-01
53,"officer zuleika, presidin, paolo vice, hereof declared, reason reasons",2,2017-01-01
54,"effect publication, publication local, circulation, islamic, publication",3,2017-01-01
55,"left turn, street, turn, secondary roads, pichon",4,2017-01-01
56,"usufructuary, usufruct, deed usufruct, owner, vendor",3,2017-01-01
57,"basis general, property assessments, values lands, lands base, cost basis",1,2017-01-01
58,"phone, mobih, celluhr, cellular towers, cellular",4,2017-01-01
60,"region city, healthdavao, sign deed, region, authority enter",1,2017-01-01
63,"program order, usufruct southern, stop shop, order improve, subject agreement",1,2017-01-01
66,"loan, women, cooperative, release, ta day",13,2017-01-01
67,"ib, inhabitanb pursuant, pursuant ction, ction code, projecb seruices",1,2017-01-01
68,"ordinance applies, coverage, medium enterprises, applies, micro small",4,2017-01-01
69,"shall represent, bonds contracts, panlungsod pursuant, pursuant law, documents authority",4,2017-01-01
71,"shall represent, poucy section, wit efficient, provides wit, poucy",9,2017-01-01
72,"dry section, reason dry, dry, separability clause, separability",1,2017-01-01
73,"wit efficient, provides wit, shall represent, wit, pursuant",10,2017-01-01
75,"clause reason, separabiliiy clause, separabilitv clause, separabilitv, clause",4,2017-01-01
76,"donor, public toilet, donee, bank philippines, toilet",6,2017-01-01
81,"granting legislative, cityi, moa entered, ordinance granting, government davao",6,2017-01-01
88,"tagadaya, roxas, sectiot, allocation, oder",2,2017-01-01
91,"admission, fees collected, admission fees, collected, exhibition",6,2017-01-01
92,"cdt, fullowing, govemment unit, powers oo, oo enter",1,2017-01-01
93,"scope coverage, shall enforced, barangays city, enforced, scope",1,2017-01-01
102,"phone, towers mobile, mobile phone, sectbn, towers",2,2017-01-01
103,"modified accordingly, compliance regulatory, suppoft cell, inconsistent, repealed",2,2017-01-01
105,"st, connected, secondary, subdivision, ave",1,2017-01-01
115,"parts hereof, invalid parts, held unconstitutional, shall held, parts",1,2017-01-01
116,"dslaration, dslaration shall, vote menrbers, menrbers, uss",1,2017-01-01
118,"ana wharf, construction public, public toilet, wharf, toilet",3,2017-01-01
119,"resources time, utilized proper, ensure resources, judiciously utilized, resources judiciously",1,2017-01-01
121,"purok, concreting, expenses, brgy, road concreting",2,2017-01-01
123,"city cooperation, green sister, government kitakyushu, kitakyushu fukuoka, fukuoka prefecture",2,2017-01-01
126,"local issuances, rules inconsistent, ordinance local, issuances rules, repealed modified",1,2017-01-01
130,"wit efficient, shall represent, provides wit, vi local, wit",5,2017-01-01
131,"schedule, shall valued, valued, applicable schedule, controlling",1,2017-01-01
132,"party, second, second party, party shall, cbrap",4,2017-01-01
133,"authority accept, granted legislative, mayor granted, sign deed, deed donation",4,2017-01-01
134,"notice assessment, copy tax, shall registered, regulations paft, assessment",1,2017-01-01
140,"birthing home, data record, record health, maternity care, care institution",2,2017-01-01
141,"encouraged ensure, shall encouraged, sector local, local governance, governance particularly",6,2017-01-01
147,"party, second party, second, parties, afp",4,2017-01-01
148,"dry section, reason dry, separabiliw clause, separabiliw, dry",2,2017-01-01
152,"effecu, force effecu, separability clause, separability, clause reason",2,2017-01-01
161,"program drug, engagement aftercare, aftercare program, aftercare, engagement",12,2017-01-01
164,"payment permit, permit fee, request mindanao, foundation exemption, convention cente",2,2017-01-01
169,"clause lf, lf reason, force effecu, effecu, lf",2,2017-01-01
180,"fiesta celebrations, celebrations public, poucy section, industrial fairs, celebrations",2,2017-01-01
181,"lgu, xi, project, pcf, dilg regional",4,2017-01-01
182,"campaign, education, intensified, education campaign, including social",1,2017-01-01
183,"highways telecommunications, works, telecommunications, works projects, water works",4,2017-01-01
185,"pedro square, celebration, soth, drrve, square city",2,2017-01-01
188,"corner, fatima street, corner quezon, aurora, fatima",6,2017-01-01
189,"shall organizers, organizers, orders ordinances, paftner official, complying provisions",3,2017-01-01
190,"provisions amounts, dbm procurement, procurement act, appropriated projects, coa department",1,2017-01-01
202,"use funds, supplemental budget, funds supplemental, measures existing, legal measures",2,2017-01-01
203,"subproject, dswd, ccl, barangay, specific lmplementation",6,2017-01-01
206,"wit efficient, othenarise known, act othenarise, othenarise, provideq",2,2017-01-01
208,"terrorist, acts, group, groups international, international local",1,2017-01-01
221,"lands, residential, class, value, commercial",3,2017-01-01
224,"effect publication, consecutive days, publication consecutive, consecutive, newspaper general",1,2017-01-01
226,"fiesta celebrations, poucy section, celebrations public, industrial fairs, celebrations",3,2017-01-01
235,"issuance building, building permit, securing, building, construct",1,2017-01-01
236,"disease control, davao committed, communicable, seruices constituents, care maternal",1,2017-01-01
237,"drcr, gty, ure, fur, hrk",1,2017-01-01
238,"implementation magnegosyo, davao loan, loan agreement, magnegosyo ta, magnegosyo",8,2017-01-01
240,"lessor, lease, lessee, leased, premises",2,2017-01-01
248,"ftom, ftom january, certified available, december provided, necessary appropriated",1,2017-01-01
254,"prope development, fund economic, ttie, prope, budget calendar",2,2017-01-01
255,"physical therapy, home elderly, doctors college, internship program, therapy",1,2017-01-01
256,"clause lf, lf reason, lf, separabiliw clause, separabiliw",3,2017-01-01
257,"physical therapy, home elderly, doctors college, internship program, therapy",1,2017-01-01
-1,"rhu, milk, trafficking, nda, halal",63,2018-01-01
0,"ary presiding, llb, mayor pez, jan city, act enacted",2,2018-01-01
2,"lopez city, zuleika lopez, atty zuleika, ord sara, lopez",19,2018-01-01
3,"separabiliw clause, separabiliw, clause reason, clause, affected declaration",9,2018-01-01
4,"authority sign, mayor granted, turnover, authoriw city, authoriw",4,2018-01-01
5,"lcpc, socc, children, dmo, mechanisms",5,2018-01-01
6,"jail, search, jail detention, detention, detention center",6,2018-01-01
9,"separability clause, separability, clause reason, clause, affected declaration",14,2018-01-01
10,"separability clause, separability, clause reason, clause, affected declaration",8,2018-01-01
11,"exemption payment, proceeds, exemption, payment amusement, amusement tax",4,2018-01-01
12,"alley park, fiesta celebrations, celebrations public, emergency fiesta, public rallies",13,2018-01-01
13,"providei national, code providei, agriculturai industrial, providei, rallies agriculturai",3,2018-01-01
14,"fine, fine thousand, offense fine, offense, prohibited item",5,2018-01-01
15,"closure vehicular, pm, ordinance temporary, vehicular traffic, vehicular",11,2018-01-01
16,"separability clause, separability, clause reason, clause, affected declaration",12,2018-01-01
18,"separabiliw clause, separabiliw, clause reason, clause, affected declaration",9,2018-01-01
20,"davao specific, authorizing city, ordinance authorizing, government davao, supplementary",5,2018-01-01
21,"uses, uses stating, allowable uses, uses enumerated, enumerated",3,2018-01-01
22,"temporary closure, closed vehicular, vehicular, closure, pm",13,2018-01-01
24,"ndc, cgdavao, dftc, referral facility, parties",5,2018-01-01
25,"officer, administrative, aide, records, archives",4,2018-01-01
26,"ordinance declaring, declaring, organic zone, gsrs, lunar",3,2018-01-01
27,"separability clause, separability, clause reason, clause, declaration shall",4,2018-01-01
28,"iclinicsys, health, doh, service, information",1,2018-01-01
29,"councilor, councilor councilor, ibuyan, founcilor, te",5,2018-01-01
30,"ordinance il, implementing rules, regulations city, il ord, formulate implementing",1,2018-01-01
32,"unj, ano, enhance, territorial jurisdictions, respective territorial",2,2018-01-01
35,"organic, farm, zone, organic agricultural, agricultural zone",6,2018-01-01
37,"rallies agricultural, emergency fiesta, public rallies, rallies, square temporarily",11,2018-01-01
40,"modules, implementing agency, city division, commemoration, agency",4,2018-01-01
48,"pasko, connection pasko, pasko fiesta, fiesta events, park agila",17,2018-01-01
50,"secretary, panlungsod assistant, acting secretary, assistant secretary, correct absence",19,2018-01-01
51,"davao loan, loan agreement, davao bulig, bulig, bulig credit",6,2018-01-01
52,"quarry, city approved, allowable, gravel quarry, gravel",18,2018-01-01
53,"effecttviw, city mayort, aug city, section approval, mayort",1,2018-01-01
54,"publication newspaper, city admini, posting, admini, newspaper",2,2018-01-01
55,"street, closed march, closure street, closed, temporarily closed",9,2018-01-01
56,"lot, lots, barangay langub, donor, langub",1,2018-01-01
57,"short title, short, regulations public, safeff, professional fees",3,2018-01-01
58,"percent assessed, assessed value, property owners, property, owners administrators",1,2018-01-01
61,"condition turn, case court, sp resolution, fulfillment, resolution dated",1,2018-01-01
65,"funds amounts, amounts appropriated, specifically items, items expenditures, expenditures approved",3,2018-01-01
66,"loan, cooperative, loan shall, assistance program, note",9,2018-01-01
68,"permit fee, refers payment, fee, coverage exemption, mayors",4,2018-01-01
69,"shall vi, vi represent, contracts obligations, bonds contracts, obligations documents",1,2018-01-01
70,"datu bago, datu, kagan, bagobo, bago",1,2018-01-01
71,"wit efficient, contact obligations, provides wit, poucy section, shall represent",4,2018-01-01
72,"seciions provisions, invalid seciions, seciions, separability clause, separability",5,2018-01-01
73,"wit efficient, shall represent, provides wit, wit, pursuant",5,2018-01-01
74,"provision hereof, invalid section, provision, wif reason, section provision",3,2018-01-01
75,"separaeility, ry section, invalid oth, reason ry, affected declaration",4,2018-01-01
76,"donee, donor, donation, deed, pagcor",6,2018-01-01
77,"provtnce, pangasinan, province, bulacan, pangastnan",2,2018-01-01
78,"attested, ord approved, vice, government department, effect immediately",22,2018-01-01
81,"legislative authoriw, investments, granting legislative, turnover, authoriw city",3,2018-01-01
84,"persons acquiring, acquiring, paragraph, property, persons",1,2018-01-01
86,"declared unconstitutiona, unconstitutiona invalid, unconstitutiona, separability clause, separability",1,2018-01-01
88,"gad, development assistance, commission women, accrue exclusively, accordance guidelines",1,2018-01-01
89,"ra othenruise, vi ra, subparagraph vi, paragraph subparagraph, subparagraph",1,2018-01-01
90,"revised charter, republic nct, charter city, nct, charter",1,2018-01-01
91,"admission, exhibition, fees collected, admission fees, payment amusement",2,2018-01-01
92,"othenrvise provided, unless othenrvise, powers, corporate powers, powers local",2,2018-01-01
93,"cover public, court direct, shall cover, territorialjurisdiction davao, detention centers",2,2018-01-01
95,"rc reason, package mcp, mcp, rc, maternity care",3,2018-01-01
99,"known locat, retief rehabilitation, thercof, legat basis, ather",1,2018-01-01
100,"defended, philippines shall, subject superuision, judicial proceedings, shall immediate",1,2018-01-01
102,"amendtng ordinance, chapter, davao particularly, property owners, ordinance amendtng",1,2018-01-01
103,"repealiiig, orders decrees, thercof, decrees, clause ordinances",1,2018-01-01
107,"calamity, calamity fund, portion, regulations ra, areas",2,2018-01-01
108,"majority vote, majority, day december, feb, approved feb",17,2018-01-01
110,"compensation efficient, shall vi, executive powers, projects seruices, seruices activities",2,2018-01-01
113,"nongovernmental organizations, nongovernmental, people ord, cooperative arrangement, peoples",2,2018-01-01
114,"ordinance held, held unconstitutional, shall affected, hereof shall, held",1,2018-01-01
115,"furce effect, furce, section ordinance, affected shall, separabiliw clause",1,2018-01-01
116,"uses enumerated, uses, enumerated, zoning, provides uses",15,2018-01-01
117,"srreets, ordinance temporary, connection motorcade, connection total, patron sta",3,2018-01-01
118,"mayor accept, amended deed, accept sign, davao amended, favor city",3,2018-01-01
119,"response needs, needs people, judiciously, people city, davao declares",3,2018-01-01
121,"wages, lnsurance, personal, total, bonus",4,2018-01-01
122,"reliefs terms, units ordinances, incentives reliefs, ordinances duly, reliefs",2,2018-01-01
124,"sand, use operation, quarry, gravel quarry, sand gravel",15,2018-01-01
126,"local issuances, rules inconsistent, ordinance local, issuances rules, repealed modified",4,2018-01-01
127,"recovery facility, facility mrf, materials recovery, mrf, facility",1,2018-01-01
128,"affected declaration, declaration shall, section provision, continue force, reason section",1,2018-01-01
130,"codq city, codq, wit efficienl, efficienl effective, efficienl",1,2018-01-01
132,"party, ond, second party, sholl, second",8,2018-01-01
133,"international corporation, yatai international, amended deed, yatai, davao amended",4,2018-01-01
134,"clause ordinances, repealing clause, modified accordingly, repealing, regulations parts",2,2018-01-01
140,"pertaining implementation, center primary, iclinicsys rural, xi pertaining, information iclinicsys",1,2018-01-01
141,"pafticularly delivery, governance pafticularly, services shall, strategy sustainable, viability local",2,2018-01-01
142,"trafficking, prostitution, trafficked, trafficking persons, slavery",1,2018-01-01
144,"authorized enter, mayor authorized, davao loan, loan agreement, entered city",6,2018-01-01
148,"seciions provisions, invalid seciions, seciions, separabiliw clause, separabiliw",2,2018-01-01
149,"cathedral, pedro cathedral, recto, cm recto, san pedro",11,2018-01-01
150,"cy prepared, city disaster, approved davao, dcdrrmfip cy, dcdrrmfip",2,2018-01-01
151,"affected declaration, declaration shall, section provision, continue force, reason section",1,2018-01-01
154,"ciause lf, separabiliw ciause, lf reason, ciause, lf",1,2018-01-01
156,"separability ciause, ciause reason, ciause, unconstitutional invatid, invatid sections",2,2018-01-01
161,"program drug, engagement aftercare, aftercare program, relative engagement, aftercare",7,2018-01-01
164,"abreeza mall, expo, fee, abreeza, mall",3,2018-01-01
167,"idle, exemption, land tax, idle land, exemption section",5,2018-01-01
169,"clause lf, lf reason, lf, separability clause, separability",5,2018-01-01
170,"town, beneficiary, total million, beneficiary financial, million pesos",1,2018-01-01
175,"vi section, section section, provides wit, wit, policy section",1,2018-01-01
179,"earthfill quarry, use operation, earthfill, allowable use, allowable",4,2018-01-01
180,"poucy section, agricultural industrial, alley park, rallies agricultural, closed actual",7,2018-01-01
181,"xi, da rfo, rfo, cgdavao, rfo xi",3,2018-01-01
182,"trafficking, trafficked, government shall, trafficking persons, trafficked persons",5,2018-01-01
183,"celebrations public, poucy section, highways telecommunications, public works, celebrations",5,2018-01-01
185,"street, ordinance temporary, ocrober, bolton street, bolton",7,2018-01-01
188,"fatima, lady fatima, lady, pagasa, corner",4,2018-01-01
189,"limitation exemption, period limitation, organizers, limitation, exemption shall",3,2018-01-01
190,"dbm procurement, procurement act, appropriated projects, indicated shall, projects indicated",2,2018-01-01
196,"resources revenues, revenues, countryside growth, defended, countryside",1,2018-01-01
197,"calamity, allocation, ordinance sectron, calamitu fund, unj",1,2018-01-01
198,"kadayawan, square kadayawan, kadayawan square, kadayawan festival, closed august",5,2018-01-01
202,"use funds, year utilized, funds supplemental, measures existing, legal measures",2,2018-01-01
203,"pension, social pension, sfp, dswd, senior citizens",3,2018-01-01
204,"nullity, declared null, validity remaining, null void, null",1,2018-01-01
206,"efficienl effective, efficienl, policy section, section vi, declaration policy",1,2018-01-01
208,"policy local, powers expressly, therefrom powers, powers necessary, governance essential",1,2018-01-01
209,"remaining unaffected, valid effect, unaffected shall, continue remain, unconstitutional remaining",1,2018-01-01
211,"separability ctause, ctause reason, ctause, separability, affected declaration",2,2018-01-01
213,"trafficking, trafficking persons, submit annual, council trafficking, trafficking davao",2,2018-01-01
215,"rice, shall educate, city adopt, measures shall, educate",1,2018-01-01
221,"gate, sides, parking zone, food production, bases",2,2018-01-01
226,"poucy section, industrial fairs, fairs, provides national, closed actual",4,2018-01-01
236,"rco, paragraph subparagraph, subparagraph vi, subparagraph, section paragraph",2,2018-01-01
238,"authorized enter, mayor authorized, egg, egg sterilized, facility outsourced",2,2018-01-01
239,"dcc, pg, tieza, rmhc, day care",3,2018-01-01
246,"keeping mandates, mandates response, poucy keeping, mandates, people city",1,2018-01-01
247,"oi ttre, disasters calamities, budgetary reouirement, reouirement totat, ttre city",1,2018-01-01
248,"thereof maybe, amounts thereof, maybe, vemment, amounts",2,2018-01-01
250,"shows, collected, concetts, dos, furtrer",1,2018-01-01
252,"separability ciause, ciause reason, ciause, declaration shal, shal continue",2,2018-01-01
254,"iundred, eudget, government davaq, sixteen thousand, legislatm",1,2018-01-01
256,"clause lf, lf reason, lf, separabiliw clause, separabiliw",1,2018-01-01
260,"province, province pangasinan, pangasinan, municipality san, municipality",1,2018-01-01
261,"xxxx, lts, executive powers, powers duties, pursuant",1,2018-01-01
265,"uses enumerated, request, allowable, uses, enumerated",4,2018-01-01
268,"separabiliw ciause, ciause reason, ciause, separabiliw, affected declaration",1,2018-01-01
-1,"table, source, number, district, bridge",87,2019-01-01
0,"attested, government department, department head, enacted, panlungsod city",36,2019-01-01
1,"october subject, qrf disaster, mayor unlize, padada province, unlize",1,2019-01-01
2,"zuleika lopez, lopez city, atty zuleika, zuleika, lopez",30,2019-01-01
3,"separabiliw clause, separabiliw, clause reason, clause, affected declaration",15,2019-01-01
4,"mayor granted, granted legislative, authority sign, granted, legislative authority",24,2019-01-01
5,"child, early, childhood, early childhood, child development",7,2019-01-01
6,"air, establishments, rooms, security protocol, lantern",4,2019-01-01
9,"separability clause, separability, clause reason, clause, affected declaration",7,2019-01-01
10,"separability clause, separability, clause reason, clause, affected declaration",8,2019-01-01
11,"exemption, tax proceeds, amusement tax, exemption payment, proceeds",21,2019-01-01
12,"celebrations, fiesta celebrations, square temporarily, road alley, provides national",12,2019-01-01
13,"alley park, park square, road alley, local road, national local",11,2019-01-01
14,"motor vehicle, license, vehicle, motor, offense",5,2019-01-01
15,"ordinance temporary, pm, closure vehicular, corner, temporary closure",16,2019-01-01
16,"separability clause, separability, clause reason, clause, affected declaration",9,2019-01-01
18,"separabiliw clause, separabiliw, clause reason, clause, affected declaration",11,2019-01-01
20,"authorizing city, ordinance authorizing, government davao, authorizing, known ordinance",20,2019-01-01
21,"uses, nationa majority, stating uses, provides request, uses stating",1,2019-01-01
22,"closed vehicular, vehicular traffic, traffic pm, vehicular, closure road",21,2019-01-01
23,"zone, land covered, reclassification, tct, land",21,2019-01-01
24,"smart, palarong, assigned areas, partner, parties",17,2019-01-01
25,"position, appointments, administrative, human resource, actions revised",9,2019-01-01
26,"resolutton sertes, sertes, resolutton, homes resettlement, resettlement project",5,2019-01-01
27,"separability clause, separability, clause reason, clause, affected declaration",9,2019-01-01
28,"mental health, mental, health association, health, davao chapter",3,2019-01-01
29,"councilor councilor, councilor, ryan, concert dubbed, edgar ibuyan",2,2019-01-01
30,"implementing rules, days ordinance, necessary implementing, regulations approval, technicat",1,2019-01-01
31,"reform program, land reform, urban land, reform, improvement resettlement",2,2019-01-01
32,"welfare, ra states, enhance, states local, government units",3,2019-01-01
36,"deed transfer, transfer acceptance, relative road, buhangin upgrading, upgrading project",2,2019-01-01
37,"actual emergency, road alley, local road, national local, alley",6,2019-01-01
38,"separabiliiy, affected declaration, declaration shall, section provision, continue force",3,2019-01-01
39,"rc reason, rc, effect rc, section ordinance, affected shall",3,2019-01-01
40,"working group, office council, family relations, peace public, organization ord",1,2019-01-01
41,"students su, gian home, home aged, su gian, gian",6,2019-01-01
42,"cotabato designated, tulunan, designated beneficiary, north cotabato, beneficiaries municipality",1,2019-01-01
45,"action foundation, foundation davao, seruices activities, superuision control, general superuision",3,2019-01-01
46,"tnvolwng, iand covered, city locat, scouts philippines, ordinailce granting",1,2019-01-01
48,"quezon park, quezon, hall quezon, park, following day",2,2019-01-01
49,"adng, operatlons, fashion design, fashion, attested ungab",3,2019-01-01
50,"secretary, absence secretary, acting secretary, absence, correct absence",9,2019-01-01
51,"goverilment, davao loan, city goverilment, goverilment davao, loan agreement",7,2019-01-01
52,"city approved, sand gravel, allowable, gravel, sand",11,2019-01-01
53,"panglungsod city, separability ciause, separability, panglungsod, concert fr",4,2019-01-01
54,"newspaper, circulation, publication, circulation enacted, effect days",8,2019-01-01
55,"street, street corner, corner, pedro street, rizal",10,2019-01-01
56,"deg, point, deg point, point deg, lot",7,2019-01-01
57,"ecological profile, plan davao, city ecological, profile, ordinance approving",3,2019-01-01
58,"ordinance series, series known, series, city ordinance, repealing",11,2019-01-01
59,"functions shall, government units, units, national projects, offices project",8,2019-01-01
60,"china favor, government nanning, governmenf, city governmenf, municipal government",1,2019-01-01
63,"renters village, renters, deed reconveyance, reconveyance, regional cities",1,2019-01-01
64,"section vi, section section, policy section, vi local, vi loca",8,2019-01-01
65,"expenditures approved, use funds, items expenditures, specifically items, funds",12,2019-01-01
66,"loan, cooperative, loan shall, assistance program, note",8,2019-01-01
67,"vi, pursuant, government connection, connection shall, exercise general",9,2019-01-01
68,"permit fee, solely refers, fee, coverage exemption, exemption",11,2019-01-01
69,"shall represent, behalf bonds, business transactions, authority sangguniang, transactions sign",9,2019-01-01
70,"celebration world, dcnhs, october davao, city october, concessionaires",3,2019-01-01
71,"pursuant, wit efficient, section code, contracts obligations, bonds contracts",8,2019-01-01
72,"separability clause, separability, clause reason, clause, affected declaration",6,2019-01-01
73,"shall represent, provides wit, wit efficient, wit, section vi",9,2019-01-01
74,"ordinance declareo, urrconstitutional invalid, urrconstitutional, oth sections, declared unconstituuonal",2,2019-01-01
75,"separabitity clause, separabitity, affected declaration, declaration shall, section provision",7,2019-01-01
76,"donor, angeles, donee, donation, unit davao",5,2019-01-01
77,"percent, province, fund, utilize portion, percent quick",12,2019-01-01
78,"vice, attested, mayor presiding, presiding, approval enacted",7,2019-01-01
81,"ordinance granting, granting, granting legislative, government davao, title ordinance",9,2019-01-01
83,"use funds, funds appropriated, specifically item, expenditure approved, item expenditure",2,2019-01-01
86,"ful force, continue ful, ful, affected shall, separability clause",1,2019-01-01
88,"operation shall, continued operation, necessary funds, shall charged, panlungsod shall",2,2019-01-01
89,"chitdren, provides wit, estabtishment, undertaking delivery, delivery programs",2,2019-01-01
90,"sri, government funds, lgus, government units, local government",4,2019-01-01
91,"admission, admission fees, fees collected, collected, exhibitions",5,2019-01-01
92,"oo oc, contracts oo, powers, corporate powers, powers local",3,2019-01-01
93,"pricing scheme, pricing, homes resettlement, scheme, resettlement project",4,2019-01-01
94,"new matina, elena baron, baron, favor elena, elena",2,2019-01-01
95,"rc reason, rc, effect rc, provisions hereof, unconstitutional",6,2019-01-01
102,"ordinance repealing, business operations, repealing city, sertes, impounding",8,2019-01-01
103,"inconsistent provisions, ordinance repealed, inconsistent, decrees order, order issuances",2,2019-01-01
107,"calamity, calamity fund, calamity sanggunian, areas, allocation",13,2019-01-01
108,"day december, feb, attested vice, presidi officer, majority vote",7,2019-01-01
110,"ofr, rcc, oc ofr, ofr ofr, rcc rcc",2,2019-01-01
113,"nongovernmental organizations, nongovernmental, cooperative arrangements, peoples, organizations",3,2019-01-01
114,"paragraph code, afticle sentence, clause paragraph, sentence clause, word afticle",1,2019-01-01
115,"affected shall, separabiliw clause, separabiliw, clause reason, clause",3,2019-01-01
116,"uses enumerated, uses, enumerated, zoning, thereof request",7,2019-01-01
117,"ordinance temporary, connectton, pm, lane, fun",6,2019-01-01
118,"donation, deed donation, favor city, favor, authorizing city",6,2019-01-01
119,"mandate response, keeping mandate, people city, response needs, davao declares",7,2019-01-01
121,"expenses, df, cy, maintenance, operating expenses",2,2019-01-01
122,"reliefs terms, authority section, incentives reliefs, reliefs, ordinances duly",1,2019-01-01
123,"mou entered, malabog, understanding mou, usep, mou",3,2019-01-01
124,"gravel quarry, sand gravel, gravel, sand, use operation",6,2019-01-01
126,"rules inconsistent, issuances rules, repealed modified, inconsistent provisions, modified accordingly",4,2019-01-01
128,"affected declaration, declaration shall, section provision, continue force, reason section",4,2019-01-01
129,"powers xxx, xxx enter, unless othenruise, othenruise provided, othenruise",1,2019-01-01
130,"vi local, section vi, vi, wit efficient, section code",5,2019-01-01
131,"fee, rental fee, rental, vehicle, hour",2,2019-01-01
132,"party, second party, second, ond, student",7,2019-01-01
133,"davao deed, donation, mayor granted, favor city, deed donation",5,2019-01-01
134,"peftinent rules, ordinances peftinent, amended accordingly, regulations inconsistent, clause ordinances",1,2019-01-01
136,"known loca, code republic, provisions local, loca government, loca",1,2019-01-01
137,"class average, preceding months, income preceding, monthly income, average monthly",3,2019-01-01
139,"atw, en, terms partnership, staff officer, legislative staff",2,2019-01-01
140,"based grant, performance based, authorized enter, mayor authorized, development doh",2,2019-01-01
141,"viability local, alternative strategy, shall encouraged, encouraged ensure, autonomy alternative",10,2019-01-01
143,"chief ecutive, ecutive, oo oo, oo, powerc duties",1,2019-01-01
144,"authorized enter, davao loan, loan agreement, multipurpose cooperative, mayor authorized",7,2019-01-01
147,"party, second party, second, payroll, party shall",7,2019-01-01
148,"invalid othei, othei sections, othei, separabiliw clause, separabiliw",5,2019-01-01
149,"cathedral, pedro cathedral, extension marco, recto, cathedral passing",5,2019-01-01
150,"fund investment, investment, cy prepared, prepared approved, reduction management",3,2019-01-01
151,"affected declaration, declaration shall, section provision, continue force, reason section",2,2019-01-01
152,"separability clause, separability, clause, affected declaration, invalid sections",5,2019-01-01
155,"penalty, office avoid, pay penalty, criminally prosecuted, apprehended",1,2019-01-01
156,"separability ciause, ciause reason, ciause, separability, section provision",4,2019-01-01
157,"remain force, affected shall, invalid unconstitutional, shall remain, remain",3,2019-01-01
164,"expo, trade expo, permit fee, fee participating, conduct group",6,2019-01-01
167,"period exemption, exemption shall, exemption, period, november",7,2019-01-01
169,"clause lf, lf reason, lf, separability clause, separability",4,2019-01-01
170,"food relief, designated beneficiary, relief assistance, beneficiaries, kalibo",3,2019-01-01
175,"code states, policy section, section vi, declaration policy, vi republic",1,2019-01-01
178,"davao designating, mindanao campus, campus mintal, months october, city quarantine",1,2019-01-01
179,"district barangay, district crty, tugbok, tugbok district, additional allowable",4,2019-01-01
180,"poucy section, declaration poucy, emergency fiesta, square temporarily, road alley",3,2019-01-01
181,"contractor, ustda, thc, contractor shall, grantee",8,2019-01-01
183,"telecommunications waterworks, waterworks projects, fairs undeftaking, waterworks, undeftaking public",1,2019-01-01
184,"cooperatton, socral, scrence, authortztng crry, development strategy",1,2019-01-01
185,"cabaguio avenue, cabaguio, avenue castillo, castillo street, street cabaguio",2,2019-01-01
188,"fatima, pm, streets aurora, euezon, celebration lady",1,2019-01-01
189,"case shall, lamp, eccp, organizers exempt, exemption",4,2019-01-01
190,"provisions amounts, panlungsod aii, aii disbursements, procurement act, dbm procurement",1,2019-01-01
191,"legislative staff, panlungsod local, local legislative, staff officer, staff",9,2019-01-01
195,"social, social welfare, calamity disaster, development office, seruices development",6,2019-01-01
196,"compensation efficient, duties compensation, compensation, effective economical, economical governance",2,2019-01-01
198,"turn, left turn, closure, pedro, august",3,2019-01-01
202,"use funds, ening, subject ening, violation title, title local",1,2019-01-01
203,"high priority, priority bus, social development, lrp, displaced",1,2019-01-01
206,"provides wit, purcuant, wit efficient, wit, city inhabitanb",7,2019-01-01
209,"valid effect, continue remain, unaffected shall, unconstitutional remaining, unaffected",3,2019-01-01
210,"period thifi, thifi days, thifi, faithful, permit operate",1,2019-01-01
211,"separability ctause, ctause reason, ctause, separability, affected declaration",4,2019-01-01
212,"pattents period, publtc works, davao designating, unmrsity, department publtc",1,2019-01-01
214,"eika city, new matina, baron, consisting eighty, elena baron",1,2019-01-01
215,"poucy section, poucy, section vi, peclaration poucy, vi section",3,2019-01-01
217,"drug inspection, inspection section, food drug, drug, sanitation",2,2019-01-01
218,"zone, zones, general zones, reclassification, general zone",8,2019-01-01
219,"ord ordinance, separability clause, separability, day unanimous, attested ord",2,2019-01-01
221,"trees, forest, forests, separates, watershed area",1,2019-01-01
223,"corresponoence, revenue code, grace nabong, empore, records section",1,2019-01-01
224,"consecutive days, publication consecutive, places publication, conspicuous public, immediately posting",6,2019-01-01
226,"fiesta celebrations, poucy section, celebrations public, industrial fairs, celebrations",3,2019-01-01
231,"effect ord, separabiliw clause, separabiliw, clause reason, clause",1,2019-01-01
232,"multicabs, units multicabs, lgus department, multicabs local, dec rte",1,2019-01-01
233,"affected shall, separability clause, separability, clause reason, clause",2,2019-01-01
236,"policy pursuant, pursuant section, pursuant, states efficient, oo oo",2,2019-01-01
239,"dcc, rmhc, davao barangay, dcc premises, day care",2,2019-01-01
240,"lessor, lessee, tlre, tlte, lease",2,2019-01-01
245,"par vi, disasters calamities, iegal basis, livelihood following, panlungsod adopt",1,2019-01-01
246,"poucy keeping, people city, response needs, needs people, keeping mandate",7,2019-01-01
247,"integrated proactive, including climate, wit adopt, proactive lessening, lessening",1,2019-01-01
248,"appropriation funds, december provided, city appropriated, certified available, appropriated operation",1,2019-01-01
250,"admission, admission fees, fees collected, exhibitions, collected",9,2019-01-01
252,"ciause reason, ciause, separabiliw ciause, affected declaration, declaration shall",2,2019-01-01
254,"geileral, iundred, prope development, granting tegislative, mitlion",1,2019-01-01
255,"services students, exposure training, renewal memorandum, students, healthcare services",7,2019-01-01
256,"clause lf, lf reason, lf, separabiliw clause, separabiliw",2,2019-01-01
257,"relative exposure, seruices students, renewal memorandum, davao renewal, healthcare seruices",5,2019-01-01
260,"municipality, norte municipality, province, oriental municipality, cagayan",5,2019-01-01
261,"vi efficient, shall vi, vi, pursuant, vi represent",7,2019-01-01
262,"xxx, xxx xxx, shall xxx, ord io, xxx rcfi",1,2019-01-01
263,"continue furce, furce effect, furce, section ordinance, affected shall",1,2019-01-01
264,"xxx, xxx xxx, xxx efficient, compensation xxx, shall xxx",3,2019-01-01
265,"uses enumerated, uses, enumerated, use provides, enumerated thereunder",4,2019-01-01
268,"invalid othei, othei sections, rl ord, othei, ciause reason",1,2019-01-01
-1,"dlpc, pole, attachments, jobstart, poles",93,2020-01-01
0,"attested, president, sanggunian quorum, enacted, members sanggunian",26,2020-01-01
2,"tem, zuleika lopez, lopez city, zuleika, fffectmw",3,2020-01-01
3,"separabiliw clause, separabiliw, clause reason, clause, affected declaration",5,2020-01-01
4,"mayor granted, authority, granted, authority enter, granted legislative",14,2020-01-01
5,"children, special needs, special, needs, hearing",5,2020-01-01
6,"close, food, person, testing, workers",13,2020-01-01
9,"separability clause, separability, clause reason, clause, affected declaration",8,2020-01-01
10,"separability clause, separability, clause reason, clause, affected declaration",10,2020-01-01
11,"sm, discount, davao sm, dei, archdiocesan commission",4,2020-01-01
12,"fiesta celebrations, celebrations public, industrial fairs, celebrations, fairs",2,2020-01-01
14,"fine, fine thousand, imprisonment, offense, discretion",14,2020-01-01
15,"barangay buhangin, buhangin, buhangin prope, hall district, crossing purok",1,2020-01-01
16,"separability clause, separability, clause reason, clause, affected declaration",6,2020-01-01
17,"drrmf crty, fund drrmf, drrmf, granting authority, crty government",2,2020-01-01
18,"separabiliw clause, separabiliw, clause reason, clause, affected declaration",5,2020-01-01
20,"government davao, authorizing city, davao memorandum, behatf, agreement entered",13,2020-01-01
21,"uses enumerated, enumerated, uses, zoning, reads uses",37,2020-01-01
22,"buhangin proper, barangay buhangin, february, commuting, commuting public",2,2020-01-01
23,"density, tct, density residential, zone, residential",12,2020-01-01
24,"sgv, parties, pcso, agreement, multi",10,2020-01-01
25,"commission omnibus, appointments human, rules appointments, seruice commission, omnibus rules",1,2020-01-01
26,"energy, renewable energy, known cited, cited ordinance, renewable",5,2020-01-01
27,"separability clause, separability, clause reason, clause, affected declaration",5,2020-01-01
28,"mental, mental health, health, wellness, wellness center",12,2020-01-01
29,"area, lgu, nccc, owner, covid",2,2020-01-01
30,"rules city, deem flt, flt, necessary effective, time time",1,2020-01-01
32,"lee, appointment, human resource, actions revised, resource actions",3,2020-01-01
36,"lots alleys, monte, road lots, alleys, involving road",8,2020-01-01
38,"affected declaration, declaration shall, section provision, continue force, reason section",8,2020-01-01
40,"head city, chairperson, representative, technical working, chairperson city",3,2020-01-01
41,"directly city, dlf reforestation, fund dlf, enhancement fund, reforestation watershed",3,2020-01-01
44,"water resource, water, resource, zone, resource zone",9,2020-01-01
45,"rcc, xxx, ordinance xrc, rcc xxx, xxx oc",2,2020-01-01
46,"city national, national high, deed usufruct, high school, usufruct",3,2020-01-01
52,"grant additional, loading, unloading, barangay road, cubic meter",1,2020-01-01
53,"rpt, payment quarterly, attested aug, quarterly installment, iii councilor",1,2020-01-01
54,"newspaper, president temporary, publication, city enacted, attested president",3,2020-01-01
56,"lot, point, deg, point deg, catalunan",4,2020-01-01
57,"title ordinance, ordinance davao, title, shall known, permtts",6,2020-01-01
58,"read follows, contiguous, read, ordinance series, shall read",6,2020-01-01
59,"functions shall, government units, national projects, units, coordinate local",3,2020-01-01
61,"condttions, program data, behatf crty, davao terms, tool",1,2020-01-01
63,"land registration, barangay mulig, mulig toril, ceftificate title, osscp",2,2020-01-01
64,"vi local, policy section, section vi, code provides, deciaratioil policy",3,2020-01-01
65,"specifically items, items expenditures, expenditures approved, appropriated shall, items",4,2020-01-01
66,"mtd, loan grant, availment, mtd program, mtd implementing",1,2020-01-01
67,"vi, section vi, shall vi, pursuant, control programs",4,2020-01-01
68,"exemption solely, solely refers, refers payment, fee, solely",3,2020-01-01
69,"panlungsod putsuant, buses donated, china city, contrace obligations, service buses",1,2020-01-01
70,"book council, history book, history, davao history, vessels",6,2020-01-01
71,"wit efficient, pursuant, pursuant section, poucy, wit",3,2020-01-01
72,"ar, thic, rrf, thereof affected, rrt",2,2020-01-01
73,"provides wit, wit, section vi, vi, vi republic",3,2020-01-01
74,"rcif reason, rcif, shall declared, affected declaration, declaration shall",1,2020-01-01
75,"separabitity clause, separabitity, clause reason, clause, affected declaration",2,2020-01-01
76,"products, donation, milk, donee, health",7,2020-01-01
77,"municipality, hog, raisers, culling, samar",4,2020-01-01
81,"given city, assistance given, city said, granting legislative, government davao",6,2020-01-01
85,"shall vi, executive powerc, pursuant, control programs, government connection",3,2020-01-01
86,"ful force, continue ful, ful, clause reason, clause",4,2020-01-01
88,"funding, funding requirements, school board, local school, funds",5,2020-01-01
89,"wit section, executive powers, section chief, powers duties, prepositioning",3,2020-01-01
90,"authority section, penalties period, concerned justifiable, period exceeding, exceeding months",4,2020-01-01
91,"admission, exhibitions, fees collected, admission fees, payment amusement",1,2020-01-01
92,"contract, government unit, unless provided, provincial capitol, concerned legible",3,2020-01-01
93,"community quarantine, coverage, imposed persons, davao existing, quarantine lifted",7,2020-01-01
95,"rc reason, rc, effect rc, affected declaration, declaration shall",2,2020-01-01
102,"videoke machines, ordtnance series, videoke, machines, sound",3,2020-01-01
103,"repealing clause, repealing, repealed, accordingly, circulars",5,2020-01-01
106,"use globe, corporation construction, bspt construction, construction corporation, telecom bspt",24,2020-01-01
107,"calamity, allocation, calamity fund, act states, utilization percent",3,2020-01-01
113,"accreditation, accreditation shall, certificate accreditation, certificate, shall",1,2020-01-01
114,"competent couft, court law, affected said, ordinance nullified, nullified",2,2020-01-01
115,"affected shall, unconstitutional provision, provision affected, reason provision, separabiliw clause",2,2020-01-01
117,"transport services, fronting ateneo, aldevinco, shopping, half lane",1,2020-01-01
118,"relative donation, favor city, donation, donation executed, favor",6,2020-01-01
119,"policy keeping, response needs, davao declares, keeping, declares policy",3,2020-01-01
121,"general fund, bayanihan, jul, city treasurer, bayanihan grant",2,2020-01-01
122,"conditions deem, deem necessary, units ordinances, ordinances duly, approved grant",3,2020-01-01
123,"cooperation collaboration, psc project, facilitation platform, platform davao, halal hub",2,2020-01-01
126,"local issuances, rules inconsistent, ordinance local, issuances rules, inconsistent provisions",5,2020-01-01
129,"otheruvise, powers xxx, xxx enter, xxx unless, contracts xxx",1,2020-01-01
130,"provides efficient, vi local, section vi, pursuant, shall represent",5,2020-01-01
131,"surcharges, surcharges penalties, taxes fees, penalties, fees charges",6,2020-01-01
132,"interns, student, student interns, interns shall, party",1,2020-01-01
133,"relative donation, authority accept, donation, favor city, accept",4,2020-01-01
135,"use construction, application globe, globe telecom, telecom, globe",21,2020-01-01
136,"section vi, vi republic, act local, code provide, government code",4,2020-01-01
137,"tax, shall apply, year tax, computed office, office ciw",2,2020-01-01
139,"panlungsod local, local legislative, enacted january, legislative officer, reyes acting",19,2020-01-01
142,"persons covered, offer, natural calamities, covered ordinance, customer",1,2020-01-01
143,"oo xxx, ofi ord, oo rcfr, xxx ofi, rcfr",1,2020-01-01
147,"waze, google, party, data, confidential",7,2020-01-01
148,"separabiliw clause, separabiliw, thereof affected, ungab city, provisions thereof",2,2020-01-01
150,"city disaster, disasters, disaster risk, investment, par vi",3,2020-01-01
151,"affected declaration, declaration shall, section provision, continue force, reason section",2,2020-01-01
152,"rdinance, separability clause, separability, clause reason, clause",3,2020-01-01
154,"effect ord, affected declaration, declaration shall, section provision, continue force",1,2020-01-01
155,"contest, voluntarily pay, willing voluntarily, fine, formal complaint",1,2020-01-01
156,"separability ciause, ciause reason, ciause, separability, section provision",6,2020-01-01
157,"invalid unconstitutional, paft, affected shall, shall remain, remain",3,2020-01-01
158,"bspt, telecom bspt, tower, telecom, globe",19,2020-01-01
167,"sm, movie unplanned, davao sm, unplanned february, unplanned",1,2020-01-01
169,"clause lf, lf reason, effect ord, lf, separability clause",1,2020-01-01
176,"oo, oc, rco, ordinance ofr, control programs",5,2020-01-01
177,"geostrukt construction, tower, tower barangay, use globe, efb geostrukt",17,2020-01-01
178,"nccc, quarantine area, inn city, vida inn, davao pertaining",2,2020-01-01
179,"barangay angalan, srte, addtttonal allowable, maiagos, ordinailce granting",1,2020-01-01
190,"guidelines applicable, conform existing, policies guidelines, conform, amounts",2,2020-01-01
191,"staff officer, legislative staff, local legislative, acting assistant, iv attested",6,2020-01-01
192,"asymptomatic, returning, home quarantine, mandatory, home",1,2020-01-01
195,"complaint, offices, matter, office cswdo, repoft",2,2020-01-01
196,"powens, compensation efficient, duties compensation, compensation, effective economical",2,2020-01-01
199,"used warehouse, warehouse storage, delia yee, delia, km ulas",2,2020-01-01
200,"viz section, section section, locar government, locar, contract",2,2020-01-01
202,"use funds, rectives, section separability, supplemental budget, philippines disbursements",1,2020-01-01
204,"rules declared, provisions rules, separable event, event provisions, declared separable",1,2020-01-01
206,"wit efficienl, ib inhabitants, efficienl effective, efficienl, inhabitants purcuant",2,2020-01-01
208,"provides local, section local, powers expressly, therefrom powers, powers necessary",1,2020-01-01
209,"remaining unaffected, valid effect, unaffected shall, continue remain, unconstitutional remaining",2,2020-01-01
211,"separability clause, separability, clause reason, clause, affected declaration",1,2020-01-01
212,"davao pertaining, vida inn, entered la, la vida, vida",1,2020-01-01
213,"office head, mtd, head city, mtd program, program management",1,2020-01-01
215,"key, davao encourage, advancement, nable development, sustai nable",2,2020-01-01
218,"zone, reclassification, zones, agricultural land, atticle",2,2020-01-01
223,"public health, health emergency, ordinance penalizing, august lt, lt unanimous",1,2020-01-01
224,"places publication, conspicuous public, immediately posting, newspaper general, posting conspicuous",4,2020-01-01
230,"ldrrmf, fund ldrrmf, local disaster, ftom regular, revenue ftom",1,2020-01-01
231,"shall declared, separabiliw clause, separabiliw, effect ord, clause reason",3,2020-01-01
233,"affected shall, separability clause, separability, clause reason, portion",1,2020-01-01
235,"protection bfp, bfp, official obo, obo, bureau protection",10,2020-01-01
236,"ofr oo, ofr, ordinance ofr, shall rcfr, rcfr",1,2020-01-01
239,"ncca, grantee, dlf, rwmheef, hb",5,2020-01-01
240,"lessee, lessor, premises, leased, leased premises",2,2020-01-01
244,"efb, geostrukt, efb geostrukt, telecom efb, geostrukt additional",11,2020-01-01
245,"ra provides, code ra, vi local, sections section, ra",3,2020-01-01
246,"keeping mandates, mandates response, poucy keeping, mandates, people city",1,2020-01-01
247,"city municipality, condone, coordinating council, lessening, integrated proactive",3,2020-01-01
250,"admission, concefts, exhibitions, fees collected, admission fees",1,2020-01-01
251,"xxx, executive powers, shall xxx, powers duties, pursuant",3,2020-01-01
252,"separability ciause, ciause reason, ciause, separability, affected declaration",1,2020-01-01
255,"socral, supervision city, program bachelor, nno, tegislative authoriw",1,2020-01-01
257,"relative internship, seruices students, program bachelor, davao mindanao, science social",1,2020-01-01
260,"resolution resolution, municipality, resolution, province, samar",2,2020-01-01
261,"vi efficient, pursuant, vi, section code, contracts obligations",2,2020-01-01
262,"xxx, oc nc, xxx xxx, ordinance xxx, shall oc",1,2020-01-01
263,"section ordinance, affected shall, separability clause, separability, clause reason",1,2020-01-01
264,"xxx, xxx xxx, shall xxx, xxx vi, xxx exercise",4,2020-01-01
268,"ciause reason, separabiliw ciause, ciause, continue effect, separabiliw",3,2020-01-01
-1,"youth, adolescent, youth adolescent, mou, adolescents",165,2021-01-01
0,"temporary presiding, attested, enacted, members sanggunian, quorum",19,2021-01-01
1,"miluon pesos, miluon, fie, adopting, pian",3,2021-01-01
2,"administrator ordinance, counci presiding, ordinance posted, panlungsod compliance, accounting procedures",2,2021-01-01
3,"separabiliw clause, separabiliw, clause reason, clause, affected declaration",11,2021-01-01
4,"granted legislative, mayor granted, authority enter, legislative authority, granted",6,2021-01-01
5,"sexual, spouse, veterans, unwanted, sexual harassment",3,2021-01-01
6,"food, pork, vaccines, vaccine, semen",25,2021-01-01
7,"granted legislative, authority enter, mayor granted, legislative authority, granted",15,2021-01-01
9,"separability clause, separability, clause reason, clause, affected declaration",4,2021-01-01
10,"separability clause, separability, clause reason, clause, affected declaration",10,2021-01-01
14,"penalized, shall penalized, fine, offense, contacts",15,2021-01-01
16,"separability clause, separability, clause reason, clause, affected declaration",11,2021-01-01
18,"separabiliw clause, separabiliw, clause reason, clause, affected declaration",12,2021-01-01
20,"community wifi, communtcattons, aild, agreement office, assistance institutional",3,2021-01-01
21,"zoning, uses enumerated, uses, enumerated, section comprehensive",3,2021-01-01
23,"square meters, meters, sqm, square, meters square",10,2021-01-01
24,"lgu davao, clinic, ncca, lgu, wafdi",4,2021-01-01
25,"cwro, head shall, depaftment head, head, divisions",6,2021-01-01
26,"title ordinance, title, shall known, known ordinance, penalties therefor",8,2021-01-01
27,"separability clause, separability, clause reason, clause, affected declaration",8,2021-01-01
28,"health, terms partnership, aop, health development, plus health",11,2021-01-01
29,"area, inn, quarantine, lgu, owner",9,2021-01-01
30,"rules regulations, regulations, rules, inventors, implementing rules",9,2021-01-01
32,"enhance, promote, promote employment, justice promote, technological capabilities",11,2021-01-01
33,"powers, contracts, contract, hall section, chief",7,2021-01-01
34,"powers, chief, provided code, oo ofi, chief executive",2,2021-01-01
38,"ily, affected declaration, declaration shall, continue force, invalid sections",4,2021-01-01
39,"court remaining, remaining sections, separabitity ctause, competent court, invalid competent",1,2021-01-01
40,"committee, steering, steering committee, representative, cttmo",9,2021-01-01
41,"packaging technology, technology, packaging, spmc, located spmc",3,2021-01-01
42,"financial burial, burial assistance, burial, assistance thousand, cotabato designated",2,2021-01-01
43,"authorizing city, davao memorandum, ordinance authorizing, authorizing, mayor enter",9,2021-01-01
44,"water, septage, water resources, drinking, water sources",12,2021-01-01
45,"projects seruices, seruices activities, control programs, activities city, exercise general",5,2021-01-01
46,"deed usufruct, usufruct, usufruct entered, davao deed, poltce",8,2021-01-01
49,"ungab, temporary presiding, attested, administrator ordinance, city davao",18,2021-01-01
52,"quarry, located, earthfill quarry, application additional, earthfill",4,2021-01-01
53,"ofrce, ciw, fie, toril, lmi",3,2021-01-01
54,"publication, circulation, publication newspaper, newspaper general, general circulation",7,2021-01-01
55,"located claveria, claveria street, claveria, corner san, street corner",2,2021-01-01
56,"usufructuary, usufruct, owner, usufructuary shall, catigan",2,2021-01-01
57,"known davao, title ordinance, shall known, title, short title",10,2021-01-01
58,"tour, ordinance series, series known, office clty, comply minimum",4,2021-01-01
59,"functions shall, functions, discharge functions, discharge, government units",7,2021-01-01
60,"sign deed, donation, donation dod, granted legislative, mayor granted",10,2021-01-01
61,"dod, donatton, davao deed, donation, medtcal",9,2021-01-01
63,"relative use, deed usufruct, usufruct city, usufruct, granted legislative",9,2021-01-01
64,"section section, code ra, policy section, section vi, state follows",10,2021-01-01
65,"use funds, coa government, funds, specifically items, panlungsod disbursements",4,2021-01-01
66,"scrapped, cooperative corporation, operator cooperative, scrapping facility, appraised",1,2021-01-01
67,"communications city, smaft, wifi, vi, donation eighty",3,2021-01-01
68,"christmas bazaar, conduct msme, fair christmas, fee fees, refer payment",1,2021-01-01
69,"rco, vi represent, contracts obligations, bonds contracts, obligations documents",6,2021-01-01
70,"centenarian, creative, inventors innovators, innovators, inventors",9,2021-01-01
71,"provides efficient, shall represent, vi local, poucy section, declaration poucy",1,2021-01-01
72,"separability clause, dry section, reason dry, separability, clause reason",6,2021-01-01
74,"affected declaration, declaration shall, reason section, shall continue, invalid",5,2021-01-01
75,"clause reason, clause, affected declaration, declaration shall, section provision",2,2021-01-01
76,"pc, donee, ppr, mm, donation",4,2021-01-01
77,"pesos programs, rules reguiations, reguiations, thirw, government budgeting",3,2021-01-01
79,"oavag, gha, bas, ons, eri",1,2021-01-01
80,"matina aplaya, aplaya, cong veloso, veloso road, cong",1,2021-01-01
81,"covid vaccination, legislative authoriw, davao support, mindanaw bago, mindanaw",2,2021-01-01
84,"office petition, petition court, lot catigan, court change, change use",1,2021-01-01
85,"pursuant, government connection, activities city, exercise general, connection shall",6,2021-01-01
86,"ful force, continue ful, ful, separabitity clause, unconstitutiona invalid",2,2021-01-01
88,"shall sourced, implementation ordinance, sourced, charged, expenses incidental",7,2021-01-01
89,"section chief, provides section, compensation efficient, powers duties, effective economical",6,2021-01-01
90,"component cities, change, cities, adjust, change unless",7,2021-01-01
92,"corporate powers, powers local, contract, government unit, powers",5,2021-01-01
93,"corporation acquisition, payments shall, coverage, cover approval, philippine deposit",5,2021-01-01
94,"piapi, new matina, matina sites, sites, upgrading area",23,2021-01-01
95,"rc reason, rc, affected declaration, declaration shall, section provision",1,2021-01-01
98,"struated, pouce, usufruct city, deed usufruct, catigan",3,2021-01-01
100,"powers perform, perform duties, laws efficient, functions provided, executive city",3,2021-01-01
101,"oo, rco, powers, shall oo, oo oo",4,2021-01-01
102,"state public, health emergency, ordtnance, ordinance amending, public health",3,2021-01-01
103,"inconsistent, repealed, accordingly, issuances parts, modified",4,2021-01-01
107,"catamity, xxx, calamity, connedion, calamity fund",1,2021-01-01
110,"executive powers, projects seruices, seruices activities, powers duties, pursuant",6,2021-01-01
111,"donation, davao deed, administrator ordinance, city councilor, leika",10,2021-01-01
112,"state section, contract, code state, section section, government unit",3,2021-01-01
113,"nongovernmental organizations, nongovernmental, organizations, organizations local, peoples",2,2021-01-01
114,"affect validity, shall affect, shall affected, separability clause, affect",4,2021-01-01
115,"invalid unconstitutional, declared invalid, separabiliw clause, separabiliw, remaining",4,2021-01-01
118,"cleanser, kimberly clark, kimberly, clark, mayor accept",2,2021-01-01
119,"people city, response needs, davao declares, needs people, keeping",3,2021-01-01
121,"crematorium, appropriations, grand total, appropriations general, cash donations",2,2021-01-01
122,"granting tax, ordinances granting, incentives reliefs, reliefs, enact ordinances",1,2021-01-01
123,"memorandum understanding, understanding, philippines relative, understanding city, granted legislative",4,2021-01-01
124,"sator, river barangay, request ms, atong, quarry located",1,2021-01-01
126,"local issuances, rules inconsistent, issuances rules, repealed modified, inconsistent provisions",3,2021-01-01
127,"solid waste, solid, waste management, waste, management",3,2021-01-01
128,"affected declaration, declaration shall, section provision, continue force, reason section",6,2021-01-01
129,"xxx unless, contracts xxx, powers, corporate powers, powers local",5,2021-01-01
130,"wit efficient, shall represent, vi local, provides wit, pursuant iaw",2,2021-01-01
131,"permit, food, food permit, mobile food, mobile",7,2021-01-01
133,"skin cleanser, cleanser, kimberly, kimberly clark, skin",1,2021-01-01
134,"regulations inconsistent, resolutions rules, inconsistent, repealed, inconsistent contrary",7,2021-01-01
136,"state follows, code state, vi republic, act local, section section",4,2021-01-01
137,"pf, phic, phic pf, approval license, cockfighting",3,2021-01-01
140,"health, universal health, universal, health care, department health",5,2021-01-01
142,"spaces, gbsh, slurs, remarks, places",6,2021-01-01
143,"oo, oo oo, oo vi, pursuant, control programs",4,2021-01-01
148,"dfly section, dfly, reason dfly, separabiliw clause, separabiliw",2,2021-01-01
150,"plan dcdrrmfip, dcdrrmfip, city disaster, dcdrrmfip calendar, investment plan",4,2021-01-01
151,"affected declaration, declaration shall, section provision, continue force, reason section",2,2021-01-01
152,"separability clause, separability, clause reason, clause, affected declaration",1,2021-01-01
154,"effect ord, affected declaration, declaration shall, section provision, continue force",3,2021-01-01
155,"contest, contest provision, citation, violation, community seruice",11,2021-01-01
156,"separability ciause, ciause reason, ciause, separability, affected declaration",3,2021-01-01
157,"affected shall, reason provision, remain, invalid unconstitutional, provisions affected",5,2021-01-01
160,"governance davao, pesos used, rc lf, levels governance, institutionalization",1,2021-01-01
162,"appropriated ldrrmf, programs order, stricken disasters, order situation, stricken",2,2021-01-01
164,"christmas bazaar, ordinance approvrng, fair christmas, msme trade, fee charges",1,2021-01-01
167,"shall december, period exemption, december december, exemption shall, december",1,2021-01-01
169,"clause lf, lf reason, lf, separability clause, separability",2,2021-01-01
170,"assistance submitted, fiie, entitled heir, financial burial, shall thirty",1,2021-01-01
172,"patients davao, public hospital, procedures asymptomatic, establishment davao, authortztng city",2,2021-01-01
175,"policy section, vi republic, section vi, code states, declaration policy",6,2021-01-01
176,"oo vi, projects seruices, seruices activities, superuision control, general superuision",1,2021-01-01
178,"quarantine, inn, period months, authority enter, quarantine area",12,2021-01-01
179,"choa, choa shi, buhangin distrtct, dressing plant, johnny",2,2021-01-01
182,"campaigns, campaign, information campaign, information campaigns, word",5,2021-01-01
184,"sustainabtltty, tnterventtons, memorandum understanding, imptementation, understanding united",2,2021-01-01
192,"contacts, confirmed, positive, confirmed positive, positive case",14,2021-01-01
193,"subject government, coa procurement, management dbm, dbm, procurement",9,2021-01-01
194,"arbor day, arbor, activities annual, celebration arbor, annual celebration",1,2021-01-01
195,"cswdo, agency shall, gbsh committed, accused, responsible agency",1,2021-01-01
196,"executive powers, powers duties, effective economical, economical governance, city inhabitants",5,2021-01-01
199,"sign lease, lease contracts, lease, contracts use, contracts city",2,2021-01-01
200,"section section, contract, government unit, section corporate, unless provided",4,2021-01-01
202,"use funds, act othenarise, othenarise known, violation title, title local",1,2021-01-01
203,"sub project, operation maintenance, completed, parents teachers, deped",3,2021-01-01
204,"emergency lifted, lifted, health emergency, ordinance amending, public health",1,2021-01-01
210,"puv, social development, puv modernization, development committee, modernization projects",12,2021-01-01
212,"pertod months, inn, pertod, inn pertaining, quaranttne",11,2021-01-01
213,"labor, workers, unions, dole, workplace",2,2021-01-01
214,"sites services, new matina, sites, matina sites, services phase",12,2021-01-01
215,"declaration poucy, poucy, section declaration, poucy section, declaration",6,2021-01-01
217,"mop, healthy air, establishments, section section, doors windows",8,2021-01-01
218,"zoning, review, review committee, zoning review, xiv section",1,2021-01-01
219,"effect ord, separability clause, separability, clause reason, clause",4,2021-01-01
221,"destroying, parks board, firewood, objects, defacing",1,2021-01-01
223,"providing mandatory, ordinance providing, amending ordinance, mandatory reverse, polymerase chain",5,2021-01-01
224,"complaints, beneflciaries, complaints person, list qualified, question",1,2021-01-01
228,"temporary presiding, edgar, attested edgar, tempore temporary, pro tempore",10,2021-01-01
231,"effect ord, separabiliw clause, separabiliw, clause reason, clause",3,2021-01-01
232,"audmng rules, audmng, iaws ordinances, subject government, dbm commission",7,2021-01-01
233,"invalid competent, remaining sections, affected shall, provisions affected, competent",4,2021-01-01
236,"section paragraph, paragraph subparagraph, subparagraph vi, subparagraph, wit section",4,2021-01-01
240,"lessee, lessor, leased, premises, lease",2,2021-01-01
241,"protecttve, chitdren, addressing cases, consisting thousand, davao release",2,2021-01-01
242,"support fund, fund barangay, government support, force end, end local",11,2021-01-01
243,"policy section, section declaration, deciaration policy, policy, deciaration",5,2021-01-01
246,"declares poliry, poliry judiciously, poucy keeping, keeping mandate, mandate response",1,2021-01-01
248,"appropriation funds, certified available, city appropriated, december provided, funds certified",2,2021-01-01
249,"enter contrads, contrads, powerc local, corporate powerc, powersi enter",4,2021-01-01
251,"xxx, shall xxx, superuision control, powers duties, general superuision",4,2021-01-01
253,"pitmaster, donation, cherry, corporotion, deed donation",2,2021-01-01
254,"consisttng, authority supplemental, seven pesos, enterprises total, proper development",1,2021-01-01
256,"clause lf, lf reason, lf, separabiliw clause, separabiliw",3,2021-01-01
262,"xxx, xxx xxx, powers, xxx rcfi, provide wit",3,2021-01-01
263,"section ordinance, affected shall, separability clause, separability, clause reason",2,2021-01-01
266,"lockdown, actual cost, lab, disasters emergency, refurm",1,2021-01-01
267,"oo oo, oo, control alt, alt programs, compensation oo",1,2021-01-01
-1,"asf, security, biosecurity, specified areas, big",125,2022-01-01
0,"enacted february, february unanimous, february, pricing, acting",11,2022-01-01
1,"asst, behalf sp, asst secretary, correct behalf, sp secretary",12,2022-01-01
2,"trade tourism, halal trade, zozz sara, philtppine, laurel bajada",1,2022-01-01
3,"separabiliw clause, separabiliw, clause reason, clause, affected declaration",4,2022-01-01
4,"conceptualize, conceptualize manage, office special, conference coordination, moa secondment",3,2022-01-01
5,"sexual abuse, sexual, abuse, children, child",43,2022-01-01
6,"qr, bsp, qr code, market, public market",4,2022-01-01
7,"swine, mayor granted, authority enter, granted legislative, museum",10,2022-01-01
8,"closure, ordinance temporary, closure road, temporary closure, temporary",23,2022-01-01
9,"separability, affected declaration, declaration shall, section provision, continue force",3,2022-01-01
10,"separability clause, separability, clause reason, clause, affected declaration",3,2022-01-01
11,"proceeds, concert, proceeds said, organtzatton, portion proceeds",4,2022-01-01
12,"celebration public, fiesta celebration, industrial fair, provides national, agricultural industrial",3,2022-01-01
13,"highways telecommunications, telecommunications, works, public works, works highways",19,2022-01-01
14,"offense, shall penalized, penalized, pond, fine",5,2022-01-01
15,"aurora, araw, ctosure road, ordinance temporary, aurora st",8,2022-01-01
16,"separability clause, separability, clause reason, clause, affected declaration",3,2022-01-01
17,"fm percent, fund crty, qrf fm, paeng, fm",7,2022-01-01
18,"separabiliw clause, separabiliw, clause reason, clause, affected declaration",2,2022-01-01
19,"enacted day, atty layog, layog, corporanon, government depailrnent",7,2022-01-01
20,"employees davao, davao cooperative, facility entered, loan facility, city employees",4,2022-01-01
21,"uses enumerated, uses, memorial park, enumerated, zoning",2,2022-01-01
22,"aurora, rc barangay, suazo extension, extension ponce, celebration linggo",3,2022-01-01
23,"peftains, application mr, radoc, rico, luac barangay",1,2022-01-01
25,"disability, disability affairs, affairs, disabilities, persons disabilities",18,2022-01-01
26,"dftc, charges davao, shall known, card, rates charges",10,2022-01-01
27,"separability clause, separability, clause reason, clause, affected declaration",4,2022-01-01
28,"animal, provides state, state shall, constitution, state",3,2022-01-01
30,"implementing rules, implementing, rules regulations, regulations, rules",12,2022-01-01
31,"favor awardees, project favor, awardees, slum improvement, slum",10,2022-01-01
32,"promote, enhance, safety enhance, ecology encourage, public morals",8,2022-01-01
33,"contracts, contract, chief, government unit, powers",8,2022-01-01
34,"powerc, corporate powerc, contract, chief, government unit",19,2022-01-01
35,"organic, organic agriculture, agriculture, pgs, farmers",33,2022-01-01
36,"road lots, favor city, subdivision located, located barangay, grande",8,2022-01-01
37,"rallies, celebration public, provides national, agricultural industrial, rallies agricultural",7,2022-01-01
38,"affected declaration, declaration shall, section provision, continue force, reason section",16,2022-01-01
39,"affected shall, declarauon shall, declarauon, affected declarauon, continue force",14,2022-01-01
40,"representative, member, chairperson, chairperson committee, committee",13,2022-01-01
41,"granted legislative, sectioi reason, legislative authority, mayor granted, granted",6,2022-01-01
42,"receive thousand, placed state, shall receive, assistance shall, beneficiaries municipality",5,2022-01-01
43,"museum, museum philippines, mayor enter, agreement moa, ordinance authorizing",11,2022-01-01
44,"ponds, waterways, contour, land contour, contour alterations",5,2022-01-01
45,"government connection, programs projects, vi represent, superuision, control programs",8,2022-01-01
46,"deed usufruct, usufruct, usufruct executed, use parcel, station",11,2022-01-01
47,"sp secretary, behalf sp, correct behalf, asst secretary, asst",3,2022-01-01
48,"shall december, suspension shall, pe, suspension, december",1,2022-01-01
49,"swine, acting atty, inspire program, swine clustering, program swine",15,2022-01-01
51,"davao loan, city homesite, homesite housing, loan agreement, homesite",6,2022-01-01
53,"vlce mayor, vlce, acting layog, secrroil approval, effect secrroil",5,2022-01-01
54,"circulation, publication newspaper, publication, newspaper, approval publication",7,2022-01-01
55,"corner, street, street corner, corner bolton, pedro street",4,2022-01-01
56,"lot, sq, road lot, lot sq, tct",6,2022-01-01
57,"enhanced safety, events davao, protectton, waterway, regutations",2,2022-01-01
58,"investment, apply incentives, preferred investment, areas activities, incentives",3,2022-01-01
59,"functions shall, government units, coordinate local, units concerned, implementation said",8,2022-01-01
60,"relative donation, sign deed, donation, granted legislative, mayor granted",11,2022-01-01
61,"donatton, relattve donatton, davao deed, relattve, davao favor",14,2022-01-01
62,"policy, shall receive, assistance shall, beneficiary financial, declared beneficiary",4,2022-01-01
63,"relative use, deed usufruct, usufruct, use parcel, authority enter",9,2022-01-01
64,"code ra, vi local, ra provide, section section, policy section",3,2022-01-01
65,"act applicable, law republic, funds amounts, amounts appropriated, items expenditures",2,2022-01-01
67,"nongovernmental organizations, nongovernmental, organizations active, compenation chief, establishment operation",2,2022-01-01
69,"rcc oc, oc, shall rcc, oc oc, oc vi",1,2022-01-01
70,"mice, mice board, board davao, board, board shall",3,2022-01-01
71,"bakery equipment, donation bakery, davao pandaitan, bakery, effedive economical",1,2022-01-01
74,"affected declaration, declaration shall, separabitity ctause, reason section, invalid sections",8,2022-01-01
77,"iloilo, iloilo municipality, leyte city, leyte, municipality",1,2022-01-01
79,"ction, enhance, purcuant, general welfare, negotiate",6,2022-01-01
80,"bypass road, road, bypass, road junction, junction",11,2022-01-01
82,"assistant secretary, assistant, secretary, correct absence, acting",5,2022-01-01
84,"relocation, favor covered, phase sitio, located sandawa, irien",4,2022-01-01
85,"shall vi, pursuant, control programs, government connection, exercise general",10,2022-01-01
86,"ful force, continue ful, ful, affected declaration, declaration shall",5,2022-01-01
87,"kalinaw, kalinaw village, fves, frs, frs fves",27,2022-01-01
88,"annual budget, appropriatioil, proposed annual, officer proposed, appropriation necessary",5,2022-01-01
89,"states section, code states, section chief, compensation efficient, states",7,2022-01-01
90,"taxes fees, savings, fees charges, fees, offices savings",4,2022-01-01
91,"admission, exhibition, fees collected, admission fees, collected",6,2022-01-01
92,"corporauon shall, corporate powens, powens local, corporauon, powens",2,2022-01-01
93,"stores, vendors, shall cover, ambulant, cover areas",3,2022-01-01
94,"particularly located, new matina, ceniza, services particularly, area davao",1,2022-01-01
95,"rc reason, rc, effect rc, affected declaration, declaration shall",8,2022-01-01
96,"karding, wphoon, super, calamtty fund, fund calamtty",2,2022-01-01
97,"francis mark, atty francis, francis, mark layog, mark",3,2022-01-01
98,"deed usufruct, usufruct, davao phiuppine, police, davao deed",10,2022-01-01
99,"iegal basis, iegal, act loca, services connection, works services",1,2022-01-01
100,"duties, mayor chief, code laws, duties functions, chief",6,2022-01-01
101,"oo, oo oo, contract, hall section, chief",5,2022-01-01
102,"sertes otherwtse, suspending implementation, otherwtse known, ordinance suspending, suspending",2,2022-01-01
103,"mandatory review, repealed, accordingly, review ordinance, modified",4,2022-01-01
105,"turn, turn right, turn left, left, park exit",13,2022-01-01
107,"calamity, calamity sanggunian, area portion, portion thereof, perrenf",1,2022-01-01
109,"policy, policy policy, reduction declares, national principles, assistance response",1,2022-01-01
110,"compensation efficient, shall vi, executive powers, mayor shal, shal exercise",4,2022-01-01
111,"davao deed, donation, temporary presiding, sara duterte, president temporary",13,2022-01-01
112,"contract, provide section, code provide, contracts unless, government unit",3,2022-01-01
113,"income diversiff, diversiff agriculture, diversiff, designed improve, improve productivity",4,2022-01-01
114,"shall affected, clause provision, provision, remaining provisions, shall affect",6,2022-01-01
115,"shall declared, separabiliw clause, separabiliw, judgment action, authority judgment",3,2022-01-01
117,"road vehicular, dates, kadayawan, office connection, abovementioned streets",2,2022-01-01
119,"iloilo, iloilo municipality, municipality, leyte, province",1,2022-01-01
121,"fund proper, general fund, pax, lnc, supplemental",2,2022-01-01
122,"relieft terms, authoriw section, incentives relieft, relieft, units ordinances",1,2022-01-01
123,"relative administration, understanding mou, administration implementation, mou city, implementation city",3,2022-01-01
125,"wires, wires cables, cables, abandoned wires, poles",4,2022-01-01
126,"local issuances, rules inconsistent, issuances rules, ordinances local, repealed modified",3,2022-01-01
127,"waste, composter, management bureau, powered camera, rotary drum",17,2022-01-01
128,"affected declaration, declaration shall, section provision, continue force, reason section",3,2022-01-01
129,"xxx, powers, sections vi, provide section, code provide",2,2022-01-01
131,"rental, rental fee, fee, dftc, administrative adoption",4,2022-01-01
134,"orders rules, executive orders, orders, modified accordingly, inconsistent ordinance",4,2022-01-01
136,"vi republic, act local, state follows, provide wit, code state",3,2022-01-01
138,"area poftion, poftion thereof, thereof local, appropriations relief, sum appropriations",2,2022-01-01
140,"workers hcws, hcws, health, care workers, health development",3,2022-01-01
143,"oo, authority sanggunian, davao ord, oo oo, sanggunian panlungsod",4,2022-01-01
144,"davao loan, loan agreement, authorized enter, mayor authorized, entered city",4,2022-01-01
148,"deciared, separabiliw clause, separabiliw, clause reason, clause",1,2022-01-01
149,"pedro cathedral, cathedral, april, pedro, cathedral april",2,2022-01-01
150,"city disaster, investment plan, plan dcdrrmfip, dcdrrmfip, fund investment",5,2022-01-01
151,"affected declaration, declaration shall, section provision, continue force, reason section",8,2022-01-01
152,"separability clause, separability, clause reason, clause, declaration shall",1,2022-01-01
153,"secretary, day november, correct absence, absence secretary, secretary ma",5,2022-01-01
154,"effect ord, rc lf, ord rc, affected declaration, declaration shall",4,2022-01-01
155,"contest, contest provision, violation, violation ordinance, cited",3,2022-01-01
156,"separability ciause, ciause reason, ciause, separability, section provision",3,2022-01-01
157,"affected shall, held unconstitutional, shall held, invalid pafts, reasons paft",6,2022-01-01
159,"peace, peacebuilding, city peace, peace council, peace center",16,2022-01-01
163,"balbina, balbina sico, sico pesiao, pesiao, sico",2,2022-01-01
164,"trade tourism, fees participating, participating msmes, msmes, permit fees",1,2022-01-01
165,"poucy policy, reduction declares, national principles, adhere national, principles standards",4,2022-01-01
166,"proceeds said, concert, proceeds, said concert, nonprofit",5,2022-01-01
167,"period exemption, exemption shall, exemption, period, shall",1,2022-01-01
169,"clause lf, lf reason, effect ord, lf, separability clause",1,2022-01-01
170,"beneficiaries province, assistance million, beneficiary financial, declared beneficiary, calamity declared",2,2022-01-01
171,"abovementioned, construction requested, abovementioned streets, carol, streets date",2,2022-01-01
172,"genomics, carpio national, berng, davao work, diagnostics",3,2022-01-01
173,"magnitude earthquake, magnitude, goverilment davao, earthquake, goverilment",2,2022-01-01
174,"caizada, favor awardees, awardees, involving lots, rosario",2,2022-01-01
175,"policy section, section vi, vi republic, act local, section section",3,2022-01-01
176,"oo, ordinance oo, oo rco, oo oo, superuision control",3,2022-01-01
178,"january ord, months commencing, commencing january, patients period, sign renewal",2,2022-01-01
179,"applicant comply, radoc, located luac, luac, luac barangay",2,2022-01-01
182,"attire, inspired, tribes, inspired attire, shall refer",3,2022-01-01
183,"telecommunications waterworks, fairs undeftaking, waterworks, undeftaking public, undeftaking",2,2022-01-01
184,"mou city, mou, understanding mou, administration implementation, sigil",6,2022-01-01
185,"closure day, conduct election, conilection, ifrigo, ordinance temforary",1,2022-01-01
187,"mayor sign, davao loan, mayor temporary, loan agreementto, acting",9,2022-01-01
190,"dbm government, funds appropriated, appropriated projects, indicated shall, procurement reform",2,2022-01-01
193,"ccd project, project subject, lease mindanao, ccd, davao ccd",5,2022-01-01
195,"social welfare, welfare development, office cswdo, cswdo, city social",6,2022-01-01
197,"calamity sanggunian, calamity, calamity fund, poftion, lgus",13,2022-01-01
198,"recto ave, ave, pelayo st, kadayawan, bonifacio st",2,2022-01-01
199,"lease, relative lease, sign lease, rafael village, lease contracts",4,2022-01-01
200,"section section, contract, contracts unless, government unit, powers enter",8,2022-01-01
201,"ib, reduction declares, national principles, assistance response, response risk",1,2022-01-01
202,"use funds, philippines disbursements, dbm government, violation title, title local",2,2022-01-01
204,"separable provisions, provisions shall, shall affected, declared separable, provisions declared",5,2022-01-01
205,"ingress, barricades, concert, stage, august",6,2022-01-01
207,"sewing, donation units, donation, diva inn, diva",3,2022-01-01
208,"code philippines, powers expressly, therefrom powers, governance essential, essential promotion",5,2022-01-01
209,"valid effect, continue remain, unaffected shall, unconstitutional remaining, unaffected",4,2022-01-01
210,"second week, receiving financial, financial assistance, assistance shall, financial",1,2022-01-01
211,"separability ctause, ctause reason, ctause, separability, affected declaration",2,2022-01-01
212,"iilto city, patients pertod, use quaranttne, entered iilto, pertod months",1,2022-01-01
213,"als, als unit, policies strategies, programs policies, strategies",3,2022-01-01
214,"matina upgrading, upgrading area, upgrading, new matina, ceniza",1,2022-01-01
215,"poucy section, declaration poucy, poucy, declaration, section",1,2022-01-01
216,"ng purok, araw ng, council brgy, araw, roads time",3,2022-01-01
217,"section section, section, declaration, , ",2,2022-01-01
218,"zone, commercial zone, review committee, zoning review, medium density",1,2022-01-01
219,"effect ord, separability clause, separability, clause reason, clause",3,2022-01-01
223,"ordinance amending, amending, enacted june, suspending implementation, investment incentive",4,2022-01-01
227,"declaratiot policy, declaratiot, policy, policy policy, reduction declares",1,2022-01-01
228,"dava, correct ut, rhe, condmons, iast",2,2022-01-01
229,"basis section, legal basis, area portion, portion thereof, works seruices",3,2022-01-01
230,"including climate, integrated proactive, proactive lessening, lessening, involvement pafticipation",1,2022-01-01
231,"effect ord, separabiliw clause, separabiliw, clause reason, clause",1,2022-01-01
232,"pertaining use, inn pertaining, patients pertod, ffb, months commencing",4,2022-01-01
233,"affected shall, separability clause, separability, clause reason, clause",3,2022-01-01
236,"genomics, laboratory davao, philippines provides, phd, fur behalf",1,2022-01-01
240,"lessee, councilor councilor, lease, councilor, college",2,2022-01-01
241,"floor investment, located ground, hub located, street thrs, davao cacao",1,2022-01-01
243,"section declaration, policy section, declaration policy, policy, declaration",4,2022-01-01
245,"ra provide, code ra, vi local, ra, provide",5,2022-01-01
246,"utilized proper, resources time, ensure resources, judiciously utilized, policy maximize",1,2022-01-01
248,"december othenruise, appropriation funds, certified available, city appropriated, funds certified",1,2022-01-01
249,"corporate powerc, contract, government unit, unless provided, powerc",3,2022-01-01
252,"separability ciause, ciause reason, ciause, separability, affected declaration",1,2022-01-01
258,"connection calamiues, conemed, asststance crry, sudr, strall",1,2022-01-01
262,"xxx, xxx xxx, xxx unless, contracts xxx, xxx vi",5,2022-01-01
264,"xxx, xxx xxx, regulate, regulate use, shall xxx",2,2022-01-01
269,"phiupptnes, assistant, pesos worth, organic micronized, mayor ry",2,2022-01-01
270,"area poftion, poftion thereof, works seruices, seruices connection, thereof local",2,2022-01-01
-1,"evacuation, movie, city davao, culture, cinema",107,2023-01-01
0,"adopting, ministrator ordinance, ministrator, approving, city attested",4,2023-01-01
1,"caiamity, disaster occurrences, occurrences, disaster, fund",25,2023-01-01
3,"separabiliw clause, separabiliw, clause reason, clause, affected declaration",9,2023-01-01
4,"landbank, legislative authority, dlvao, enroll payroll, davao maintained",4,2023-01-01
5,"act ra, laws shall, related laws, spaces act, ra",1,2023-01-01
6,"persons authority, device, inflicted, devices, authority case",5,2023-01-01
7,"authority enter, mayor granted, granted legislative, granted, legislative authority",15,2023-01-01
8,"road vehicuiar, closure road, ordinance temporary, vehicuiar, road",12,2023-01-01
9,"separability clause, separability, clause reason, clause, affected declaration",1,2023-01-01
10,"separability clause, separability, clause reason, clause, affected declaration",3,2023-01-01
11,"payment amusement, amusement, proceeds, exemption payment, exemption",9,2023-01-01
12,"provides national, agricultural industrial, alley park, rallies agricultural, actual emergency",4,2023-01-01
13,"undeftaking public, undeftaking, highways telecommunications, telecommunications, works",7,2023-01-01
14,"fine thousand, fine, bullying, thousand pesos, educational institution",4,2023-01-01
15,"music event, st corner, monteverde st, corner suazo, ng davao",4,2023-01-01
16,"separability clause, separability, clause reason, clause, affected declaration",4,2023-01-01
17,"disaster occurrences, occurrences, pesos financial, disaster, percent",8,2023-01-01
18,"separabiliw clause, separabiliw, clause reason, clause, affected declaration",4,2023-01-01
19,"layog, layog acting, atty layog, attested, acting",28,2023-01-01
21,"uses, zoning, afticle xi, xi section, allowable uses",3,2023-01-01
22,"avenue bfp, bfp bangoy, freedom park, preparedness mitigation, park roxas",1,2023-01-01
23,"zone, major commercial, low density, commercial zone, corporation low",3,2023-01-01
25,"arts, youth development, culture arts, culture, development management",4,2023-01-01
26,"short title, short, title ordinance, title, shall known",6,2023-01-01
28,"older, health, senior, adults, older adults",7,2023-01-01
30,"agenda, implementing rules, session, implementing, regulations irr",11,2023-01-01
31,"sale executed, favor awardee, awardee, davao involving, davao favor",17,2023-01-01
32,"enhance, promote, welfare local, preseruation enrichment, things preseruation",6,2023-01-01
33,"powers, contracts, provide section, chief executive, corporate powers",8,2023-01-01
34,"chief, contracts, powers, powerc, contract",7,2023-01-01
36,"davao tnvolving, guadalupe barangay, vtllage, tlte city, tnvolving",1,2023-01-01
37,"closed actual, actual emergency, emergency fiesta, public rallies, rallies",9,2023-01-01
38,"affected declaration, declaration shall, section provision, continue force, reason section",4,2023-01-01
39,"affected shall, continue furce, reason section, furce effect, hereof affected",10,2023-01-01
40,"member, cabc, hpit, cabc shall, representative",3,2023-01-01
41,"mayor granted, granted legislative, granted, affected declaration, authority enter",8,2023-01-01
42,"assistance thousand, beneficiary financial, municipality, beneficiary, declared beneficiary",7,2023-01-01
43,"livestock poultry, mayor enter, ordinance authorizing, livestock, prdp",5,2023-01-01
45,"connection shall, programs projects, projects seruices, government connection, seruices activities",10,2023-01-01
46,"deed usufruct, usufruct, davao deed, usufruct dou, dou",7,2023-01-01
48,"pebi suspension, pebi, shall december, suspension shall, suspension",1,2023-01-01
51,"davao loan, loan agreement, agreement entered, mayor authorized, entered city",7,2023-01-01
52,"complex cockpit, cockpit, km purok, use mr, barangay ilang",1,2023-01-01
53,"acting ordinance, sectioil effectmty, layog acting, layog, fresiding officer",6,2023-01-01
54,"publication newspaper, ordtnance, newspaper, circulation, jm",2,2023-01-01
55,"polo, marco polo, marco, mn december, mn",2,2023-01-01
56,"lot, sw, nw, road lot, ne",1,2023-01-01
57,"public transport, davao public, transport, iiie ordinance, iiie",4,2023-01-01
58,"investnent, areas activities, ordinance series, apply, series known",4,2023-01-01
59,"functions shall, functions, government units, units, national superuision",6,2023-01-01
60,"relative donation, donation, authority enter, granted legislative, mayor granted",4,2023-01-01
61,"xr, donation entered, paqutbato district, xr dost, rxbox",2,2023-01-01
62,"policy, declared beneficiary, calamity declared, reduction declares, national principles",10,2023-01-01
63,"dou, deed usufruct, usufruct, davao deed, usufruct city",5,2023-01-01
64,"section vi, vi local, ra provide, section section, code ra",5,2023-01-01
65,"utilization funds, utilization, specifically items, items expenditures, expenditures approved",4,2023-01-01
67,"compensation efficient, vi, section chief, powers duties, pursuant",5,2023-01-01
69,"vi represent, contracts obligations, oo, bonds contracts, obligations documents",3,2023-01-01
70,"culture, culture arts, arts, culture afts, related culture",3,2023-01-01
72,"declaration shalt, shalt continue, oiher sections, invalid oiher, oiher",1,2023-01-01
74,"wif reason, thls ordinance, wif, fur reason, continue furce",3,2023-01-01
75,"separabiuw clause, separabiuw, separabiuty clause, clause reason, separabiuty",3,2023-01-01
77,"calamity various, occurrences subject, total sixteen, lgus declared, sixteen",2,2023-01-01
79,"enhance, general welfare, promote, powers, shall exercise",11,2023-01-01
80,"road, road vehicular, madre, vehicular, closure road",10,2023-01-01
82,"secretary, acting, panlungsod assistant, assistant secretary, correct absence",15,2023-01-01
83,"utilization funds, amounts appropriated, utilization, amounts, specifically item",3,2023-01-01
84,"transfer ownership, allow, mayor allow, request, allow request",8,2023-01-01
85,"ffi ffi, ffi, pursuant, control programs, supervision control",6,2023-01-01
86,"declared unconstitutiona, unconstitutiona invalid, unconstitutiona, malagos, ful force",5,2023-01-01
88,"appropriation city, continuously appropriate, ordinance appropriation, appropriate sufficient, budget case",1,2023-01-01
89,"vi republic, act local, code states, section chief, section vi",6,2023-01-01
90,"pertiilent, provisioils local, provisioils, provisions local, pertinent provisions",2,2023-01-01
92,"contract, government unit, authorization sanggunian, legible copy, legible",6,2023-01-01
93,"shall cover, agreements entered, davao covers, communities public, project agreements",2,2023-01-01
95,"rc reason, rc, effect rc, thereof affected, provisions thereof",3,2023-01-01
96,"fm percent, qrf fm, disaster, fm, percent",3,2023-01-01
97,"layog acting, layog, atty layog, acting, attested atty",13,2023-01-01
98,"deed usufruct, usufruct, iand, sqm, layog acting",7,2023-01-01
99,"thereof iocal, services connection, works services, iocal government, iocal",1,2023-01-01
100,"code laws, powers perform, exercise powers, perform duties, laws efficient",9,2023-01-01
101,"oo, oo oo, provide section, chief executive, code provide",7,2023-01-01
102,"parttcularly sectton, qualified establishments, cover qualified, enumerated preferred, area pia",2,2023-01-01
103,"repealing, inconsistent, repealed, inconsistent provisions, accordingly",6,2023-01-01
104,"concerned ldrrmc, reduction work, programs order, stricken disasters, ldrrmc transfer",5,2023-01-01
105,"gil st, gil, palma gil, st, st corner",6,2023-01-01
109,"policy, policy policy, national principles, adhere national, principles standards",4,2023-01-01
110,"executive powers, powers duties, pursuant, activities city, connection shall",3,2023-01-01
112,"contract, contracts unless, government unit, sections vi, unless provided",7,2023-01-01
113,"ceftain basic, local enterprises, develop local, rural industrialization, balance enhance",10,2023-01-01
114,"shall affected, paragraph code, clause paragraph, afticle sentence, affected said",4,2023-01-01
115,"affected shall, separabiliw clause, separabiliw, clause reason, clause",2,2023-01-01
117,"dates time, dates, ordinance temporary, lopez jaena, bishop",3,2023-01-01
119,"utilized proper, resources time, ensure resources, judiciously utilized, policy maximize",1,2023-01-01
120,"support disaster, omplex emergencies, omplex, pesos sectioi, aside ldrrmf",1,2023-01-01
121,"motor, motor vehicles, purchase motor, issuance authority, vehicles",3,2023-01-01
122,"grant tax, exemptions incentives, tax exemptions, approved grant, exemptions",11,2023-01-01
123,"memorandum understanding, understanding mou, understanding, mou, granted legislative",4,2023-01-01
125,"pole, utility, cables, telco, poles",18,2023-01-01
128,"affected declaration, declaration shall, section provision, continue force, reason section",3,2023-01-01
129,"powers, contract, behalf local, provincial capitol, concerned legible",4,2023-01-01
130,"provides efficient, shall represent, vi local, section vi, pursuant",1,2023-01-01
134,"repealing clause, repealing, inconsistent, resolutions ordinances, regulations parts",2,2023-01-01
136,"code provide, section vi, policy sections, vi republic, act local",8,2023-01-01
137,"adopted business, computation adopted, statement enumerated, income statement, based computation",10,2023-01-01
138,"area poftion, poftion thereof, thereof local, appropriations relief, sum appropriations",7,2023-01-01
140,"health, development relative, promotion playbook, playbook, davao center",3,2023-01-01
142,"bullying, acts bullying, acts, evacuation sites, workplace",13,2023-01-01
143,"oo oo, oo, oo vi, shall oo, control programs",4,2023-01-01
144,"davao lower, lower rapnaga, rapnaga, lower, authorized enter",2,2023-01-01
145,"concerned ldrrmc, reduction work, programs order, ldrrmc transfer, order situation",9,2023-01-01
146,"utilization funds, utilization, specifically item, item expenditure, expenditure approved",5,2023-01-01
148,"separabiliw clause, separabiliw, declared invalid, clause reason, clause",2,2023-01-01
149,"cathedral, pedro cathedral, passing, rotunda, st",1,2023-01-01
150,"plan dcdrrmfip, dcdrrmfip, program cost, city disaster, investment plan",2,2023-01-01
151,"affected declaration, declaration shall, section provision, continue force, reason section",3,2023-01-01
152,"continue fiorce, effect approved, separability clause, approved page, separability",3,2023-01-01
153,"school teachers, public school, davao public, iceb, compressed",4,2023-01-01
154,"effect ord, lf reason, declaration shall, section provision, continue force",7,2023-01-01
155,"contest, violation, contest provision, availment, violation ordinance",3,2023-01-01
156,"separability ciause, ciause reason, ciause, separability, affected declaration",1,2023-01-01
157,"remain force, ordinance thereof, patts, affected shall, shall remain",2,2023-01-01
159,"peace, peace sa, sa barangay, amended restated, restated",3,2023-01-01
165,"poucy policy, reduction declares, assistance response, standards humanitarian, response risk",5,2023-01-01
166,"amusement, amusement ta, proceeds, payment amusement, tickets total",4,2023-01-01
168,"area portion, portion thereof, thereof local, appropriations relief, sum appropriations",3,2023-01-01
169,"lf reason, lf, clause lf, affiected shall, separability",3,2023-01-01
170,"assistance million, beneficiary financial, beneficiary, declared beneficiary, calamity declared",3,2023-01-01
171,"road specified, specified dates, specified, requested, dates",3,2023-01-01
172,"work, fre memorandum, bachelor, davao fre, agreement moa",6,2023-01-01
173,"risk reduction, surtgao del, surtgao, reduction, fuild crty",3,2023-01-01
174,"davao favor, davao involving, deed sale, project city, awardee",12,2023-01-01
175,"code provide, policy sections, declaration policy, vi republic, act local",3,2023-01-01
176,"seruices activities, oo vi, oo, activities city, exercise general",4,2023-01-01
179,"pryce, malagos, slaughterhouse, outdoor columbarium, halal slaughterhouse",3,2023-01-01
182,"data, privacy, personal data, dpo, data subjects",1,2023-01-01
183,"works projects, fairs undeftaking, water works, telecommunications water, undeftaking public",1,2023-01-01
184,"rnto, understanding, entered rnto, mou, memorandum understanding",5,2023-01-01
185,"bonifacio, vicintty, andres, street, ieie ordinance",1,2023-01-01
187,"davao loan, layog acting, effect approval, acting istrator, ordinance city",4,2023-01-01
188,"street fatima, fatima, october pm, pm, boulevard street",2,2023-01-01
190,"invesfrnent, departrnent budget, presidentia directives, ordinances presidentia, dbm government",1,2023-01-01
193,"commtsston audrt, apmv, appltcable, audrt, vehicle apmv",1,2023-01-01
194,"youth, dcydc, organizations, youthseruing, sk",14,2023-01-01
196,"duties compensation, compensation, compensation efficient, effective economical, economical governance",4,2023-01-01
197,"poftion, calamity sanggunian, calamity, calamity fund, sectioil appropriated",1,2023-01-01
198,"recto ave, stage, cm recto, chowking san, kadayawan",2,2023-01-01
199,"lease entered, lessee forthe, renewal contract, supply storage, storage warehouse",3,2023-01-01
201,"reduction declares, national principles, adhere national, principles standards, measures adhere",4,2023-01-01
204,"kilo, declared separable, validity provisions, provisions declared, separable",5,2023-01-01
205,"beach, date time, closure, going, mentioned",4,2023-01-01
206,"provides efficient, vi local, code provides, effective economical, economical governance",1,2023-01-01
207,"attested bai, dominique, hundra, bai hundra, bai",4,2023-01-01
208,"poucy pursuant, deciaration poucy, pursuant republic, section general, welfare local",1,2023-01-01
211,"clat se, clat, se reason, separability reason, separability",3,2023-01-01
213,"cultural, artists, promotes, encourages, arb",2,2023-01-01
216,"nombrado, ferdinand nombrado, organizer requested, nombrado event, ferdinand",3,2023-01-01
218,"amendment, zones, zoning, zoning ordinance, base",1,2023-01-01
220,"omplex, omplex emergencies, government budgeing, budgeing accounting, thitty percent",1,2023-01-01
221,"landslide, ueesz, high risk, space, green space",3,2023-01-01
223,"paragraph thereof, cockfighting, known new, mayfl attested, mayfl",1,2023-01-01
225,"ordinances presidentia, presidentia directives, presidentia, regulations department, specifically item",1,2023-01-01
226,"ailey, gorernment code, local gorernment, peclaration poucy, emergency flesta",1,2023-01-01
227,"declaratioi policy, declaratioi, policy, policy policy, reduction declares",1,2023-01-01
229,"basis section, legal basis, area portion, portion thereof, works seruices",1,2023-01-01
230,"disaster risk, local disaster, risk, disaster, reduction management",9,2023-01-01
231,"effect ord, separabiliw clause, separabiliw, clause reason, clause",3,2023-01-01
233,"ordinance dectared, dectared, affected shall, separability clause, separability",1,2023-01-01
234,"transmit copy, directed transmit, transmit, copy said, said ordinance",9,2023-01-01
237,"sts serve, suazo sales, event march, live music, music event",2,2023-01-01
238,"behrueen, davao malagos, dairy cooperative, malagos dairy, dairy",1,2023-01-01
241,"philippine rice, research institute, rice research, servtce, service contracting",6,2023-01-01
245,"declaration poiicy, poiicy section, poiicy, ra provides, section local",1,2023-01-01
247,"climate change, climate, change, paws, risk",4,2023-01-01
248,"december othenruise, othenruise, funds ceftified, ceftified available, accountant city",1,2023-01-01
249,"powerc, ofr, corporate powerc, ofr unless, rco enter",2,2023-01-01
251,"chief compensation, compensation xxx, duties efficient, executive powers, projects activities",3,2023-01-01
252,"separability ciause, ciause reason, ciause, separability, affected declaration",1,2023-01-01
254,"conststing, pesos amended, thousand fourteen, authority supplemental, fund development",1,2023-01-01
255,"dotsu, oriental state, unmrsity, program bachelor, nursing students",1,2023-01-01
256,"clause lf, lf reason, effect ord, lf, separabiliw clause",1,2023-01-01
257,"science, bachelor science, moa city, bachelor, office cswdo",2,2023-01-01
258,"occurrences sectioil, assrsrailce rhe, sama declared, assrsrailce, calamity fuild",1,2023-01-01
259,"tatter, immersion partnership, foundation, partnership tatter, said foundation",4,2023-01-01
260,"municipaliw, province, municipality, bulacan, pampanga",2,2023-01-01
263,"section ordinance, affected shall, brce effect, continue brce, brce",4,2023-01-01
264,"enact ordinances, enact, ofi, shall xxx, xxx",1,2023-01-01
265,"bajada, corp electronic, gri, group corp, barangay wilfredo",1,2023-01-01
266,"budgeing accounting, government budgeing, attested lorenzo, iiu, mayor fi",1,2023-01-01
267,"enact ordinances, slaughterhouse, enact, cooperative business, oo vii",2,2023-01-01
268,"ciause reason, ciause, eeparability, conunue force, force eftct",2,2023-01-01
269,"davao loan, panlungsod assistant, secretary, assistant secretary, acting secretary",7,2023-01-01
270,"area poftion, poftion thereof, works seruices, seruices connection, thereof local",2,2023-01-01
-1,"oo, ee, cl, ei, ooo",120,2024-01-01
0,"mce mayor, phtte, tourism expo, expo phtte, mce",2,2024-01-01
1,"caiamity, percent, fund, percent quick, davao calendar",40,2024-01-01
3,"separabiliw clause, separabiliw, clause reason, clause, affected declaration",12,2024-01-01
4,"marilog district, bucas, center establishment, bucas center, district bagong",1,2024-01-01
5,"children youth, youth, understand, children, future",1,2024-01-01
6,"tobacco, vape, shisha, vape like, shisha vape",5,2024-01-01
7,"granted legislative, mayor granted, authority enter, agreement moa, legislative authority",18,2024-01-01
8,"ordinance temporary, ii secretary, closure, temporary closure, layog",19,2024-01-01
9,"separability clause, separability, clause reason, clause, affected declaration",8,2024-01-01
10,"separability clause, separability, clause reason, clause, affected declaration",9,2024-01-01
11,"ateneo davao, ateneo, assoctatton abka, davao blue, organtzatton",1,2024-01-01
12,"provides national, public rallies, rallies, agricultural industrial, rallies agricultural",14,2024-01-01
13,"telecommunications water, highways telecommunications, water works, telecommunications, fiesta",5,2024-01-01
14,"eds shisha, eds, shisha, vape like, tobacco",3,2024-01-01
15,"road vehicular, ordinance temporary, street, araw, vehicular traffic",5,2024-01-01
16,"separability clause, separability, clause reason, clause, affected declaration",1,2024-01-01
17,"percent, percent quick, fund, qrf, fund qrf",34,2024-01-01
18,"separabiliw clause, separabiliw, clause reason, clause, affected declaration",4,2024-01-01
19,"eurrarn, layog, reiative, attested, eurrarn jr",15,2024-01-01
22,"midnight connection, street temporarily, agdao district, connection celebration, ng barangay",1,2024-01-01
24,"distribution, health hygiene, goods, undertakings, hygiene",2,2024-01-01
25,"csc, staffing, occupational, organizational, position",2,2024-01-01
26,"park geopark, shall known, title ordinance, apo natural, prescribing rates",5,2024-01-01
27,"separability clause, separability, clause reason, clause, affected declaration",4,2024-01-01
28,"mental, mental health, health, mental healthcare, amended restated",5,2024-01-01
30,"biological geological, vru, geological, provided ordinance, geopark",4,2024-01-01
31,"cover grant, grant authority, shall cover, project favor, cover",12,2024-01-01
32,"enhance, convenience inhabitants, promote, maintain peace, granted necessarily",8,2024-01-01
33,"powers, contracts, chief executive, contract, chief",15,2024-01-01
34,"powers, contract, chief, hall section, chief executive",10,2024-01-01
36,"open spaces, donation road, deca, deca homes, executed housing",20,2024-01-01
37,"fiesta celebrations, celebrations public, celebrations, provides national, rallies agricultural",5,2024-01-01
38,"affected declaration, declaration shall, section provision, continue force, reason section",1,2024-01-01
39,"affected shall, reason section, hereof affected, provisions hereof, ordinance declared",8,2024-01-01
40,"vices, awf, xi, business bureau, deped xi",4,2024-01-01
41,"granted legislative, mayor granted, authority enter, granted, legislative authority",10,2024-01-01
42,"assistance thousand, beneficiary, declared beneficiary, calamity declared, beneficiary financial",21,2024-01-01
43,"agreement moa, authorizing city, mayor enter, authorizing, davao memorandum",11,2024-01-01
44,"geoparks, unesco global, unesco, geological, mount apo",6,2024-01-01
45,"shall vi, government connection, activities city, connection shall, vi represent",8,2024-01-01
46,"unit xi, station, police station, covered transfer, police",3,2024-01-01
47,"caiamity, ii city, kristine, acting city, percent",32,2024-01-01
51,"davao loan, loan agreement, rative, rpose, loan",4,2024-01-01
53,"mayor presiding, atty iayog, section provision, continue force, reason section",10,2024-01-01
54,"circulation city, days publication, effect days, publication newspaper, approved se",2,2024-01-01
56,"tacay, mary, ann tacay, mary ann, road lot",9,2024-01-01
57,"patients indigenous, peoples muslims, ordinance instituting, ata matigsalug, kagan sama",4,2024-01-01
58,"implementation ordinance, ordinance series, suspending section, extending implementation, ordinance fufther",1,2024-01-01
59,"functions shall, ox oo, panlungnd pursuant, connedion shall, control programsl",1,2024-01-01
60,"sewing, motor recognition, development ord, plastic case, relative donation",6,2024-01-01
61,"davao deed, bagobo klata, klata, bagobo, behatf crty",6,2024-01-01
62,"calamity declared, national principles, assistance response, adhere national, response risk",19,2024-01-01
63,"police station, unit xi, davao deed, granted legislative, transfer ceftificate",5,2024-01-01
64,"vi local, ra provides, code ra, section vi, peclaration policy",3,2024-01-01
65,"speciflcally items, used speciflcally, act applicable, law republic, speciflcally",1,2024-01-01
67,"vi, code states, section vi, pursuant, section chief",7,2024-01-01
68,"payment special, exemption exhibitors, fees covering, special permit, permit fees",3,2024-01-01
69,"vi represent, contracts obligations, bonds contracts, obligations documents, panlungsod pursuant",3,2024-01-01
70,"bible, bible month, moral, values, registry",5,2024-01-01
72,"separability clause, separability, clause reason, clause, affected declaration",8,2024-01-01
74,"thereof affected, provisions thereof, declaration shall, section provision, continue force",6,2024-01-01
75,"separabiuty clause, separabiuty, clause reason, clause, effect oo",4,2024-01-01
76,"constituents affected, monsoon trough, northeast monsoon, northeast, trough",1,2024-01-01
77,"prope, marilog prope, davao caused, mass wasting, mattna crossing",3,2024-01-01
79,"enhance, general welfare, powers, exercise powers, promote",11,2024-01-01
80,"coastal road, coastal, traffic particularly, vehicular traffic, vehicular",7,2024-01-01
81,"marilog district, bucas center, bucas, district bagong, center establishment",1,2024-01-01
82,"secretary, assistant secretary, absence secretary, reyes, acting",9,2024-01-01
83,"utilization funds, utilization, item expenditure, expenditure approved, appropriated shall",23,2024-01-01
84,"transfer title, described lot, attention paragraph, omnibus legal, title property",12,2024-01-01
85,"shall vi, projects services, services activities, pursuant, controt",3,2024-01-01
86,"ful force, continue ful, ful, clause reason, affected declaration",8,2024-01-01
88,"budget supplemental, budget case, civil registry, budget, local civil",3,2024-01-01
89,"states section, code states, compensation efficient, executive powers, section chief",1,2024-01-01
90,"provisions local, pertinent provisions, pertinent, government cope, cope",4,2024-01-01
91,"intended profit, provides admission, aft exhibitions, fufthermore including, similar concerts",1,2024-01-01
92,"powers oo, oo enter, oo oo, oo, contract",3,2024-01-01
93,"offering day, kindergarten, schools offering, city covering, scope coverage",2,2024-01-01
95,"effect rc, rc reason, approval adoption, rc, management plan",3,2024-01-01
96,"legislative authoriw, percent, percent quick, qrf fm, authoriw city",21,2024-01-01
97,"jr vice, jr, layog, eurrarn jr, mayor presiding",8,2024-01-01
98,"station, deed usufruct, title used, unit xi, usufruct",5,2024-01-01
99,"calamity determined, provided fund, disaster calamity, reconstruction works, used area",22,2024-01-01
100,"laws efficient, functions provided, executive city, mayor chief, code laws",6,2024-01-01
101,"oo, oo oo, open spaces, spaces, roads open",9,2024-01-01
102,"ordinance amending, amending section, amending, series known, imposed davao",3,2024-01-01
104,"concerned ldrrmc, reduction work, programs order, ldrrmcs, work ldrrmcs",19,2024-01-01
105,"striders, club, running club, striders running, july",4,2024-01-01
109,"policy, policy policy, reduction declares, principles standards, measures adhere",17,2024-01-01
110,"executive powers, powers duties, pursuant, control programs, activities city",6,2024-01-01
112,"contract, sections vi, government unit, section corporate, barangay hall",10,2024-01-01
113,"section ra, nongovernment organizations, nongovernment, mental health, association incorporated",1,2024-01-01
114,"month, values, dated october, filipino, month november",1,2024-01-01
115,"separabiliw clause, separabiliw, affected shall, clause reason, clause",7,2024-01-01
117,"ordinance temporary, celebration, september, temporary closure, streets",7,2024-01-01
118,"camamara, mayor accept, accept sign, camamara barangay, executed san",2,2024-01-01
120,"local disaster, disaster risk, risk reduction, reduction, risk",21,2024-01-01
121,"aligned, sources funds, optimize available, aligned mandate, justified",1,2024-01-01
122,"grant tax, exemptions incentives, tax exemptions, exemptions, panlungsod legislative",4,2024-01-01
123,"understanding mou, mou entered, mou, memorandum understanding, understanding",4,2024-01-01
126,"repealed, allocate, inconsistent provisions, clause ordinance, order memorandum",2,2024-01-01
127,"manp, geopark, declared loca, bid, unesco global",1,2024-01-01
128,"affected declaration, declaration shall, section provision, continue force, invalid sections",5,2024-01-01
129,"chief executive, powers, contract, chief, government unit",6,2024-01-01
132,"party shal, ceftifications, seruices rendered, civil registry, lcr",1,2024-01-01
133,"davao international, airport, association city, airport luggage, favor grantee",2,2024-01-01
134,"clause previous, previous ordinances, repealing clause, repealing, inconsistent",3,2024-01-01
136,"section section, code provide, section vi, vi republic, act local",1,2024-01-01
137,"office projected, license division, tax license, based computation, projected income",2,2024-01-01
138,"area poftion, poftion thereof, thereof local, local sanggunian, relief rehabilitation",12,2024-01-01
140,"health, center health, partnership entered, aop, terms partnership",4,2024-01-01
143,"oo, pursuant, shall oo, control programs, government connection",7,2024-01-01
144,"tugbok progressive, progressive coconut, davao tugbok, coconut farmers, farmers multipurpose",1,2024-01-01
145,"concerned ldrrmc, reduction work, appropriated, appropriated ldrrmf, ldrrmc transfer",11,2024-01-01
146,"utilization funds, specifically item, item expenditure, expenditure approved, appropriated shall",15,2024-01-01
147,"party, second party, second, lnfantry, afp",1,2024-01-01
148,"separabiliw clause, separabiliw, clause reason, clause, affected declaration",4,2024-01-01
149,"st bonifacio, bonifacio, cathedral, recto ave, bonifacio st",1,2024-01-01
150,"pesos particularyly, particularyly disaster, particularyly, pari, dcrc magsaysay",1,2024-01-01
151,"affected declaration, declaration shall, section provision, continue force, reason section",2,2024-01-01
152,"conunue force, shall conunue, conunue, effi, force effiect",2,2024-01-01
153,"assistant secretary, secretary, reyes, panlungsod assistant, absence secretary",11,2024-01-01
154,"effect ord, urrconstitutional invalid, urrconstitutional, effect approved, try",3,2024-01-01
156,"separability ciause, ciause reason, ciause, separability, affected declaration",1,2024-01-01
157,"shelter, avail, kamott, ips muslim, kagan sama",1,2024-01-01
160,"rhmpp, program rhmpp, placement program, placement, midwives placement",18,2024-01-01
162,"reduction works, works ldrrmcs, appropriated ldrrmf, programs order, act likewise",17,2024-01-01
163,"deed absolute, barangay new, absolute sale, addendum deed, absolute",17,2024-01-01
164,"granting exemption, exhibitors, exemption exhibitors, fees covering, permit fees",3,2024-01-01
165,"poucy policy, assistance response, standards humanitarian, response risk, humanitarian assistance",9,2024-01-01
166,"located bo, block located, described lot, property covered, ordinance allowing",8,2024-01-01
168,"area portion, portion thereof, thereof local, relief rehabilitation, provided fund",15,2024-01-01
170,"assistance million, beneficiary, declared beneficiary, calamity declared, million pesos",7,2024-01-01
171,"closure, closure connection, requested, road closure, requested temporary",11,2024-01-01
172,"moa entered, entered rnto, ordinance granttng, granttng, davao memorandum",5,2024-01-01
173,"utilize, risk reduction, reduction, risk, assistance response",12,2024-01-01
174,"project favor, sir project, davao involving, resettlement sir, improvement resettlement",3,2024-01-01
175,"section vi, code provide, sections section, act loca, declaratton",3,2024-01-01
176,"oo vi, genera superuision, exercise genera, superuision control, shall rco",2,2024-01-01
180,"deciaration poucy, poucy section, industrial fairs, fairs, provides national",3,2024-01-01
182,"dedicated, technology center, center city, information technology, city information",1,2024-01-01
183,"xx, telecommunications waterworks, waterworks projects, fairs undertaking, undertaking public",1,2024-01-01
184,"understanding mou, opcc, aili, empowering quality, partnership promoting",2,2024-01-01
185,"gonzaga, jubilee triduum, dcd, diamond jubilee, securiw",1,2024-01-01
186,"beneficiary, declared beneficiary, calamity declared, assistance thousand, manila declared",16,2024-01-01
187,"davao loan, february unanimous, apr duterte, loan agreement, february",3,2024-01-01
188,"fattma, ei ordinance, streets aurora, coilnection, sr",1,2024-01-01
190,"budget, guidelines commission, regulations policies, policies guidelines, government procurement",4,2024-01-01
196,"evecutive powers, evecutive, chief evecutive, compensation efficient, powers duties",1,2024-01-01
198,"stage, road closure, agila stage, agila, closure",2,2024-01-01
199,"relative lease, purposes period, lease, owned used, period year",4,2024-01-01
200,"wit section, vi local, powers, corporate powers, powers local",1,2024-01-01
201,"reduction declares, assistance response, response risk, standards humanitarian, humanitarian assistance",10,2024-01-01
202,"use funds, funds supplemental, year utilized, utilized violation, subject erring",2,2024-01-01
204,"separable provisions, declared separable, separable, invalid validity, provisions declared",2,2024-01-01
205,"judge, closure, connection upcoming, closure connection, run",3,2024-01-01
207,"davao deed, sewing, involvtng, recognmon support, recognmon",7,2024-01-01
208,"necessarily implied, effective governance, incidental efficient, necessarily, implied",4,2024-01-01
211,"separability reason, separability ctause, ctause reason, ctause, separability",2,2024-01-01
213,"mrc, moral recovery, moral, recovery, recovery program",4,2024-01-01
216,"connection upcoming, upcoming, closure, specified, closure connection",5,2024-01-01
217,"section, , , , ",1,2024-01-01
219,"effect ord, separability clause, separability, clause reason, continue fuil",4,2024-01-01
220,"disaster risk, risk, risk reduction, reduction, disaster",12,2024-01-01
221,"dsva, conveyance, area building, area, devoted agricultural",2,2024-01-01
222,"program rhmpp, rhmpp, midwives, rural health, personnel rural",13,2024-01-01
225,"regulations department, specifically item, appropriated shall, law ra, expenditure approved",11,2024-01-01
226,"alley par, par square, par, section repubtic, repubtic act",1,2024-01-01
227,"policy, policy policy, assistance response, standards humanitarian, response risk",10,2024-01-01
229,"basis section, area portion, portion thereof, thereof local, legal basis",8,2024-01-01
230,"disaster risk, risk, disaster, risk reduction, reduction",1,2024-01-01
231,"effect oo, oo ord, separabiliw clause, separabiliw, clause reason",1,2024-01-01
233,"held unconstitutional, shall held, affected shall, held, separability clause",1,2024-01-01
234,"depaftment immediately, executive depaftment, transmittal office, directed transmit, transmit copy",1,2024-01-01
237,"april, vehicuiar, vehicuiar traffic, closure, pm",7,2024-01-01
241,"reiattve, ltfrb, comprehensive wastewater, contracing, phase ltfrb",2,2024-01-01
243,"declaration policy, policy, policy policy, policy city, policy section",2,2024-01-01
245,"ra provide, code ra, policy sections, sections vi, vi local",1,2024-01-01
247,"amendment, office particularly, amendment amendment, allocation city, amendment shall",1,2024-01-01
249,"lcal government, lcal, corporate powerc, powerc local, contract",1,2024-01-01
251,"xi dswd, oc xxx, ofi ord, control ail, davlo",1,2024-01-01
252,"separability ciause, ciause reason, ciause, separability, continue force",2,2024-01-01
254,"tfre, aligned, budget city, comprtstng, comprtstng budget",2,2024-01-01
258,"calamity, declared beneficiary, calamity declared, local sanggunian, provided fund",8,2024-01-01
259,"work immersion, immersion, immersion partnership, layog ordinance, partnership",6,2024-01-01
263,"section ordinance, affected shall, property particularly, ms, represented ms",2,2024-01-01
265,"amendments, item, allowable, , ",1,2024-01-01
266,"utilization funds, utilization, caiamity, appropriated shall, law ra",8,2024-01-01
267,"oo, oo oo, states section, oo vi, shall oo",7,2024-01-01
268,"separabiliw ciause, ciause reason, ciause, separabiliw, affected declaration",1,2024-01-01
269,"odrer sections, section prwision, mayff, mvc, parceis",1,2024-01-01
270,"area poftion, poftion thereof, seruices connection, thereof local, appropriations relief",6,2024-01-01
-1,"mth, addendum, march, cbms, original agreement",13,2025-01-01
7,"bachelor science, bachelor, granted, games cash, incentives granted",3,2025-01-01
8,"march, absence city, partial, department head, head ii",4,2025-01-01
9,"separability clause, separability, clause reason, clause, affected declaration",1,2025-01-01
11,"ecoland city, event block, fundraising event, bukas, davao cinema",1,2025-01-01
12,"partiat, upcoming prayer, street datu, rotonda, ctosure vehicular",2,2025-01-01
14,"paftnership association, firm, paftnership, trust, exceeding",1,2025-01-01
17,"castellana, castellana province, drrmf crty, province negros, negros",1,2025-01-01
22,"quimpo boulevard, junction, bound area, quimpo, boulevard",1,2025-01-01
24,"sports, movie, psc, free movie, pwds",2,2025-01-01
30,"rules regulations, regulations, rules, concerned fails, committee formulate",2,2025-01-01
33,"contracts, sections vi, provide section, corporate powens, powens local",2,2025-01-01
34,"sectio, page bf, games cash, place said, cash incentives",1,2025-01-01
37,"declaration poticy, poticy, industrial fair, celebration public, fiesta celebration",1,2025-01-01
38,"affected declaration, declaration shall, section provision, continue force, reason section",1,2025-01-01
41,"free movie, movie, disability free, nccc city, lts malls",1,2025-01-01
42,"castellana, castellana province, province negros, negros occidental, negros",1,2025-01-01
43,"authortty psa, psa city, sha known, ordinance sha, cbms",1,2025-01-01
44,"watershed, panigantamugan, panigantamugan watershed, wmc, stream",5,2025-01-01
45,"projects services, services activities, shall vi, superuision control, general superuision",1,2025-01-01
47,"castellana province, castellana, province negros, drrmf city, negros",1,2025-01-01
53,"proceeds fundraising, abka, ii ma, fundraising, golf",2,2025-01-01
54,"panlungroe, panlungroe attested, completion publication, fage ord, days completion",1,2025-01-01
75,"separabitity clause, separabitity, clause reason, clause, affected declaration",3,2025-01-01
83,"aii disbursements, panlungsod aii, utilization funds, utilization, aii",1,2025-01-01
84,"lot block, meter lot, amendment, block, location",2,2025-01-01
86,"declaration shal, declared unconstitutiona, unconstitutiona invalid, shal continue, unconstitutiona",1,2025-01-01
88,"pesos purpose, budget supplemental, budget case, funding city, sufficient funds",1,2025-01-01
89,"whi, ad known, ety, purpose supporting, ilayor",1,2025-01-01
91,"exhibitions, provides admission, section revenue, exemption section, similar concefts",2,2025-01-01
97,"quimpo, temporary clost, teg, passtng, conneciion wiih",1,2025-01-01
102,"zotz, cfilo, davao cfilo, amending city, traffic code",1,2025-01-01
109,"policy, policy policy, reduction declares, national principles, assistance response",1,2025-01-01
114,"clause event, paragraph ordinance, povisions, afticle sentence, sentence clause",2,2025-01-01
117,"tawong lungsod, tawong, sa tawong, piortion, city conduct",1,2025-01-01
120,"local disaster, disaster risk, risk, disaster, risk reduction",1,2025-01-01
121,"ol, ot, snd, othor, cod",1,2025-01-01
129,"powerc, executive powerc, contrads sur, powerc duties, chief executive",2,2025-01-01
131,"mtop, fee, registration, fare, examination",1,2025-01-01
134,"ordinances peftinent, peftinent rules, amended accordingly, inconsistent ordinance, regulations inconsistent",1,2025-01-01
137,"php php, php, sales tax, enumerated tickets, tickets ticket",1,2025-01-01
140,"development region, relative payment, page bf, bf ord, workers city",1,2025-01-01
154,"effect oo, sha, oo ord, oo, affected declaration",1,2025-01-01
155,"contest, render community, fine, community seruice, contest provision",1,2025-01-01
166,"lot block, obrero city, apr approved, ord apr, tct involving",1,2025-01-01
171,"centralized, connection upcoming, prayer, upcoming, centralized eid",2,2025-01-01
172,"entered departmeilt, social wetfare, wetfare, departmeilt, retatm",1,2025-01-01
176,"contracts obtigations, oo vi, shall oo, docunrents, programs projece",2,2025-01-01
179,"ptw, panigantamugan watershed, panigantamugan, suawan, barangays",1,2025-01-01
180,"fiesta celebration, actual emergensy, emergensy, emergensy fiesta, ternporarily",2,2025-01-01
185,"bound area, torres street, bound, junction, quimpo",2,2025-01-01
190,"provisions appropriated, appropriated projects, indicated shall, projects indicated, general provisions",1,2025-01-01
198,"st bonifacio, bonifacio, holy week, voltaire, rev father",1,2025-01-01
202,"ihe, fy, supplemental budget, budget city, oct",1,2025-01-01
203,"dswd, cswdo, welfare development, beneficiaries, field",1,2025-01-01
205,"person section, closure mr, hugpong sa, party requested, tawong",1,2025-01-01
208,"chapter ii, ii republic, section chapter, provides local, powers expressly",1,2025-01-01
216,"specified, specified street, city requested, temporary partial, partial",2,2025-01-01
221,"repair maintenance, ptw, expansion, households, repair",1,2025-01-01
234,"department immediately, executive department, transmittal office, directed transmit, transmit copy",1,2025-01-01
237,"march, result moon, moon, pproval, prayer davao",1,2025-01-01
248,"appropriation funds, certified available, december provided, funds certified, necessary appropriated",1,2025-01-01
257,"risk resiliency, prog ram, ram, rou, resiliency",1,2025-01-01
268,"continue fullforce, fullforce effect, fullforce, separabiliw ciause, ciause reason",1,2025-01-01
